city,count,date,7DayMA
CITY OF PARAÑAQUE,1,2020-03-13,
CITY OF PARAÑAQUE,1,2020-03-14,
CITY OF PARAÑAQUE,3,2020-03-15,
CITY OF PARAÑAQUE,0,2020-03-16,
CITY OF PARAÑAQUE,1,2020-03-17,
CITY OF PARAÑAQUE,0,2020-03-18,
CITY OF PARAÑAQUE,0,2020-03-19,0.8571428571428571
CITY OF PARAÑAQUE,0,2020-03-20,0.7142857142857143
CITY OF PARAÑAQUE,2,2020-03-21,0.8571428571428571
CITY OF PARAÑAQUE,4,2020-03-22,1.0
CITY OF PARAÑAQUE,6,2020-03-23,1.8571428571428572
CITY OF PARAÑAQUE,7,2020-03-24,2.7142857142857144
CITY OF PARAÑAQUE,5,2020-03-25,3.4285714285714284
CITY OF PARAÑAQUE,4,2020-03-26,4.0
CITY OF PARAÑAQUE,2,2020-03-27,4.285714285714286
CITY OF PARAÑAQUE,18,2020-03-28,6.571428571428571
CITY OF PARAÑAQUE,10,2020-03-29,7.428571428571429
CITY OF PARAÑAQUE,3,2020-03-30,7.0
CITY OF PARAÑAQUE,32,2020-03-31,10.571428571428571
CITY OF PARAÑAQUE,13,2020-04-01,11.714285714285714
CITY OF PARAÑAQUE,15,2020-04-02,13.285714285714286
CITY OF PARAÑAQUE,25,2020-04-03,16.571428571428573
CITY OF PARAÑAQUE,3,2020-04-04,14.428571428571429
CITY OF PARAÑAQUE,8,2020-04-05,14.142857142857142
CITY OF PARAÑAQUE,30,2020-04-06,18.0
CITY OF PARAÑAQUE,9,2020-04-07,14.714285714285714
CITY OF PARAÑAQUE,6,2020-04-08,13.714285714285714
CITY OF PARAÑAQUE,9,2020-04-09,12.857142857142858
CITY OF PARAÑAQUE,3,2020-04-10,9.714285714285714
CITY OF PARAÑAQUE,10,2020-04-11,10.714285714285714
CITY OF PARAÑAQUE,21,2020-04-12,12.571428571428571
CITY OF PARAÑAQUE,17,2020-04-13,10.714285714285714
CITY OF PARAÑAQUE,34,2020-04-14,14.285714285714286
CITY OF PARAÑAQUE,13,2020-04-15,15.285714285714286
CITY OF PARAÑAQUE,9,2020-04-16,15.285714285714286
CITY OF PARAÑAQUE,4,2020-04-17,15.428571428571429
CITY OF PARAÑAQUE,15,2020-04-18,16.142857142857142
CITY OF PARAÑAQUE,17,2020-04-19,15.571428571428571
CITY OF PARAÑAQUE,6,2020-04-20,14.0
CITY OF PARAÑAQUE,5,2020-04-21,9.857142857142858
CITY OF PARAÑAQUE,0,2020-04-22,8.0
CITY OF PARAÑAQUE,3,2020-04-23,7.142857142857143
CITY OF PARAÑAQUE,4,2020-04-24,7.142857142857143
CITY OF PARAÑAQUE,0,2020-04-25,5.0
CITY OF PARAÑAQUE,15,2020-04-26,4.714285714285714
CITY OF PARAÑAQUE,5,2020-04-27,4.571428571428571
CITY OF PARAÑAQUE,2,2020-04-28,4.142857142857143
CITY OF PARAÑAQUE,20,2020-04-29,7.0
CITY OF PARAÑAQUE,6,2020-04-30,7.428571428571429
CITY OF PARAÑAQUE,18,2020-05-01,9.428571428571429
CITY OF PARAÑAQUE,7,2020-05-02,10.428571428571429
CITY OF PARAÑAQUE,14,2020-05-03,10.285714285714286
CITY OF PARAÑAQUE,9,2020-05-04,10.857142857142858
CITY OF PARAÑAQUE,27,2020-05-05,14.428571428571429
CITY OF PARAÑAQUE,5,2020-05-06,12.285714285714286
CITY OF PARAÑAQUE,0,2020-05-07,11.428571428571429
CITY OF PARAÑAQUE,1,2020-05-08,9.0
CITY OF PARAÑAQUE,0,2020-05-09,8.0
CITY OF PARAÑAQUE,0,2020-05-10,6.0
CITY OF PARAÑAQUE,17,2020-05-11,7.142857142857143
CITY OF PARAÑAQUE,4,2020-05-12,3.857142857142857
CITY OF PARAÑAQUE,2,2020-05-13,3.4285714285714284
CITY OF PARAÑAQUE,27,2020-05-14,7.285714285714286
CITY OF PARAÑAQUE,3,2020-05-15,7.571428571428571
CITY OF PARAÑAQUE,8,2020-05-16,8.714285714285714
CITY OF PARAÑAQUE,0,2020-05-17,8.714285714285714
CITY OF PARAÑAQUE,1,2020-05-18,6.428571428571429
CITY OF PARAÑAQUE,1,2020-05-19,6.0
CITY OF PARAÑAQUE,3,2020-05-20,6.142857142857143
CITY OF PARAÑAQUE,3,2020-05-21,2.7142857142857144
CITY OF PARAÑAQUE,9,2020-05-22,3.5714285714285716
CITY OF PARAÑAQUE,1,2020-05-23,2.5714285714285716
CITY OF PARAÑAQUE,1,2020-05-24,2.7142857142857144
CITY OF PARAÑAQUE,16,2020-05-25,4.857142857142857
CITY OF PARAÑAQUE,4,2020-05-26,5.285714285714286
CITY OF PARAÑAQUE,2,2020-05-27,5.142857142857143
CITY OF PARAÑAQUE,1,2020-05-28,4.857142857142857
CITY OF PARAÑAQUE,18,2020-05-29,6.142857142857143
CITY OF PARAÑAQUE,39,2020-05-30,11.571428571428571
CITY OF PARAÑAQUE,5,2020-05-31,12.142857142857142
CITY OF PARAÑAQUE,0,2020-06-01,9.857142857142858
CITY OF PARAÑAQUE,21,2020-06-02,12.285714285714286
CITY OF PARAÑAQUE,5,2020-06-03,12.714285714285714
CITY OF PARAÑAQUE,5,2020-06-04,13.285714285714286
CITY OF PARAÑAQUE,1,2020-06-05,10.857142857142858
CITY OF PARAÑAQUE,12,2020-06-06,7.0
CITY OF PARAÑAQUE,1,2020-06-07,6.428571428571429
CITY OF PARAÑAQUE,6,2020-06-08,7.285714285714286
CITY OF PARAÑAQUE,6,2020-06-09,5.142857142857143
CITY OF PARAÑAQUE,11,2020-06-10,6.0
CITY OF PARAÑAQUE,9,2020-06-11,6.571428571428571
CITY OF PARAÑAQUE,3,2020-06-12,6.857142857142857
CITY OF PARAÑAQUE,15,2020-06-13,7.285714285714286
CITY OF PARAÑAQUE,5,2020-06-14,7.857142857142857
CITY OF PARAÑAQUE,1,2020-06-15,7.142857142857143
CITY OF PARAÑAQUE,8,2020-06-16,7.428571428571429
CITY OF PARAÑAQUE,6,2020-06-17,6.714285714285714
CITY OF PARAÑAQUE,4,2020-06-18,6.0
CITY OF PARAÑAQUE,8,2020-06-19,6.714285714285714
CITY OF PARAÑAQUE,6,2020-06-20,5.428571428571429
CITY OF PARAÑAQUE,9,2020-06-21,6.0
CITY OF PARAÑAQUE,10,2020-06-22,7.285714285714286
CITY OF PARAÑAQUE,9,2020-06-23,7.428571428571429
CITY OF PARAÑAQUE,3,2020-06-24,7.0
CITY OF PARAÑAQUE,22,2020-06-25,9.571428571428571
CITY OF PARAÑAQUE,17,2020-06-26,10.857142857142858
CITY OF PARAÑAQUE,16,2020-06-27,12.285714285714286
CITY OF PARAÑAQUE,25,2020-06-28,14.571428571428571
CITY OF PARAÑAQUE,22,2020-06-29,16.285714285714285
CITY OF PARAÑAQUE,6,2020-06-30,15.857142857142858
CITY OF PARAÑAQUE,25,2020-07-01,19.0
CITY OF PARAÑAQUE,1,2020-07-02,16.0
CITY OF PARAÑAQUE,28,2020-07-03,17.571428571428573
CITY OF PARAÑAQUE,28,2020-07-04,19.285714285714285
CITY OF PARAÑAQUE,39,2020-07-05,21.285714285714285
CITY OF PARAÑAQUE,30,2020-07-06,22.428571428571427
CITY OF PARAÑAQUE,29,2020-07-07,25.714285714285715
CITY OF PARAÑAQUE,42,2020-07-08,28.142857142857142
CITY OF PARAÑAQUE,51,2020-07-09,35.285714285714285
CITY OF PARAÑAQUE,73,2020-07-10,41.714285714285715
CITY OF PARAÑAQUE,18,2020-07-11,40.285714285714285
CITY OF PARAÑAQUE,59,2020-07-12,43.142857142857146
CITY OF PARAÑAQUE,35,2020-07-13,43.857142857142854
CITY OF PARAÑAQUE,33,2020-07-14,44.42857142857143
CITY OF PARAÑAQUE,46,2020-07-15,45.0
CITY OF PARAÑAQUE,68,2020-07-16,47.42857142857143
CITY OF PARAÑAQUE,73,2020-07-17,47.42857142857143
CITY OF PARAÑAQUE,77,2020-07-18,55.857142857142854
CITY OF PARAÑAQUE,43,2020-07-19,53.57142857142857
CITY OF PARAÑAQUE,76,2020-07-20,59.42857142857143
CITY OF PARAÑAQUE,97,2020-07-21,68.57142857142857
CITY OF PARAÑAQUE,19,2020-07-22,64.71428571428571
CITY OF PARAÑAQUE,50,2020-07-23,62.142857142857146
CITY OF PARAÑAQUE,31,2020-07-24,56.142857142857146
CITY OF PARAÑAQUE,32,2020-07-25,49.714285714285715
CITY OF PARAÑAQUE,22,2020-07-26,46.714285714285715
CITY OF PARAÑAQUE,20,2020-07-27,38.714285714285715
CITY OF PARAÑAQUE,29,2020-07-28,29.0
CITY OF PARAÑAQUE,28,2020-07-29,30.285714285714285
CITY OF PARAÑAQUE,93,2020-07-30,36.42857142857143
CITY OF PARAÑAQUE,116,2020-07-31,48.57142857142857
CITY OF PARAÑAQUE,144,2020-08-01,64.57142857142857
CITY OF PARAÑAQUE,87,2020-08-02,73.85714285714286
CITY OF PARAÑAQUE,83,2020-08-03,82.85714285714286
CITY OF PARAÑAQUE,158,2020-08-04,101.28571428571429
CITY OF PARAÑAQUE,80,2020-08-05,108.71428571428571
CITY OF PARAÑAQUE,127,2020-08-06,113.57142857142857
CITY OF PARAÑAQUE,64,2020-08-07,106.14285714285714
CITY OF PARAÑAQUE,192,2020-08-08,113.0
CITY OF PARAÑAQUE,70,2020-08-09,110.57142857142857
CITY OF PARAÑAQUE,135,2020-08-10,118.0
CITY OF PARAÑAQUE,55,2020-08-11,103.28571428571429
CITY OF PARAÑAQUE,138,2020-08-12,111.57142857142857
CITY OF PARAÑAQUE,202,2020-08-13,122.28571428571429
CITY OF PARAÑAQUE,170,2020-08-14,137.42857142857142
CITY OF PARAÑAQUE,122,2020-08-15,127.42857142857143
CITY OF PARAÑAQUE,140,2020-08-16,137.42857142857142
CITY OF PARAÑAQUE,172,2020-08-17,142.71428571428572
CITY OF PARAÑAQUE,146,2020-08-18,155.71428571428572
CITY OF PARAÑAQUE,105,2020-08-19,151.0
CITY OF PARAÑAQUE,174,2020-08-20,147.0
CITY OF PARAÑAQUE,183,2020-08-21,148.85714285714286
CITY OF PARAÑAQUE,215,2020-08-22,162.14285714285714
CITY OF PARAÑAQUE,59,2020-08-23,150.57142857142858
CITY OF PARAÑAQUE,121,2020-08-24,143.28571428571428
CITY OF PARAÑAQUE,109,2020-08-25,138.0
CITY OF PARAÑAQUE,187,2020-08-26,149.71428571428572
CITY OF PARAÑAQUE,156,2020-08-27,147.14285714285714
CITY OF PARAÑAQUE,153,2020-08-28,142.85714285714286
CITY OF PARAÑAQUE,144,2020-08-29,132.71428571428572
CITY OF PARAÑAQUE,130,2020-08-30,142.85714285714286
CITY OF PARAÑAQUE,129,2020-08-31,144.0
CITY OF PARAÑAQUE,104,2020-09-01,143.28571428571428
CITY OF PARAÑAQUE,21,2020-09-02,119.57142857142857
CITY OF PARAÑAQUE,17,2020-09-03,99.71428571428571
CITY OF PARAÑAQUE,156,2020-09-04,100.14285714285714
CITY OF PARAÑAQUE,125,2020-09-05,97.42857142857143
CITY OF PARAÑAQUE,59,2020-09-06,87.28571428571429
CITY OF PARAÑAQUE,20,2020-09-07,71.71428571428571
CITY OF PARAÑAQUE,45,2020-09-08,63.285714285714285
CITY OF PARAÑAQUE,54,2020-09-09,68.0
CITY OF PARAÑAQUE,96,2020-09-10,79.28571428571429
CITY OF PARAÑAQUE,75,2020-09-11,67.71428571428571
CITY OF PARAÑAQUE,238,2020-09-12,83.85714285714286
CITY OF PARAÑAQUE,94,2020-09-13,88.85714285714286
CITY OF PARAÑAQUE,142,2020-09-14,106.28571428571429
CITY OF PARAÑAQUE,74,2020-09-15,110.42857142857143
CITY OF PARAÑAQUE,92,2020-09-16,115.85714285714286
CITY OF PARAÑAQUE,116,2020-09-17,118.71428571428571
CITY OF PARAÑAQUE,76,2020-09-18,118.85714285714286
CITY OF PARAÑAQUE,83,2020-09-19,96.71428571428571
CITY OF PARAÑAQUE,83,2020-09-20,95.14285714285714
CITY OF PARAÑAQUE,66,2020-09-21,84.28571428571429
CITY OF PARAÑAQUE,16,2020-09-22,76.0
CITY OF PARAÑAQUE,50,2020-09-23,70.0
CITY OF PARAÑAQUE,34,2020-09-24,58.285714285714285
CITY OF PARAÑAQUE,30,2020-09-25,51.714285714285715
CITY OF PARAÑAQUE,75,2020-09-26,50.57142857142857
CITY OF PARAÑAQUE,41,2020-09-27,44.57142857142857
CITY OF PARAÑAQUE,56,2020-09-28,43.142857142857146
CITY OF PARAÑAQUE,36,2020-09-29,46.0
CITY OF PARAÑAQUE,50,2020-09-30,46.0
CITY OF PARAÑAQUE,51,2020-10-01,48.42857142857143
CITY OF PARAÑAQUE,40,2020-10-02,49.857142857142854
CITY OF PARAÑAQUE,54,2020-10-03,46.857142857142854
CITY OF PARAÑAQUE,66,2020-10-04,50.42857142857143
CITY OF PARAÑAQUE,49,2020-10-05,49.42857142857143
CITY OF PARAÑAQUE,25,2020-10-06,47.857142857142854
CITY OF PARAÑAQUE,77,2020-10-07,51.714285714285715
CITY OF PARAÑAQUE,40,2020-10-08,50.142857142857146
CITY OF PARAÑAQUE,34,2020-10-09,49.285714285714285
CITY OF PARAÑAQUE,18,2020-10-10,44.142857142857146
CITY OF PARAÑAQUE,18,2020-10-11,37.285714285714285
CITY OF PARAÑAQUE,49,2020-10-12,37.285714285714285
CITY OF PARAÑAQUE,59,2020-10-13,42.142857142857146
CITY OF PARAÑAQUE,27,2020-10-14,35.0
CITY OF PARAÑAQUE,24,2020-10-15,32.714285714285715
CITY OF PARAÑAQUE,42,2020-10-16,33.857142857142854
CITY OF PARAÑAQUE,27,2020-10-17,35.142857142857146
CITY OF PARAÑAQUE,29,2020-10-18,36.714285714285715
CITY OF PARAÑAQUE,12,2020-10-19,31.428571428571427
CITY OF PARAÑAQUE,11,2020-10-20,24.571428571428573
CITY OF PARAÑAQUE,19,2020-10-21,23.428571428571427
CITY OF PARAÑAQUE,20,2020-10-22,22.857142857142858
CITY OF PARAÑAQUE,18,2020-10-23,19.428571428571427
CITY OF PARAÑAQUE,23,2020-10-24,18.857142857142858
CITY OF PARAÑAQUE,18,2020-10-25,17.285714285714285
CITY OF PARAÑAQUE,11,2020-10-26,17.142857142857142
CITY OF PARAÑAQUE,16,2020-10-27,17.857142857142858
CITY OF PARAÑAQUE,15,2020-10-28,17.285714285714285
CITY OF PARAÑAQUE,10,2020-10-29,15.857142857142858
CITY OF PARAÑAQUE,22,2020-10-30,16.428571428571427
CITY OF PARAÑAQUE,19,2020-10-31,15.857142857142858
CITY OF PARAÑAQUE,38,2020-11-01,18.714285714285715
CITY OF PARAÑAQUE,24,2020-11-02,20.571428571428573
CITY OF PARAÑAQUE,15,2020-11-03,20.428571428571427
CITY OF PARAÑAQUE,3,2020-11-04,18.714285714285715
CITY OF PARAÑAQUE,16,2020-11-05,19.571428571428573
CITY OF PARAÑAQUE,18,2020-11-06,19.0
CITY OF PARAÑAQUE,39,2020-11-07,21.857142857142858
CITY OF PARAÑAQUE,32,2020-11-08,21.0
CITY OF PARAÑAQUE,15,2020-11-09,19.714285714285715
CITY OF PARAÑAQUE,18,2020-11-10,20.142857142857142
CITY OF PARAÑAQUE,8,2020-11-11,20.857142857142858
CITY OF PARAÑAQUE,6,2020-11-12,19.428571428571427
CITY OF PARAÑAQUE,14,2020-11-13,18.857142857142858
CITY OF PARAÑAQUE,18,2020-11-14,15.857142857142858
CITY OF PARAÑAQUE,17,2020-11-15,13.714285714285714
CITY OF PARAÑAQUE,18,2020-11-16,14.142857142857142
CITY OF PARAÑAQUE,8,2020-11-17,12.714285714285714
CITY OF PARAÑAQUE,13,2020-11-18,13.428571428571429
CITY OF PARAÑAQUE,13,2020-11-19,14.428571428571429
CITY OF PARAÑAQUE,16,2020-11-20,14.714285714285714
CITY OF PARAÑAQUE,19,2020-11-21,14.857142857142858
CITY OF PARAÑAQUE,26,2020-11-22,16.142857142857142
CITY OF PARAÑAQUE,21,2020-11-23,16.571428571428573
CITY OF PARAÑAQUE,13,2020-11-24,17.285714285714285
CITY OF PARAÑAQUE,17,2020-11-25,17.857142857142858
CITY OF PARAÑAQUE,9,2020-11-26,17.285714285714285
CITY OF PARAÑAQUE,28,2020-11-27,19.0
CITY OF PARAÑAQUE,31,2020-11-28,20.714285714285715
CITY OF PARAÑAQUE,16,2020-11-29,19.285714285714285
CITY OF PARAÑAQUE,26,2020-11-30,20.0
CITY OF PARAÑAQUE,13,2020-12-01,20.0
CITY OF PARAÑAQUE,14,2020-12-02,19.571428571428573
CITY OF PARAÑAQUE,11,2020-12-03,19.857142857142858
CITY OF PARAÑAQUE,7,2020-12-04,16.857142857142858
CITY OF PARAÑAQUE,13,2020-12-05,14.285714285714286
CITY OF PARAÑAQUE,24,2020-12-06,15.428571428571429
CITY OF PARAÑAQUE,15,2020-12-07,13.857142857142858
CITY OF PARAÑAQUE,18,2020-12-08,14.571428571428571
CITY OF PARAÑAQUE,15,2020-12-09,14.714285714285714
CITY OF PARAÑAQUE,18,2020-12-10,15.714285714285714
CITY OF PARAÑAQUE,16,2020-12-11,17.0
CITY OF PARAÑAQUE,19,2020-12-12,17.857142857142858
CITY OF PARAÑAQUE,11,2020-12-13,16.0
CITY OF PARAÑAQUE,10,2020-12-14,15.285714285714286
CITY OF PARAÑAQUE,23,2020-12-15,16.0
CITY OF PARAÑAQUE,15,2020-12-16,16.0
CITY OF PARAÑAQUE,19,2020-12-17,16.142857142857142
CITY OF PARAÑAQUE,17,2020-12-18,16.285714285714285
CITY OF PARAÑAQUE,23,2020-12-19,16.857142857142858
CITY OF PARAÑAQUE,18,2020-12-20,17.857142857142858
CITY OF PARAÑAQUE,45,2020-12-21,22.857142857142858
CITY OF PARAÑAQUE,11,2020-12-22,21.142857142857142
CITY OF PARAÑAQUE,13,2020-12-23,20.857142857142858
CITY OF PARAÑAQUE,36,2020-12-24,23.285714285714285
CITY OF PARAÑAQUE,24,2020-12-25,24.285714285714285
CITY OF PARAÑAQUE,25,2020-12-26,24.571428571428573
CITY OF PARAÑAQUE,11,2020-12-27,23.571428571428573
CITY OF PARAÑAQUE,9,2020-12-28,18.428571428571427
CITY OF PARAÑAQUE,28,2020-12-29,20.857142857142858
CITY OF PARAÑAQUE,19,2020-12-30,21.714285714285715
CITY OF PARAÑAQUE,42,2020-12-31,22.571428571428573
CITY OF PARAÑAQUE,20,2021-01-01,22.0
CITY OF PARAÑAQUE,11,2021-01-02,20.0
CITY OF PARAÑAQUE,5,2021-01-03,19.142857142857142
CITY OF PARAÑAQUE,17,2021-01-04,20.285714285714285
CITY OF PARAÑAQUE,9,2021-01-05,17.571428571428573
CITY OF PARAÑAQUE,17,2021-01-06,17.285714285714285
CITY OF PARAÑAQUE,27,2021-01-07,15.142857142857142
CITY OF PARAÑAQUE,23,2021-01-08,15.571428571428571
CITY OF PARAÑAQUE,29,2021-01-09,18.142857142857142
CITY OF PARAÑAQUE,58,2021-01-10,25.714285714285715
CITY OF PARAÑAQUE,35,2021-01-11,28.285714285714285
CITY OF PARAÑAQUE,13,2021-01-12,28.857142857142858
CITY OF PARAÑAQUE,20,2021-01-13,29.285714285714285
CITY OF PARAÑAQUE,28,2021-01-14,29.428571428571427
CITY OF PARAÑAQUE,13,2021-01-15,28.0
CITY OF PARAÑAQUE,34,2021-01-16,28.714285714285715
CITY OF PARAÑAQUE,21,2021-01-17,23.428571428571427
CITY OF PARAÑAQUE,21,2021-01-18,21.428571428571427
CITY OF PARAÑAQUE,16,2021-01-19,21.857142857142858
CITY OF PARAÑAQUE,20,2021-01-20,21.857142857142858
CITY OF PARAÑAQUE,19,2021-01-21,20.571428571428573
CITY OF PARAÑAQUE,39,2021-01-22,24.285714285714285
CITY OF PARAÑAQUE,15,2021-01-23,21.571428571428573
CITY OF PARAÑAQUE,20,2021-01-24,21.428571428571427
CITY OF PARAÑAQUE,12,2021-01-25,20.142857142857142
CITY OF PARAÑAQUE,11,2021-01-26,19.428571428571427
CITY OF PARAÑAQUE,40,2021-01-27,22.285714285714285
CITY OF PARAÑAQUE,8,2021-01-28,20.714285714285715
CITY OF PARAÑAQUE,15,2021-01-29,17.285714285714285
CITY OF PARAÑAQUE,26,2021-01-30,18.857142857142858
CITY OF PARAÑAQUE,16,2021-01-31,18.285714285714285
CITY OF PARAÑAQUE,21,2021-02-01,19.571428571428573
CITY OF PARAÑAQUE,29,2021-02-02,22.142857142857142
CITY OF PARAÑAQUE,29,2021-02-03,20.571428571428573
CITY OF PARAÑAQUE,7,2021-02-04,20.428571428571427
CITY OF PARAÑAQUE,24,2021-02-05,21.714285714285715
CITY OF PARAÑAQUE,14,2021-02-06,20.0
CITY OF PARAÑAQUE,22,2021-02-07,20.857142857142858
CITY OF PARAÑAQUE,10,2021-02-08,19.285714285714285
CITY OF PARAÑAQUE,16,2021-02-09,17.428571428571427
CITY OF PARAÑAQUE,16,2021-02-10,15.571428571428571
CITY OF PARAÑAQUE,16,2021-02-11,16.857142857142858
CITY OF PARAÑAQUE,35,2021-02-12,18.428571428571427
CITY OF PARAÑAQUE,15,2021-02-13,18.571428571428573
CITY OF PARAÑAQUE,19,2021-02-14,18.142857142857142
CITY OF PARAÑAQUE,11,2021-02-15,18.285714285714285
CITY OF PARAÑAQUE,16,2021-02-16,18.285714285714285
CITY OF PARAÑAQUE,16,2021-02-17,18.285714285714285
CITY OF PARAÑAQUE,22,2021-02-18,19.142857142857142
CITY OF PARAÑAQUE,20,2021-02-19,17.0
CITY OF PARAÑAQUE,20,2021-02-20,17.714285714285715
CITY OF PARAÑAQUE,29,2021-02-21,19.142857142857142
CITY OF PARAÑAQUE,29,2021-02-22,21.714285714285715
CITY OF PARAÑAQUE,26,2021-02-23,23.142857142857142
CITY OF PARAÑAQUE,27,2021-02-24,24.714285714285715
CITY OF PARAÑAQUE,40,2021-02-25,27.285714285714285
CITY OF PARAÑAQUE,36,2021-02-26,29.571428571428573
CITY OF PARAÑAQUE,39,2021-02-27,32.285714285714285
CITY OF PARAÑAQUE,50,2021-02-28,35.285714285714285
CITY OF PARAÑAQUE,53,2021-03-01,38.714285714285715
CITY OF PARAÑAQUE,56,2021-03-02,43.0
CITY OF PARAÑAQUE,58,2021-03-03,47.42857142857143
CITY OF PARAÑAQUE,53,2021-03-04,49.285714285714285
CITY OF PARAÑAQUE,65,2021-03-05,53.42857142857143
CITY OF PARAÑAQUE,57,2021-03-06,56.0
CITY OF PARAÑAQUE,107,2021-03-07,64.14285714285714
CITY OF PARAÑAQUE,98,2021-03-08,70.57142857142857
CITY OF PARAÑAQUE,76,2021-03-09,73.42857142857143
CITY OF PARAÑAQUE,93,2021-03-10,78.42857142857143
CITY OF PARAÑAQUE,133,2021-03-11,89.85714285714286
CITY OF PARAÑAQUE,110,2021-03-12,96.28571428571429
CITY OF PARAÑAQUE,141,2021-03-13,108.28571428571429
CITY OF PARAÑAQUE,145,2021-03-14,113.71428571428571
CITY OF PARAÑAQUE,135,2021-03-15,119.0
CITY OF PARAÑAQUE,144,2021-03-16,128.71428571428572
CITY OF PARAÑAQUE,152,2021-03-17,137.14285714285714
CITY OF PARAÑAQUE,173,2021-03-18,142.85714285714286
CITY OF PARAÑAQUE,213,2021-03-19,157.57142857142858
CITY OF PARAÑAQUE,220,2021-03-20,168.85714285714286
CITY OF PARAÑAQUE,294,2021-03-21,190.14285714285714
CITY OF PARAÑAQUE,205,2021-03-22,200.14285714285714
CITY OF PARAÑAQUE,243,2021-03-23,214.28571428571428
CITY OF PARAÑAQUE,270,2021-03-24,231.14285714285714
CITY OF PARAÑAQUE,276,2021-03-25,245.85714285714286
CITY OF PARAÑAQUE,290,2021-03-26,256.85714285714283
CITY OF PARAÑAQUE,324,2021-03-27,271.7142857142857
CITY OF PARAÑAQUE,317,2021-03-28,275.0
CITY OF PARAÑAQUE,246,2021-03-29,280.85714285714283
CITY OF PARAÑAQUE,237,2021-03-30,280.0
CITY OF PARAÑAQUE,131,2021-03-31,260.14285714285717
CITY OF PARAÑAQUE,276,2021-04-01,260.14285714285717
CITY OF PARAÑAQUE,462,2021-04-02,284.7142857142857
CITY OF PARAÑAQUE,312,2021-04-03,283.0
CITY OF PARAÑAQUE,326,2021-04-04,284.2857142857143
CITY OF PARAÑAQUE,205,2021-04-05,278.42857142857144
CITY OF PARAÑAQUE,254,2021-04-06,280.85714285714283
CITY OF PARAÑAQUE,263,2021-04-07,299.7142857142857
CITY OF PARAÑAQUE,251,2021-04-08,296.14285714285717
CITY OF PARAÑAQUE,307,2021-04-09,274.0
CITY OF PARAÑAQUE,282,2021-04-10,269.7142857142857
CITY OF PARAÑAQUE,348,2021-04-11,272.85714285714283
CITY OF PARAÑAQUE,314,2021-04-12,288.42857142857144
CITY OF PARAÑAQUE,230,2021-04-13,285.0
CITY OF PARAÑAQUE,204,2021-04-14,276.57142857142856
CITY OF PARAÑAQUE,256,2021-04-15,277.2857142857143
CITY OF PARAÑAQUE,381,2021-04-16,287.85714285714283
CITY OF PARAÑAQUE,234,2021-04-17,281.0
CITY OF PARAÑAQUE,262,2021-04-18,268.7142857142857
CITY OF PARAÑAQUE,230,2021-04-19,256.7142857142857
CITY OF PARAÑAQUE,138,2021-04-20,243.57142857142858
CITY OF PARAÑAQUE,223,2021-04-21,246.28571428571428
CITY OF PARAÑAQUE,119,2021-04-22,226.71428571428572
CITY OF PARAÑAQUE,240,2021-04-23,206.57142857142858
CITY OF PARAÑAQUE,166,2021-04-24,196.85714285714286
CITY OF PARAÑAQUE,196,2021-04-25,187.42857142857142
CITY OF PARAÑAQUE,174,2021-04-26,179.42857142857142
CITY OF PARAÑAQUE,181,2021-04-27,185.57142857142858
CITY OF PARAÑAQUE,118,2021-04-28,170.57142857142858
CITY OF PARAÑAQUE,207,2021-04-29,183.14285714285714
CITY OF PARAÑAQUE,178,2021-04-30,174.28571428571428
CITY OF PARAÑAQUE,176,2021-05-01,175.71428571428572
CITY OF PARAÑAQUE,193,2021-05-02,175.28571428571428
CITY OF PARAÑAQUE,89,2021-05-03,163.14285714285714
CITY OF PARAÑAQUE,94,2021-05-04,150.71428571428572
CITY OF PARAÑAQUE,94,2021-05-05,147.28571428571428
CITY OF PARAÑAQUE,86,2021-05-06,130.0
CITY OF PARAÑAQUE,94,2021-05-07,118.0
CITY OF PARAÑAQUE,90,2021-05-08,105.71428571428571
CITY OF PARAÑAQUE,111,2021-05-09,94.0
CITY OF PARAÑAQUE,72,2021-05-10,91.57142857142857
CITY OF PARAÑAQUE,65,2021-05-11,87.42857142857143
CITY OF PARAÑAQUE,53,2021-05-12,81.57142857142857
CITY OF PARAÑAQUE,87,2021-05-13,81.71428571428571
CITY OF PARAÑAQUE,95,2021-05-14,81.85714285714286
CITY OF PARAÑAQUE,48,2021-05-15,75.85714285714286
CITY OF PARAÑAQUE,90,2021-05-16,72.85714285714286
CITY OF PARAÑAQUE,52,2021-05-17,70.0
CITY OF PARAÑAQUE,46,2021-05-18,67.28571428571429
CITY OF PARAÑAQUE,77,2021-05-19,70.71428571428571
CITY OF PARAÑAQUE,73,2021-05-20,68.71428571428571
CITY OF PARAÑAQUE,56,2021-05-21,63.142857142857146
CITY OF PARAÑAQUE,58,2021-05-22,64.57142857142857
CITY OF PARAÑAQUE,49,2021-05-23,58.714285714285715
CITY OF PARAÑAQUE,45,2021-05-24,57.714285714285715
CITY OF PARAÑAQUE,30,2021-05-25,55.42857142857143
CITY OF PARAÑAQUE,37,2021-05-26,49.714285714285715
CITY OF PARAÑAQUE,72,2021-05-27,49.57142857142857
CITY OF PARAÑAQUE,77,2021-05-28,52.57142857142857
CITY OF PARAÑAQUE,104,2021-05-29,59.142857142857146
CITY OF PARAÑAQUE,53,2021-05-30,59.714285714285715
CITY OF PARAÑAQUE,53,2021-05-31,60.857142857142854
CITY OF PARAÑAQUE,74,2021-06-01,67.14285714285714
CITY OF PARAÑAQUE,149,2021-06-02,83.14285714285714
CITY OF PARAÑAQUE,80,2021-06-03,84.28571428571429
CITY OF PARAÑAQUE,79,2021-06-04,84.57142857142857
CITY OF PARAÑAQUE,64,2021-06-05,78.85714285714286
CITY OF PARAÑAQUE,53,2021-06-06,78.85714285714286
CITY OF PARAÑAQUE,37,2021-06-07,76.57142857142857
CITY OF PARAÑAQUE,31,2021-06-08,70.42857142857143
CITY OF PARAÑAQUE,66,2021-06-09,58.57142857142857
CITY OF PARAÑAQUE,60,2021-06-10,55.714285714285715
CITY OF PARAÑAQUE,64,2021-06-11,53.57142857142857
CITY OF PARAÑAQUE,35,2021-06-12,49.42857142857143
CITY OF PARAÑAQUE,62,2021-06-13,50.714285714285715
CITY OF PARAÑAQUE,49,2021-06-14,52.42857142857143
CITY OF PARAÑAQUE,44,2021-06-15,54.285714285714285
CITY OF PARAÑAQUE,38,2021-06-16,50.285714285714285
CITY OF PARAÑAQUE,47,2021-06-17,48.42857142857143
CITY OF PARAÑAQUE,38,2021-06-18,44.714285714285715
CITY OF PARAÑAQUE,54,2021-06-19,47.42857142857143
CITY OF PARAÑAQUE,41,2021-06-20,44.42857142857143
CITY OF PARAÑAQUE,27,2021-06-21,41.285714285714285
CITY OF PARAÑAQUE,25,2021-06-22,38.57142857142857
CITY OF PARAÑAQUE,48,2021-06-23,40.0
CITY OF PARAÑAQUE,42,2021-06-24,39.285714285714285
CITY OF PARAÑAQUE,53,2021-06-25,41.42857142857143
CITY OF PARAÑAQUE,52,2021-06-26,41.142857142857146
CITY OF PARAÑAQUE,52,2021-06-27,42.714285714285715
CITY OF PARAÑAQUE,24,2021-06-28,42.285714285714285
CITY OF PARAÑAQUE,34,2021-06-29,43.57142857142857
CITY OF PARAÑAQUE,29,2021-06-30,40.857142857142854
CITY OF PARAÑAQUE,62,2021-07-01,43.714285714285715
CITY OF PARAÑAQUE,37,2021-07-02,41.42857142857143
CITY OF PARAÑAQUE,33,2021-07-03,38.714285714285715
CITY OF PARAÑAQUE,40,2021-07-04,37.0
CITY OF PARAÑAQUE,39,2021-07-05,39.142857142857146
CITY OF PARAÑAQUE,30,2021-07-06,38.57142857142857
CITY OF PARAÑAQUE,46,2021-07-07,41.0
CITY OF PARAÑAQUE,30,2021-07-08,36.42857142857143
CITY OF PARAÑAQUE,44,2021-07-09,37.42857142857143
CITY OF PARAÑAQUE,31,2021-07-10,37.142857142857146
CITY OF PARAÑAQUE,41,2021-07-11,37.285714285714285
CITY OF PARAÑAQUE,33,2021-07-12,36.42857142857143
CITY OF PARAÑAQUE,32,2021-07-13,36.714285714285715
CITY OF PARAÑAQUE,46,2021-07-14,36.714285714285715
CITY OF PARAÑAQUE,32,2021-07-15,37.0
CITY OF PARAÑAQUE,63,2021-07-16,39.714285714285715
CITY OF PARAÑAQUE,59,2021-07-17,43.714285714285715
CITY OF PARAÑAQUE,40,2021-07-18,43.57142857142857
CITY OF PARAÑAQUE,26,2021-07-19,42.57142857142857
CITY OF PARAÑAQUE,35,2021-07-20,43.0
CITY OF PARAÑAQUE,48,2021-07-21,43.285714285714285
CITY OF PARAÑAQUE,47,2021-07-22,45.42857142857143
CITY OF PARAÑAQUE,34,2021-07-23,41.285714285714285
CITY OF PARAÑAQUE,59,2021-07-24,41.285714285714285
CITY OF PARAÑAQUE,65,2021-07-25,44.857142857142854
CITY OF PARAÑAQUE,28,2021-07-26,45.142857142857146
CITY OF PARAÑAQUE,42,2021-07-27,46.142857142857146
CITY OF PARAÑAQUE,45,2021-07-28,45.714285714285715
CITY OF PARAÑAQUE,60,2021-07-29,47.57142857142857
CITY OF PARAÑAQUE,76,2021-07-30,53.57142857142857
CITY OF PARAÑAQUE,90,2021-07-31,58.0
CITY OF PARAÑAQUE,177,2021-08-01,74.0
CITY OF PARAÑAQUE,134,2021-08-02,89.14285714285714
CITY OF PARAÑAQUE,119,2021-08-03,100.14285714285714
CITY OF PARAÑAQUE,180,2021-08-04,119.42857142857143
CITY OF PARAÑAQUE,105,2021-08-05,125.85714285714286
CITY OF PARAÑAQUE,189,2021-08-06,142.0
CITY OF PARAÑAQUE,144,2021-08-07,149.71428571428572
CITY OF PARAÑAQUE,112,2021-08-08,140.42857142857142
CITY OF PARAÑAQUE,140,2021-08-09,141.28571428571428
CITY OF PARAÑAQUE,108,2021-08-10,139.71428571428572
CITY OF PARAÑAQUE,228,2021-08-11,146.57142857142858
CITY OF PARAÑAQUE,181,2021-08-12,157.42857142857142
CITY OF PARAÑAQUE,237,2021-08-13,164.28571428571428
CITY OF PARAÑAQUE,217,2021-08-14,174.71428571428572
CITY OF PARAÑAQUE,231,2021-08-15,191.71428571428572
CITY OF PARAÑAQUE,312,2021-08-16,216.28571428571428
CITY OF PARAÑAQUE,162,2021-08-17,224.0
CITY OF PARAÑAQUE,195,2021-08-18,219.28571428571428
CITY OF PARAÑAQUE,203,2021-08-19,222.42857142857142
CITY OF PARAÑAQUE,239,2021-08-20,222.71428571428572
CITY OF PARAÑAQUE,281,2021-08-21,231.85714285714286
CITY OF PARAÑAQUE,268,2021-08-22,237.14285714285714
CITY OF PARAÑAQUE,227,2021-08-23,225.0
CITY OF PARAÑAQUE,211,2021-08-24,232.0
CITY OF PARAÑAQUE,230,2021-08-25,237.0
CITY OF PARAÑAQUE,274,2021-08-26,247.14285714285714
CITY OF PARAÑAQUE,264,2021-08-27,250.71428571428572
CITY OF PARAÑAQUE,334,2021-08-28,258.2857142857143
CITY OF PARAÑAQUE,296,2021-08-29,262.2857142857143
CITY OF PARAÑAQUE,401,2021-08-30,287.14285714285717
CITY OF PARAÑAQUE,246,2021-08-31,292.14285714285717
CITY OF PARAÑAQUE,256,2021-09-01,295.85714285714283
CITY OF PARAÑAQUE,343,2021-09-02,305.7142857142857
CITY OF PARAÑAQUE,401,2021-09-03,325.2857142857143
CITY OF PARAÑAQUE,513,2021-09-04,350.85714285714283
CITY OF PARAÑAQUE,455,2021-09-05,373.57142857142856
CITY OF PARAÑAQUE,354,2021-09-06,366.85714285714283
CITY OF PARAÑAQUE,357,2021-09-07,382.7142857142857
CITY OF PARAÑAQUE,219,2021-09-08,377.42857142857144
CITY OF PARAÑAQUE,386,2021-09-09,383.57142857142856
CITY OF PARAÑAQUE,230,2021-09-10,359.14285714285717
CITY OF PARAÑAQUE,617,2021-09-11,374.0
CITY OF PARAÑAQUE,526,2021-09-12,384.14285714285717
CITY OF PARAÑAQUE,278,2021-09-13,373.2857142857143
CITY OF PARAÑAQUE,312,2021-09-14,366.85714285714283
CITY OF PARAÑAQUE,306,2021-09-15,379.2857142857143
CITY OF PARAÑAQUE,318,2021-09-16,369.57142857142856
CITY OF PARAÑAQUE,359,2021-09-17,388.0
CITY OF PARAÑAQUE,323,2021-09-18,346.0
CITY OF PARAÑAQUE,336,2021-09-19,318.85714285714283
CITY OF PARAÑAQUE,261,2021-09-20,316.42857142857144
CITY OF PARAÑAQUE,230,2021-09-21,304.7142857142857
CITY OF PARAÑAQUE,208,2021-09-22,290.7142857142857
CITY OF PARAÑAQUE,256,2021-09-23,281.85714285714283
CITY OF PARAÑAQUE,287,2021-09-24,271.57142857142856
CITY OF PARAÑAQUE,136,2021-09-25,244.85714285714286
CITY OF PARAÑAQUE,310,2021-09-26,241.14285714285714
CITY OF PARAÑAQUE,144,2021-09-27,224.42857142857142
CITY OF PARAÑAQUE,219,2021-09-28,222.85714285714286
CITY OF PARAÑAQUE,159,2021-09-29,215.85714285714286
CITY OF PARAÑAQUE,159,2021-09-30,202.0
CITY OF PARAÑAQUE,220,2021-10-01,192.42857142857142
CITY OF PARAÑAQUE,222,2021-10-02,204.71428571428572
CITY OF PARAÑAQUE,142,2021-10-03,180.71428571428572
CITY OF PARAÑAQUE,124,2021-10-04,177.85714285714286
CITY OF PARAÑAQUE,79,2021-10-05,157.85714285714286
CITY OF PARAÑAQUE,102,2021-10-06,149.71428571428572
CITY OF PARAÑAQUE,122,2021-10-07,144.42857142857142
CITY OF PARAÑAQUE,113,2021-10-08,129.14285714285714
CITY OF PARAÑAQUE,91,2021-10-09,110.42857142857143
CITY OF PARAÑAQUE,153,2021-10-10,112.0
CITY OF PARAÑAQUE,81,2021-10-11,105.85714285714286
CITY OF PARAÑAQUE,122,2021-10-12,112.0
CITY OF PARAÑAQUE,56,2021-10-13,105.42857142857143
CITY OF PARAÑAQUE,82,2021-10-14,99.71428571428571
CITY OF PARAÑAQUE,89,2021-10-15,96.28571428571429
CITY OF PARAÑAQUE,56,2021-10-16,91.28571428571429
CITY OF PARAÑAQUE,64,2021-10-17,78.57142857142857
CITY OF PARAÑAQUE,61,2021-10-18,75.71428571428571
CITY OF PARAÑAQUE,43,2021-10-19,64.42857142857143
CITY OF PARAÑAQUE,43,2021-10-20,62.57142857142857
CITY OF PARAÑAQUE,53,2021-10-21,58.42857142857143
CITY OF PARAÑAQUE,127,2021-10-22,63.857142857142854
CITY OF PARAÑAQUE,57,2021-10-23,64.0
CITY OF PARAÑAQUE,54,2021-10-24,62.57142857142857
CITY OF PARAÑAQUE,42,2021-10-25,59.857142857142854
CITY OF PARAÑAQUE,44,2021-10-26,60.0
CITY OF PARAÑAQUE,33,2021-10-27,58.57142857142857
CITY OF PARAÑAQUE,72,2021-10-28,61.285714285714285
CITY OF PARAÑAQUE,39,2021-10-29,48.714285714285715
CITY OF PARAÑAQUE,37,2021-10-30,45.857142857142854
CITY OF PARAÑAQUE,39,2021-10-31,43.714285714285715
CITY OF PARAÑAQUE,26,2021-11-01,41.42857142857143
CITY OF PARAÑAQUE,23,2021-11-02,38.42857142857143
CITY OF PARAÑAQUE,11,2021-11-03,35.285714285714285
CITY OF PARAÑAQUE,13,2021-11-04,26.857142857142858
CITY OF PARAÑAQUE,21,2021-11-05,24.285714285714285
CITY OF PARAÑAQUE,17,2021-11-06,21.428571428571427
CITY OF PARAÑAQUE,22,2021-11-07,19.0
CITY OF PARAÑAQUE,15,2021-11-08,17.428571428571427
CITY OF PARAÑAQUE,15,2021-11-09,16.285714285714285
CITY OF PARAÑAQUE,36,2021-11-10,19.857142857142858
CITY OF PARAÑAQUE,22,2021-11-11,21.142857142857142
CITY OF PARAÑAQUE,34,2021-11-12,23.0
CITY OF PARAÑAQUE,22,2021-11-13,23.714285714285715
CITY OF PARAÑAQUE,15,2021-11-14,22.714285714285715
CITY OF PARAÑAQUE,11,2021-11-15,22.142857142857142
CITY OF PARAÑAQUE,7,2021-11-16,21.0
CITY OF PARAÑAQUE,11,2021-11-17,17.428571428571427
CITY OF PARAÑAQUE,13,2021-11-18,16.142857142857142
CITY OF PARAÑAQUE,27,2021-11-19,15.142857142857142
CITY OF PARAÑAQUE,27,2021-11-20,15.857142857142858
CITY OF PARAÑAQUE,23,2021-11-21,17.0
CITY OF PARAÑAQUE,7,2021-11-22,16.428571428571427
CITY OF PARAÑAQUE,11,2021-11-23,17.0
CITY OF PARAÑAQUE,10,2021-11-24,16.857142857142858
CITY OF PARAÑAQUE,7,2021-11-25,16.0
CITY OF PARAÑAQUE,11,2021-11-26,13.714285714285714
CITY OF PARAÑAQUE,5,2021-11-27,10.571428571428571
CITY OF PARAÑAQUE,10,2021-11-28,8.714285714285714
CITY OF PARAÑAQUE,2,2021-11-29,8.0
CITY OF PARAÑAQUE,0,2021-11-30,6.428571428571429
CITY OF PARAÑAQUE,6,2021-12-01,5.857142857142857
CITY OF PARAÑAQUE,7,2021-12-02,5.857142857142857
CITY OF PARAÑAQUE,7,2021-12-03,5.285714285714286
CITY OF PARAÑAQUE,9,2021-12-04,5.857142857142857
CITY OF PARAÑAQUE,6,2021-12-05,5.285714285714286
CITY OF PARAÑAQUE,4,2021-12-06,5.571428571428571
CITY OF PARAÑAQUE,4,2021-12-07,6.142857142857143
CITY OF PARAÑAQUE,5,2021-12-08,6.0
CITY OF PARAÑAQUE,6,2021-12-09,5.857142857142857
CITY OF PARAÑAQUE,3,2021-12-10,5.285714285714286
CITY OF PARAÑAQUE,1,2021-12-11,4.142857142857143
CITY OF PARAÑAQUE,4,2021-12-12,3.857142857142857
CITY OF PARAÑAQUE,6,2021-12-13,4.142857142857143
CITY OF PARAÑAQUE,4,2021-12-14,4.142857142857143
CITY OF PARAÑAQUE,2,2021-12-15,3.7142857142857144
CITY OF PARAÑAQUE,5,2021-12-16,3.5714285714285716
CITY OF PARAÑAQUE,10,2021-12-17,4.571428571428571
CITY OF PARAÑAQUE,2,2021-12-18,4.714285714285714
CITY OF PARAÑAQUE,2,2021-12-19,4.428571428571429
CITY OF PARAÑAQUE,3,2021-12-20,4.0
CITY OF PARAÑAQUE,1,2021-12-21,3.5714285714285716
CITY OF PARAÑAQUE,3,2021-12-22,3.7142857142857144
CITY OF PARAÑAQUE,3,2021-12-23,3.4285714285714284
CITY OF PARAÑAQUE,10,2021-12-24,3.4285714285714284
CITY OF PARAÑAQUE,8,2021-12-25,4.285714285714286
CITY OF PARAÑAQUE,13,2021-12-26,5.857142857142857
CITY OF PARAÑAQUE,2,2021-12-27,5.714285714285714
CITY OF PARAÑAQUE,10,2021-12-28,7.0
CITY OF PARAÑAQUE,37,2021-12-29,11.857142857142858
CITY OF PARAÑAQUE,49,2021-12-30,18.428571428571427
CITY OF PARAÑAQUE,73,2021-12-31,27.428571428571427
CITY OF PARAÑAQUE,129,2022-01-01,44.714285714285715
CITY OF PARAÑAQUE,190,2022-01-02,70.0
CITY OF PARAÑAQUE,176,2022-01-03,94.85714285714286
CITY OF PARAÑAQUE,248,2022-01-04,128.85714285714286
CITY OF PARAÑAQUE,593,2022-01-05,208.28571428571428
CITY OF PARAÑAQUE,781,2022-01-06,312.85714285714283
CITY OF PARAÑAQUE,860,2022-01-07,425.2857142857143
CITY OF PARAÑAQUE,1125,2022-01-08,567.5714285714286
CITY OF PARAÑAQUE,1166,2022-01-09,707.0
CITY OF PARAÑAQUE,976,2022-01-10,821.2857142857143
CITY OF PARAÑAQUE,1085,2022-01-11,940.8571428571429
CITY OF PARAÑAQUE,1488,2022-01-12,1068.7142857142858
CITY OF PARAÑAQUE,979,2022-01-13,1097.0
CITY OF PARAÑAQUE,1040,2022-01-14,1122.7142857142858
CITY OF PARAÑAQUE,1217,2022-01-15,1135.857142857143
CITY OF PARAÑAQUE,1131,2022-01-16,1130.857142857143
CITY OF PARAÑAQUE,837,2022-01-17,1111.0
CITY OF PARAÑAQUE,624,2022-01-18,1045.142857142857
CITY OF PARAÑAQUE,675,2022-01-19,929.0
CITY OF PARAÑAQUE,712,2022-01-20,890.8571428571429
CITY OF PARAÑAQUE,556,2022-01-21,821.7142857142857
CITY OF PARAÑAQUE,586,2022-01-22,731.5714285714286
CITY OF PARAÑAQUE,505,2022-01-23,642.1428571428571
CITY OF PARAÑAQUE,257,2022-01-24,559.2857142857143
CITY OF PARAÑAQUE,224,2022-01-25,502.14285714285717
CITY OF PARAÑAQUE,306,2022-01-26,449.42857142857144
CITY OF PARAÑAQUE,241,2022-01-27,382.14285714285717
CITY OF PARAÑAQUE,194,2022-01-28,330.42857142857144
CITY OF PARAÑAQUE,358,2022-01-29,297.85714285714283
CITY OF PARAÑAQUE,149,2022-01-30,247.0
CITY OF PARAÑAQUE,248,2022-01-31,245.71428571428572
CITY OF PARAÑAQUE,106,2022-02-01,228.85714285714286
CITY OF PARAÑAQUE,103,2022-02-02,199.85714285714286
CITY OF PARAÑAQUE,55,2022-02-03,173.28571428571428
CITY OF PARAÑAQUE,81,2022-02-04,157.14285714285714
CITY OF PARAÑAQUE,44,2022-02-05,112.28571428571429
CITY OF PARAÑAQUE,77,2022-02-06,102.0
CITY OF PARAÑAQUE,71,2022-02-07,76.71428571428571
CITY OF PARAÑAQUE,34,2022-02-08,66.42857142857143
CITY OF PARAÑAQUE,40,2022-02-09,57.42857142857143
CITY OF PARAÑAQUE,40,2022-02-10,55.285714285714285
CITY OF PARAÑAQUE,27,2022-02-11,47.57142857142857
CITY OF PARAÑAQUE,38,2022-02-12,46.714285714285715
CITY OF PARAÑAQUE,32,2022-02-13,40.285714285714285
CITY OF PARAÑAQUE,40,2022-02-14,35.857142857142854
CITY OF PARAÑAQUE,24,2022-02-15,34.42857142857143
CITY OF PARAÑAQUE,34,2022-02-16,33.57142857142857
CITY OF PARAÑAQUE,29,2022-02-17,32.0
CITY OF PARAÑAQUE,42,2022-02-18,34.142857142857146
CITY OF PARAÑAQUE,44,2022-02-19,35.0
CITY OF PARAÑAQUE,25,2022-02-20,34.0
CITY OF PARAÑAQUE,17,2022-02-21,30.714285714285715
CITY OF PARAÑAQUE,18,2022-02-22,29.857142857142858
CITY OF PARAÑAQUE,22,2022-02-23,28.142857142857142
CITY OF PARAÑAQUE,17,2022-02-24,26.428571428571427
CITY OF PARAÑAQUE,32,2022-02-25,25.0
CITY OF PARAÑAQUE,29,2022-02-26,22.857142857142858
CITY OF PARAÑAQUE,10,2022-02-27,20.714285714285715
CITY OF PARAÑAQUE,15,2022-02-28,20.428571428571427
CITY OF PARAÑAQUE,20,2022-03-01,20.714285714285715
CITY OF PARAÑAQUE,16,2022-03-02,19.857142857142858
CITY OF PARAÑAQUE,18,2022-03-03,20.0
CITY OF PARAÑAQUE,14,2022-03-04,17.428571428571427
CITY OF PARAÑAQUE,18,2022-03-05,15.857142857142858
CITY OF PARAÑAQUE,14,2022-03-06,16.428571428571427
CITY OF PARAÑAQUE,23,2022-03-07,17.571428571428573
CITY OF PARAÑAQUE,13,2022-03-08,16.571428571428573
CITY OF PARAÑAQUE,17,2022-03-09,16.714285714285715
CITY OF PARAÑAQUE,11,2022-03-10,15.714285714285714
CITY OF PARAÑAQUE,13,2022-03-11,15.571428571428571
CITY OF PARAÑAQUE,13,2022-03-12,14.857142857142858
CITY OF PARAÑAQUE,17,2022-03-13,15.285714285714286
CITY OF PARAÑAQUE,13,2022-03-14,13.857142857142858
CITY OF PARAÑAQUE,4,2022-03-15,12.571428571428571
CITY OF PARAÑAQUE,8,2022-03-16,11.285714285714286
CITY OF PARAÑAQUE,27,2022-03-17,13.571428571428571
CITY OF PARAÑAQUE,11,2022-03-18,13.285714285714286
CITY OF PARAÑAQUE,26,2022-03-19,15.142857142857142
CITY OF PARAÑAQUE,19,2022-03-20,15.428571428571429
CITY OF PARAÑAQUE,9,2022-03-21,14.857142857142858
CITY OF PARAÑAQUE,22,2022-03-22,17.428571428571427
CITY OF PARAÑAQUE,11,2022-03-23,17.857142857142858
CITY OF PARAÑAQUE,16,2022-03-24,16.285714285714285
CITY OF PARAÑAQUE,19,2022-03-25,17.428571428571427
CITY OF PARAÑAQUE,23,2022-03-26,17.0
CITY OF PARAÑAQUE,14,2022-03-27,16.285714285714285
CITY OF PARAÑAQUE,9,2022-03-28,16.285714285714285
CITY OF PARAÑAQUE,4,2022-03-29,13.714285714285714
CITY OF PARAÑAQUE,8,2022-03-30,13.285714285714286
CITY OF PARAÑAQUE,10,2022-03-31,12.428571428571429
CITY OF PARAÑAQUE,4,2022-04-01,10.285714285714286
CITY OF PARAÑAQUE,6,2022-04-02,7.857142857142857
CITY OF PARAÑAQUE,27,2022-04-03,9.714285714285714
CITY OF PARAÑAQUE,7,2022-04-04,9.428571428571429
CITY OF PARAÑAQUE,4,2022-04-05,9.428571428571429
CITY OF PARAÑAQUE,4,2022-04-06,8.857142857142858
CITY OF PARAÑAQUE,5,2022-04-07,8.142857142857142
CITY OF PARAÑAQUE,13,2022-04-08,9.428571428571429
CITY OF PARAÑAQUE,6,2022-04-09,9.428571428571429
CITY OF PARAÑAQUE,6,2022-04-10,6.428571428571429
CITY OF PARAÑAQUE,21,2022-04-11,8.428571428571429
CITY OF PARAÑAQUE,5,2022-04-12,8.571428571428571
CITY OF PARAÑAQUE,16,2022-04-13,10.285714285714286
CITY OF PARAÑAQUE,7,2022-04-14,10.571428571428571
CITY OF PARAÑAQUE,12,2022-04-15,10.428571428571429
CITY OF PARAÑAQUE,6,2022-04-16,10.428571428571429
CITY OF PARAÑAQUE,8,2022-04-17,10.714285714285714
CITY OF PARAÑAQUE,16,2022-04-18,10.0
CITY OF PARAÑAQUE,3,2022-04-19,9.714285714285714
CITY OF PARAÑAQUE,14,2022-04-20,9.428571428571429
CITY OF PARAÑAQUE,5,2022-04-21,9.142857142857142
CITY OF PARAÑAQUE,6,2022-04-22,8.285714285714286
CITY OF PARAÑAQUE,6,2022-04-23,8.285714285714286
CITY OF PARAÑAQUE,6,2022-04-24,8.0
CITY OF PARAÑAQUE,4,2022-04-25,6.285714285714286
CITY OF PARAÑAQUE,2,2022-04-26,6.142857142857143
CITY OF PARAÑAQUE,6,2022-04-27,5.0
CITY OF PARAÑAQUE,11,2022-04-28,5.857142857142857
CITY OF PARAÑAQUE,2,2022-04-29,5.285714285714286
CITY OF PARAÑAQUE,13,2022-04-30,6.285714285714286
CITY OF PARAÑAQUE,7,2022-05-01,6.428571428571429
CITY OF PARAÑAQUE,6,2022-05-02,6.714285714285714
CITY OF PARAÑAQUE,2,2022-05-03,6.714285714285714
CITY OF PARAÑAQUE,5,2022-05-04,6.571428571428571
CITY OF PARAÑAQUE,9,2022-05-05,6.285714285714286
CITY OF PARAÑAQUE,11,2022-05-06,7.571428571428571
CITY OF PARAÑAQUE,7,2022-05-07,6.714285714285714
CITY OF PARAÑAQUE,6,2022-05-08,6.571428571428571
CITY OF PARAÑAQUE,3,2022-05-09,6.142857142857143
CITY OF PARAÑAQUE,2,2022-05-10,6.142857142857143
CITY OF PARAÑAQUE,2,2022-05-11,5.714285714285714
CITY OF PARAÑAQUE,1,2022-05-12,4.571428571428571
CITY OF PARAÑAQUE,8,2022-05-13,4.142857142857143
CITY OF PARAÑAQUE,12,2022-05-14,4.857142857142857
CITY OF PARAÑAQUE,9,2022-05-15,5.285714285714286
CITY OF PARAÑAQUE,6,2022-05-16,5.714285714285714
CITY OF PARAÑAQUE,6,2022-05-17,6.285714285714286
CITY OF PARAÑAQUE,2,2022-05-18,6.285714285714286
CITY OF PARAÑAQUE,8,2022-05-19,7.285714285714286
CITY OF PARAÑAQUE,8,2022-05-20,7.285714285714286
CITY OF PARAÑAQUE,13,2022-05-21,7.428571428571429
CITY OF PARAÑAQUE,3,2022-05-22,6.571428571428571
CITY OF PARAÑAQUE,2,2022-05-23,6.0
CITY OF PARAÑAQUE,3,2022-05-24,5.571428571428571
CITY OF PARAÑAQUE,10,2022-05-25,6.714285714285714
CITY OF PARAÑAQUE,8,2022-05-26,6.714285714285714
CITY OF PARAÑAQUE,7,2022-05-27,6.571428571428571
CITY OF PARAÑAQUE,9,2022-05-28,6.0
CITY OF PARAÑAQUE,4,2022-05-29,6.142857142857143
CITY OF PARAÑAQUE,4,2022-05-30,6.428571428571429
CITY OF PARAÑAQUE,4,2022-05-31,6.571428571428571
CITY OF PARAÑAQUE,2,2022-06-01,5.428571428571429
CITY OF PARAÑAQUE,10,2022-06-02,5.714285714285714
CITY OF PARAÑAQUE,8,2022-06-03,5.857142857142857
CITY OF PARAÑAQUE,10,2022-06-04,6.0
CITY OF PARAÑAQUE,13,2022-06-05,7.285714285714286
CITY OF PARAÑAQUE,4,2022-06-06,7.285714285714286
CITY OF PARAÑAQUE,8,2022-06-07,7.857142857142857
CITY OF PARAÑAQUE,6,2022-06-08,8.428571428571429
CITY OF PARAÑAQUE,14,2022-06-09,9.0
CITY OF PARAÑAQUE,6,2022-06-10,8.714285714285714
CITY OF PARAÑAQUE,13,2022-06-11,9.142857142857142
CITY OF PARAÑAQUE,19,2022-06-12,10.0
CITY OF PARAÑAQUE,17,2022-06-13,11.857142857142858
CITY OF PARAÑAQUE,8,2022-06-14,11.857142857142858
CITY OF PARAÑAQUE,8,2022-06-15,12.142857142857142
CITY OF PARAÑAQUE,20,2022-06-16,13.0
CITY OF PARAÑAQUE,21,2022-06-17,15.142857142857142
CITY OF PARAÑAQUE,22,2022-06-18,16.428571428571427
