city,count,date,7DayMA
CITY OF MANDALUYONG,2,2020-03-11,
CITY OF MANDALUYONG,1,2020-03-12,
CITY OF MANDALUYONG,0,2020-03-13,
CITY OF MANDALUYONG,3,2020-03-14,
CITY OF MANDALUYONG,2,2020-03-15,
CITY OF MANDALUYONG,0,2020-03-16,
CITY OF MANDALUYONG,2,2020-03-17,1.4285714285714286
CITY OF MANDALUYONG,0,2020-03-18,1.1428571428571428
CITY OF MANDALUYONG,0,2020-03-19,1.0
CITY OF MANDALUYONG,2,2020-03-20,1.2857142857142858
CITY OF MANDALUYONG,9,2020-03-21,2.142857142857143
CITY OF MANDALUYONG,1,2020-03-22,2.0
CITY OF MANDALUYONG,4,2020-03-23,2.5714285714285716
CITY OF MANDALUYONG,3,2020-03-24,2.7142857142857144
CITY OF MANDALUYONG,1,2020-03-25,2.857142857142857
CITY OF MANDALUYONG,1,2020-03-26,3.0
CITY OF MANDALUYONG,4,2020-03-27,3.2857142857142856
CITY OF MANDALUYONG,14,2020-03-28,4.0
CITY OF MANDALUYONG,15,2020-03-29,6.0
CITY OF MANDALUYONG,4,2020-03-30,6.0
CITY OF MANDALUYONG,28,2020-03-31,9.571428571428571
CITY OF MANDALUYONG,10,2020-04-01,10.857142857142858
CITY OF MANDALUYONG,22,2020-04-02,13.857142857142858
CITY OF MANDALUYONG,23,2020-04-03,16.571428571428573
CITY OF MANDALUYONG,4,2020-04-04,15.142857142857142
CITY OF MANDALUYONG,14,2020-04-05,15.0
CITY OF MANDALUYONG,29,2020-04-06,18.571428571428573
CITY OF MANDALUYONG,4,2020-04-07,15.142857142857142
CITY OF MANDALUYONG,5,2020-04-08,14.428571428571429
CITY OF MANDALUYONG,8,2020-04-09,12.428571428571429
CITY OF MANDALUYONG,11,2020-04-10,10.714285714285714
CITY OF MANDALUYONG,10,2020-04-11,11.571428571428571
CITY OF MANDALUYONG,10,2020-04-12,11.0
CITY OF MANDALUYONG,13,2020-04-13,8.714285714285714
CITY OF MANDALUYONG,20,2020-04-14,11.0
CITY OF MANDALUYONG,22,2020-04-15,13.428571428571429
CITY OF MANDALUYONG,7,2020-04-16,13.285714285714286
CITY OF MANDALUYONG,13,2020-04-17,13.571428571428571
CITY OF MANDALUYONG,10,2020-04-18,13.571428571428571
CITY OF MANDALUYONG,14,2020-04-19,14.142857142857142
CITY OF MANDALUYONG,28,2020-04-20,16.285714285714285
CITY OF MANDALUYONG,2,2020-04-21,13.714285714285714
CITY OF MANDALUYONG,7,2020-04-22,11.571428571428571
CITY OF MANDALUYONG,31,2020-04-23,15.0
CITY OF MANDALUYONG,5,2020-04-24,13.857142857142858
CITY OF MANDALUYONG,2,2020-04-25,12.714285714285714
CITY OF MANDALUYONG,16,2020-04-26,13.0
CITY OF MANDALUYONG,31,2020-04-27,13.428571428571429
CITY OF MANDALUYONG,4,2020-04-28,13.714285714285714
CITY OF MANDALUYONG,11,2020-04-29,14.285714285714286
CITY OF MANDALUYONG,6,2020-04-30,10.714285714285714
CITY OF MANDALUYONG,4,2020-05-01,10.571428571428571
CITY OF MANDALUYONG,2,2020-05-02,10.571428571428571
CITY OF MANDALUYONG,3,2020-05-03,8.714285714285714
CITY OF MANDALUYONG,0,2020-05-04,4.285714285714286
CITY OF MANDALUYONG,10,2020-05-05,5.142857142857143
CITY OF MANDALUYONG,2,2020-05-06,3.857142857142857
CITY OF MANDALUYONG,1,2020-05-07,3.142857142857143
CITY OF MANDALUYONG,1,2020-05-08,2.7142857142857144
CITY OF MANDALUYONG,0,2020-05-09,2.4285714285714284
CITY OF MANDALUYONG,2,2020-05-10,2.2857142857142856
CITY OF MANDALUYONG,7,2020-05-11,3.2857142857142856
CITY OF MANDALUYONG,20,2020-05-12,4.714285714285714
CITY OF MANDALUYONG,4,2020-05-13,5.0
CITY OF MANDALUYONG,21,2020-05-14,7.857142857142857
CITY OF MANDALUYONG,4,2020-05-15,8.285714285714286
CITY OF MANDALUYONG,9,2020-05-16,9.571428571428571
CITY OF MANDALUYONG,2,2020-05-17,9.571428571428571
CITY OF MANDALUYONG,10,2020-05-18,10.0
CITY OF MANDALUYONG,0,2020-05-19,7.142857142857143
CITY OF MANDALUYONG,1,2020-05-20,6.714285714285714
CITY OF MANDALUYONG,1,2020-05-21,3.857142857142857
CITY OF MANDALUYONG,0,2020-05-22,3.2857142857142856
CITY OF MANDALUYONG,5,2020-05-23,2.7142857142857144
CITY OF MANDALUYONG,8,2020-05-24,3.5714285714285716
CITY OF MANDALUYONG,4,2020-05-25,2.7142857142857144
CITY OF MANDALUYONG,14,2020-05-26,4.714285714285714
CITY OF MANDALUYONG,14,2020-05-27,6.571428571428571
CITY OF MANDALUYONG,10,2020-05-28,7.857142857142857
CITY OF MANDALUYONG,54,2020-05-29,15.571428571428571
CITY OF MANDALUYONG,21,2020-05-30,17.857142857142858
CITY OF MANDALUYONG,16,2020-05-31,19.0
CITY OF MANDALUYONG,3,2020-06-01,18.857142857142858
CITY OF MANDALUYONG,6,2020-06-02,17.714285714285715
CITY OF MANDALUYONG,9,2020-06-03,17.0
CITY OF MANDALUYONG,10,2020-06-04,17.0
CITY OF MANDALUYONG,0,2020-06-05,9.285714285714286
CITY OF MANDALUYONG,6,2020-06-06,7.142857142857143
CITY OF MANDALUYONG,3,2020-06-07,5.285714285714286
CITY OF MANDALUYONG,10,2020-06-08,6.285714285714286
CITY OF MANDALUYONG,14,2020-06-09,7.428571428571429
CITY OF MANDALUYONG,3,2020-06-10,6.571428571428571
CITY OF MANDALUYONG,8,2020-06-11,6.285714285714286
CITY OF MANDALUYONG,0,2020-06-12,6.285714285714286
CITY OF MANDALUYONG,10,2020-06-13,6.857142857142857
CITY OF MANDALUYONG,8,2020-06-14,7.571428571428571
CITY OF MANDALUYONG,9,2020-06-15,7.428571428571429
CITY OF MANDALUYONG,10,2020-06-16,6.857142857142857
CITY OF MANDALUYONG,1,2020-06-17,6.571428571428571
CITY OF MANDALUYONG,7,2020-06-18,6.428571428571429
CITY OF MANDALUYONG,5,2020-06-19,7.142857142857143
CITY OF MANDALUYONG,7,2020-06-20,6.714285714285714
CITY OF MANDALUYONG,2,2020-06-21,5.857142857142857
CITY OF MANDALUYONG,16,2020-06-22,6.857142857142857
CITY OF MANDALUYONG,8,2020-06-23,6.571428571428571
CITY OF MANDALUYONG,1,2020-06-24,6.571428571428571
CITY OF MANDALUYONG,13,2020-06-25,7.428571428571429
CITY OF MANDALUYONG,17,2020-06-26,9.142857142857142
CITY OF MANDALUYONG,4,2020-06-27,8.714285714285714
CITY OF MANDALUYONG,19,2020-06-28,11.142857142857142
CITY OF MANDALUYONG,13,2020-06-29,10.714285714285714
CITY OF MANDALUYONG,4,2020-06-30,10.142857142857142
CITY OF MANDALUYONG,3,2020-07-01,10.428571428571429
CITY OF MANDALUYONG,1,2020-07-02,8.714285714285714
CITY OF MANDALUYONG,18,2020-07-03,8.857142857142858
CITY OF MANDALUYONG,21,2020-07-04,11.285714285714286
CITY OF MANDALUYONG,22,2020-07-05,11.714285714285714
CITY OF MANDALUYONG,29,2020-07-06,14.0
CITY OF MANDALUYONG,12,2020-07-07,15.142857142857142
CITY OF MANDALUYONG,20,2020-07-08,17.571428571428573
CITY OF MANDALUYONG,10,2020-07-09,18.857142857142858
CITY OF MANDALUYONG,24,2020-07-10,19.714285714285715
CITY OF MANDALUYONG,17,2020-07-11,19.142857142857142
CITY OF MANDALUYONG,19,2020-07-12,18.714285714285715
CITY OF MANDALUYONG,11,2020-07-13,16.142857142857142
CITY OF MANDALUYONG,10,2020-07-14,15.857142857142858
CITY OF MANDALUYONG,21,2020-07-15,16.0
CITY OF MANDALUYONG,111,2020-07-16,30.428571428571427
CITY OF MANDALUYONG,66,2020-07-17,36.42857142857143
CITY OF MANDALUYONG,86,2020-07-18,46.285714285714285
CITY OF MANDALUYONG,62,2020-07-19,52.42857142857143
CITY OF MANDALUYONG,32,2020-07-20,55.42857142857143
CITY OF MANDALUYONG,57,2020-07-21,62.142857142857146
CITY OF MANDALUYONG,39,2020-07-22,64.71428571428571
CITY OF MANDALUYONG,111,2020-07-23,64.71428571428571
CITY OF MANDALUYONG,37,2020-07-24,60.57142857142857
CITY OF MANDALUYONG,38,2020-07-25,53.714285714285715
CITY OF MANDALUYONG,55,2020-07-26,52.714285714285715
CITY OF MANDALUYONG,26,2020-07-27,51.857142857142854
CITY OF MANDALUYONG,44,2020-07-28,50.0
CITY OF MANDALUYONG,40,2020-07-29,50.142857142857146
CITY OF MANDALUYONG,66,2020-07-30,43.714285714285715
CITY OF MANDALUYONG,92,2020-07-31,51.57142857142857
CITY OF MANDALUYONG,116,2020-08-01,62.714285714285715
CITY OF MANDALUYONG,95,2020-08-02,68.42857142857143
CITY OF MANDALUYONG,59,2020-08-03,73.14285714285714
CITY OF MANDALUYONG,176,2020-08-04,92.0
CITY OF MANDALUYONG,51,2020-08-05,93.57142857142857
CITY OF MANDALUYONG,37,2020-08-06,89.42857142857143
CITY OF MANDALUYONG,61,2020-08-07,85.0
CITY OF MANDALUYONG,129,2020-08-08,86.85714285714286
CITY OF MANDALUYONG,53,2020-08-09,80.85714285714286
CITY OF MANDALUYONG,144,2020-08-10,93.0
CITY OF MANDALUYONG,45,2020-08-11,74.28571428571429
CITY OF MANDALUYONG,85,2020-08-12,79.14285714285714
CITY OF MANDALUYONG,127,2020-08-13,92.0
CITY OF MANDALUYONG,108,2020-08-14,98.71428571428571
CITY OF MANDALUYONG,125,2020-08-15,98.14285714285714
CITY OF MANDALUYONG,35,2020-08-16,95.57142857142857
CITY OF MANDALUYONG,46,2020-08-17,81.57142857142857
CITY OF MANDALUYONG,108,2020-08-18,90.57142857142857
CITY OF MANDALUYONG,126,2020-08-19,96.42857142857143
CITY OF MANDALUYONG,49,2020-08-20,85.28571428571429
CITY OF MANDALUYONG,65,2020-08-21,79.14285714285714
CITY OF MANDALUYONG,103,2020-08-22,76.0
CITY OF MANDALUYONG,30,2020-08-23,75.28571428571429
CITY OF MANDALUYONG,110,2020-08-24,84.42857142857143
CITY OF MANDALUYONG,63,2020-08-25,78.0
CITY OF MANDALUYONG,58,2020-08-26,68.28571428571429
CITY OF MANDALUYONG,21,2020-08-27,64.28571428571429
CITY OF MANDALUYONG,55,2020-08-28,62.857142857142854
CITY OF MANDALUYONG,81,2020-08-29,59.714285714285715
CITY OF MANDALUYONG,123,2020-08-30,73.0
CITY OF MANDALUYONG,73,2020-08-31,67.71428571428571
CITY OF MANDALUYONG,83,2020-09-01,70.57142857142857
CITY OF MANDALUYONG,43,2020-09-02,68.42857142857143
CITY OF MANDALUYONG,6,2020-09-03,66.28571428571429
CITY OF MANDALUYONG,45,2020-09-04,64.85714285714286
CITY OF MANDALUYONG,33,2020-09-05,58.0
CITY OF MANDALUYONG,45,2020-09-06,46.857142857142854
CITY OF MANDALUYONG,26,2020-09-07,40.142857142857146
CITY OF MANDALUYONG,63,2020-09-08,37.285714285714285
CITY OF MANDALUYONG,65,2020-09-09,40.42857142857143
CITY OF MANDALUYONG,67,2020-09-10,49.142857142857146
CITY OF MANDALUYONG,122,2020-09-11,60.142857142857146
CITY OF MANDALUYONG,113,2020-09-12,71.57142857142857
CITY OF MANDALUYONG,68,2020-09-13,74.85714285714286
CITY OF MANDALUYONG,146,2020-09-14,92.0
CITY OF MANDALUYONG,128,2020-09-15,101.28571428571429
CITY OF MANDALUYONG,37,2020-09-16,97.28571428571429
CITY OF MANDALUYONG,22,2020-09-17,90.85714285714286
CITY OF MANDALUYONG,46,2020-09-18,80.0
CITY OF MANDALUYONG,64,2020-09-19,73.0
CITY OF MANDALUYONG,57,2020-09-20,71.42857142857143
CITY OF MANDALUYONG,39,2020-09-21,56.142857142857146
CITY OF MANDALUYONG,16,2020-09-22,40.142857142857146
CITY OF MANDALUYONG,33,2020-09-23,39.57142857142857
CITY OF MANDALUYONG,37,2020-09-24,41.714285714285715
CITY OF MANDALUYONG,71,2020-09-25,45.285714285714285
CITY OF MANDALUYONG,60,2020-09-26,44.714285714285715
CITY OF MANDALUYONG,55,2020-09-27,44.42857142857143
CITY OF MANDALUYONG,33,2020-09-28,43.57142857142857
CITY OF MANDALUYONG,18,2020-09-29,43.857142857142854
CITY OF MANDALUYONG,35,2020-09-30,44.142857142857146
CITY OF MANDALUYONG,23,2020-10-01,42.142857142857146
CITY OF MANDALUYONG,58,2020-10-02,40.285714285714285
CITY OF MANDALUYONG,45,2020-10-03,38.142857142857146
CITY OF MANDALUYONG,70,2020-10-04,40.285714285714285
CITY OF MANDALUYONG,17,2020-10-05,38.0
CITY OF MANDALUYONG,22,2020-10-06,38.57142857142857
CITY OF MANDALUYONG,50,2020-10-07,40.714285714285715
CITY OF MANDALUYONG,44,2020-10-08,43.714285714285715
CITY OF MANDALUYONG,42,2020-10-09,41.42857142857143
CITY OF MANDALUYONG,22,2020-10-10,38.142857142857146
CITY OF MANDALUYONG,20,2020-10-11,31.0
CITY OF MANDALUYONG,67,2020-10-12,38.142857142857146
CITY OF MANDALUYONG,36,2020-10-13,40.142857142857146
CITY OF MANDALUYONG,23,2020-10-14,36.285714285714285
CITY OF MANDALUYONG,32,2020-10-15,34.57142857142857
CITY OF MANDALUYONG,42,2020-10-16,34.57142857142857
CITY OF MANDALUYONG,17,2020-10-17,33.857142857142854
CITY OF MANDALUYONG,30,2020-10-18,35.285714285714285
CITY OF MANDALUYONG,16,2020-10-19,28.0
CITY OF MANDALUYONG,13,2020-10-20,24.714285714285715
CITY OF MANDALUYONG,18,2020-10-21,24.0
CITY OF MANDALUYONG,18,2020-10-22,22.0
CITY OF MANDALUYONG,13,2020-10-23,17.857142857142858
CITY OF MANDALUYONG,22,2020-10-24,18.571428571428573
CITY OF MANDALUYONG,19,2020-10-25,17.0
CITY OF MANDALUYONG,6,2020-10-26,15.571428571428571
CITY OF MANDALUYONG,12,2020-10-27,15.428571428571429
CITY OF MANDALUYONG,10,2020-10-28,14.285714285714286
CITY OF MANDALUYONG,12,2020-10-29,13.428571428571429
CITY OF MANDALUYONG,16,2020-10-30,13.857142857142858
CITY OF MANDALUYONG,33,2020-10-31,15.428571428571429
CITY OF MANDALUYONG,29,2020-11-01,16.857142857142858
CITY OF MANDALUYONG,17,2020-11-02,18.428571428571427
CITY OF MANDALUYONG,9,2020-11-03,18.0
CITY OF MANDALUYONG,14,2020-11-04,18.571428571428573
CITY OF MANDALUYONG,21,2020-11-05,19.857142857142858
CITY OF MANDALUYONG,16,2020-11-06,19.857142857142858
CITY OF MANDALUYONG,18,2020-11-07,17.714285714285715
CITY OF MANDALUYONG,21,2020-11-08,16.571428571428573
CITY OF MANDALUYONG,5,2020-11-09,14.857142857142858
CITY OF MANDALUYONG,13,2020-11-10,15.428571428571429
CITY OF MANDALUYONG,15,2020-11-11,15.571428571428571
CITY OF MANDALUYONG,12,2020-11-12,14.285714285714286
CITY OF MANDALUYONG,13,2020-11-13,13.857142857142858
CITY OF MANDALUYONG,11,2020-11-14,12.857142857142858
CITY OF MANDALUYONG,13,2020-11-15,11.714285714285714
CITY OF MANDALUYONG,12,2020-11-16,12.714285714285714
CITY OF MANDALUYONG,8,2020-11-17,12.0
CITY OF MANDALUYONG,18,2020-11-18,12.428571428571429
CITY OF MANDALUYONG,6,2020-11-19,11.571428571428571
CITY OF MANDALUYONG,8,2020-11-20,10.857142857142858
CITY OF MANDALUYONG,19,2020-11-21,12.0
CITY OF MANDALUYONG,25,2020-11-22,13.714285714285714
CITY OF MANDALUYONG,13,2020-11-23,13.857142857142858
CITY OF MANDALUYONG,6,2020-11-24,13.571428571428571
CITY OF MANDALUYONG,8,2020-11-25,12.142857142857142
CITY OF MANDALUYONG,6,2020-11-26,12.142857142857142
CITY OF MANDALUYONG,16,2020-11-27,13.285714285714286
CITY OF MANDALUYONG,30,2020-11-28,14.857142857142858
CITY OF MANDALUYONG,20,2020-11-29,14.142857142857142
CITY OF MANDALUYONG,25,2020-11-30,15.857142857142858
CITY OF MANDALUYONG,16,2020-12-01,17.285714285714285
CITY OF MANDALUYONG,27,2020-12-02,20.0
CITY OF MANDALUYONG,13,2020-12-03,21.0
CITY OF MANDALUYONG,5,2020-12-04,19.428571428571427
CITY OF MANDALUYONG,34,2020-12-05,20.0
CITY OF MANDALUYONG,18,2020-12-06,19.714285714285715
CITY OF MANDALUYONG,17,2020-12-07,18.571428571428573
CITY OF MANDALUYONG,18,2020-12-08,18.857142857142858
CITY OF MANDALUYONG,23,2020-12-09,18.285714285714285
CITY OF MANDALUYONG,9,2020-12-10,17.714285714285715
CITY OF MANDALUYONG,25,2020-12-11,20.571428571428573
CITY OF MANDALUYONG,36,2020-12-12,20.857142857142858
CITY OF MANDALUYONG,9,2020-12-13,19.571428571428573
CITY OF MANDALUYONG,17,2020-12-14,19.571428571428573
CITY OF MANDALUYONG,9,2020-12-15,18.285714285714285
CITY OF MANDALUYONG,7,2020-12-16,16.0
CITY OF MANDALUYONG,18,2020-12-17,17.285714285714285
CITY OF MANDALUYONG,39,2020-12-18,19.285714285714285
CITY OF MANDALUYONG,29,2020-12-19,18.285714285714285
CITY OF MANDALUYONG,10,2020-12-20,18.428571428571427
CITY OF MANDALUYONG,24,2020-12-21,19.428571428571427
CITY OF MANDALUYONG,25,2020-12-22,21.714285714285715
CITY OF MANDALUYONG,12,2020-12-23,22.428571428571427
CITY OF MANDALUYONG,34,2020-12-24,24.714285714285715
CITY OF MANDALUYONG,24,2020-12-25,22.571428571428573
CITY OF MANDALUYONG,14,2020-12-26,20.428571428571427
CITY OF MANDALUYONG,14,2020-12-27,21.0
CITY OF MANDALUYONG,10,2020-12-28,19.0
CITY OF MANDALUYONG,11,2020-12-29,17.0
CITY OF MANDALUYONG,15,2020-12-30,17.428571428571427
CITY OF MANDALUYONG,28,2020-12-31,16.571428571428573
CITY OF MANDALUYONG,8,2021-01-01,14.285714285714286
CITY OF MANDALUYONG,6,2021-01-02,13.142857142857142
CITY OF MANDALUYONG,12,2021-01-03,12.857142857142858
CITY OF MANDALUYONG,3,2021-01-04,11.857142857142858
CITY OF MANDALUYONG,6,2021-01-05,11.142857142857142
CITY OF MANDALUYONG,10,2021-01-06,10.428571428571429
CITY OF MANDALUYONG,20,2021-01-07,9.285714285714286
CITY OF MANDALUYONG,26,2021-01-08,11.857142857142858
CITY OF MANDALUYONG,20,2021-01-09,13.857142857142858
CITY OF MANDALUYONG,23,2021-01-10,15.428571428571429
CITY OF MANDALUYONG,20,2021-01-11,17.857142857142858
CITY OF MANDALUYONG,15,2021-01-12,19.142857142857142
CITY OF MANDALUYONG,10,2021-01-13,19.142857142857142
CITY OF MANDALUYONG,20,2021-01-14,19.142857142857142
CITY OF MANDALUYONG,6,2021-01-15,16.285714285714285
CITY OF MANDALUYONG,12,2021-01-16,15.142857142857142
CITY OF MANDALUYONG,21,2021-01-17,14.857142857142858
CITY OF MANDALUYONG,14,2021-01-18,14.0
CITY OF MANDALUYONG,5,2021-01-19,12.571428571428571
CITY OF MANDALUYONG,6,2021-01-20,12.0
CITY OF MANDALUYONG,17,2021-01-21,11.571428571428571
CITY OF MANDALUYONG,25,2021-01-22,14.285714285714286
CITY OF MANDALUYONG,16,2021-01-23,14.857142857142858
CITY OF MANDALUYONG,24,2021-01-24,15.285714285714286
CITY OF MANDALUYONG,6,2021-01-25,14.142857142857142
CITY OF MANDALUYONG,7,2021-01-26,14.428571428571429
CITY OF MANDALUYONG,15,2021-01-27,15.714285714285714
CITY OF MANDALUYONG,5,2021-01-28,14.0
CITY OF MANDALUYONG,16,2021-01-29,12.714285714285714
CITY OF MANDALUYONG,19,2021-01-30,13.142857142857142
CITY OF MANDALUYONG,11,2021-01-31,11.285714285714286
CITY OF MANDALUYONG,13,2021-02-01,12.285714285714286
CITY OF MANDALUYONG,7,2021-02-02,12.285714285714286
CITY OF MANDALUYONG,19,2021-02-03,12.857142857142858
CITY OF MANDALUYONG,3,2021-02-04,12.571428571428571
CITY OF MANDALUYONG,10,2021-02-05,11.714285714285714
CITY OF MANDALUYONG,16,2021-02-06,11.285714285714286
CITY OF MANDALUYONG,12,2021-02-07,11.428571428571429
CITY OF MANDALUYONG,12,2021-02-08,11.285714285714286
CITY OF MANDALUYONG,9,2021-02-09,11.571428571428571
CITY OF MANDALUYONG,13,2021-02-10,10.714285714285714
CITY OF MANDALUYONG,11,2021-02-11,11.857142857142858
CITY OF MANDALUYONG,16,2021-02-12,12.714285714285714
CITY OF MANDALUYONG,18,2021-02-13,13.0
CITY OF MANDALUYONG,7,2021-02-14,12.285714285714286
CITY OF MANDALUYONG,12,2021-02-15,12.285714285714286
CITY OF MANDALUYONG,8,2021-02-16,12.142857142857142
CITY OF MANDALUYONG,8,2021-02-17,11.428571428571429
CITY OF MANDALUYONG,8,2021-02-18,11.0
CITY OF MANDALUYONG,24,2021-02-19,12.142857142857142
CITY OF MANDALUYONG,8,2021-02-20,10.714285714285714
CITY OF MANDALUYONG,18,2021-02-21,12.285714285714286
CITY OF MANDALUYONG,8,2021-02-22,11.714285714285714
CITY OF MANDALUYONG,9,2021-02-23,11.857142857142858
CITY OF MANDALUYONG,7,2021-02-24,11.714285714285714
CITY OF MANDALUYONG,26,2021-02-25,14.285714285714286
CITY OF MANDALUYONG,11,2021-02-26,12.428571428571429
CITY OF MANDALUYONG,28,2021-02-27,15.285714285714286
CITY OF MANDALUYONG,21,2021-02-28,15.714285714285714
CITY OF MANDALUYONG,17,2021-03-01,17.0
CITY OF MANDALUYONG,28,2021-03-02,19.714285714285715
CITY OF MANDALUYONG,26,2021-03-03,22.428571428571427
CITY OF MANDALUYONG,41,2021-03-04,24.571428571428573
CITY OF MANDALUYONG,51,2021-03-05,30.285714285714285
CITY OF MANDALUYONG,44,2021-03-06,32.57142857142857
CITY OF MANDALUYONG,33,2021-03-07,34.285714285714285
CITY OF MANDALUYONG,40,2021-03-08,37.57142857142857
CITY OF MANDALUYONG,49,2021-03-09,40.57142857142857
CITY OF MANDALUYONG,34,2021-03-10,41.714285714285715
CITY OF MANDALUYONG,86,2021-03-11,48.142857142857146
CITY OF MANDALUYONG,78,2021-03-12,52.0
CITY OF MANDALUYONG,104,2021-03-13,60.57142857142857
CITY OF MANDALUYONG,87,2021-03-14,68.28571428571429
CITY OF MANDALUYONG,99,2021-03-15,76.71428571428571
CITY OF MANDALUYONG,70,2021-03-16,79.71428571428571
CITY OF MANDALUYONG,98,2021-03-17,88.85714285714286
CITY OF MANDALUYONG,110,2021-03-18,92.28571428571429
CITY OF MANDALUYONG,144,2021-03-19,101.71428571428571
CITY OF MANDALUYONG,176,2021-03-20,112.0
CITY OF MANDALUYONG,157,2021-03-21,122.0
CITY OF MANDALUYONG,214,2021-03-22,138.42857142857142
CITY OF MANDALUYONG,124,2021-03-23,146.14285714285714
CITY OF MANDALUYONG,155,2021-03-24,154.28571428571428
CITY OF MANDALUYONG,221,2021-03-25,170.14285714285714
CITY OF MANDALUYONG,219,2021-03-26,180.85714285714286
CITY OF MANDALUYONG,254,2021-03-27,192.0
CITY OF MANDALUYONG,270,2021-03-28,208.14285714285714
CITY OF MANDALUYONG,392,2021-03-29,233.57142857142858
CITY OF MANDALUYONG,353,2021-03-30,266.2857142857143
CITY OF MANDALUYONG,217,2021-03-31,275.14285714285717
CITY OF MANDALUYONG,178,2021-04-01,269.0
CITY OF MANDALUYONG,407,2021-04-02,295.85714285714283
CITY OF MANDALUYONG,318,2021-04-03,305.0
CITY OF MANDALUYONG,275,2021-04-04,305.7142857142857
CITY OF MANDALUYONG,133,2021-04-05,268.7142857142857
CITY OF MANDALUYONG,191,2021-04-06,245.57142857142858
CITY OF MANDALUYONG,137,2021-04-07,234.14285714285714
CITY OF MANDALUYONG,227,2021-04-08,241.14285714285714
CITY OF MANDALUYONG,267,2021-04-09,221.14285714285714
CITY OF MANDALUYONG,239,2021-04-10,209.85714285714286
CITY OF MANDALUYONG,217,2021-04-11,201.57142857142858
CITY OF MANDALUYONG,346,2021-04-12,232.0
CITY OF MANDALUYONG,169,2021-04-13,228.85714285714286
CITY OF MANDALUYONG,209,2021-04-14,239.14285714285714
CITY OF MANDALUYONG,166,2021-04-15,230.42857142857142
CITY OF MANDALUYONG,225,2021-04-16,224.42857142857142
CITY OF MANDALUYONG,176,2021-04-17,215.42857142857142
CITY OF MANDALUYONG,203,2021-04-18,213.42857142857142
CITY OF MANDALUYONG,132,2021-04-19,182.85714285714286
CITY OF MANDALUYONG,105,2021-04-20,173.71428571428572
CITY OF MANDALUYONG,257,2021-04-21,180.57142857142858
CITY OF MANDALUYONG,196,2021-04-22,184.85714285714286
CITY OF MANDALUYONG,145,2021-04-23,173.42857142857142
CITY OF MANDALUYONG,160,2021-04-24,171.14285714285714
CITY OF MANDALUYONG,175,2021-04-25,167.14285714285714
CITY OF MANDALUYONG,104,2021-04-26,163.14285714285714
CITY OF MANDALUYONG,197,2021-04-27,176.28571428571428
CITY OF MANDALUYONG,218,2021-04-28,170.71428571428572
CITY OF MANDALUYONG,134,2021-04-29,161.85714285714286
CITY OF MANDALUYONG,208,2021-04-30,170.85714285714286
CITY OF MANDALUYONG,136,2021-05-01,167.42857142857142
CITY OF MANDALUYONG,76,2021-05-02,153.28571428571428
CITY OF MANDALUYONG,126,2021-05-03,156.42857142857142
CITY OF MANDALUYONG,63,2021-05-04,137.28571428571428
CITY OF MANDALUYONG,48,2021-05-05,113.0
CITY OF MANDALUYONG,101,2021-05-06,108.28571428571429
CITY OF MANDALUYONG,66,2021-05-07,88.0
CITY OF MANDALUYONG,113,2021-05-08,84.71428571428571
CITY OF MANDALUYONG,104,2021-05-09,88.71428571428571
CITY OF MANDALUYONG,71,2021-05-10,80.85714285714286
CITY OF MANDALUYONG,53,2021-05-11,79.42857142857143
CITY OF MANDALUYONG,47,2021-05-12,79.28571428571429
CITY OF MANDALUYONG,72,2021-05-13,75.14285714285714
CITY OF MANDALUYONG,78,2021-05-14,76.85714285714286
CITY OF MANDALUYONG,36,2021-05-15,65.85714285714286
CITY OF MANDALUYONG,36,2021-05-16,56.142857142857146
CITY OF MANDALUYONG,52,2021-05-17,53.42857142857143
CITY OF MANDALUYONG,23,2021-05-18,49.142857142857146
CITY OF MANDALUYONG,26,2021-05-19,46.142857142857146
CITY OF MANDALUYONG,32,2021-05-20,40.42857142857143
CITY OF MANDALUYONG,60,2021-05-21,37.857142857142854
CITY OF MANDALUYONG,52,2021-05-22,40.142857142857146
CITY OF MANDALUYONG,15,2021-05-23,37.142857142857146
CITY OF MANDALUYONG,57,2021-05-24,37.857142857142854
CITY OF MANDALUYONG,8,2021-05-25,35.714285714285715
CITY OF MANDALUYONG,12,2021-05-26,33.714285714285715
CITY OF MANDALUYONG,74,2021-05-27,39.714285714285715
CITY OF MANDALUYONG,39,2021-05-28,36.714285714285715
CITY OF MANDALUYONG,41,2021-05-29,35.142857142857146
CITY OF MANDALUYONG,42,2021-05-30,39.0
CITY OF MANDALUYONG,20,2021-05-31,33.714285714285715
CITY OF MANDALUYONG,19,2021-06-01,35.285714285714285
CITY OF MANDALUYONG,43,2021-06-02,39.714285714285715
CITY OF MANDALUYONG,31,2021-06-03,33.57142857142857
CITY OF MANDALUYONG,25,2021-06-04,31.571428571428573
CITY OF MANDALUYONG,34,2021-06-05,30.571428571428573
CITY OF MANDALUYONG,19,2021-06-06,27.285714285714285
CITY OF MANDALUYONG,22,2021-06-07,27.571428571428573
CITY OF MANDALUYONG,15,2021-06-08,27.0
CITY OF MANDALUYONG,43,2021-06-09,27.0
CITY OF MANDALUYONG,37,2021-06-10,27.857142857142858
CITY OF MANDALUYONG,16,2021-06-11,26.571428571428573
CITY OF MANDALUYONG,26,2021-06-12,25.428571428571427
CITY OF MANDALUYONG,24,2021-06-13,26.142857142857142
CITY OF MANDALUYONG,18,2021-06-14,25.571428571428573
CITY OF MANDALUYONG,16,2021-06-15,25.714285714285715
CITY OF MANDALUYONG,17,2021-06-16,22.0
CITY OF MANDALUYONG,22,2021-06-17,19.857142857142858
CITY OF MANDALUYONG,21,2021-06-18,20.571428571428573
CITY OF MANDALUYONG,17,2021-06-19,19.285714285714285
CITY OF MANDALUYONG,11,2021-06-20,17.428571428571427
CITY OF MANDALUYONG,27,2021-06-21,18.714285714285715
CITY OF MANDALUYONG,10,2021-06-22,17.857142857142858
CITY OF MANDALUYONG,14,2021-06-23,17.428571428571427
CITY OF MANDALUYONG,23,2021-06-24,17.571428571428573
CITY OF MANDALUYONG,12,2021-06-25,16.285714285714285
CITY OF MANDALUYONG,28,2021-06-26,17.857142857142858
CITY OF MANDALUYONG,34,2021-06-27,21.142857142857142
CITY OF MANDALUYONG,22,2021-06-28,20.428571428571427
CITY OF MANDALUYONG,12,2021-06-29,20.714285714285715
CITY OF MANDALUYONG,15,2021-06-30,20.857142857142858
CITY OF MANDALUYONG,21,2021-07-01,20.571428571428573
CITY OF MANDALUYONG,27,2021-07-02,22.714285714285715
CITY OF MANDALUYONG,30,2021-07-03,23.0
CITY OF MANDALUYONG,32,2021-07-04,22.714285714285715
CITY OF MANDALUYONG,26,2021-07-05,23.285714285714285
CITY OF MANDALUYONG,8,2021-07-06,22.714285714285715
CITY OF MANDALUYONG,26,2021-07-07,24.285714285714285
CITY OF MANDALUYONG,28,2021-07-08,25.285714285714285
CITY OF MANDALUYONG,38,2021-07-09,26.857142857142858
CITY OF MANDALUYONG,24,2021-07-10,26.0
CITY OF MANDALUYONG,17,2021-07-11,23.857142857142858
CITY OF MANDALUYONG,29,2021-07-12,24.285714285714285
CITY OF MANDALUYONG,19,2021-07-13,25.857142857142858
CITY OF MANDALUYONG,18,2021-07-14,24.714285714285715
CITY OF MANDALUYONG,26,2021-07-15,24.428571428571427
CITY OF MANDALUYONG,24,2021-07-16,22.428571428571427
CITY OF MANDALUYONG,35,2021-07-17,24.0
CITY OF MANDALUYONG,24,2021-07-18,25.0
CITY OF MANDALUYONG,19,2021-07-19,23.571428571428573
CITY OF MANDALUYONG,16,2021-07-20,23.142857142857142
CITY OF MANDALUYONG,33,2021-07-21,25.285714285714285
CITY OF MANDALUYONG,28,2021-07-22,25.571428571428573
CITY OF MANDALUYONG,39,2021-07-23,27.714285714285715
CITY OF MANDALUYONG,37,2021-07-24,28.0
CITY OF MANDALUYONG,40,2021-07-25,30.285714285714285
CITY OF MANDALUYONG,17,2021-07-26,30.0
CITY OF MANDALUYONG,16,2021-07-27,30.0
CITY OF MANDALUYONG,25,2021-07-28,28.857142857142858
CITY OF MANDALUYONG,39,2021-07-29,30.428571428571427
CITY OF MANDALUYONG,34,2021-07-30,29.714285714285715
CITY OF MANDALUYONG,50,2021-07-31,31.571428571428573
CITY OF MANDALUYONG,65,2021-08-01,35.142857142857146
CITY OF MANDALUYONG,66,2021-08-02,42.142857142857146
CITY OF MANDALUYONG,64,2021-08-03,49.0
CITY OF MANDALUYONG,36,2021-08-04,50.57142857142857
CITY OF MANDALUYONG,77,2021-08-05,56.0
CITY OF MANDALUYONG,108,2021-08-06,66.57142857142857
CITY OF MANDALUYONG,66,2021-08-07,68.85714285714286
CITY OF MANDALUYONG,63,2021-08-08,68.57142857142857
CITY OF MANDALUYONG,105,2021-08-09,74.14285714285714
CITY OF MANDALUYONG,65,2021-08-10,74.28571428571429
CITY OF MANDALUYONG,120,2021-08-11,86.28571428571429
CITY OF MANDALUYONG,116,2021-08-12,91.85714285714286
CITY OF MANDALUYONG,61,2021-08-13,85.14285714285714
CITY OF MANDALUYONG,105,2021-08-14,90.71428571428571
CITY OF MANDALUYONG,184,2021-08-15,108.0
CITY OF MANDALUYONG,121,2021-08-16,110.28571428571429
CITY OF MANDALUYONG,81,2021-08-17,112.57142857142857
CITY OF MANDALUYONG,102,2021-08-18,110.0
CITY OF MANDALUYONG,151,2021-08-19,115.0
CITY OF MANDALUYONG,151,2021-08-20,127.85714285714286
CITY OF MANDALUYONG,116,2021-08-21,129.42857142857142
CITY OF MANDALUYONG,183,2021-08-22,129.28571428571428
CITY OF MANDALUYONG,112,2021-08-23,128.0
CITY OF MANDALUYONG,87,2021-08-24,128.85714285714286
CITY OF MANDALUYONG,71,2021-08-25,124.42857142857143
CITY OF MANDALUYONG,162,2021-08-26,126.0
CITY OF MANDALUYONG,135,2021-08-27,123.71428571428571
CITY OF MANDALUYONG,112,2021-08-28,123.14285714285714
CITY OF MANDALUYONG,103,2021-08-29,111.71428571428571
CITY OF MANDALUYONG,232,2021-08-30,128.85714285714286
CITY OF MANDALUYONG,109,2021-08-31,132.0
CITY OF MANDALUYONG,130,2021-09-01,140.42857142857142
CITY OF MANDALUYONG,218,2021-09-02,148.42857142857142
CITY OF MANDALUYONG,199,2021-09-03,157.57142857142858
CITY OF MANDALUYONG,239,2021-09-04,175.71428571428572
CITY OF MANDALUYONG,162,2021-09-05,184.14285714285714
CITY OF MANDALUYONG,225,2021-09-06,183.14285714285714
CITY OF MANDALUYONG,156,2021-09-07,189.85714285714286
CITY OF MANDALUYONG,101,2021-09-08,185.71428571428572
CITY OF MANDALUYONG,289,2021-09-09,195.85714285714286
CITY OF MANDALUYONG,183,2021-09-10,193.57142857142858
CITY OF MANDALUYONG,302,2021-09-11,202.57142857142858
CITY OF MANDALUYONG,229,2021-09-12,212.14285714285714
CITY OF MANDALUYONG,220,2021-09-13,211.42857142857142
CITY OF MANDALUYONG,194,2021-09-14,216.85714285714286
CITY OF MANDALUYONG,105,2021-09-15,217.42857142857142
CITY OF MANDALUYONG,264,2021-09-16,213.85714285714286
CITY OF MANDALUYONG,167,2021-09-17,211.57142857142858
CITY OF MANDALUYONG,213,2021-09-18,198.85714285714286
CITY OF MANDALUYONG,172,2021-09-19,190.71428571428572
CITY OF MANDALUYONG,173,2021-09-20,184.0
CITY OF MANDALUYONG,104,2021-09-21,171.14285714285714
CITY OF MANDALUYONG,147,2021-09-22,177.14285714285714
CITY OF MANDALUYONG,172,2021-09-23,164.0
CITY OF MANDALUYONG,163,2021-09-24,163.42857142857142
CITY OF MANDALUYONG,53,2021-09-25,140.57142857142858
CITY OF MANDALUYONG,236,2021-09-26,149.71428571428572
CITY OF MANDALUYONG,103,2021-09-27,139.71428571428572
CITY OF MANDALUYONG,98,2021-09-28,138.85714285714286
CITY OF MANDALUYONG,128,2021-09-29,136.14285714285714
CITY OF MANDALUYONG,106,2021-09-30,126.71428571428571
CITY OF MANDALUYONG,200,2021-10-01,132.0
CITY OF MANDALUYONG,97,2021-10-02,138.28571428571428
CITY OF MANDALUYONG,100,2021-10-03,118.85714285714286
CITY OF MANDALUYONG,121,2021-10-04,121.42857142857143
CITY OF MANDALUYONG,48,2021-10-05,114.28571428571429
CITY OF MANDALUYONG,72,2021-10-06,106.28571428571429
CITY OF MANDALUYONG,64,2021-10-07,100.28571428571429
CITY OF MANDALUYONG,72,2021-10-08,82.0
CITY OF MANDALUYONG,92,2021-10-09,81.28571428571429
CITY OF MANDALUYONG,134,2021-10-10,86.14285714285714
CITY OF MANDALUYONG,69,2021-10-11,78.71428571428571
CITY OF MANDALUYONG,97,2021-10-12,85.71428571428571
CITY OF MANDALUYONG,33,2021-10-13,80.14285714285714
CITY OF MANDALUYONG,96,2021-10-14,84.71428571428571
CITY OF MANDALUYONG,42,2021-10-15,80.42857142857143
CITY OF MANDALUYONG,76,2021-10-16,78.14285714285714
CITY OF MANDALUYONG,45,2021-10-17,65.42857142857143
CITY OF MANDALUYONG,30,2021-10-18,59.857142857142854
CITY OF MANDALUYONG,45,2021-10-19,52.42857142857143
CITY OF MANDALUYONG,22,2021-10-20,50.857142857142854
CITY OF MANDALUYONG,64,2021-10-21,46.285714285714285
CITY OF MANDALUYONG,45,2021-10-22,46.714285714285715
CITY OF MANDALUYONG,44,2021-10-23,42.142857142857146
CITY OF MANDALUYONG,38,2021-10-24,41.142857142857146
CITY OF MANDALUYONG,46,2021-10-25,43.42857142857143
CITY OF MANDALUYONG,35,2021-10-26,42.0
CITY OF MANDALUYONG,41,2021-10-27,44.714285714285715
CITY OF MANDALUYONG,47,2021-10-28,42.285714285714285
CITY OF MANDALUYONG,42,2021-10-29,41.857142857142854
CITY OF MANDALUYONG,23,2021-10-30,38.857142857142854
CITY OF MANDALUYONG,30,2021-10-31,37.714285714285715
CITY OF MANDALUYONG,18,2021-11-01,33.714285714285715
CITY OF MANDALUYONG,21,2021-11-02,31.714285714285715
CITY OF MANDALUYONG,18,2021-11-03,28.428571428571427
CITY OF MANDALUYONG,10,2021-11-04,23.142857142857142
CITY OF MANDALUYONG,16,2021-11-05,19.428571428571427
CITY OF MANDALUYONG,21,2021-11-06,19.142857142857142
CITY OF MANDALUYONG,21,2021-11-07,17.857142857142858
CITY OF MANDALUYONG,9,2021-11-08,16.571428571428573
CITY OF MANDALUYONG,11,2021-11-09,15.142857142857142
CITY OF MANDALUYONG,22,2021-11-10,15.714285714285714
CITY OF MANDALUYONG,19,2021-11-11,17.0
CITY OF MANDALUYONG,14,2021-11-12,16.714285714285715
CITY OF MANDALUYONG,24,2021-11-13,17.142857142857142
CITY OF MANDALUYONG,16,2021-11-14,16.428571428571427
CITY OF MANDALUYONG,7,2021-11-15,16.142857142857142
CITY OF MANDALUYONG,8,2021-11-16,15.714285714285714
CITY OF MANDALUYONG,16,2021-11-17,14.857142857142858
CITY OF MANDALUYONG,11,2021-11-18,13.714285714285714
CITY OF MANDALUYONG,23,2021-11-19,15.0
CITY OF MANDALUYONG,12,2021-11-20,13.285714285714286
CITY OF MANDALUYONG,9,2021-11-21,12.285714285714286
CITY OF MANDALUYONG,6,2021-11-22,12.142857142857142
CITY OF MANDALUYONG,7,2021-11-23,12.0
CITY OF MANDALUYONG,3,2021-11-24,10.142857142857142
CITY OF MANDALUYONG,7,2021-11-25,9.571428571428571
CITY OF MANDALUYONG,8,2021-11-26,7.428571428571429
CITY OF MANDALUYONG,10,2021-11-27,7.142857142857143
CITY OF MANDALUYONG,10,2021-11-28,7.285714285714286
CITY OF MANDALUYONG,5,2021-11-29,7.142857142857143
CITY OF MANDALUYONG,2,2021-11-30,6.428571428571429
CITY OF MANDALUYONG,4,2021-12-01,6.571428571428571
CITY OF MANDALUYONG,2,2021-12-02,5.857142857142857
CITY OF MANDALUYONG,4,2021-12-03,5.285714285714286
CITY OF MANDALUYONG,6,2021-12-04,4.714285714285714
CITY OF MANDALUYONG,9,2021-12-05,4.571428571428571
CITY OF MANDALUYONG,0,2021-12-06,3.857142857142857
CITY OF MANDALUYONG,3,2021-12-07,4.0
CITY OF MANDALUYONG,2,2021-12-08,3.7142857142857144
CITY OF MANDALUYONG,4,2021-12-09,4.0
CITY OF MANDALUYONG,2,2021-12-10,3.7142857142857144
CITY OF MANDALUYONG,0,2021-12-11,2.857142857142857
CITY OF MANDALUYONG,0,2021-12-12,1.5714285714285714
CITY OF MANDALUYONG,4,2021-12-13,2.142857142857143
CITY OF MANDALUYONG,1,2021-12-14,1.8571428571428572
CITY OF MANDALUYONG,1,2021-12-15,1.7142857142857142
CITY OF MANDALUYONG,3,2021-12-16,1.5714285714285714
CITY OF MANDALUYONG,4,2021-12-17,1.8571428571428572
CITY OF MANDALUYONG,2,2021-12-18,2.142857142857143
CITY OF MANDALUYONG,2,2021-12-19,2.4285714285714284
CITY OF MANDALUYONG,0,2021-12-20,1.8571428571428572
CITY OF MANDALUYONG,3,2021-12-21,2.142857142857143
CITY OF MANDALUYONG,2,2021-12-22,2.2857142857142856
CITY OF MANDALUYONG,3,2021-12-23,2.2857142857142856
CITY OF MANDALUYONG,2,2021-12-24,2.0
CITY OF MANDALUYONG,9,2021-12-25,3.0
CITY OF MANDALUYONG,7,2021-12-26,3.7142857142857144
CITY OF MANDALUYONG,7,2021-12-27,4.714285714285714
CITY OF MANDALUYONG,4,2021-12-28,4.857142857142857
CITY OF MANDALUYONG,17,2021-12-29,7.0
CITY OF MANDALUYONG,42,2021-12-30,12.571428571428571
CITY OF MANDALUYONG,74,2021-12-31,22.857142857142858
CITY OF MANDALUYONG,74,2022-01-01,32.142857142857146
CITY OF MANDALUYONG,110,2022-01-02,46.857142857142854
CITY OF MANDALUYONG,116,2022-01-03,62.42857142857143
CITY OF MANDALUYONG,150,2022-01-04,83.28571428571429
CITY OF MANDALUYONG,403,2022-01-05,138.42857142857142
CITY OF MANDALUYONG,514,2022-01-06,205.85714285714286
CITY OF MANDALUYONG,614,2022-01-07,283.0
CITY OF MANDALUYONG,687,2022-01-08,370.57142857142856
CITY OF MANDALUYONG,858,2022-01-09,477.42857142857144
CITY OF MANDALUYONG,780,2022-01-10,572.2857142857143
CITY OF MANDALUYONG,682,2022-01-11,648.2857142857143
CITY OF MANDALUYONG,656,2022-01-12,684.4285714285714
CITY OF MANDALUYONG,640,2022-01-13,702.4285714285714
CITY OF MANDALUYONG,965,2022-01-14,752.5714285714286
CITY OF MANDALUYONG,906,2022-01-15,783.8571428571429
CITY OF MANDALUYONG,859,2022-01-16,784.0
CITY OF MANDALUYONG,585,2022-01-17,756.1428571428571
CITY OF MANDALUYONG,440,2022-01-18,721.5714285714286
CITY OF MANDALUYONG,574,2022-01-19,709.8571428571429
CITY OF MANDALUYONG,456,2022-01-20,683.5714285714286
CITY OF MANDALUYONG,268,2022-01-21,584.0
CITY OF MANDALUYONG,255,2022-01-22,491.0
CITY OF MANDALUYONG,235,2022-01-23,401.85714285714283
CITY OF MANDALUYONG,209,2022-01-24,348.14285714285717
CITY OF MANDALUYONG,71,2022-01-25,295.42857142857144
CITY OF MANDALUYONG,86,2022-01-26,225.71428571428572
CITY OF MANDALUYONG,63,2022-01-27,169.57142857142858
CITY OF MANDALUYONG,95,2022-01-28,144.85714285714286
CITY OF MANDALUYONG,129,2022-01-29,126.85714285714286
CITY OF MANDALUYONG,67,2022-01-30,102.85714285714286
CITY OF MANDALUYONG,172,2022-01-31,97.57142857142857
CITY OF MANDALUYONG,50,2022-02-01,94.57142857142857
CITY OF MANDALUYONG,81,2022-02-02,93.85714285714286
CITY OF MANDALUYONG,20,2022-02-03,87.71428571428571
CITY OF MANDALUYONG,61,2022-02-04,82.85714285714286
CITY OF MANDALUYONG,32,2022-02-05,69.0
CITY OF MANDALUYONG,36,2022-02-06,64.57142857142857
CITY OF MANDALUYONG,36,2022-02-07,45.142857142857146
CITY OF MANDALUYONG,20,2022-02-08,40.857142857142854
CITY OF MANDALUYONG,19,2022-02-09,32.0
CITY OF MANDALUYONG,21,2022-02-10,32.142857142857146
CITY OF MANDALUYONG,13,2022-02-11,25.285714285714285
CITY OF MANDALUYONG,21,2022-02-12,23.714285714285715
CITY OF MANDALUYONG,18,2022-02-13,21.142857142857142
CITY OF MANDALUYONG,15,2022-02-14,18.142857142857142
CITY OF MANDALUYONG,14,2022-02-15,17.285714285714285
CITY OF MANDALUYONG,5,2022-02-16,15.285714285714286
CITY OF MANDALUYONG,13,2022-02-17,14.142857142857142
CITY OF MANDALUYONG,13,2022-02-18,14.142857142857142
CITY OF MANDALUYONG,12,2022-02-19,12.857142857142858
CITY OF MANDALUYONG,9,2022-02-20,11.571428571428571
CITY OF MANDALUYONG,13,2022-02-21,11.285714285714286
CITY OF MANDALUYONG,8,2022-02-22,10.428571428571429
CITY OF MANDALUYONG,16,2022-02-23,12.0
CITY OF MANDALUYONG,13,2022-02-24,12.0
CITY OF MANDALUYONG,11,2022-02-25,11.714285714285714
CITY OF MANDALUYONG,7,2022-02-26,11.0
CITY OF MANDALUYONG,4,2022-02-27,10.285714285714286
CITY OF MANDALUYONG,4,2022-02-28,9.0
CITY OF MANDALUYONG,12,2022-03-01,9.571428571428571
CITY OF MANDALUYONG,2,2022-03-02,7.571428571428571
CITY OF MANDALUYONG,4,2022-03-03,6.285714285714286
CITY OF MANDALUYONG,4,2022-03-04,5.285714285714286
CITY OF MANDALUYONG,9,2022-03-05,5.571428571428571
CITY OF MANDALUYONG,5,2022-03-06,5.714285714285714
CITY OF MANDALUYONG,1,2022-03-07,5.285714285714286
CITY OF MANDALUYONG,3,2022-03-08,4.0
CITY OF MANDALUYONG,5,2022-03-09,4.428571428571429
CITY OF MANDALUYONG,7,2022-03-10,4.857142857142857
CITY OF MANDALUYONG,3,2022-03-11,4.714285714285714
CITY OF MANDALUYONG,3,2022-03-12,3.857142857142857
CITY OF MANDALUYONG,3,2022-03-13,3.5714285714285716
CITY OF MANDALUYONG,3,2022-03-14,3.857142857142857
CITY OF MANDALUYONG,2,2022-03-15,3.7142857142857144
CITY OF MANDALUYONG,2,2022-03-16,3.2857142857142856
CITY OF MANDALUYONG,4,2022-03-17,2.857142857142857
CITY OF MANDALUYONG,2,2022-03-18,2.7142857142857144
CITY OF MANDALUYONG,2,2022-03-19,2.5714285714285716
CITY OF MANDALUYONG,5,2022-03-20,2.857142857142857
CITY OF MANDALUYONG,5,2022-03-21,3.142857142857143
CITY OF MANDALUYONG,8,2022-03-22,4.0
CITY OF MANDALUYONG,4,2022-03-23,4.285714285714286
CITY OF MANDALUYONG,3,2022-03-24,4.142857142857143
CITY OF MANDALUYONG,0,2022-03-25,3.857142857142857
CITY OF MANDALUYONG,7,2022-03-26,4.571428571428571
CITY OF MANDALUYONG,4,2022-03-27,4.428571428571429
CITY OF MANDALUYONG,0,2022-03-28,3.7142857142857144
CITY OF MANDALUYONG,2,2022-03-29,2.857142857142857
CITY OF MANDALUYONG,3,2022-03-30,2.7142857142857144
CITY OF MANDALUYONG,1,2022-03-31,2.4285714285714284
CITY OF MANDALUYONG,5,2022-04-01,3.142857142857143
CITY OF MANDALUYONG,0,2022-04-02,2.142857142857143
CITY OF MANDALUYONG,10,2022-04-03,3.0
CITY OF MANDALUYONG,0,2022-04-04,3.0
CITY OF MANDALUYONG,0,2022-04-05,2.7142857142857144
CITY OF MANDALUYONG,3,2022-04-06,2.7142857142857144
CITY OF MANDALUYONG,3,2022-04-07,3.0
CITY OF MANDALUYONG,4,2022-04-08,2.857142857142857
CITY OF MANDALUYONG,1,2022-04-09,3.0
CITY OF MANDALUYONG,2,2022-04-10,1.8571428571428572
CITY OF MANDALUYONG,6,2022-04-11,2.7142857142857144
CITY OF MANDALUYONG,1,2022-04-12,2.857142857142857
CITY OF MANDALUYONG,1,2022-04-13,2.5714285714285716
CITY OF MANDALUYONG,3,2022-04-14,2.5714285714285716
CITY OF MANDALUYONG,1,2022-04-15,2.142857142857143
CITY OF MANDALUYONG,2,2022-04-16,2.2857142857142856
CITY OF MANDALUYONG,2,2022-04-17,2.2857142857142856
CITY OF MANDALUYONG,4,2022-04-18,2.0
CITY OF MANDALUYONG,1,2022-04-19,2.0
CITY OF MANDALUYONG,1,2022-04-20,2.0
CITY OF MANDALUYONG,1,2022-04-21,1.7142857142857142
CITY OF MANDALUYONG,0,2022-04-22,1.5714285714285714
CITY OF MANDALUYONG,3,2022-04-23,1.7142857142857142
CITY OF MANDALUYONG,1,2022-04-24,1.5714285714285714
CITY OF MANDALUYONG,5,2022-04-25,1.7142857142857142
CITY OF MANDALUYONG,1,2022-04-26,1.7142857142857142
CITY OF MANDALUYONG,2,2022-04-27,1.8571428571428572
CITY OF MANDALUYONG,2,2022-04-28,2.0
CITY OF MANDALUYONG,2,2022-04-29,2.2857142857142856
CITY OF MANDALUYONG,8,2022-04-30,3.0
CITY OF MANDALUYONG,5,2022-05-01,3.5714285714285716
CITY OF MANDALUYONG,4,2022-05-02,3.4285714285714284
CITY OF MANDALUYONG,1,2022-05-03,3.4285714285714284
CITY OF MANDALUYONG,1,2022-05-04,3.2857142857142856
CITY OF MANDALUYONG,0,2022-05-05,3.0
CITY OF MANDALUYONG,1,2022-05-06,2.857142857142857
CITY OF MANDALUYONG,1,2022-05-07,1.8571428571428572
CITY OF MANDALUYONG,5,2022-05-08,1.8571428571428572
CITY OF MANDALUYONG,6,2022-05-09,2.142857142857143
CITY OF MANDALUYONG,0,2022-05-10,2.0
CITY OF MANDALUYONG,2,2022-05-11,2.142857142857143
CITY OF MANDALUYONG,1,2022-05-12,2.2857142857142856
CITY OF MANDALUYONG,2,2022-05-13,2.4285714285714284
CITY OF MANDALUYONG,3,2022-05-14,2.7142857142857144
CITY OF MANDALUYONG,2,2022-05-15,2.2857142857142856
CITY OF MANDALUYONG,0,2022-05-16,1.4285714285714286
CITY OF MANDALUYONG,2,2022-05-17,1.7142857142857142
CITY OF MANDALUYONG,2,2022-05-18,1.7142857142857142
CITY OF MANDALUYONG,1,2022-05-19,1.7142857142857142
CITY OF MANDALUYONG,4,2022-05-20,2.0
CITY OF MANDALUYONG,1,2022-05-21,1.7142857142857142
CITY OF MANDALUYONG,7,2022-05-22,2.4285714285714284
CITY OF MANDALUYONG,1,2022-05-23,2.5714285714285716
CITY OF MANDALUYONG,4,2022-05-24,2.857142857142857
CITY OF MANDALUYONG,3,2022-05-25,3.0
CITY OF MANDALUYONG,4,2022-05-26,3.4285714285714284
CITY OF MANDALUYONG,3,2022-05-27,3.2857142857142856
CITY OF MANDALUYONG,2,2022-05-28,3.4285714285714284
CITY OF MANDALUYONG,3,2022-05-29,2.857142857142857
CITY OF MANDALUYONG,2,2022-05-30,3.0
CITY OF MANDALUYONG,6,2022-05-31,3.2857142857142856
CITY OF MANDALUYONG,2,2022-06-01,3.142857142857143
CITY OF MANDALUYONG,1,2022-06-02,2.7142857142857144
CITY OF MANDALUYONG,8,2022-06-03,3.4285714285714284
CITY OF MANDALUYONG,6,2022-06-04,4.0
CITY OF MANDALUYONG,5,2022-06-05,4.285714285714286
CITY OF MANDALUYONG,4,2022-06-06,4.571428571428571
CITY OF MANDALUYONG,5,2022-06-07,4.428571428571429
CITY OF MANDALUYONG,6,2022-06-08,5.0
CITY OF MANDALUYONG,6,2022-06-09,5.714285714285714
CITY OF MANDALUYONG,4,2022-06-10,5.142857142857143
CITY OF MANDALUYONG,3,2022-06-11,4.714285714285714
CITY OF MANDALUYONG,3,2022-06-12,4.428571428571429
CITY OF MANDALUYONG,8,2022-06-13,5.0
CITY OF MANDALUYONG,10,2022-06-14,5.714285714285714
CITY OF MANDALUYONG,8,2022-06-15,6.0
CITY OF MANDALUYONG,13,2022-06-16,7.0
CITY OF MANDALUYONG,18,2022-06-17,9.0
CITY OF MANDALUYONG,19,2022-06-18,11.285714285714286
