city,count,date,7DayMA
CITY OF MUNTINLUPA,3,2020-03-17,
CITY OF MUNTINLUPA,0,2020-03-18,
CITY OF MUNTINLUPA,0,2020-03-19,
CITY OF MUNTINLUPA,0,2020-03-20,
CITY OF MUNTINLUPA,0,2020-03-21,
CITY OF MUNTINLUPA,3,2020-03-22,
CITY OF MUNTINLUPA,0,2020-03-23,0.8571428571428571
CITY OF MUNTINLUPA,2,2020-03-24,0.7142857142857143
CITY OF MUNTINLUPA,9,2020-03-25,2.0
CITY OF MUNTINLUPA,4,2020-03-26,2.5714285714285716
CITY OF MUNTINLUPA,2,2020-03-27,2.857142857142857
CITY OF MUNTINLUPA,7,2020-03-28,3.857142857142857
CITY OF MUNTINLUPA,4,2020-03-29,4.0
CITY OF MUNTINLUPA,1,2020-03-30,4.142857142857143
CITY OF MUNTINLUPA,11,2020-03-31,5.428571428571429
CITY OF MUNTINLUPA,6,2020-04-01,5.0
CITY OF MUNTINLUPA,3,2020-04-02,4.857142857142857
CITY OF MUNTINLUPA,7,2020-04-03,5.571428571428571
CITY OF MUNTINLUPA,0,2020-04-04,4.571428571428571
CITY OF MUNTINLUPA,2,2020-04-05,4.285714285714286
CITY OF MUNTINLUPA,8,2020-04-06,5.285714285714286
CITY OF MUNTINLUPA,1,2020-04-07,3.857142857142857
CITY OF MUNTINLUPA,2,2020-04-08,3.2857142857142856
CITY OF MUNTINLUPA,3,2020-04-09,3.2857142857142856
CITY OF MUNTINLUPA,1,2020-04-10,2.4285714285714284
CITY OF MUNTINLUPA,6,2020-04-11,3.2857142857142856
CITY OF MUNTINLUPA,2,2020-04-12,3.2857142857142856
CITY OF MUNTINLUPA,8,2020-04-13,3.2857142857142856
CITY OF MUNTINLUPA,3,2020-04-14,3.5714285714285716
CITY OF MUNTINLUPA,5,2020-04-15,4.0
CITY OF MUNTINLUPA,11,2020-04-16,5.142857142857143
CITY OF MUNTINLUPA,3,2020-04-17,5.428571428571429
CITY OF MUNTINLUPA,3,2020-04-18,5.0
CITY OF MUNTINLUPA,8,2020-04-19,5.857142857142857
CITY OF MUNTINLUPA,4,2020-04-20,5.285714285714286
CITY OF MUNTINLUPA,1,2020-04-21,5.0
CITY OF MUNTINLUPA,2,2020-04-22,4.571428571428571
CITY OF MUNTINLUPA,0,2020-04-23,3.0
CITY OF MUNTINLUPA,2,2020-04-24,2.857142857142857
CITY OF MUNTINLUPA,0,2020-04-25,2.4285714285714284
CITY OF MUNTINLUPA,4,2020-04-26,1.8571428571428572
CITY OF MUNTINLUPA,1,2020-04-27,1.4285714285714286
CITY OF MUNTINLUPA,0,2020-04-28,1.2857142857142858
CITY OF MUNTINLUPA,9,2020-04-29,2.2857142857142856
CITY OF MUNTINLUPA,2,2020-04-30,2.5714285714285716
CITY OF MUNTINLUPA,4,2020-05-01,2.857142857142857
CITY OF MUNTINLUPA,1,2020-05-02,3.0
CITY OF MUNTINLUPA,2,2020-05-03,2.7142857142857144
CITY OF MUNTINLUPA,11,2020-05-04,4.142857142857143
CITY OF MUNTINLUPA,2,2020-05-05,4.428571428571429
CITY OF MUNTINLUPA,1,2020-05-06,3.2857142857142856
CITY OF MUNTINLUPA,0,2020-05-07,3.0
CITY OF MUNTINLUPA,0,2020-05-08,2.4285714285714284
CITY OF MUNTINLUPA,0,2020-05-09,2.2857142857142856
CITY OF MUNTINLUPA,0,2020-05-10,2.0
CITY OF MUNTINLUPA,8,2020-05-11,1.5714285714285714
CITY OF MUNTINLUPA,2,2020-05-12,1.5714285714285714
CITY OF MUNTINLUPA,25,2020-05-13,5.0
CITY OF MUNTINLUPA,15,2020-05-14,7.142857142857143
CITY OF MUNTINLUPA,2,2020-05-15,7.428571428571429
CITY OF MUNTINLUPA,7,2020-05-16,8.428571428571429
CITY OF MUNTINLUPA,24,2020-05-17,11.857142857142858
CITY OF MUNTINLUPA,1,2020-05-18,10.857142857142858
CITY OF MUNTINLUPA,1,2020-05-19,10.714285714285714
CITY OF MUNTINLUPA,0,2020-05-20,7.142857142857143
CITY OF MUNTINLUPA,13,2020-05-21,6.857142857142857
CITY OF MUNTINLUPA,3,2020-05-22,7.0
CITY OF MUNTINLUPA,0,2020-05-23,6.0
CITY OF MUNTINLUPA,0,2020-05-24,2.5714285714285716
CITY OF MUNTINLUPA,22,2020-05-25,5.571428571428571
CITY OF MUNTINLUPA,0,2020-05-26,5.428571428571429
CITY OF MUNTINLUPA,1,2020-05-27,5.571428571428571
CITY OF MUNTINLUPA,1,2020-05-28,3.857142857142857
CITY OF MUNTINLUPA,9,2020-05-29,4.714285714285714
CITY OF MUNTINLUPA,29,2020-05-30,8.857142857142858
CITY OF MUNTINLUPA,0,2020-05-31,8.857142857142858
CITY OF MUNTINLUPA,1,2020-06-01,5.857142857142857
CITY OF MUNTINLUPA,7,2020-06-02,6.857142857142857
CITY OF MUNTINLUPA,0,2020-06-03,6.714285714285714
CITY OF MUNTINLUPA,2,2020-06-04,6.857142857142857
CITY OF MUNTINLUPA,1,2020-06-05,5.714285714285714
CITY OF MUNTINLUPA,14,2020-06-06,3.5714285714285716
CITY OF MUNTINLUPA,2,2020-06-07,3.857142857142857
CITY OF MUNTINLUPA,14,2020-06-08,5.714285714285714
CITY OF MUNTINLUPA,6,2020-06-09,5.571428571428571
CITY OF MUNTINLUPA,9,2020-06-10,6.857142857142857
CITY OF MUNTINLUPA,6,2020-06-11,7.428571428571429
CITY OF MUNTINLUPA,12,2020-06-12,9.0
CITY OF MUNTINLUPA,5,2020-06-13,7.714285714285714
CITY OF MUNTINLUPA,8,2020-06-14,8.571428571428571
CITY OF MUNTINLUPA,5,2020-06-15,7.285714285714286
CITY OF MUNTINLUPA,10,2020-06-16,7.857142857142857
CITY OF MUNTINLUPA,10,2020-06-17,8.0
CITY OF MUNTINLUPA,3,2020-06-18,7.571428571428571
CITY OF MUNTINLUPA,6,2020-06-19,6.714285714285714
CITY OF MUNTINLUPA,2,2020-06-20,6.285714285714286
CITY OF MUNTINLUPA,10,2020-06-21,6.571428571428571
CITY OF MUNTINLUPA,7,2020-06-22,6.857142857142857
CITY OF MUNTINLUPA,8,2020-06-23,6.571428571428571
CITY OF MUNTINLUPA,1,2020-06-24,5.285714285714286
CITY OF MUNTINLUPA,8,2020-06-25,6.0
CITY OF MUNTINLUPA,10,2020-06-26,6.571428571428571
CITY OF MUNTINLUPA,1,2020-06-27,6.428571428571429
CITY OF MUNTINLUPA,13,2020-06-28,6.857142857142857
CITY OF MUNTINLUPA,14,2020-06-29,7.857142857142857
CITY OF MUNTINLUPA,4,2020-06-30,7.285714285714286
CITY OF MUNTINLUPA,7,2020-07-01,8.142857142857142
CITY OF MUNTINLUPA,2,2020-07-02,7.285714285714286
CITY OF MUNTINLUPA,15,2020-07-03,8.0
CITY OF MUNTINLUPA,10,2020-07-04,9.285714285714286
CITY OF MUNTINLUPA,31,2020-07-05,11.857142857142858
CITY OF MUNTINLUPA,20,2020-07-06,12.714285714285714
CITY OF MUNTINLUPA,14,2020-07-07,14.142857142857142
CITY OF MUNTINLUPA,25,2020-07-08,16.714285714285715
CITY OF MUNTINLUPA,1,2020-07-09,16.571428571428573
CITY OF MUNTINLUPA,7,2020-07-10,15.428571428571429
CITY OF MUNTINLUPA,5,2020-07-11,14.714285714285714
CITY OF MUNTINLUPA,37,2020-07-12,15.571428571428571
CITY OF MUNTINLUPA,5,2020-07-13,13.428571428571429
CITY OF MUNTINLUPA,13,2020-07-14,13.285714285714286
CITY OF MUNTINLUPA,25,2020-07-15,13.285714285714286
CITY OF MUNTINLUPA,32,2020-07-16,17.714285714285715
CITY OF MUNTINLUPA,24,2020-07-17,20.142857142857142
CITY OF MUNTINLUPA,79,2020-07-18,30.714285714285715
CITY OF MUNTINLUPA,56,2020-07-19,33.42857142857143
CITY OF MUNTINLUPA,73,2020-07-20,43.142857142857146
CITY OF MUNTINLUPA,17,2020-07-21,43.714285714285715
CITY OF MUNTINLUPA,27,2020-07-22,44.0
CITY OF MUNTINLUPA,26,2020-07-23,43.142857142857146
CITY OF MUNTINLUPA,36,2020-07-24,44.857142857142854
CITY OF MUNTINLUPA,17,2020-07-25,36.0
CITY OF MUNTINLUPA,19,2020-07-26,30.714285714285715
CITY OF MUNTINLUPA,56,2020-07-27,28.285714285714285
CITY OF MUNTINLUPA,61,2020-07-28,34.57142857142857
CITY OF MUNTINLUPA,51,2020-07-29,38.0
CITY OF MUNTINLUPA,83,2020-07-30,46.142857142857146
CITY OF MUNTINLUPA,225,2020-07-31,73.14285714285714
CITY OF MUNTINLUPA,137,2020-08-01,90.28571428571429
CITY OF MUNTINLUPA,107,2020-08-02,102.85714285714286
CITY OF MUNTINLUPA,63,2020-08-03,103.85714285714286
CITY OF MUNTINLUPA,77,2020-08-04,106.14285714285714
CITY OF MUNTINLUPA,59,2020-08-05,107.28571428571429
CITY OF MUNTINLUPA,87,2020-08-06,107.85714285714286
CITY OF MUNTINLUPA,26,2020-08-07,79.42857142857143
CITY OF MUNTINLUPA,79,2020-08-08,71.14285714285714
CITY OF MUNTINLUPA,74,2020-08-09,66.42857142857143
CITY OF MUNTINLUPA,98,2020-08-10,71.42857142857143
CITY OF MUNTINLUPA,59,2020-08-11,68.85714285714286
CITY OF MUNTINLUPA,76,2020-08-12,71.28571428571429
CITY OF MUNTINLUPA,165,2020-08-13,82.42857142857143
CITY OF MUNTINLUPA,154,2020-08-14,100.71428571428571
CITY OF MUNTINLUPA,80,2020-08-15,100.85714285714286
CITY OF MUNTINLUPA,163,2020-08-16,113.57142857142857
CITY OF MUNTINLUPA,112,2020-08-17,115.57142857142857
CITY OF MUNTINLUPA,109,2020-08-18,122.71428571428571
CITY OF MUNTINLUPA,104,2020-08-19,126.71428571428571
CITY OF MUNTINLUPA,120,2020-08-20,120.28571428571429
CITY OF MUNTINLUPA,51,2020-08-21,105.57142857142857
CITY OF MUNTINLUPA,93,2020-08-22,107.42857142857143
CITY OF MUNTINLUPA,39,2020-08-23,89.71428571428571
CITY OF MUNTINLUPA,80,2020-08-24,85.14285714285714
CITY OF MUNTINLUPA,50,2020-08-25,76.71428571428571
CITY OF MUNTINLUPA,94,2020-08-26,75.28571428571429
CITY OF MUNTINLUPA,52,2020-08-27,65.57142857142857
CITY OF MUNTINLUPA,83,2020-08-28,70.14285714285714
CITY OF MUNTINLUPA,83,2020-08-29,68.71428571428571
CITY OF MUNTINLUPA,95,2020-08-30,76.71428571428571
CITY OF MUNTINLUPA,41,2020-08-31,71.14285714285714
CITY OF MUNTINLUPA,67,2020-09-01,73.57142857142857
CITY OF MUNTINLUPA,22,2020-09-02,63.285714285714285
CITY OF MUNTINLUPA,15,2020-09-03,58.0
CITY OF MUNTINLUPA,79,2020-09-04,57.42857142857143
CITY OF MUNTINLUPA,51,2020-09-05,52.857142857142854
CITY OF MUNTINLUPA,39,2020-09-06,44.857142857142854
CITY OF MUNTINLUPA,24,2020-09-07,42.42857142857143
CITY OF MUNTINLUPA,32,2020-09-08,37.42857142857143
CITY OF MUNTINLUPA,50,2020-09-09,41.42857142857143
CITY OF MUNTINLUPA,65,2020-09-10,48.57142857142857
CITY OF MUNTINLUPA,36,2020-09-11,42.42857142857143
CITY OF MUNTINLUPA,62,2020-09-12,44.0
CITY OF MUNTINLUPA,46,2020-09-13,45.0
CITY OF MUNTINLUPA,77,2020-09-14,52.57142857142857
CITY OF MUNTINLUPA,35,2020-09-15,53.0
CITY OF MUNTINLUPA,24,2020-09-16,49.285714285714285
CITY OF MUNTINLUPA,34,2020-09-17,44.857142857142854
CITY OF MUNTINLUPA,68,2020-09-18,49.42857142857143
CITY OF MUNTINLUPA,50,2020-09-19,47.714285714285715
CITY OF MUNTINLUPA,46,2020-09-20,47.714285714285715
CITY OF MUNTINLUPA,51,2020-09-21,44.0
CITY OF MUNTINLUPA,19,2020-09-22,41.714285714285715
CITY OF MUNTINLUPA,27,2020-09-23,42.142857142857146
CITY OF MUNTINLUPA,35,2020-09-24,42.285714285714285
CITY OF MUNTINLUPA,24,2020-09-25,36.0
CITY OF MUNTINLUPA,32,2020-09-26,33.42857142857143
CITY OF MUNTINLUPA,37,2020-09-27,32.142857142857146
CITY OF MUNTINLUPA,33,2020-09-28,29.571428571428573
CITY OF MUNTINLUPA,24,2020-09-29,30.285714285714285
CITY OF MUNTINLUPA,24,2020-09-30,29.857142857142858
CITY OF MUNTINLUPA,31,2020-10-01,29.285714285714285
CITY OF MUNTINLUPA,36,2020-10-02,31.0
CITY OF MUNTINLUPA,38,2020-10-03,31.857142857142858
CITY OF MUNTINLUPA,38,2020-10-04,32.0
CITY OF MUNTINLUPA,31,2020-10-05,31.714285714285715
CITY OF MUNTINLUPA,13,2020-10-06,30.142857142857142
CITY OF MUNTINLUPA,24,2020-10-07,30.142857142857142
CITY OF MUNTINLUPA,13,2020-10-08,27.571428571428573
CITY OF MUNTINLUPA,42,2020-10-09,28.428571428571427
CITY OF MUNTINLUPA,26,2020-10-10,26.714285714285715
CITY OF MUNTINLUPA,24,2020-10-11,24.714285714285715
CITY OF MUNTINLUPA,30,2020-10-12,24.571428571428573
CITY OF MUNTINLUPA,34,2020-10-13,27.571428571428573
CITY OF MUNTINLUPA,10,2020-10-14,25.571428571428573
CITY OF MUNTINLUPA,20,2020-10-15,26.571428571428573
CITY OF MUNTINLUPA,22,2020-10-16,23.714285714285715
CITY OF MUNTINLUPA,21,2020-10-17,23.0
CITY OF MUNTINLUPA,19,2020-10-18,22.285714285714285
CITY OF MUNTINLUPA,24,2020-10-19,21.428571428571427
CITY OF MUNTINLUPA,5,2020-10-20,17.285714285714285
CITY OF MUNTINLUPA,8,2020-10-21,17.0
CITY OF MUNTINLUPA,6,2020-10-22,15.0
CITY OF MUNTINLUPA,10,2020-10-23,13.285714285714286
CITY OF MUNTINLUPA,10,2020-10-24,11.714285714285714
CITY OF MUNTINLUPA,10,2020-10-25,10.428571428571429
CITY OF MUNTINLUPA,5,2020-10-26,7.714285714285714
CITY OF MUNTINLUPA,11,2020-10-27,8.571428571428571
CITY OF MUNTINLUPA,3,2020-10-28,7.857142857142857
CITY OF MUNTINLUPA,17,2020-10-29,9.428571428571429
CITY OF MUNTINLUPA,11,2020-10-30,9.571428571428571
CITY OF MUNTINLUPA,10,2020-10-31,9.571428571428571
CITY OF MUNTINLUPA,8,2020-11-01,9.285714285714286
CITY OF MUNTINLUPA,16,2020-11-02,10.857142857142858
CITY OF MUNTINLUPA,10,2020-11-03,10.714285714285714
CITY OF MUNTINLUPA,2,2020-11-04,10.571428571428571
CITY OF MUNTINLUPA,5,2020-11-05,8.857142857142858
CITY OF MUNTINLUPA,12,2020-11-06,9.0
CITY OF MUNTINLUPA,32,2020-11-07,12.142857142857142
CITY OF MUNTINLUPA,11,2020-11-08,12.571428571428571
CITY OF MUNTINLUPA,10,2020-11-09,11.714285714285714
CITY OF MUNTINLUPA,10,2020-11-10,11.714285714285714
CITY OF MUNTINLUPA,3,2020-11-11,11.857142857142858
CITY OF MUNTINLUPA,7,2020-11-12,12.142857142857142
CITY OF MUNTINLUPA,12,2020-11-13,12.142857142857142
CITY OF MUNTINLUPA,14,2020-11-14,9.571428571428571
CITY OF MUNTINLUPA,9,2020-11-15,9.285714285714286
CITY OF MUNTINLUPA,5,2020-11-16,8.571428571428571
CITY OF MUNTINLUPA,11,2020-11-17,8.714285714285714
CITY OF MUNTINLUPA,4,2020-11-18,8.857142857142858
CITY OF MUNTINLUPA,7,2020-11-19,8.857142857142858
CITY OF MUNTINLUPA,4,2020-11-20,7.714285714285714
CITY OF MUNTINLUPA,7,2020-11-21,6.714285714285714
CITY OF MUNTINLUPA,11,2020-11-22,7.0
CITY OF MUNTINLUPA,10,2020-11-23,7.714285714285714
CITY OF MUNTINLUPA,5,2020-11-24,6.857142857142857
CITY OF MUNTINLUPA,6,2020-11-25,7.142857142857143
CITY OF MUNTINLUPA,7,2020-11-26,7.142857142857143
CITY OF MUNTINLUPA,18,2020-11-27,9.142857142857142
CITY OF MUNTINLUPA,12,2020-11-28,9.857142857142858
CITY OF MUNTINLUPA,27,2020-11-29,12.142857142857142
CITY OF MUNTINLUPA,10,2020-11-30,12.142857142857142
CITY OF MUNTINLUPA,7,2020-12-01,12.428571428571429
CITY OF MUNTINLUPA,6,2020-12-02,12.428571428571429
CITY OF MUNTINLUPA,10,2020-12-03,12.857142857142858
CITY OF MUNTINLUPA,4,2020-12-04,10.857142857142858
CITY OF MUNTINLUPA,16,2020-12-05,11.428571428571429
CITY OF MUNTINLUPA,9,2020-12-06,8.857142857142858
CITY OF MUNTINLUPA,8,2020-12-07,8.571428571428571
CITY OF MUNTINLUPA,7,2020-12-08,8.571428571428571
CITY OF MUNTINLUPA,4,2020-12-09,8.285714285714286
CITY OF MUNTINLUPA,10,2020-12-10,8.285714285714286
CITY OF MUNTINLUPA,3,2020-12-11,8.142857142857142
CITY OF MUNTINLUPA,18,2020-12-12,8.428571428571429
CITY OF MUNTINLUPA,7,2020-12-13,8.142857142857142
CITY OF MUNTINLUPA,11,2020-12-14,8.571428571428571
CITY OF MUNTINLUPA,6,2020-12-15,8.428571428571429
CITY OF MUNTINLUPA,6,2020-12-16,8.714285714285714
CITY OF MUNTINLUPA,10,2020-12-17,8.714285714285714
CITY OF MUNTINLUPA,18,2020-12-18,10.857142857142858
CITY OF MUNTINLUPA,7,2020-12-19,9.285714285714286
CITY OF MUNTINLUPA,17,2020-12-20,10.714285714285714
CITY OF MUNTINLUPA,12,2020-12-21,10.857142857142858
CITY OF MUNTINLUPA,7,2020-12-22,11.0
CITY OF MUNTINLUPA,11,2020-12-23,11.714285714285714
CITY OF MUNTINLUPA,9,2020-12-24,11.571428571428571
CITY OF MUNTINLUPA,11,2020-12-25,10.571428571428571
CITY OF MUNTINLUPA,6,2020-12-26,10.428571428571429
CITY OF MUNTINLUPA,8,2020-12-27,9.142857142857142
CITY OF MUNTINLUPA,2,2020-12-28,7.714285714285714
CITY OF MUNTINLUPA,5,2020-12-29,7.428571428571429
CITY OF MUNTINLUPA,8,2020-12-30,7.0
CITY OF MUNTINLUPA,22,2020-12-31,8.857142857142858
CITY OF MUNTINLUPA,8,2021-01-01,8.428571428571429
CITY OF MUNTINLUPA,1,2021-01-02,7.714285714285714
CITY OF MUNTINLUPA,6,2021-01-03,7.428571428571429
CITY OF MUNTINLUPA,15,2021-01-04,9.285714285714286
CITY OF MUNTINLUPA,4,2021-01-05,9.142857142857142
CITY OF MUNTINLUPA,6,2021-01-06,8.857142857142858
CITY OF MUNTINLUPA,13,2021-01-07,7.571428571428571
CITY OF MUNTINLUPA,7,2021-01-08,7.428571428571429
CITY OF MUNTINLUPA,6,2021-01-09,8.142857142857142
CITY OF MUNTINLUPA,11,2021-01-10,8.857142857142858
CITY OF MUNTINLUPA,11,2021-01-11,8.285714285714286
CITY OF MUNTINLUPA,7,2021-01-12,8.714285714285714
CITY OF MUNTINLUPA,6,2021-01-13,8.714285714285714
CITY OF MUNTINLUPA,15,2021-01-14,9.0
CITY OF MUNTINLUPA,7,2021-01-15,9.0
CITY OF MUNTINLUPA,11,2021-01-16,9.714285714285714
CITY OF MUNTINLUPA,19,2021-01-17,10.857142857142858
CITY OF MUNTINLUPA,12,2021-01-18,11.0
CITY OF MUNTINLUPA,7,2021-01-19,11.0
CITY OF MUNTINLUPA,3,2021-01-20,10.571428571428571
CITY OF MUNTINLUPA,2,2021-01-21,8.714285714285714
CITY OF MUNTINLUPA,9,2021-01-22,9.0
CITY OF MUNTINLUPA,11,2021-01-23,9.0
CITY OF MUNTINLUPA,6,2021-01-24,7.142857142857143
CITY OF MUNTINLUPA,6,2021-01-25,6.285714285714286
CITY OF MUNTINLUPA,13,2021-01-26,7.142857142857143
CITY OF MUNTINLUPA,12,2021-01-27,8.428571428571429
CITY OF MUNTINLUPA,8,2021-01-28,9.285714285714286
CITY OF MUNTINLUPA,12,2021-01-29,9.714285714285714
CITY OF MUNTINLUPA,16,2021-01-30,10.428571428571429
CITY OF MUNTINLUPA,17,2021-01-31,12.0
CITY OF MUNTINLUPA,17,2021-02-01,13.571428571428571
CITY OF MUNTINLUPA,5,2021-02-02,12.428571428571429
CITY OF MUNTINLUPA,2,2021-02-03,11.0
CITY OF MUNTINLUPA,3,2021-02-04,10.285714285714286
CITY OF MUNTINLUPA,8,2021-02-05,9.714285714285714
CITY OF MUNTINLUPA,6,2021-02-06,8.285714285714286
CITY OF MUNTINLUPA,9,2021-02-07,7.142857142857143
CITY OF MUNTINLUPA,6,2021-02-08,5.571428571428571
CITY OF MUNTINLUPA,21,2021-02-09,7.857142857142857
CITY OF MUNTINLUPA,4,2021-02-10,8.142857142857142
CITY OF MUNTINLUPA,10,2021-02-11,9.142857142857142
CITY OF MUNTINLUPA,13,2021-02-12,9.857142857142858
CITY OF MUNTINLUPA,16,2021-02-13,11.285714285714286
CITY OF MUNTINLUPA,3,2021-02-14,10.428571428571429
CITY OF MUNTINLUPA,7,2021-02-15,10.571428571428571
CITY OF MUNTINLUPA,2,2021-02-16,7.857142857142857
CITY OF MUNTINLUPA,4,2021-02-17,7.857142857142857
CITY OF MUNTINLUPA,7,2021-02-18,7.428571428571429
CITY OF MUNTINLUPA,10,2021-02-19,7.0
CITY OF MUNTINLUPA,7,2021-02-20,5.714285714285714
CITY OF MUNTINLUPA,12,2021-02-21,7.0
CITY OF MUNTINLUPA,24,2021-02-22,9.428571428571429
CITY OF MUNTINLUPA,5,2021-02-23,9.857142857142858
CITY OF MUNTINLUPA,2,2021-02-24,9.571428571428571
CITY OF MUNTINLUPA,14,2021-02-25,10.571428571428571
CITY OF MUNTINLUPA,12,2021-02-26,10.857142857142858
CITY OF MUNTINLUPA,12,2021-02-27,11.571428571428571
CITY OF MUNTINLUPA,6,2021-02-28,10.714285714285714
CITY OF MUNTINLUPA,10,2021-03-01,8.714285714285714
CITY OF MUNTINLUPA,11,2021-03-02,9.571428571428571
CITY OF MUNTINLUPA,10,2021-03-03,10.714285714285714
CITY OF MUNTINLUPA,15,2021-03-04,10.857142857142858
CITY OF MUNTINLUPA,20,2021-03-05,12.0
CITY OF MUNTINLUPA,18,2021-03-06,12.857142857142858
CITY OF MUNTINLUPA,19,2021-03-07,14.714285714285714
CITY OF MUNTINLUPA,23,2021-03-08,16.571428571428573
CITY OF MUNTINLUPA,27,2021-03-09,18.857142857142858
CITY OF MUNTINLUPA,16,2021-03-10,19.714285714285715
CITY OF MUNTINLUPA,22,2021-03-11,20.714285714285715
CITY OF MUNTINLUPA,47,2021-03-12,24.571428571428573
CITY OF MUNTINLUPA,47,2021-03-13,28.714285714285715
CITY OF MUNTINLUPA,26,2021-03-14,29.714285714285715
CITY OF MUNTINLUPA,30,2021-03-15,30.714285714285715
CITY OF MUNTINLUPA,51,2021-03-16,34.142857142857146
CITY OF MUNTINLUPA,38,2021-03-17,37.285714285714285
CITY OF MUNTINLUPA,36,2021-03-18,39.285714285714285
CITY OF MUNTINLUPA,78,2021-03-19,43.714285714285715
CITY OF MUNTINLUPA,87,2021-03-20,49.42857142857143
CITY OF MUNTINLUPA,77,2021-03-21,56.714285714285715
CITY OF MUNTINLUPA,60,2021-03-22,61.0
CITY OF MUNTINLUPA,92,2021-03-23,66.85714285714286
CITY OF MUNTINLUPA,96,2021-03-24,75.14285714285714
CITY OF MUNTINLUPA,108,2021-03-25,85.42857142857143
CITY OF MUNTINLUPA,157,2021-03-26,96.71428571428571
CITY OF MUNTINLUPA,104,2021-03-27,99.14285714285714
CITY OF MUNTINLUPA,92,2021-03-28,101.28571428571429
CITY OF MUNTINLUPA,80,2021-03-29,104.14285714285714
CITY OF MUNTINLUPA,119,2021-03-30,108.0
CITY OF MUNTINLUPA,56,2021-03-31,102.28571428571429
CITY OF MUNTINLUPA,102,2021-04-01,101.42857142857143
CITY OF MUNTINLUPA,321,2021-04-02,124.85714285714286
CITY OF MUNTINLUPA,160,2021-04-03,132.85714285714286
CITY OF MUNTINLUPA,93,2021-04-04,133.0
CITY OF MUNTINLUPA,151,2021-04-05,143.14285714285714
CITY OF MUNTINLUPA,218,2021-04-06,157.28571428571428
CITY OF MUNTINLUPA,107,2021-04-07,164.57142857142858
CITY OF MUNTINLUPA,110,2021-04-08,165.71428571428572
CITY OF MUNTINLUPA,145,2021-04-09,140.57142857142858
CITY OF MUNTINLUPA,176,2021-04-10,142.85714285714286
CITY OF MUNTINLUPA,195,2021-04-11,157.42857142857142
CITY OF MUNTINLUPA,112,2021-04-12,151.85714285714286
CITY OF MUNTINLUPA,149,2021-04-13,142.0
CITY OF MUNTINLUPA,70,2021-04-14,136.71428571428572
CITY OF MUNTINLUPA,82,2021-04-15,132.71428571428572
CITY OF MUNTINLUPA,171,2021-04-16,136.42857142857142
CITY OF MUNTINLUPA,73,2021-04-17,121.71428571428571
CITY OF MUNTINLUPA,156,2021-04-18,116.14285714285714
CITY OF MUNTINLUPA,90,2021-04-19,113.0
CITY OF MUNTINLUPA,65,2021-04-20,101.0
CITY OF MUNTINLUPA,80,2021-04-21,102.42857142857143
CITY OF MUNTINLUPA,125,2021-04-22,108.57142857142857
CITY OF MUNTINLUPA,150,2021-04-23,105.57142857142857
CITY OF MUNTINLUPA,65,2021-04-24,104.42857142857143
CITY OF MUNTINLUPA,63,2021-04-25,91.14285714285714
CITY OF MUNTINLUPA,63,2021-04-26,87.28571428571429
CITY OF MUNTINLUPA,105,2021-04-27,93.0
CITY OF MUNTINLUPA,88,2021-04-28,94.14285714285714
CITY OF MUNTINLUPA,60,2021-04-29,84.85714285714286
CITY OF MUNTINLUPA,98,2021-04-30,77.42857142857143
CITY OF MUNTINLUPA,121,2021-05-01,85.42857142857143
CITY OF MUNTINLUPA,133,2021-05-02,95.42857142857143
CITY OF MUNTINLUPA,59,2021-05-03,94.85714285714286
CITY OF MUNTINLUPA,97,2021-05-04,93.71428571428571
CITY OF MUNTINLUPA,44,2021-05-05,87.42857142857143
CITY OF MUNTINLUPA,46,2021-05-06,85.42857142857143
CITY OF MUNTINLUPA,92,2021-05-07,84.57142857142857
CITY OF MUNTINLUPA,63,2021-05-08,76.28571428571429
CITY OF MUNTINLUPA,55,2021-05-09,65.14285714285714
CITY OF MUNTINLUPA,74,2021-05-10,67.28571428571429
CITY OF MUNTINLUPA,40,2021-05-11,59.142857142857146
CITY OF MUNTINLUPA,28,2021-05-12,56.857142857142854
CITY OF MUNTINLUPA,61,2021-05-13,59.0
CITY OF MUNTINLUPA,67,2021-05-14,55.42857142857143
CITY OF MUNTINLUPA,60,2021-05-15,55.0
CITY OF MUNTINLUPA,36,2021-05-16,52.285714285714285
CITY OF MUNTINLUPA,45,2021-05-17,48.142857142857146
CITY OF MUNTINLUPA,34,2021-05-18,47.285714285714285
CITY OF MUNTINLUPA,38,2021-05-19,48.714285714285715
CITY OF MUNTINLUPA,60,2021-05-20,48.57142857142857
CITY OF MUNTINLUPA,54,2021-05-21,46.714285714285715
CITY OF MUNTINLUPA,59,2021-05-22,46.57142857142857
CITY OF MUNTINLUPA,17,2021-05-23,43.857142857142854
CITY OF MUNTINLUPA,37,2021-05-24,42.714285714285715
CITY OF MUNTINLUPA,18,2021-05-25,40.42857142857143
CITY OF MUNTINLUPA,70,2021-05-26,45.0
CITY OF MUNTINLUPA,33,2021-05-27,41.142857142857146
CITY OF MUNTINLUPA,74,2021-05-28,44.0
CITY OF MUNTINLUPA,34,2021-05-29,40.42857142857143
CITY OF MUNTINLUPA,47,2021-05-30,44.714285714285715
CITY OF MUNTINLUPA,26,2021-05-31,43.142857142857146
CITY OF MUNTINLUPA,43,2021-06-01,46.714285714285715
CITY OF MUNTINLUPA,28,2021-06-02,40.714285714285715
CITY OF MUNTINLUPA,50,2021-06-03,43.142857142857146
CITY OF MUNTINLUPA,48,2021-06-04,39.42857142857143
CITY OF MUNTINLUPA,48,2021-06-05,41.42857142857143
CITY OF MUNTINLUPA,37,2021-06-06,40.0
CITY OF MUNTINLUPA,22,2021-06-07,39.42857142857143
CITY OF MUNTINLUPA,11,2021-06-08,34.857142857142854
CITY OF MUNTINLUPA,33,2021-06-09,35.57142857142857
CITY OF MUNTINLUPA,49,2021-06-10,35.42857142857143
CITY OF MUNTINLUPA,48,2021-06-11,35.42857142857143
CITY OF MUNTINLUPA,42,2021-06-12,34.57142857142857
CITY OF MUNTINLUPA,55,2021-06-13,37.142857142857146
CITY OF MUNTINLUPA,25,2021-06-14,37.57142857142857
CITY OF MUNTINLUPA,20,2021-06-15,38.857142857142854
CITY OF MUNTINLUPA,15,2021-06-16,36.285714285714285
CITY OF MUNTINLUPA,52,2021-06-17,36.714285714285715
CITY OF MUNTINLUPA,14,2021-06-18,31.857142857142858
CITY OF MUNTINLUPA,39,2021-06-19,31.428571428571427
CITY OF MUNTINLUPA,27,2021-06-20,27.428571428571427
CITY OF MUNTINLUPA,48,2021-06-21,30.714285714285715
CITY OF MUNTINLUPA,35,2021-06-22,32.857142857142854
CITY OF MUNTINLUPA,28,2021-06-23,34.714285714285715
CITY OF MUNTINLUPA,19,2021-06-24,30.0
CITY OF MUNTINLUPA,21,2021-06-25,31.0
CITY OF MUNTINLUPA,48,2021-06-26,32.285714285714285
CITY OF MUNTINLUPA,41,2021-06-27,34.285714285714285
CITY OF MUNTINLUPA,57,2021-06-28,35.57142857142857
CITY OF MUNTINLUPA,12,2021-06-29,32.285714285714285
CITY OF MUNTINLUPA,33,2021-06-30,33.0
CITY OF MUNTINLUPA,8,2021-07-01,31.428571428571427
CITY OF MUNTINLUPA,27,2021-07-02,32.285714285714285
CITY OF MUNTINLUPA,26,2021-07-03,29.142857142857142
CITY OF MUNTINLUPA,35,2021-07-04,28.285714285714285
CITY OF MUNTINLUPA,42,2021-07-05,26.142857142857142
CITY OF MUNTINLUPA,23,2021-07-06,27.714285714285715
CITY OF MUNTINLUPA,19,2021-07-07,25.714285714285715
CITY OF MUNTINLUPA,45,2021-07-08,31.0
CITY OF MUNTINLUPA,45,2021-07-09,33.57142857142857
CITY OF MUNTINLUPA,40,2021-07-10,35.57142857142857
CITY OF MUNTINLUPA,29,2021-07-11,34.714285714285715
CITY OF MUNTINLUPA,23,2021-07-12,32.0
CITY OF MUNTINLUPA,21,2021-07-13,31.714285714285715
CITY OF MUNTINLUPA,13,2021-07-14,30.857142857142858
CITY OF MUNTINLUPA,31,2021-07-15,28.857142857142858
CITY OF MUNTINLUPA,31,2021-07-16,26.857142857142858
CITY OF MUNTINLUPA,35,2021-07-17,26.142857142857142
CITY OF MUNTINLUPA,27,2021-07-18,25.857142857142858
CITY OF MUNTINLUPA,55,2021-07-19,30.428571428571427
CITY OF MUNTINLUPA,12,2021-07-20,29.142857142857142
CITY OF MUNTINLUPA,22,2021-07-21,30.428571428571427
CITY OF MUNTINLUPA,105,2021-07-22,41.0
CITY OF MUNTINLUPA,32,2021-07-23,41.142857142857146
CITY OF MUNTINLUPA,31,2021-07-24,40.57142857142857
CITY OF MUNTINLUPA,34,2021-07-25,41.57142857142857
CITY OF MUNTINLUPA,63,2021-07-26,42.714285714285715
CITY OF MUNTINLUPA,28,2021-07-27,45.0
CITY OF MUNTINLUPA,32,2021-07-28,46.42857142857143
CITY OF MUNTINLUPA,46,2021-07-29,38.0
CITY OF MUNTINLUPA,84,2021-07-30,45.42857142857143
CITY OF MUNTINLUPA,79,2021-07-31,52.285714285714285
CITY OF MUNTINLUPA,76,2021-08-01,58.285714285714285
CITY OF MUNTINLUPA,82,2021-08-02,61.0
CITY OF MUNTINLUPA,144,2021-08-03,77.57142857142857
CITY OF MUNTINLUPA,50,2021-08-04,80.14285714285714
CITY OF MUNTINLUPA,87,2021-08-05,86.0
CITY OF MUNTINLUPA,114,2021-08-06,90.28571428571429
CITY OF MUNTINLUPA,93,2021-08-07,92.28571428571429
CITY OF MUNTINLUPA,79,2021-08-08,92.71428571428571
CITY OF MUNTINLUPA,90,2021-08-09,93.85714285714286
CITY OF MUNTINLUPA,109,2021-08-10,88.85714285714286
CITY OF MUNTINLUPA,132,2021-08-11,100.57142857142857
CITY OF MUNTINLUPA,171,2021-08-12,112.57142857142857
CITY OF MUNTINLUPA,178,2021-08-13,121.71428571428571
CITY OF MUNTINLUPA,276,2021-08-14,147.85714285714286
CITY OF MUNTINLUPA,175,2021-08-15,161.57142857142858
CITY OF MUNTINLUPA,307,2021-08-16,192.57142857142858
CITY OF MUNTINLUPA,121,2021-08-17,194.28571428571428
CITY OF MUNTINLUPA,90,2021-08-18,188.28571428571428
CITY OF MUNTINLUPA,288,2021-08-19,205.0
CITY OF MUNTINLUPA,205,2021-08-20,208.85714285714286
CITY OF MUNTINLUPA,230,2021-08-21,202.28571428571428
CITY OF MUNTINLUPA,228,2021-08-22,209.85714285714286
CITY OF MUNTINLUPA,305,2021-08-23,209.57142857142858
CITY OF MUNTINLUPA,144,2021-08-24,212.85714285714286
CITY OF MUNTINLUPA,176,2021-08-25,225.14285714285714
CITY OF MUNTINLUPA,241,2021-08-26,218.42857142857142
CITY OF MUNTINLUPA,213,2021-08-27,219.57142857142858
CITY OF MUNTINLUPA,305,2021-08-28,230.28571428571428
CITY OF MUNTINLUPA,166,2021-08-29,221.42857142857142
CITY OF MUNTINLUPA,277,2021-08-30,217.42857142857142
CITY OF MUNTINLUPA,321,2021-08-31,242.71428571428572
CITY OF MUNTINLUPA,192,2021-09-01,245.0
CITY OF MUNTINLUPA,340,2021-09-02,259.14285714285717
CITY OF MUNTINLUPA,226,2021-09-03,261.0
CITY OF MUNTINLUPA,278,2021-09-04,257.14285714285717
CITY OF MUNTINLUPA,353,2021-09-05,283.85714285714283
CITY OF MUNTINLUPA,225,2021-09-06,276.42857142857144
CITY OF MUNTINLUPA,283,2021-09-07,271.0
CITY OF MUNTINLUPA,168,2021-09-08,267.57142857142856
CITY OF MUNTINLUPA,484,2021-09-09,288.14285714285717
CITY OF MUNTINLUPA,112,2021-09-10,271.85714285714283
CITY OF MUNTINLUPA,435,2021-09-11,294.2857142857143
CITY OF MUNTINLUPA,266,2021-09-12,281.85714285714283
CITY OF MUNTINLUPA,250,2021-09-13,285.42857142857144
CITY OF MUNTINLUPA,197,2021-09-14,273.14285714285717
CITY OF MUNTINLUPA,170,2021-09-15,273.42857142857144
CITY OF MUNTINLUPA,231,2021-09-16,237.28571428571428
CITY OF MUNTINLUPA,246,2021-09-17,256.42857142857144
CITY OF MUNTINLUPA,114,2021-09-18,210.57142857142858
CITY OF MUNTINLUPA,190,2021-09-19,199.71428571428572
CITY OF MUNTINLUPA,180,2021-09-20,189.71428571428572
CITY OF MUNTINLUPA,130,2021-09-21,180.14285714285714
CITY OF MUNTINLUPA,277,2021-09-22,195.42857142857142
CITY OF MUNTINLUPA,120,2021-09-23,179.57142857142858
CITY OF MUNTINLUPA,143,2021-09-24,164.85714285714286
CITY OF MUNTINLUPA,91,2021-09-25,161.57142857142858
CITY OF MUNTINLUPA,136,2021-09-26,153.85714285714286
CITY OF MUNTINLUPA,67,2021-09-27,137.71428571428572
CITY OF MUNTINLUPA,59,2021-09-28,127.57142857142857
CITY OF MUNTINLUPA,141,2021-09-29,108.14285714285714
CITY OF MUNTINLUPA,38,2021-09-30,96.42857142857143
CITY OF MUNTINLUPA,98,2021-10-01,90.0
CITY OF MUNTINLUPA,67,2021-10-02,86.57142857142857
CITY OF MUNTINLUPA,108,2021-10-03,82.57142857142857
CITY OF MUNTINLUPA,40,2021-10-04,78.71428571428571
CITY OF MUNTINLUPA,47,2021-10-05,77.0
CITY OF MUNTINLUPA,26,2021-10-06,60.57142857142857
CITY OF MUNTINLUPA,69,2021-10-07,65.0
CITY OF MUNTINLUPA,76,2021-10-08,61.857142857142854
CITY OF MUNTINLUPA,32,2021-10-09,56.857142857142854
CITY OF MUNTINLUPA,69,2021-10-10,51.285714285714285
CITY OF MUNTINLUPA,55,2021-10-11,53.42857142857143
CITY OF MUNTINLUPA,31,2021-10-12,51.142857142857146
CITY OF MUNTINLUPA,34,2021-10-13,52.285714285714285
CITY OF MUNTINLUPA,32,2021-10-14,47.0
CITY OF MUNTINLUPA,39,2021-10-15,41.714285714285715
CITY OF MUNTINLUPA,33,2021-10-16,41.857142857142854
CITY OF MUNTINLUPA,52,2021-10-17,39.42857142857143
CITY OF MUNTINLUPA,33,2021-10-18,36.285714285714285
CITY OF MUNTINLUPA,25,2021-10-19,35.42857142857143
CITY OF MUNTINLUPA,25,2021-10-20,34.142857142857146
CITY OF MUNTINLUPA,16,2021-10-21,31.857142857142858
CITY OF MUNTINLUPA,26,2021-10-22,30.0
CITY OF MUNTINLUPA,36,2021-10-23,30.428571428571427
CITY OF MUNTINLUPA,18,2021-10-24,25.571428571428573
CITY OF MUNTINLUPA,27,2021-10-25,24.714285714285715
CITY OF MUNTINLUPA,38,2021-10-26,26.571428571428573
CITY OF MUNTINLUPA,17,2021-10-27,25.428571428571427
CITY OF MUNTINLUPA,51,2021-10-28,30.428571428571427
CITY OF MUNTINLUPA,14,2021-10-29,28.714285714285715
CITY OF MUNTINLUPA,19,2021-10-30,26.285714285714285
CITY OF MUNTINLUPA,24,2021-10-31,27.142857142857142
CITY OF MUNTINLUPA,15,2021-11-01,25.428571428571427
CITY OF MUNTINLUPA,12,2021-11-02,21.714285714285715
CITY OF MUNTINLUPA,9,2021-11-03,20.571428571428573
CITY OF MUNTINLUPA,9,2021-11-04,14.571428571428571
CITY OF MUNTINLUPA,22,2021-11-05,15.714285714285714
CITY OF MUNTINLUPA,7,2021-11-06,14.0
CITY OF MUNTINLUPA,19,2021-11-07,13.285714285714286
CITY OF MUNTINLUPA,8,2021-11-08,12.285714285714286
CITY OF MUNTINLUPA,5,2021-11-09,11.285714285714286
CITY OF MUNTINLUPA,49,2021-11-10,17.0
CITY OF MUNTINLUPA,44,2021-11-11,22.0
CITY OF MUNTINLUPA,18,2021-11-12,21.428571428571427
CITY OF MUNTINLUPA,13,2021-11-13,22.285714285714285
CITY OF MUNTINLUPA,10,2021-11-14,21.0
CITY OF MUNTINLUPA,5,2021-11-15,20.571428571428573
CITY OF MUNTINLUPA,6,2021-11-16,20.714285714285715
CITY OF MUNTINLUPA,5,2021-11-17,14.428571428571429
CITY OF MUNTINLUPA,1,2021-11-18,8.285714285714286
CITY OF MUNTINLUPA,14,2021-11-19,7.714285714285714
CITY OF MUNTINLUPA,13,2021-11-20,7.714285714285714
CITY OF MUNTINLUPA,18,2021-11-21,8.857142857142858
CITY OF MUNTINLUPA,6,2021-11-22,9.0
CITY OF MUNTINLUPA,8,2021-11-23,9.285714285714286
CITY OF MUNTINLUPA,2,2021-11-24,8.857142857142858
CITY OF MUNTINLUPA,1,2021-11-25,8.857142857142858
CITY OF MUNTINLUPA,2,2021-11-26,7.142857142857143
CITY OF MUNTINLUPA,4,2021-11-27,5.857142857142857
CITY OF MUNTINLUPA,4,2021-11-28,3.857142857142857
CITY OF MUNTINLUPA,6,2021-11-29,3.857142857142857
CITY OF MUNTINLUPA,7,2021-11-30,3.7142857142857144
CITY OF MUNTINLUPA,1,2021-12-01,3.5714285714285716
CITY OF MUNTINLUPA,5,2021-12-02,4.142857142857143
CITY OF MUNTINLUPA,3,2021-12-03,4.285714285714286
CITY OF MUNTINLUPA,4,2021-12-04,4.285714285714286
CITY OF MUNTINLUPA,1,2021-12-05,3.857142857142857
CITY OF MUNTINLUPA,0,2021-12-06,3.0
CITY OF MUNTINLUPA,1,2021-12-07,2.142857142857143
CITY OF MUNTINLUPA,0,2021-12-08,2.0
CITY OF MUNTINLUPA,3,2021-12-09,1.7142857142857142
CITY OF MUNTINLUPA,2,2021-12-10,1.5714285714285714
CITY OF MUNTINLUPA,2,2021-12-11,1.2857142857142858
CITY OF MUNTINLUPA,3,2021-12-12,1.5714285714285714
CITY OF MUNTINLUPA,1,2021-12-13,1.7142857142857142
CITY OF MUNTINLUPA,0,2021-12-14,1.5714285714285714
CITY OF MUNTINLUPA,0,2021-12-15,1.5714285714285714
CITY OF MUNTINLUPA,2,2021-12-16,1.4285714285714286
CITY OF MUNTINLUPA,5,2021-12-17,1.8571428571428572
CITY OF MUNTINLUPA,0,2021-12-18,1.5714285714285714
CITY OF MUNTINLUPA,0,2021-12-19,1.1428571428571428
CITY OF MUNTINLUPA,2,2021-12-20,1.2857142857142858
CITY OF MUNTINLUPA,0,2021-12-21,1.2857142857142858
CITY OF MUNTINLUPA,2,2021-12-22,1.5714285714285714
CITY OF MUNTINLUPA,0,2021-12-23,1.2857142857142858
CITY OF MUNTINLUPA,2,2021-12-24,0.8571428571428571
CITY OF MUNTINLUPA,5,2021-12-25,1.5714285714285714
CITY OF MUNTINLUPA,14,2021-12-26,3.5714285714285716
CITY OF MUNTINLUPA,4,2021-12-27,3.857142857142857
CITY OF MUNTINLUPA,2,2021-12-28,4.142857142857143
CITY OF MUNTINLUPA,6,2021-12-29,4.714285714285714
CITY OF MUNTINLUPA,18,2021-12-30,7.285714285714286
CITY OF MUNTINLUPA,60,2021-12-31,15.571428571428571
CITY OF MUNTINLUPA,42,2022-01-01,20.857142857142858
CITY OF MUNTINLUPA,67,2022-01-02,28.428571428571427
CITY OF MUNTINLUPA,62,2022-01-03,36.714285714285715
CITY OF MUNTINLUPA,117,2022-01-04,53.142857142857146
CITY OF MUNTINLUPA,199,2022-01-05,80.71428571428571
CITY OF MUNTINLUPA,390,2022-01-06,133.85714285714286
CITY OF MUNTINLUPA,240,2022-01-07,159.57142857142858
CITY OF MUNTINLUPA,590,2022-01-08,237.85714285714286
CITY OF MUNTINLUPA,617,2022-01-09,316.42857142857144
CITY OF MUNTINLUPA,454,2022-01-10,372.42857142857144
CITY OF MUNTINLUPA,493,2022-01-11,426.14285714285717
CITY OF MUNTINLUPA,595,2022-01-12,482.7142857142857
CITY OF MUNTINLUPA,831,2022-01-13,545.7142857142857
CITY OF MUNTINLUPA,594,2022-01-14,596.2857142857143
CITY OF MUNTINLUPA,666,2022-01-15,607.1428571428571
CITY OF MUNTINLUPA,616,2022-01-16,607.0
CITY OF MUNTINLUPA,440,2022-01-17,605.0
CITY OF MUNTINLUPA,843,2022-01-18,655.0
CITY OF MUNTINLUPA,423,2022-01-19,630.4285714285714
CITY OF MUNTINLUPA,582,2022-01-20,594.8571428571429
CITY OF MUNTINLUPA,330,2022-01-21,557.1428571428571
CITY OF MUNTINLUPA,538,2022-01-22,538.8571428571429
CITY OF MUNTINLUPA,452,2022-01-23,515.4285714285714
CITY OF MUNTINLUPA,350,2022-01-24,502.57142857142856
CITY OF MUNTINLUPA,130,2022-01-25,400.7142857142857
CITY OF MUNTINLUPA,106,2022-01-26,355.42857142857144
CITY OF MUNTINLUPA,93,2022-01-27,285.57142857142856
CITY OF MUNTINLUPA,109,2022-01-28,254.0
CITY OF MUNTINLUPA,178,2022-01-29,202.57142857142858
CITY OF MUNTINLUPA,74,2022-01-30,148.57142857142858
CITY OF MUNTINLUPA,106,2022-01-31,113.71428571428571
CITY OF MUNTINLUPA,61,2022-02-01,103.85714285714286
CITY OF MUNTINLUPA,69,2022-02-02,98.57142857142857
CITY OF MUNTINLUPA,27,2022-02-03,89.14285714285714
CITY OF MUNTINLUPA,74,2022-02-04,84.14285714285714
CITY OF MUNTINLUPA,21,2022-02-05,61.714285714285715
CITY OF MUNTINLUPA,33,2022-02-06,55.857142857142854
CITY OF MUNTINLUPA,31,2022-02-07,45.142857142857146
CITY OF MUNTINLUPA,23,2022-02-08,39.714285714285715
CITY OF MUNTINLUPA,22,2022-02-09,33.0
CITY OF MUNTINLUPA,16,2022-02-10,31.428571428571427
CITY OF MUNTINLUPA,20,2022-02-11,23.714285714285715
CITY OF MUNTINLUPA,16,2022-02-12,23.0
CITY OF MUNTINLUPA,28,2022-02-13,22.285714285714285
CITY OF MUNTINLUPA,14,2022-02-14,19.857142857142858
CITY OF MUNTINLUPA,20,2022-02-15,19.428571428571427
CITY OF MUNTINLUPA,7,2022-02-16,17.285714285714285
CITY OF MUNTINLUPA,9,2022-02-17,16.285714285714285
CITY OF MUNTINLUPA,12,2022-02-18,15.142857142857142
CITY OF MUNTINLUPA,3,2022-02-19,13.285714285714286
CITY OF MUNTINLUPA,10,2022-02-20,10.714285714285714
CITY OF MUNTINLUPA,15,2022-02-21,10.857142857142858
CITY OF MUNTINLUPA,8,2022-02-22,9.142857142857142
CITY OF MUNTINLUPA,7,2022-02-23,9.142857142857142
CITY OF MUNTINLUPA,6,2022-02-24,8.714285714285714
CITY OF MUNTINLUPA,17,2022-02-25,9.428571428571429
CITY OF MUNTINLUPA,4,2022-02-26,9.571428571428571
CITY OF MUNTINLUPA,3,2022-02-27,8.571428571428571
CITY OF MUNTINLUPA,7,2022-02-28,7.428571428571429
CITY OF MUNTINLUPA,5,2022-03-01,7.0
CITY OF MUNTINLUPA,8,2022-03-02,7.142857142857143
CITY OF MUNTINLUPA,5,2022-03-03,7.0
CITY OF MUNTINLUPA,4,2022-03-04,5.142857142857143
CITY OF MUNTINLUPA,4,2022-03-05,5.142857142857143
CITY OF MUNTINLUPA,2,2022-03-06,5.0
CITY OF MUNTINLUPA,8,2022-03-07,5.142857142857143
CITY OF MUNTINLUPA,4,2022-03-08,5.0
CITY OF MUNTINLUPA,1,2022-03-09,4.0
CITY OF MUNTINLUPA,6,2022-03-10,4.142857142857143
CITY OF MUNTINLUPA,1,2022-03-11,3.7142857142857144
CITY OF MUNTINLUPA,6,2022-03-12,4.0
CITY OF MUNTINLUPA,7,2022-03-13,4.714285714285714
CITY OF MUNTINLUPA,3,2022-03-14,4.0
CITY OF MUNTINLUPA,6,2022-03-15,4.285714285714286
CITY OF MUNTINLUPA,1,2022-03-16,4.285714285714286
CITY OF MUNTINLUPA,5,2022-03-17,4.142857142857143
CITY OF MUNTINLUPA,4,2022-03-18,4.571428571428571
CITY OF MUNTINLUPA,2,2022-03-19,4.0
CITY OF MUNTINLUPA,4,2022-03-20,3.5714285714285716
CITY OF MUNTINLUPA,2,2022-03-21,3.4285714285714284
CITY OF MUNTINLUPA,1,2022-03-22,2.7142857142857144
CITY OF MUNTINLUPA,2,2022-03-23,2.857142857142857
CITY OF MUNTINLUPA,3,2022-03-24,2.5714285714285716
CITY OF MUNTINLUPA,2,2022-03-25,2.2857142857142856
CITY OF MUNTINLUPA,3,2022-03-26,2.4285714285714284
CITY OF MUNTINLUPA,5,2022-03-27,2.5714285714285716
CITY OF MUNTINLUPA,5,2022-03-28,3.0
CITY OF MUNTINLUPA,4,2022-03-29,3.4285714285714284
CITY OF MUNTINLUPA,2,2022-03-30,3.4285714285714284
CITY OF MUNTINLUPA,1,2022-03-31,3.142857142857143
CITY OF MUNTINLUPA,2,2022-04-01,3.142857142857143
CITY OF MUNTINLUPA,4,2022-04-02,3.2857142857142856
CITY OF MUNTINLUPA,8,2022-04-03,3.7142857142857144
CITY OF MUNTINLUPA,0,2022-04-04,3.0
CITY OF MUNTINLUPA,1,2022-04-05,2.5714285714285716
CITY OF MUNTINLUPA,4,2022-04-06,2.857142857142857
CITY OF MUNTINLUPA,3,2022-04-07,3.142857142857143
CITY OF MUNTINLUPA,0,2022-04-08,2.857142857142857
CITY OF MUNTINLUPA,1,2022-04-09,2.4285714285714284
CITY OF MUNTINLUPA,3,2022-04-10,1.7142857142857142
CITY OF MUNTINLUPA,1,2022-04-11,1.8571428571428572
CITY OF MUNTINLUPA,1,2022-04-12,1.8571428571428572
CITY OF MUNTINLUPA,2,2022-04-13,1.5714285714285714
CITY OF MUNTINLUPA,3,2022-04-14,1.5714285714285714
CITY OF MUNTINLUPA,6,2022-04-15,2.4285714285714284
CITY OF MUNTINLUPA,0,2022-04-16,2.2857142857142856
CITY OF MUNTINLUPA,2,2022-04-17,2.142857142857143
CITY OF MUNTINLUPA,1,2022-04-18,2.142857142857143
CITY OF MUNTINLUPA,0,2022-04-19,2.0
CITY OF MUNTINLUPA,3,2022-04-20,2.142857142857143
CITY OF MUNTINLUPA,1,2022-04-21,1.8571428571428572
CITY OF MUNTINLUPA,2,2022-04-22,1.2857142857142858
CITY OF MUNTINLUPA,3,2022-04-23,1.7142857142857142
CITY OF MUNTINLUPA,1,2022-04-24,1.5714285714285714
CITY OF MUNTINLUPA,5,2022-04-25,2.142857142857143
CITY OF MUNTINLUPA,1,2022-04-26,2.2857142857142856
CITY OF MUNTINLUPA,5,2022-04-27,2.5714285714285716
CITY OF MUNTINLUPA,1,2022-04-28,2.5714285714285716
CITY OF MUNTINLUPA,1,2022-04-29,2.4285714285714284
CITY OF MUNTINLUPA,5,2022-04-30,2.7142857142857144
CITY OF MUNTINLUPA,2,2022-05-01,2.857142857142857
CITY OF MUNTINLUPA,3,2022-05-02,2.5714285714285716
CITY OF MUNTINLUPA,1,2022-05-03,2.5714285714285716
CITY OF MUNTINLUPA,0,2022-05-04,1.8571428571428572
CITY OF MUNTINLUPA,2,2022-05-05,2.0
CITY OF MUNTINLUPA,2,2022-05-06,2.142857142857143
CITY OF MUNTINLUPA,0,2022-05-07,1.4285714285714286
CITY OF MUNTINLUPA,2,2022-05-08,1.4285714285714286
CITY OF MUNTINLUPA,3,2022-05-09,1.4285714285714286
CITY OF MUNTINLUPA,3,2022-05-10,1.7142857142857142
CITY OF MUNTINLUPA,0,2022-05-11,1.7142857142857142
CITY OF MUNTINLUPA,0,2022-05-12,1.4285714285714286
CITY OF MUNTINLUPA,2,2022-05-13,1.4285714285714286
CITY OF MUNTINLUPA,2,2022-05-14,1.7142857142857142
CITY OF MUNTINLUPA,3,2022-05-15,1.8571428571428572
CITY OF MUNTINLUPA,2,2022-05-16,1.7142857142857142
CITY OF MUNTINLUPA,3,2022-05-17,1.7142857142857142
CITY OF MUNTINLUPA,1,2022-05-18,1.8571428571428572
CITY OF MUNTINLUPA,3,2022-05-19,2.2857142857142856
CITY OF MUNTINLUPA,2,2022-05-20,2.2857142857142856
CITY OF MUNTINLUPA,1,2022-05-21,2.142857142857143
CITY OF MUNTINLUPA,3,2022-05-22,2.142857142857143
CITY OF MUNTINLUPA,5,2022-05-23,2.5714285714285716
CITY OF MUNTINLUPA,4,2022-05-24,2.7142857142857144
CITY OF MUNTINLUPA,1,2022-05-25,2.7142857142857144
CITY OF MUNTINLUPA,1,2022-05-26,2.4285714285714284
CITY OF MUNTINLUPA,4,2022-05-27,2.7142857142857144
CITY OF MUNTINLUPA,6,2022-05-28,3.4285714285714284
CITY OF MUNTINLUPA,10,2022-05-29,4.428571428571429
CITY OF MUNTINLUPA,2,2022-05-30,4.0
CITY OF MUNTINLUPA,0,2022-05-31,3.4285714285714284
CITY OF MUNTINLUPA,4,2022-06-01,3.857142857142857
CITY OF MUNTINLUPA,6,2022-06-02,4.571428571428571
CITY OF MUNTINLUPA,4,2022-06-03,4.571428571428571
CITY OF MUNTINLUPA,11,2022-06-04,5.285714285714286
CITY OF MUNTINLUPA,2,2022-06-05,4.142857142857143
CITY OF MUNTINLUPA,5,2022-06-06,4.571428571428571
CITY OF MUNTINLUPA,9,2022-06-07,5.857142857142857
CITY OF MUNTINLUPA,6,2022-06-08,6.142857142857143
CITY OF MUNTINLUPA,2,2022-06-09,5.571428571428571
CITY OF MUNTINLUPA,7,2022-06-10,6.0
CITY OF MUNTINLUPA,7,2022-06-11,5.428571428571429
CITY OF MUNTINLUPA,8,2022-06-12,6.285714285714286
CITY OF MUNTINLUPA,7,2022-06-13,6.571428571428571
CITY OF MUNTINLUPA,4,2022-06-14,5.857142857142857
CITY OF MUNTINLUPA,4,2022-06-15,5.571428571428571
CITY OF MUNTINLUPA,7,2022-06-16,6.285714285714286
CITY OF MUNTINLUPA,11,2022-06-17,6.857142857142857
CITY OF MUNTINLUPA,8,2022-06-18,7.0
