city,count,date,7DayMA
CITY OF VALENZUELA,1,2020-03-19,
CITY OF VALENZUELA,0,2020-03-20,
CITY OF VALENZUELA,0,2020-03-21,
CITY OF VALENZUELA,1,2020-03-22,
CITY OF VALENZUELA,0,2020-03-23,
CITY OF VALENZUELA,0,2020-03-24,
CITY OF VALENZUELA,0,2020-03-25,0.2857142857142857
CITY OF VALENZUELA,0,2020-03-26,0.14285714285714285
CITY OF VALENZUELA,1,2020-03-27,0.2857142857142857
CITY OF VALENZUELA,1,2020-03-28,0.42857142857142855
CITY OF VALENZUELA,3,2020-03-29,0.7142857142857143
CITY OF VALENZUELA,0,2020-03-30,0.7142857142857143
CITY OF VALENZUELA,4,2020-03-31,1.2857142857142858
CITY OF VALENZUELA,4,2020-04-01,1.8571428571428572
CITY OF VALENZUELA,1,2020-04-02,2.0
CITY OF VALENZUELA,4,2020-04-03,2.4285714285714284
CITY OF VALENZUELA,0,2020-04-04,2.2857142857142856
CITY OF VALENZUELA,1,2020-04-05,2.0
CITY OF VALENZUELA,13,2020-04-06,3.857142857142857
CITY OF VALENZUELA,2,2020-04-07,3.5714285714285716
CITY OF VALENZUELA,1,2020-04-08,3.142857142857143
CITY OF VALENZUELA,5,2020-04-09,3.7142857142857144
CITY OF VALENZUELA,2,2020-04-10,3.4285714285714284
CITY OF VALENZUELA,3,2020-04-11,3.857142857142857
CITY OF VALENZUELA,2,2020-04-12,4.0
CITY OF VALENZUELA,3,2020-04-13,2.5714285714285716
CITY OF VALENZUELA,1,2020-04-14,2.4285714285714284
CITY OF VALENZUELA,1,2020-04-15,2.4285714285714284
CITY OF VALENZUELA,1,2020-04-16,1.8571428571428572
CITY OF VALENZUELA,0,2020-04-17,1.5714285714285714
CITY OF VALENZUELA,0,2020-04-18,1.1428571428571428
CITY OF VALENZUELA,9,2020-04-19,2.142857142857143
CITY OF VALENZUELA,1,2020-04-20,1.8571428571428572
CITY OF VALENZUELA,22,2020-04-21,4.857142857142857
CITY OF VALENZUELA,1,2020-04-22,4.857142857142857
CITY OF VALENZUELA,1,2020-04-23,4.857142857142857
CITY OF VALENZUELA,1,2020-04-24,5.0
CITY OF VALENZUELA,0,2020-04-25,5.0
CITY OF VALENZUELA,2,2020-04-26,4.0
CITY OF VALENZUELA,2,2020-04-27,4.142857142857143
CITY OF VALENZUELA,4,2020-04-28,1.5714285714285714
CITY OF VALENZUELA,5,2020-04-29,2.142857142857143
CITY OF VALENZUELA,2,2020-04-30,2.2857142857142856
CITY OF VALENZUELA,4,2020-05-01,2.7142857142857144
CITY OF VALENZUELA,0,2020-05-02,2.7142857142857144
CITY OF VALENZUELA,5,2020-05-03,3.142857142857143
CITY OF VALENZUELA,1,2020-05-04,3.0
CITY OF VALENZUELA,1,2020-05-05,2.5714285714285716
CITY OF VALENZUELA,0,2020-05-06,1.8571428571428572
CITY OF VALENZUELA,2,2020-05-07,1.8571428571428572
CITY OF VALENZUELA,0,2020-05-08,1.2857142857142858
CITY OF VALENZUELA,1,2020-05-09,1.4285714285714286
CITY OF VALENZUELA,7,2020-05-10,1.7142857142857142
CITY OF VALENZUELA,4,2020-05-11,2.142857142857143
CITY OF VALENZUELA,1,2020-05-12,2.142857142857143
CITY OF VALENZUELA,2,2020-05-13,2.4285714285714284
CITY OF VALENZUELA,10,2020-05-14,3.5714285714285716
CITY OF VALENZUELA,7,2020-05-15,4.571428571428571
CITY OF VALENZUELA,3,2020-05-16,4.857142857142857
CITY OF VALENZUELA,14,2020-05-17,5.857142857142857
CITY OF VALENZUELA,10,2020-05-18,6.714285714285714
CITY OF VALENZUELA,19,2020-05-19,9.285714285714286
CITY OF VALENZUELA,11,2020-05-20,10.571428571428571
CITY OF VALENZUELA,1,2020-05-21,9.285714285714286
CITY OF VALENZUELA,2,2020-05-22,8.571428571428571
CITY OF VALENZUELA,2,2020-05-23,8.428571428571429
CITY OF VALENZUELA,1,2020-05-24,6.571428571428571
CITY OF VALENZUELA,0,2020-05-25,5.142857142857143
CITY OF VALENZUELA,18,2020-05-26,5.0
CITY OF VALENZUELA,2,2020-05-27,3.7142857142857144
CITY OF VALENZUELA,3,2020-05-28,4.0
CITY OF VALENZUELA,6,2020-05-29,4.571428571428571
CITY OF VALENZUELA,4,2020-05-30,4.857142857142857
CITY OF VALENZUELA,10,2020-05-31,6.142857142857143
CITY OF VALENZUELA,20,2020-06-01,9.0
CITY OF VALENZUELA,4,2020-06-02,7.0
CITY OF VALENZUELA,2,2020-06-03,7.0
CITY OF VALENZUELA,2,2020-06-04,6.857142857142857
CITY OF VALENZUELA,1,2020-06-05,6.142857142857143
CITY OF VALENZUELA,6,2020-06-06,6.428571428571429
CITY OF VALENZUELA,6,2020-06-07,5.857142857142857
CITY OF VALENZUELA,3,2020-06-08,3.4285714285714284
CITY OF VALENZUELA,2,2020-06-09,3.142857142857143
CITY OF VALENZUELA,6,2020-06-10,3.7142857142857144
CITY OF VALENZUELA,11,2020-06-11,5.0
CITY OF VALENZUELA,15,2020-06-12,7.0
CITY OF VALENZUELA,4,2020-06-13,6.714285714285714
CITY OF VALENZUELA,10,2020-06-14,7.285714285714286
CITY OF VALENZUELA,3,2020-06-15,7.285714285714286
CITY OF VALENZUELA,10,2020-06-16,8.428571428571429
CITY OF VALENZUELA,4,2020-06-17,8.142857142857142
CITY OF VALENZUELA,2,2020-06-18,6.857142857142857
CITY OF VALENZUELA,6,2020-06-19,5.571428571428571
CITY OF VALENZUELA,7,2020-06-20,6.0
CITY OF VALENZUELA,7,2020-06-21,5.571428571428571
CITY OF VALENZUELA,7,2020-06-22,6.142857142857143
CITY OF VALENZUELA,17,2020-06-23,7.142857142857143
CITY OF VALENZUELA,6,2020-06-24,7.428571428571429
CITY OF VALENZUELA,11,2020-06-25,8.714285714285714
CITY OF VALENZUELA,19,2020-06-26,10.571428571428571
CITY OF VALENZUELA,6,2020-06-27,10.428571428571429
CITY OF VALENZUELA,18,2020-06-28,12.0
CITY OF VALENZUELA,17,2020-06-29,13.428571428571429
CITY OF VALENZUELA,16,2020-06-30,13.285714285714286
CITY OF VALENZUELA,8,2020-07-01,13.571428571428571
CITY OF VALENZUELA,3,2020-07-02,12.428571428571429
CITY OF VALENZUELA,9,2020-07-03,11.0
CITY OF VALENZUELA,36,2020-07-04,15.285714285714286
CITY OF VALENZUELA,58,2020-07-05,21.0
CITY OF VALENZUELA,54,2020-07-06,26.285714285714285
CITY OF VALENZUELA,28,2020-07-07,28.0
CITY OF VALENZUELA,24,2020-07-08,30.285714285714285
CITY OF VALENZUELA,44,2020-07-09,36.142857142857146
CITY OF VALENZUELA,16,2020-07-10,37.142857142857146
CITY OF VALENZUELA,17,2020-07-11,34.42857142857143
CITY OF VALENZUELA,23,2020-07-12,29.428571428571427
CITY OF VALENZUELA,39,2020-07-13,27.285714285714285
CITY OF VALENZUELA,21,2020-07-14,26.285714285714285
CITY OF VALENZUELA,5,2020-07-15,23.571428571428573
CITY OF VALENZUELA,73,2020-07-16,27.714285714285715
CITY OF VALENZUELA,20,2020-07-17,28.285714285714285
CITY OF VALENZUELA,22,2020-07-18,29.0
CITY OF VALENZUELA,71,2020-07-19,35.857142857142854
CITY OF VALENZUELA,35,2020-07-20,35.285714285714285
CITY OF VALENZUELA,43,2020-07-21,38.42857142857143
CITY OF VALENZUELA,14,2020-07-22,39.714285714285715
CITY OF VALENZUELA,22,2020-07-23,32.42857142857143
CITY OF VALENZUELA,25,2020-07-24,33.142857142857146
CITY OF VALENZUELA,30,2020-07-25,34.285714285714285
CITY OF VALENZUELA,60,2020-07-26,32.714285714285715
CITY OF VALENZUELA,44,2020-07-27,34.0
CITY OF VALENZUELA,12,2020-07-28,29.571428571428573
CITY OF VALENZUELA,22,2020-07-29,30.714285714285715
CITY OF VALENZUELA,70,2020-07-30,37.57142857142857
CITY OF VALENZUELA,100,2020-07-31,48.285714285714285
CITY OF VALENZUELA,50,2020-08-01,51.142857142857146
CITY OF VALENZUELA,123,2020-08-02,60.142857142857146
CITY OF VALENZUELA,63,2020-08-03,62.857142857142854
CITY OF VALENZUELA,75,2020-08-04,71.85714285714286
CITY OF VALENZUELA,118,2020-08-05,85.57142857142857
CITY OF VALENZUELA,82,2020-08-06,87.28571428571429
CITY OF VALENZUELA,23,2020-08-07,76.28571428571429
CITY OF VALENZUELA,114,2020-08-08,85.42857142857143
CITY OF VALENZUELA,36,2020-08-09,73.0
CITY OF VALENZUELA,239,2020-08-10,98.14285714285714
CITY OF VALENZUELA,81,2020-08-11,99.0
CITY OF VALENZUELA,109,2020-08-12,97.71428571428571
CITY OF VALENZUELA,161,2020-08-13,109.0
CITY OF VALENZUELA,148,2020-08-14,126.85714285714286
CITY OF VALENZUELA,114,2020-08-15,126.85714285714286
CITY OF VALENZUELA,89,2020-08-16,134.42857142857142
CITY OF VALENZUELA,37,2020-08-17,105.57142857142857
CITY OF VALENZUELA,127,2020-08-18,112.14285714285714
CITY OF VALENZUELA,149,2020-08-19,117.85714285714286
CITY OF VALENZUELA,183,2020-08-20,121.0
CITY OF VALENZUELA,217,2020-08-21,130.85714285714286
CITY OF VALENZUELA,140,2020-08-22,134.57142857142858
CITY OF VALENZUELA,41,2020-08-23,127.71428571428571
CITY OF VALENZUELA,76,2020-08-24,133.28571428571428
CITY OF VALENZUELA,83,2020-08-25,127.0
CITY OF VALENZUELA,130,2020-08-26,124.28571428571429
CITY OF VALENZUELA,104,2020-08-27,113.0
CITY OF VALENZUELA,139,2020-08-28,101.85714285714286
CITY OF VALENZUELA,156,2020-08-29,104.14285714285714
CITY OF VALENZUELA,202,2020-08-30,127.14285714285714
CITY OF VALENZUELA,83,2020-08-31,128.14285714285714
CITY OF VALENZUELA,155,2020-09-01,138.42857142857142
CITY OF VALENZUELA,120,2020-09-02,137.0
CITY OF VALENZUELA,81,2020-09-03,133.71428571428572
CITY OF VALENZUELA,142,2020-09-04,134.14285714285714
CITY OF VALENZUELA,101,2020-09-05,126.28571428571429
CITY OF VALENZUELA,107,2020-09-06,112.71428571428571
CITY OF VALENZUELA,49,2020-09-07,107.85714285714286
CITY OF VALENZUELA,65,2020-09-08,95.0
CITY OF VALENZUELA,81,2020-09-09,89.42857142857143
CITY OF VALENZUELA,108,2020-09-10,93.28571428571429
CITY OF VALENZUELA,81,2020-09-11,84.57142857142857
CITY OF VALENZUELA,162,2020-09-12,93.28571428571429
CITY OF VALENZUELA,116,2020-09-13,94.57142857142857
CITY OF VALENZUELA,101,2020-09-14,102.0
CITY OF VALENZUELA,105,2020-09-15,107.71428571428571
CITY OF VALENZUELA,125,2020-09-16,114.0
CITY OF VALENZUELA,77,2020-09-17,109.57142857142857
CITY OF VALENZUELA,83,2020-09-18,109.85714285714286
CITY OF VALENZUELA,76,2020-09-19,97.57142857142857
CITY OF VALENZUELA,71,2020-09-20,91.14285714285714
CITY OF VALENZUELA,76,2020-09-21,87.57142857142857
CITY OF VALENZUELA,36,2020-09-22,77.71428571428571
CITY OF VALENZUELA,58,2020-09-23,68.14285714285714
CITY OF VALENZUELA,29,2020-09-24,61.285714285714285
CITY OF VALENZUELA,47,2020-09-25,56.142857142857146
CITY OF VALENZUELA,40,2020-09-26,51.0
CITY OF VALENZUELA,37,2020-09-27,46.142857142857146
CITY OF VALENZUELA,92,2020-09-28,48.42857142857143
CITY OF VALENZUELA,32,2020-09-29,47.857142857142854
CITY OF VALENZUELA,40,2020-09-30,45.285714285714285
CITY OF VALENZUELA,39,2020-10-01,46.714285714285715
CITY OF VALENZUELA,80,2020-10-02,51.42857142857143
CITY OF VALENZUELA,85,2020-10-03,57.857142857142854
CITY OF VALENZUELA,78,2020-10-04,63.714285714285715
CITY OF VALENZUELA,59,2020-10-05,59.0
CITY OF VALENZUELA,28,2020-10-06,58.42857142857143
CITY OF VALENZUELA,69,2020-10-07,62.57142857142857
CITY OF VALENZUELA,36,2020-10-08,62.142857142857146
CITY OF VALENZUELA,54,2020-10-09,58.42857142857143
CITY OF VALENZUELA,37,2020-10-10,51.57142857142857
CITY OF VALENZUELA,36,2020-10-11,45.57142857142857
CITY OF VALENZUELA,63,2020-10-12,46.142857142857146
CITY OF VALENZUELA,15,2020-10-13,44.285714285714285
CITY OF VALENZUELA,33,2020-10-14,39.142857142857146
CITY OF VALENZUELA,32,2020-10-15,38.57142857142857
CITY OF VALENZUELA,14,2020-10-16,32.857142857142854
CITY OF VALENZUELA,31,2020-10-17,32.0
CITY OF VALENZUELA,32,2020-10-18,31.428571428571427
CITY OF VALENZUELA,37,2020-10-19,27.714285714285715
CITY OF VALENZUELA,17,2020-10-20,28.0
CITY OF VALENZUELA,17,2020-10-21,25.714285714285715
CITY OF VALENZUELA,50,2020-10-22,28.285714285714285
CITY OF VALENZUELA,31,2020-10-23,30.714285714285715
CITY OF VALENZUELA,19,2020-10-24,29.0
CITY OF VALENZUELA,27,2020-10-25,28.285714285714285
CITY OF VALENZUELA,16,2020-10-26,25.285714285714285
CITY OF VALENZUELA,16,2020-10-27,25.142857142857142
CITY OF VALENZUELA,21,2020-10-28,25.714285714285715
CITY OF VALENZUELA,25,2020-10-29,22.142857142857142
CITY OF VALENZUELA,29,2020-10-30,21.857142857142858
CITY OF VALENZUELA,14,2020-10-31,21.142857142857142
CITY OF VALENZUELA,16,2020-11-01,19.571428571428573
CITY OF VALENZUELA,12,2020-11-02,19.0
CITY OF VALENZUELA,12,2020-11-03,18.428571428571427
CITY OF VALENZUELA,12,2020-11-04,17.142857142857142
CITY OF VALENZUELA,12,2020-11-05,15.285714285714286
CITY OF VALENZUELA,19,2020-11-06,13.857142857142858
CITY OF VALENZUELA,12,2020-11-07,13.571428571428571
CITY OF VALENZUELA,15,2020-11-08,13.428571428571429
CITY OF VALENZUELA,23,2020-11-09,15.0
CITY OF VALENZUELA,10,2020-11-10,14.714285714285714
CITY OF VALENZUELA,12,2020-11-11,14.714285714285714
CITY OF VALENZUELA,25,2020-11-12,16.571428571428573
CITY OF VALENZUELA,12,2020-11-13,15.571428571428571
CITY OF VALENZUELA,5,2020-11-14,14.571428571428571
CITY OF VALENZUELA,9,2020-11-15,13.714285714285714
CITY OF VALENZUELA,20,2020-11-16,13.285714285714286
CITY OF VALENZUELA,9,2020-11-17,13.142857142857142
CITY OF VALENZUELA,10,2020-11-18,12.857142857142858
CITY OF VALENZUELA,20,2020-11-19,12.142857142857142
CITY OF VALENZUELA,6,2020-11-20,11.285714285714286
CITY OF VALENZUELA,14,2020-11-21,12.571428571428571
CITY OF VALENZUELA,9,2020-11-22,12.571428571428571
CITY OF VALENZUELA,21,2020-11-23,12.714285714285714
CITY OF VALENZUELA,1,2020-11-24,11.571428571428571
CITY OF VALENZUELA,11,2020-11-25,11.714285714285714
CITY OF VALENZUELA,13,2020-11-26,10.714285714285714
CITY OF VALENZUELA,12,2020-11-27,11.571428571428571
CITY OF VALENZUELA,6,2020-11-28,10.428571428571429
CITY OF VALENZUELA,24,2020-11-29,12.571428571428571
CITY OF VALENZUELA,11,2020-11-30,11.142857142857142
CITY OF VALENZUELA,5,2020-12-01,11.714285714285714
CITY OF VALENZUELA,21,2020-12-02,13.142857142857142
CITY OF VALENZUELA,11,2020-12-03,12.857142857142858
CITY OF VALENZUELA,8,2020-12-04,12.285714285714286
CITY OF VALENZUELA,9,2020-12-05,12.714285714285714
CITY OF VALENZUELA,18,2020-12-06,11.857142857142858
CITY OF VALENZUELA,10,2020-12-07,11.714285714285714
CITY OF VALENZUELA,6,2020-12-08,11.857142857142858
CITY OF VALENZUELA,6,2020-12-09,9.714285714285714
CITY OF VALENZUELA,7,2020-12-10,9.142857142857142
CITY OF VALENZUELA,16,2020-12-11,10.285714285714286
CITY OF VALENZUELA,8,2020-12-12,10.142857142857142
CITY OF VALENZUELA,5,2020-12-13,8.285714285714286
CITY OF VALENZUELA,15,2020-12-14,9.0
CITY OF VALENZUELA,10,2020-12-15,9.571428571428571
CITY OF VALENZUELA,10,2020-12-16,10.142857142857142
CITY OF VALENZUELA,20,2020-12-17,12.0
CITY OF VALENZUELA,24,2020-12-18,13.142857142857142
CITY OF VALENZUELA,12,2020-12-19,13.714285714285714
CITY OF VALENZUELA,9,2020-12-20,14.285714285714286
CITY OF VALENZUELA,14,2020-12-21,14.142857142857142
CITY OF VALENZUELA,4,2020-12-22,13.285714285714286
CITY OF VALENZUELA,25,2020-12-23,15.428571428571429
CITY OF VALENZUELA,23,2020-12-24,15.857142857142858
CITY OF VALENZUELA,9,2020-12-25,13.714285714285714
CITY OF VALENZUELA,8,2020-12-26,13.142857142857142
CITY OF VALENZUELA,14,2020-12-27,13.857142857142858
CITY OF VALENZUELA,23,2020-12-28,15.142857142857142
CITY OF VALENZUELA,1,2020-12-29,14.714285714285714
CITY OF VALENZUELA,12,2020-12-30,12.857142857142858
CITY OF VALENZUELA,20,2020-12-31,12.428571428571429
CITY OF VALENZUELA,17,2021-01-01,13.571428571428571
CITY OF VALENZUELA,13,2021-01-02,14.285714285714286
CITY OF VALENZUELA,5,2021-01-03,13.0
CITY OF VALENZUELA,4,2021-01-04,10.285714285714286
CITY OF VALENZUELA,4,2021-01-05,10.714285714285714
CITY OF VALENZUELA,15,2021-01-06,11.142857142857142
CITY OF VALENZUELA,8,2021-01-07,9.428571428571429
CITY OF VALENZUELA,25,2021-01-08,10.571428571428571
CITY OF VALENZUELA,10,2021-01-09,10.142857142857142
CITY OF VALENZUELA,16,2021-01-10,11.714285714285714
CITY OF VALENZUELA,34,2021-01-11,16.0
CITY OF VALENZUELA,11,2021-01-12,17.0
CITY OF VALENZUELA,16,2021-01-13,17.142857142857142
CITY OF VALENZUELA,22,2021-01-14,19.142857142857142
CITY OF VALENZUELA,32,2021-01-15,20.142857142857142
CITY OF VALENZUELA,23,2021-01-16,22.0
CITY OF VALENZUELA,60,2021-01-17,28.285714285714285
CITY OF VALENZUELA,31,2021-01-18,27.857142857142858
CITY OF VALENZUELA,5,2021-01-19,27.0
CITY OF VALENZUELA,26,2021-01-20,28.428571428571427
CITY OF VALENZUELA,35,2021-01-21,30.285714285714285
CITY OF VALENZUELA,21,2021-01-22,28.714285714285715
CITY OF VALENZUELA,27,2021-01-23,29.285714285714285
CITY OF VALENZUELA,19,2021-01-24,23.428571428571427
CITY OF VALENZUELA,26,2021-01-25,22.714285714285715
CITY OF VALENZUELA,4,2021-01-26,22.571428571428573
CITY OF VALENZUELA,26,2021-01-27,22.571428571428573
CITY OF VALENZUELA,20,2021-01-28,20.428571428571427
CITY OF VALENZUELA,9,2021-01-29,18.714285714285715
CITY OF VALENZUELA,12,2021-01-30,16.571428571428573
CITY OF VALENZUELA,29,2021-01-31,18.0
CITY OF VALENZUELA,29,2021-02-01,18.428571428571427
CITY OF VALENZUELA,11,2021-02-02,19.428571428571427
CITY OF VALENZUELA,43,2021-02-03,21.857142857142858
CITY OF VALENZUELA,30,2021-02-04,23.285714285714285
CITY OF VALENZUELA,35,2021-02-05,27.0
CITY OF VALENZUELA,34,2021-02-06,30.142857142857142
CITY OF VALENZUELA,16,2021-02-07,28.285714285714285
CITY OF VALENZUELA,47,2021-02-08,30.857142857142858
CITY OF VALENZUELA,10,2021-02-09,30.714285714285715
CITY OF VALENZUELA,38,2021-02-10,30.0
CITY OF VALENZUELA,41,2021-02-11,31.571428571428573
CITY OF VALENZUELA,23,2021-02-12,29.857142857142858
CITY OF VALENZUELA,32,2021-02-13,29.571428571428573
CITY OF VALENZUELA,31,2021-02-14,31.714285714285715
CITY OF VALENZUELA,25,2021-02-15,28.571428571428573
CITY OF VALENZUELA,3,2021-02-16,27.571428571428573
CITY OF VALENZUELA,16,2021-02-17,24.428571428571427
CITY OF VALENZUELA,21,2021-02-18,21.571428571428573
CITY OF VALENZUELA,12,2021-02-19,20.0
CITY OF VALENZUELA,33,2021-02-20,20.142857142857142
CITY OF VALENZUELA,35,2021-02-21,20.714285714285715
CITY OF VALENZUELA,37,2021-02-22,22.428571428571427
CITY OF VALENZUELA,10,2021-02-23,23.428571428571427
CITY OF VALENZUELA,20,2021-02-24,24.0
CITY OF VALENZUELA,40,2021-02-25,26.714285714285715
CITY OF VALENZUELA,80,2021-02-26,36.42857142857143
CITY OF VALENZUELA,62,2021-02-27,40.57142857142857
CITY OF VALENZUELA,25,2021-02-28,39.142857142857146
CITY OF VALENZUELA,24,2021-03-01,37.285714285714285
CITY OF VALENZUELA,11,2021-03-02,37.42857142857143
CITY OF VALENZUELA,28,2021-03-03,38.57142857142857
CITY OF VALENZUELA,64,2021-03-04,42.0
CITY OF VALENZUELA,40,2021-03-05,36.285714285714285
CITY OF VALENZUELA,40,2021-03-06,33.142857142857146
CITY OF VALENZUELA,55,2021-03-07,37.42857142857143
CITY OF VALENZUELA,81,2021-03-08,45.57142857142857
CITY OF VALENZUELA,30,2021-03-09,48.285714285714285
CITY OF VALENZUELA,74,2021-03-10,54.857142857142854
CITY OF VALENZUELA,97,2021-03-11,59.57142857142857
CITY OF VALENZUELA,63,2021-03-12,62.857142857142854
CITY OF VALENZUELA,101,2021-03-13,71.57142857142857
CITY OF VALENZUELA,86,2021-03-14,76.0
CITY OF VALENZUELA,89,2021-03-15,77.14285714285714
CITY OF VALENZUELA,41,2021-03-16,78.71428571428571
CITY OF VALENZUELA,76,2021-03-17,79.0
CITY OF VALENZUELA,101,2021-03-18,79.57142857142857
CITY OF VALENZUELA,144,2021-03-19,91.14285714285714
CITY OF VALENZUELA,201,2021-03-20,105.42857142857143
CITY OF VALENZUELA,179,2021-03-21,118.71428571428571
CITY OF VALENZUELA,121,2021-03-22,123.28571428571429
CITY OF VALENZUELA,69,2021-03-23,127.28571428571429
CITY OF VALENZUELA,110,2021-03-24,132.14285714285714
CITY OF VALENZUELA,165,2021-03-25,141.28571428571428
CITY OF VALENZUELA,180,2021-03-26,146.42857142857142
CITY OF VALENZUELA,186,2021-03-27,144.28571428571428
CITY OF VALENZUELA,147,2021-03-28,139.71428571428572
CITY OF VALENZUELA,195,2021-03-29,150.28571428571428
CITY OF VALENZUELA,75,2021-03-30,151.14285714285714
CITY OF VALENZUELA,90,2021-03-31,148.28571428571428
CITY OF VALENZUELA,198,2021-04-01,153.0
CITY OF VALENZUELA,372,2021-04-02,180.42857142857142
CITY OF VALENZUELA,301,2021-04-03,196.85714285714286
CITY OF VALENZUELA,86,2021-04-04,188.14285714285714
CITY OF VALENZUELA,105,2021-04-05,175.28571428571428
CITY OF VALENZUELA,81,2021-04-06,176.14285714285714
CITY OF VALENZUELA,146,2021-04-07,184.14285714285714
CITY OF VALENZUELA,203,2021-04-08,184.85714285714286
CITY OF VALENZUELA,200,2021-04-09,160.28571428571428
CITY OF VALENZUELA,234,2021-04-10,150.71428571428572
CITY OF VALENZUELA,204,2021-04-11,167.57142857142858
CITY OF VALENZUELA,192,2021-04-12,180.0
CITY OF VALENZUELA,73,2021-04-13,178.85714285714286
CITY OF VALENZUELA,158,2021-04-14,180.57142857142858
CITY OF VALENZUELA,215,2021-04-15,182.28571428571428
CITY OF VALENZUELA,248,2021-04-16,189.14285714285714
CITY OF VALENZUELA,253,2021-04-17,191.85714285714286
CITY OF VALENZUELA,236,2021-04-18,196.42857142857142
CITY OF VALENZUELA,163,2021-04-19,192.28571428571428
CITY OF VALENZUELA,53,2021-04-20,189.42857142857142
CITY OF VALENZUELA,152,2021-04-21,188.57142857142858
CITY OF VALENZUELA,197,2021-04-22,186.0
CITY OF VALENZUELA,168,2021-04-23,174.57142857142858
CITY OF VALENZUELA,185,2021-04-24,164.85714285714286
CITY OF VALENZUELA,156,2021-04-25,153.42857142857142
CITY OF VALENZUELA,153,2021-04-26,152.0
CITY OF VALENZUELA,50,2021-04-27,151.57142857142858
CITY OF VALENZUELA,159,2021-04-28,152.57142857142858
CITY OF VALENZUELA,180,2021-04-29,150.14285714285714
CITY OF VALENZUELA,196,2021-04-30,154.14285714285714
CITY OF VALENZUELA,203,2021-05-01,156.71428571428572
CITY OF VALENZUELA,137,2021-05-02,154.0
CITY OF VALENZUELA,149,2021-05-03,153.42857142857142
CITY OF VALENZUELA,44,2021-05-04,152.57142857142858
CITY OF VALENZUELA,62,2021-05-05,138.71428571428572
CITY OF VALENZUELA,161,2021-05-06,136.0
CITY OF VALENZUELA,105,2021-05-07,123.0
CITY OF VALENZUELA,103,2021-05-08,108.71428571428571
CITY OF VALENZUELA,93,2021-05-09,102.42857142857143
CITY OF VALENZUELA,104,2021-05-10,96.0
CITY OF VALENZUELA,38,2021-05-11,95.14285714285714
CITY OF VALENZUELA,81,2021-05-12,97.85714285714286
CITY OF VALENZUELA,85,2021-05-13,87.0
CITY OF VALENZUELA,104,2021-05-14,86.85714285714286
CITY OF VALENZUELA,77,2021-05-15,83.14285714285714
CITY OF VALENZUELA,40,2021-05-16,75.57142857142857
CITY OF VALENZUELA,61,2021-05-17,69.42857142857143
CITY OF VALENZUELA,23,2021-05-18,67.28571428571429
CITY OF VALENZUELA,58,2021-05-19,64.0
CITY OF VALENZUELA,97,2021-05-20,65.71428571428571
CITY OF VALENZUELA,76,2021-05-21,61.714285714285715
CITY OF VALENZUELA,81,2021-05-22,62.285714285714285
CITY OF VALENZUELA,7,2021-05-23,57.57142857142857
CITY OF VALENZUELA,55,2021-05-24,56.714285714285715
CITY OF VALENZUELA,15,2021-05-25,55.57142857142857
CITY OF VALENZUELA,59,2021-05-26,55.714285714285715
CITY OF VALENZUELA,93,2021-05-27,55.142857142857146
CITY OF VALENZUELA,70,2021-05-28,54.285714285714285
CITY OF VALENZUELA,59,2021-05-29,51.142857142857146
CITY OF VALENZUELA,92,2021-05-30,63.285714285714285
CITY OF VALENZUELA,49,2021-05-31,62.42857142857143
CITY OF VALENZUELA,16,2021-06-01,62.57142857142857
CITY OF VALENZUELA,46,2021-06-02,60.714285714285715
CITY OF VALENZUELA,56,2021-06-03,55.42857142857143
CITY OF VALENZUELA,66,2021-06-04,54.857142857142854
CITY OF VALENZUELA,62,2021-06-05,55.285714285714285
CITY OF VALENZUELA,66,2021-06-06,51.57142857142857
CITY OF VALENZUELA,51,2021-06-07,51.857142857142854
CITY OF VALENZUELA,11,2021-06-08,51.142857142857146
CITY OF VALENZUELA,30,2021-06-09,48.857142857142854
CITY OF VALENZUELA,61,2021-06-10,49.57142857142857
CITY OF VALENZUELA,47,2021-06-11,46.857142857142854
CITY OF VALENZUELA,41,2021-06-12,43.857142857142854
CITY OF VALENZUELA,41,2021-06-13,40.285714285714285
CITY OF VALENZUELA,40,2021-06-14,38.714285714285715
CITY OF VALENZUELA,13,2021-06-15,39.0
CITY OF VALENZUELA,34,2021-06-16,39.57142857142857
CITY OF VALENZUELA,45,2021-06-17,37.285714285714285
CITY OF VALENZUELA,22,2021-06-18,33.714285714285715
CITY OF VALENZUELA,41,2021-06-19,33.714285714285715
CITY OF VALENZUELA,44,2021-06-20,34.142857142857146
CITY OF VALENZUELA,33,2021-06-21,33.142857142857146
CITY OF VALENZUELA,10,2021-06-22,32.714285714285715
CITY OF VALENZUELA,29,2021-06-23,32.0
CITY OF VALENZUELA,25,2021-06-24,29.142857142857142
CITY OF VALENZUELA,28,2021-06-25,30.0
CITY OF VALENZUELA,22,2021-06-26,27.285714285714285
CITY OF VALENZUELA,25,2021-06-27,24.571428571428573
CITY OF VALENZUELA,26,2021-06-28,23.571428571428573
CITY OF VALENZUELA,9,2021-06-29,23.428571428571427
CITY OF VALENZUELA,17,2021-06-30,21.714285714285715
CITY OF VALENZUELA,24,2021-07-01,21.571428571428573
CITY OF VALENZUELA,23,2021-07-02,20.857142857142858
CITY OF VALENZUELA,23,2021-07-03,21.0
CITY OF VALENZUELA,13,2021-07-04,19.285714285714285
CITY OF VALENZUELA,31,2021-07-05,20.0
CITY OF VALENZUELA,11,2021-07-06,20.285714285714285
CITY OF VALENZUELA,14,2021-07-07,19.857142857142858
CITY OF VALENZUELA,31,2021-07-08,20.857142857142858
CITY OF VALENZUELA,30,2021-07-09,21.857142857142858
CITY OF VALENZUELA,36,2021-07-10,23.714285714285715
CITY OF VALENZUELA,12,2021-07-11,23.571428571428573
CITY OF VALENZUELA,33,2021-07-12,23.857142857142858
CITY OF VALENZUELA,11,2021-07-13,23.857142857142858
CITY OF VALENZUELA,14,2021-07-14,23.857142857142858
CITY OF VALENZUELA,41,2021-07-15,25.285714285714285
CITY OF VALENZUELA,37,2021-07-16,26.285714285714285
CITY OF VALENZUELA,40,2021-07-17,26.857142857142858
CITY OF VALENZUELA,19,2021-07-18,27.857142857142858
CITY OF VALENZUELA,67,2021-07-19,32.714285714285715
CITY OF VALENZUELA,23,2021-07-20,34.42857142857143
CITY OF VALENZUELA,39,2021-07-21,38.0
CITY OF VALENZUELA,46,2021-07-22,38.714285714285715
CITY OF VALENZUELA,87,2021-07-23,45.857142857142854
CITY OF VALENZUELA,57,2021-07-24,48.285714285714285
CITY OF VALENZUELA,16,2021-07-25,47.857142857142854
CITY OF VALENZUELA,61,2021-07-26,47.0
CITY OF VALENZUELA,25,2021-07-27,47.285714285714285
CITY OF VALENZUELA,36,2021-07-28,46.857142857142854
CITY OF VALENZUELA,51,2021-07-29,47.57142857142857
CITY OF VALENZUELA,102,2021-07-30,49.714285714285715
CITY OF VALENZUELA,78,2021-07-31,52.714285714285715
CITY OF VALENZUELA,73,2021-08-01,60.857142857142854
CITY OF VALENZUELA,114,2021-08-02,68.42857142857143
CITY OF VALENZUELA,30,2021-08-03,69.14285714285714
CITY OF VALENZUELA,104,2021-08-04,78.85714285714286
CITY OF VALENZUELA,203,2021-08-05,100.57142857142857
CITY OF VALENZUELA,145,2021-08-06,106.71428571428571
CITY OF VALENZUELA,131,2021-08-07,114.28571428571429
CITY OF VALENZUELA,124,2021-08-08,121.57142857142857
CITY OF VALENZUELA,161,2021-08-09,128.28571428571428
CITY OF VALENZUELA,62,2021-08-10,132.85714285714286
CITY OF VALENZUELA,145,2021-08-11,138.71428571428572
CITY OF VALENZUELA,321,2021-08-12,155.57142857142858
CITY OF VALENZUELA,175,2021-08-13,159.85714285714286
CITY OF VALENZUELA,177,2021-08-14,166.42857142857142
CITY OF VALENZUELA,220,2021-08-15,180.14285714285714
CITY OF VALENZUELA,278,2021-08-16,196.85714285714286
CITY OF VALENZUELA,52,2021-08-17,195.42857142857142
CITY OF VALENZUELA,98,2021-08-18,188.71428571428572
CITY OF VALENZUELA,260,2021-08-19,180.0
CITY OF VALENZUELA,257,2021-08-20,191.71428571428572
CITY OF VALENZUELA,241,2021-08-21,200.85714285714286
CITY OF VALENZUELA,184,2021-08-22,195.71428571428572
CITY OF VALENZUELA,364,2021-08-23,208.0
CITY OF VALENZUELA,62,2021-08-24,209.42857142857142
CITY OF VALENZUELA,201,2021-08-25,224.14285714285714
CITY OF VALENZUELA,227,2021-08-26,219.42857142857142
CITY OF VALENZUELA,292,2021-08-27,224.42857142857142
CITY OF VALENZUELA,200,2021-08-28,218.57142857142858
CITY OF VALENZUELA,280,2021-08-29,232.28571428571428
CITY OF VALENZUELA,341,2021-08-30,229.0
CITY OF VALENZUELA,83,2021-08-31,232.0
CITY OF VALENZUELA,174,2021-09-01,228.14285714285714
CITY OF VALENZUELA,283,2021-09-02,236.14285714285714
CITY OF VALENZUELA,221,2021-09-03,226.0
CITY OF VALENZUELA,319,2021-09-04,243.0
CITY OF VALENZUELA,249,2021-09-05,238.57142857142858
CITY OF VALENZUELA,298,2021-09-06,232.42857142857142
CITY OF VALENZUELA,91,2021-09-07,233.57142857142858
CITY OF VALENZUELA,211,2021-09-08,238.85714285714286
CITY OF VALENZUELA,327,2021-09-09,245.14285714285714
CITY OF VALENZUELA,328,2021-09-10,260.42857142857144
CITY OF VALENZUELA,436,2021-09-11,277.14285714285717
CITY OF VALENZUELA,230,2021-09-12,274.42857142857144
CITY OF VALENZUELA,310,2021-09-13,276.14285714285717
CITY OF VALENZUELA,99,2021-09-14,277.2857142857143
CITY OF VALENZUELA,225,2021-09-15,279.2857142857143
CITY OF VALENZUELA,146,2021-09-16,253.42857142857142
CITY OF VALENZUELA,400,2021-09-17,263.7142857142857
CITY OF VALENZUELA,221,2021-09-18,233.0
CITY OF VALENZUELA,199,2021-09-19,228.57142857142858
CITY OF VALENZUELA,296,2021-09-20,226.57142857142858
CITY OF VALENZUELA,68,2021-09-21,222.14285714285714
CITY OF VALENZUELA,166,2021-09-22,213.71428571428572
CITY OF VALENZUELA,204,2021-09-23,222.0
CITY OF VALENZUELA,264,2021-09-24,202.57142857142858
CITY OF VALENZUELA,28,2021-09-25,175.0
CITY OF VALENZUELA,263,2021-09-26,184.14285714285714
CITY OF VALENZUELA,237,2021-09-27,175.71428571428572
CITY OF VALENZUELA,290,2021-09-28,207.42857142857142
CITY OF VALENZUELA,155,2021-09-29,205.85714285714286
CITY OF VALENZUELA,170,2021-09-30,201.0
CITY OF VALENZUELA,80,2021-10-01,174.71428571428572
CITY OF VALENZUELA,109,2021-10-02,186.28571428571428
CITY OF VALENZUELA,183,2021-10-03,174.85714285714286
CITY OF VALENZUELA,39,2021-10-04,146.57142857142858
CITY OF VALENZUELA,110,2021-10-05,120.85714285714286
CITY OF VALENZUELA,167,2021-10-06,122.57142857142857
CITY OF VALENZUELA,89,2021-10-07,111.0
CITY OF VALENZUELA,79,2021-10-08,110.85714285714286
CITY OF VALENZUELA,88,2021-10-09,107.85714285714286
CITY OF VALENZUELA,94,2021-10-10,95.14285714285714
CITY OF VALENZUELA,48,2021-10-11,96.42857142857143
CITY OF VALENZUELA,97,2021-10-12,94.57142857142857
CITY OF VALENZUELA,130,2021-10-13,89.28571428571429
CITY OF VALENZUELA,90,2021-10-14,89.42857142857143
CITY OF VALENZUELA,77,2021-10-15,89.14285714285714
CITY OF VALENZUELA,99,2021-10-16,90.71428571428571
CITY OF VALENZUELA,56,2021-10-17,85.28571428571429
CITY OF VALENZUELA,32,2021-10-18,83.0
CITY OF VALENZUELA,43,2021-10-19,75.28571428571429
CITY OF VALENZUELA,46,2021-10-20,63.285714285714285
CITY OF VALENZUELA,11,2021-10-21,52.0
CITY OF VALENZUELA,59,2021-10-22,49.42857142857143
CITY OF VALENZUELA,184,2021-10-23,61.57142857142857
CITY OF VALENZUELA,117,2021-10-24,70.28571428571429
CITY OF VALENZUELA,61,2021-10-25,74.42857142857143
CITY OF VALENZUELA,50,2021-10-26,75.42857142857143
CITY OF VALENZUELA,27,2021-10-27,72.71428571428571
CITY OF VALENZUELA,125,2021-10-28,89.0
CITY OF VALENZUELA,37,2021-10-29,85.85714285714286
CITY OF VALENZUELA,21,2021-10-30,62.57142857142857
CITY OF VALENZUELA,39,2021-10-31,51.42857142857143
CITY OF VALENZUELA,30,2021-11-01,47.0
CITY OF VALENZUELA,6,2021-11-02,40.714285714285715
CITY OF VALENZUELA,23,2021-11-03,40.142857142857146
CITY OF VALENZUELA,29,2021-11-04,26.428571428571427
CITY OF VALENZUELA,16,2021-11-05,23.428571428571427
CITY OF VALENZUELA,17,2021-11-06,22.857142857142858
CITY OF VALENZUELA,13,2021-11-07,19.142857142857142
CITY OF VALENZUELA,17,2021-11-08,17.285714285714285
CITY OF VALENZUELA,2,2021-11-09,16.714285714285715
CITY OF VALENZUELA,11,2021-11-10,15.0
CITY OF VALENZUELA,15,2021-11-11,13.0
CITY OF VALENZUELA,13,2021-11-12,12.571428571428571
CITY OF VALENZUELA,26,2021-11-13,13.857142857142858
CITY OF VALENZUELA,13,2021-11-14,13.857142857142858
CITY OF VALENZUELA,16,2021-11-15,13.714285714285714
CITY OF VALENZUELA,1,2021-11-16,13.571428571428571
CITY OF VALENZUELA,14,2021-11-17,14.0
CITY OF VALENZUELA,5,2021-11-18,12.571428571428571
CITY OF VALENZUELA,10,2021-11-19,12.142857142857142
CITY OF VALENZUELA,11,2021-11-20,10.0
CITY OF VALENZUELA,7,2021-11-21,9.142857142857142
CITY OF VALENZUELA,13,2021-11-22,8.714285714285714
CITY OF VALENZUELA,2,2021-11-23,8.857142857142858
CITY OF VALENZUELA,4,2021-11-24,7.428571428571429
CITY OF VALENZUELA,10,2021-11-25,8.142857142857142
CITY OF VALENZUELA,10,2021-11-26,8.142857142857142
CITY OF VALENZUELA,5,2021-11-27,7.285714285714286
CITY OF VALENZUELA,7,2021-11-28,7.285714285714286
CITY OF VALENZUELA,7,2021-11-29,6.428571428571429
CITY OF VALENZUELA,0,2021-11-30,6.142857142857143
CITY OF VALENZUELA,3,2021-12-01,6.0
CITY OF VALENZUELA,2,2021-12-02,4.857142857142857
CITY OF VALENZUELA,0,2021-12-03,3.4285714285714284
CITY OF VALENZUELA,4,2021-12-04,3.2857142857142856
CITY OF VALENZUELA,7,2021-12-05,3.2857142857142856
CITY OF VALENZUELA,11,2021-12-06,3.857142857142857
CITY OF VALENZUELA,4,2021-12-07,4.428571428571429
CITY OF VALENZUELA,4,2021-12-08,4.571428571428571
CITY OF VALENZUELA,6,2021-12-09,5.142857142857143
CITY OF VALENZUELA,2,2021-12-10,5.428571428571429
CITY OF VALENZUELA,6,2021-12-11,5.714285714285714
CITY OF VALENZUELA,5,2021-12-12,5.428571428571429
CITY OF VALENZUELA,3,2021-12-13,4.285714285714286
CITY OF VALENZUELA,1,2021-12-14,3.857142857142857
CITY OF VALENZUELA,4,2021-12-15,3.857142857142857
CITY OF VALENZUELA,3,2021-12-16,3.4285714285714284
CITY OF VALENZUELA,13,2021-12-17,5.0
CITY OF VALENZUELA,2,2021-12-18,4.428571428571429
CITY OF VALENZUELA,1,2021-12-19,3.857142857142857
CITY OF VALENZUELA,1,2021-12-20,3.5714285714285716
CITY OF VALENZUELA,0,2021-12-21,3.4285714285714284
CITY OF VALENZUELA,4,2021-12-22,3.4285714285714284
CITY OF VALENZUELA,2,2021-12-23,3.2857142857142856
CITY OF VALENZUELA,2,2021-12-24,1.7142857142857142
CITY OF VALENZUELA,3,2021-12-25,1.8571428571428572
CITY OF VALENZUELA,5,2021-12-26,2.4285714285714284
CITY OF VALENZUELA,5,2021-12-27,3.0
CITY OF VALENZUELA,4,2021-12-28,3.5714285714285716
CITY OF VALENZUELA,25,2021-12-29,6.571428571428571
CITY OF VALENZUELA,33,2021-12-30,11.0
CITY OF VALENZUELA,30,2021-12-31,15.0
CITY OF VALENZUELA,70,2022-01-01,24.571428571428573
CITY OF VALENZUELA,125,2022-01-02,41.714285714285715
CITY OF VALENZUELA,46,2022-01-03,47.57142857142857
CITY OF VALENZUELA,72,2022-01-04,57.285714285714285
CITY OF VALENZUELA,166,2022-01-05,77.42857142857143
CITY OF VALENZUELA,493,2022-01-06,143.14285714285714
CITY OF VALENZUELA,552,2022-01-07,217.71428571428572
CITY OF VALENZUELA,672,2022-01-08,303.7142857142857
CITY OF VALENZUELA,589,2022-01-09,370.0
CITY OF VALENZUELA,630,2022-01-10,453.42857142857144
CITY OF VALENZUELA,345,2022-01-11,492.42857142857144
CITY OF VALENZUELA,684,2022-01-12,566.4285714285714
CITY OF VALENZUELA,727,2022-01-13,599.8571428571429
CITY OF VALENZUELA,582,2022-01-14,604.1428571428571
CITY OF VALENZUELA,605,2022-01-15,594.5714285714286
CITY OF VALENZUELA,455,2022-01-16,575.4285714285714
CITY OF VALENZUELA,492,2022-01-17,555.7142857142857
CITY OF VALENZUELA,143,2022-01-18,526.8571428571429
CITY OF VALENZUELA,222,2022-01-19,460.85714285714283
CITY OF VALENZUELA,263,2022-01-20,394.57142857142856
CITY OF VALENZUELA,172,2022-01-21,336.0
CITY OF VALENZUELA,189,2022-01-22,276.57142857142856
CITY OF VALENZUELA,185,2022-01-23,238.0
CITY OF VALENZUELA,63,2022-01-24,176.71428571428572
CITY OF VALENZUELA,103,2022-01-25,171.0
CITY OF VALENZUELA,74,2022-01-26,149.85714285714286
CITY OF VALENZUELA,63,2022-01-27,121.28571428571429
CITY OF VALENZUELA,71,2022-01-28,106.85714285714286
CITY OF VALENZUELA,83,2022-01-29,91.71428571428571
CITY OF VALENZUELA,70,2022-01-30,75.28571428571429
CITY OF VALENZUELA,114,2022-01-31,82.57142857142857
CITY OF VALENZUELA,39,2022-02-01,73.42857142857143
CITY OF VALENZUELA,52,2022-02-02,70.28571428571429
CITY OF VALENZUELA,28,2022-02-03,65.28571428571429
CITY OF VALENZUELA,44,2022-02-04,61.42857142857143
CITY OF VALENZUELA,29,2022-02-05,53.714285714285715
CITY OF VALENZUELA,29,2022-02-06,47.857142857142854
CITY OF VALENZUELA,29,2022-02-07,35.714285714285715
CITY OF VALENZUELA,9,2022-02-08,31.428571428571427
CITY OF VALENZUELA,8,2022-02-09,25.142857142857142
CITY OF VALENZUELA,15,2022-02-10,23.285714285714285
CITY OF VALENZUELA,19,2022-02-11,19.714285714285715
CITY OF VALENZUELA,14,2022-02-12,17.571428571428573
CITY OF VALENZUELA,16,2022-02-13,15.714285714285714
CITY OF VALENZUELA,12,2022-02-14,13.285714285714286
CITY OF VALENZUELA,9,2022-02-15,13.285714285714286
CITY OF VALENZUELA,11,2022-02-16,13.714285714285714
CITY OF VALENZUELA,15,2022-02-17,13.714285714285714
CITY OF VALENZUELA,13,2022-02-18,12.857142857142858
CITY OF VALENZUELA,4,2022-02-19,11.428571428571429
CITY OF VALENZUELA,8,2022-02-20,10.285714285714286
CITY OF VALENZUELA,12,2022-02-21,10.285714285714286
CITY OF VALENZUELA,3,2022-02-22,9.428571428571429
CITY OF VALENZUELA,12,2022-02-23,9.571428571428571
CITY OF VALENZUELA,9,2022-02-24,8.714285714285714
CITY OF VALENZUELA,7,2022-02-25,7.857142857142857
CITY OF VALENZUELA,6,2022-02-26,8.142857142857142
CITY OF VALENZUELA,7,2022-02-27,8.0
CITY OF VALENZUELA,12,2022-02-28,8.0
CITY OF VALENZUELA,10,2022-03-01,9.0
CITY OF VALENZUELA,3,2022-03-02,7.714285714285714
CITY OF VALENZUELA,5,2022-03-03,7.142857142857143
CITY OF VALENZUELA,9,2022-03-04,7.428571428571429
CITY OF VALENZUELA,7,2022-03-05,7.571428571428571
CITY OF VALENZUELA,2,2022-03-06,6.857142857142857
CITY OF VALENZUELA,3,2022-03-07,5.571428571428571
CITY OF VALENZUELA,4,2022-03-08,4.714285714285714
CITY OF VALENZUELA,3,2022-03-09,4.714285714285714
CITY OF VALENZUELA,6,2022-03-10,4.857142857142857
CITY OF VALENZUELA,1,2022-03-11,3.7142857142857144
CITY OF VALENZUELA,4,2022-03-12,3.2857142857142856
CITY OF VALENZUELA,3,2022-03-13,3.4285714285714284
CITY OF VALENZUELA,5,2022-03-14,3.7142857142857144
CITY OF VALENZUELA,2,2022-03-15,3.4285714285714284
CITY OF VALENZUELA,3,2022-03-16,3.4285714285714284
CITY OF VALENZUELA,3,2022-03-17,3.0
CITY OF VALENZUELA,3,2022-03-18,3.2857142857142856
CITY OF VALENZUELA,3,2022-03-19,3.142857142857143
CITY OF VALENZUELA,1,2022-03-20,2.857142857142857
CITY OF VALENZUELA,2,2022-03-21,2.4285714285714284
CITY OF VALENZUELA,2,2022-03-22,2.4285714285714284
CITY OF VALENZUELA,7,2022-03-23,3.0
CITY OF VALENZUELA,6,2022-03-24,3.4285714285714284
CITY OF VALENZUELA,5,2022-03-25,3.7142857142857144
CITY OF VALENZUELA,1,2022-03-26,3.4285714285714284
CITY OF VALENZUELA,1,2022-03-27,3.4285714285714284
CITY OF VALENZUELA,6,2022-03-28,4.0
CITY OF VALENZUELA,5,2022-03-29,4.428571428571429
CITY OF VALENZUELA,5,2022-03-30,4.142857142857143
CITY OF VALENZUELA,1,2022-03-31,3.4285714285714284
CITY OF VALENZUELA,2,2022-04-01,3.0
CITY OF VALENZUELA,2,2022-04-02,3.142857142857143
CITY OF VALENZUELA,9,2022-04-03,4.285714285714286
CITY OF VALENZUELA,2,2022-04-04,3.7142857142857144
CITY OF VALENZUELA,4,2022-04-05,3.5714285714285716
CITY OF VALENZUELA,1,2022-04-06,3.0
CITY OF VALENZUELA,1,2022-04-07,3.0
CITY OF VALENZUELA,2,2022-04-08,3.0
CITY OF VALENZUELA,4,2022-04-09,3.2857142857142856
CITY OF VALENZUELA,3,2022-04-10,2.4285714285714284
CITY OF VALENZUELA,3,2022-04-11,2.5714285714285716
CITY OF VALENZUELA,0,2022-04-12,2.0
CITY OF VALENZUELA,5,2022-04-13,2.5714285714285716
CITY OF VALENZUELA,2,2022-04-14,2.7142857142857144
CITY OF VALENZUELA,3,2022-04-15,2.857142857142857
CITY OF VALENZUELA,4,2022-04-16,2.857142857142857
CITY OF VALENZUELA,0,2022-04-17,2.4285714285714284
CITY OF VALENZUELA,0,2022-04-18,2.0
CITY OF VALENZUELA,1,2022-04-19,2.142857142857143
CITY OF VALENZUELA,5,2022-04-20,2.142857142857143
CITY OF VALENZUELA,1,2022-04-21,2.0
CITY OF VALENZUELA,0,2022-04-22,1.5714285714285714
CITY OF VALENZUELA,2,2022-04-23,1.2857142857142858
CITY OF VALENZUELA,3,2022-04-24,1.7142857142857142
CITY OF VALENZUELA,3,2022-04-25,2.142857142857143
CITY OF VALENZUELA,0,2022-04-26,2.0
CITY OF VALENZUELA,3,2022-04-27,1.7142857142857142
CITY OF VALENZUELA,2,2022-04-28,1.8571428571428572
CITY OF VALENZUELA,1,2022-04-29,2.0
CITY OF VALENZUELA,2,2022-04-30,2.0
CITY OF VALENZUELA,2,2022-05-01,1.8571428571428572
CITY OF VALENZUELA,1,2022-05-02,1.5714285714285714
CITY OF VALENZUELA,2,2022-05-03,1.8571428571428572
CITY OF VALENZUELA,0,2022-05-04,1.4285714285714286
CITY OF VALENZUELA,3,2022-05-05,1.5714285714285714
CITY OF VALENZUELA,0,2022-05-06,1.4285714285714286
CITY OF VALENZUELA,1,2022-05-07,1.2857142857142858
CITY OF VALENZUELA,0,2022-05-08,1.0
CITY OF VALENZUELA,0,2022-05-09,0.8571428571428571
CITY OF VALENZUELA,0,2022-05-10,0.5714285714285714
CITY OF VALENZUELA,0,2022-05-11,0.5714285714285714
CITY OF VALENZUELA,0,2022-05-12,0.14285714285714285
CITY OF VALENZUELA,2,2022-05-13,0.42857142857142855
CITY OF VALENZUELA,0,2022-05-14,0.2857142857142857
CITY OF VALENZUELA,2,2022-05-15,0.5714285714285714
CITY OF VALENZUELA,0,2022-05-16,0.5714285714285714
CITY OF VALENZUELA,1,2022-05-17,0.7142857142857143
CITY OF VALENZUELA,2,2022-05-18,1.0
CITY OF VALENZUELA,3,2022-05-19,1.4285714285714286
CITY OF VALENZUELA,2,2022-05-20,1.4285714285714286
CITY OF VALENZUELA,2,2022-05-21,1.7142857142857142
CITY OF VALENZUELA,0,2022-05-22,1.4285714285714286
CITY OF VALENZUELA,2,2022-05-23,1.7142857142857142
CITY OF VALENZUELA,0,2022-05-24,1.5714285714285714
CITY OF VALENZUELA,1,2022-05-25,1.4285714285714286
CITY OF VALENZUELA,3,2022-05-26,1.4285714285714286
CITY OF VALENZUELA,3,2022-05-27,1.5714285714285714
CITY OF VALENZUELA,3,2022-05-28,1.7142857142857142
CITY OF VALENZUELA,1,2022-05-29,1.8571428571428572
CITY OF VALENZUELA,0,2022-05-30,1.5714285714285714
CITY OF VALENZUELA,2,2022-05-31,1.8571428571428572
CITY OF VALENZUELA,0,2022-06-01,1.7142857142857142
CITY OF VALENZUELA,2,2022-06-02,1.5714285714285714
CITY OF VALENZUELA,4,2022-06-03,1.7142857142857142
CITY OF VALENZUELA,1,2022-06-04,1.4285714285714286
CITY OF VALENZUELA,1,2022-06-05,1.4285714285714286
CITY OF VALENZUELA,1,2022-06-06,1.5714285714285714
CITY OF VALENZUELA,1,2022-06-07,1.4285714285714286
CITY OF VALENZUELA,3,2022-06-08,1.8571428571428572
CITY OF VALENZUELA,0,2022-06-09,1.5714285714285714
CITY OF VALENZUELA,4,2022-06-10,1.5714285714285714
CITY OF VALENZUELA,0,2022-06-11,1.4285714285714286
CITY OF VALENZUELA,1,2022-06-12,1.4285714285714286
CITY OF VALENZUELA,7,2022-06-13,2.2857142857142856
CITY OF VALENZUELA,1,2022-06-14,2.2857142857142856
CITY OF VALENZUELA,3,2022-06-15,2.2857142857142856
CITY OF VALENZUELA,3,2022-06-16,2.7142857142857144
CITY OF VALENZUELA,3,2022-06-17,2.5714285714285716
CITY OF VALENZUELA,3,2022-06-18,3.0
