region,count,date,7DayMA
Region X: Northern Mindanao,1,2020-03-24,
Region X: Northern Mindanao,1,2020-03-25,
Region X: Northern Mindanao,0,2020-03-26,
Region X: Northern Mindanao,0,2020-03-27,
Region X: Northern Mindanao,0,2020-03-28,
Region X: Northern Mindanao,0,2020-03-29,
Region X: Northern Mindanao,1,2020-03-30,0.42857142857142855
Region X: Northern Mindanao,0,2020-03-31,0.2857142857142857
Region X: Northern Mindanao,0,2020-04-01,0.14285714285714285
Region X: Northern Mindanao,0,2020-04-02,0.14285714285714285
Region X: Northern Mindanao,4,2020-04-03,0.7142857142857143
Region X: Northern Mindanao,0,2020-04-04,0.7142857142857143
Region X: Northern Mindanao,0,2020-04-05,0.7142857142857143
Region X: Northern Mindanao,0,2020-04-06,0.5714285714285714
Region X: Northern Mindanao,1,2020-04-07,0.7142857142857143
Region X: Northern Mindanao,0,2020-04-08,0.7142857142857143
Region X: Northern Mindanao,0,2020-04-09,0.7142857142857143
Region X: Northern Mindanao,3,2020-04-10,0.5714285714285714
Region X: Northern Mindanao,0,2020-04-11,0.5714285714285714
Region X: Northern Mindanao,0,2020-04-12,0.5714285714285714
Region X: Northern Mindanao,0,2020-04-13,0.5714285714285714
Region X: Northern Mindanao,0,2020-04-14,0.42857142857142855
Region X: Northern Mindanao,0,2020-04-15,0.42857142857142855
Region X: Northern Mindanao,0,2020-04-16,0.42857142857142855
Region X: Northern Mindanao,0,2020-04-17,0.0
Region X: Northern Mindanao,0,2020-04-18,0.0
Region X: Northern Mindanao,0,2020-04-19,0.0
Region X: Northern Mindanao,0,2020-04-20,0.0
Region X: Northern Mindanao,0,2020-04-21,0.0
Region X: Northern Mindanao,0,2020-04-22,0.0
Region X: Northern Mindanao,1,2020-04-23,0.14285714285714285
Region X: Northern Mindanao,0,2020-04-24,0.14285714285714285
Region X: Northern Mindanao,0,2020-04-25,0.14285714285714285
Region X: Northern Mindanao,0,2020-04-26,0.14285714285714285
Region X: Northern Mindanao,0,2020-04-27,0.14285714285714285
Region X: Northern Mindanao,0,2020-04-28,0.14285714285714285
Region X: Northern Mindanao,0,2020-04-29,0.14285714285714285
Region X: Northern Mindanao,1,2020-04-30,0.14285714285714285
Region X: Northern Mindanao,0,2020-05-01,0.14285714285714285
Region X: Northern Mindanao,0,2020-05-02,0.14285714285714285
Region X: Northern Mindanao,1,2020-05-03,0.2857142857142857
Region X: Northern Mindanao,0,2020-05-04,0.2857142857142857
Region X: Northern Mindanao,1,2020-05-05,0.42857142857142855
Region X: Northern Mindanao,0,2020-05-06,0.42857142857142855
Region X: Northern Mindanao,1,2020-05-07,0.42857142857142855
Region X: Northern Mindanao,2,2020-05-08,0.7142857142857143
Region X: Northern Mindanao,0,2020-05-09,0.7142857142857143
Region X: Northern Mindanao,0,2020-05-10,0.5714285714285714
Region X: Northern Mindanao,0,2020-05-11,0.5714285714285714
Region X: Northern Mindanao,0,2020-05-12,0.42857142857142855
Region X: Northern Mindanao,0,2020-05-13,0.42857142857142855
Region X: Northern Mindanao,2,2020-05-14,0.5714285714285714
Region X: Northern Mindanao,0,2020-05-15,0.2857142857142857
Region X: Northern Mindanao,0,2020-05-16,0.2857142857142857
Region X: Northern Mindanao,0,2020-05-17,0.2857142857142857
Region X: Northern Mindanao,0,2020-05-18,0.2857142857142857
Region X: Northern Mindanao,0,2020-05-19,0.2857142857142857
Region X: Northern Mindanao,0,2020-05-20,0.2857142857142857
Region X: Northern Mindanao,0,2020-05-21,0.0
Region X: Northern Mindanao,0,2020-05-22,0.0
Region X: Northern Mindanao,1,2020-05-23,0.14285714285714285
Region X: Northern Mindanao,0,2020-05-24,0.14285714285714285
Region X: Northern Mindanao,0,2020-05-25,0.14285714285714285
Region X: Northern Mindanao,1,2020-05-26,0.2857142857142857
Region X: Northern Mindanao,1,2020-05-27,0.42857142857142855
Region X: Northern Mindanao,1,2020-05-28,0.5714285714285714
Region X: Northern Mindanao,4,2020-05-29,1.1428571428571428
Region X: Northern Mindanao,0,2020-05-30,1.0
Region X: Northern Mindanao,0,2020-05-31,1.0
Region X: Northern Mindanao,1,2020-06-01,1.1428571428571428
Region X: Northern Mindanao,0,2020-06-02,1.0
Region X: Northern Mindanao,1,2020-06-03,1.0
Region X: Northern Mindanao,1,2020-06-04,1.0
Region X: Northern Mindanao,1,2020-06-05,0.5714285714285714
Region X: Northern Mindanao,2,2020-06-06,0.8571428571428571
Region X: Northern Mindanao,3,2020-06-07,1.2857142857142858
Region X: Northern Mindanao,1,2020-06-08,1.2857142857142858
Region X: Northern Mindanao,2,2020-06-09,1.5714285714285714
Region X: Northern Mindanao,2,2020-06-10,1.7142857142857142
Region X: Northern Mindanao,0,2020-06-11,1.5714285714285714
Region X: Northern Mindanao,4,2020-06-12,2.0
Region X: Northern Mindanao,2,2020-06-13,2.0
Region X: Northern Mindanao,1,2020-06-14,1.7142857142857142
Region X: Northern Mindanao,3,2020-06-15,2.0
Region X: Northern Mindanao,2,2020-06-16,2.0
Region X: Northern Mindanao,3,2020-06-17,2.142857142857143
Region X: Northern Mindanao,0,2020-06-18,2.142857142857143
Region X: Northern Mindanao,0,2020-06-19,1.5714285714285714
Region X: Northern Mindanao,0,2020-06-20,1.2857142857142858
Region X: Northern Mindanao,2,2020-06-21,1.4285714285714286
Region X: Northern Mindanao,5,2020-06-22,1.7142857142857142
Region X: Northern Mindanao,14,2020-06-23,3.4285714285714284
Region X: Northern Mindanao,3,2020-06-24,3.4285714285714284
Region X: Northern Mindanao,2,2020-06-25,3.7142857142857144
Region X: Northern Mindanao,2,2020-06-26,4.0
Region X: Northern Mindanao,2,2020-06-27,4.285714285714286
Region X: Northern Mindanao,10,2020-06-28,5.428571428571429
Region X: Northern Mindanao,1,2020-06-29,4.857142857142857
Region X: Northern Mindanao,3,2020-06-30,3.2857142857142856
Region X: Northern Mindanao,8,2020-07-01,4.0
Region X: Northern Mindanao,5,2020-07-02,4.428571428571429
Region X: Northern Mindanao,20,2020-07-03,7.0
Region X: Northern Mindanao,18,2020-07-04,9.285714285714286
Region X: Northern Mindanao,33,2020-07-05,12.571428571428571
Region X: Northern Mindanao,18,2020-07-06,15.0
Region X: Northern Mindanao,17,2020-07-07,17.0
Region X: Northern Mindanao,7,2020-07-08,16.857142857142858
Region X: Northern Mindanao,15,2020-07-09,18.285714285714285
Region X: Northern Mindanao,10,2020-07-10,16.857142857142858
Region X: Northern Mindanao,25,2020-07-11,17.857142857142858
Region X: Northern Mindanao,31,2020-07-12,17.571428571428573
Region X: Northern Mindanao,11,2020-07-13,16.571428571428573
Region X: Northern Mindanao,7,2020-07-14,15.142857142857142
Region X: Northern Mindanao,18,2020-07-15,16.714285714285715
Region X: Northern Mindanao,17,2020-07-16,17.0
Region X: Northern Mindanao,29,2020-07-17,19.714285714285715
Region X: Northern Mindanao,31,2020-07-18,20.571428571428573
Region X: Northern Mindanao,11,2020-07-19,17.714285714285715
Region X: Northern Mindanao,1,2020-07-20,16.285714285714285
Region X: Northern Mindanao,4,2020-07-21,15.857142857142858
Region X: Northern Mindanao,32,2020-07-22,17.857142857142858
Region X: Northern Mindanao,16,2020-07-23,17.714285714285715
Region X: Northern Mindanao,8,2020-07-24,14.714285714285714
Region X: Northern Mindanao,3,2020-07-25,10.714285714285714
Region X: Northern Mindanao,1,2020-07-26,9.285714285714286
Region X: Northern Mindanao,4,2020-07-27,9.714285714285714
Region X: Northern Mindanao,3,2020-07-28,9.571428571428571
Region X: Northern Mindanao,16,2020-07-29,7.285714285714286
Region X: Northern Mindanao,30,2020-07-30,9.285714285714286
Region X: Northern Mindanao,17,2020-07-31,10.571428571428571
Region X: Northern Mindanao,16,2020-08-01,12.428571428571429
Region X: Northern Mindanao,25,2020-08-02,15.857142857142858
Region X: Northern Mindanao,18,2020-08-03,17.857142857142858
Region X: Northern Mindanao,43,2020-08-04,23.571428571428573
Region X: Northern Mindanao,19,2020-08-05,24.0
Region X: Northern Mindanao,24,2020-08-06,23.142857142857142
Region X: Northern Mindanao,37,2020-08-07,26.0
Region X: Northern Mindanao,20,2020-08-08,26.571428571428573
Region X: Northern Mindanao,28,2020-08-09,27.0
Region X: Northern Mindanao,44,2020-08-10,30.714285714285715
Region X: Northern Mindanao,1,2020-08-11,24.714285714285715
Region X: Northern Mindanao,24,2020-08-12,25.428571428571427
Region X: Northern Mindanao,8,2020-08-13,23.142857142857142
Region X: Northern Mindanao,48,2020-08-14,24.714285714285715
Region X: Northern Mindanao,71,2020-08-15,32.0
Region X: Northern Mindanao,17,2020-08-16,30.428571428571427
Region X: Northern Mindanao,26,2020-08-17,27.857142857142858
Region X: Northern Mindanao,43,2020-08-18,33.857142857142854
Region X: Northern Mindanao,30,2020-08-19,34.714285714285715
Region X: Northern Mindanao,9,2020-08-20,34.857142857142854
Region X: Northern Mindanao,69,2020-08-21,37.857142857142854
Region X: Northern Mindanao,25,2020-08-22,31.285714285714285
Region X: Northern Mindanao,9,2020-08-23,30.142857142857142
Region X: Northern Mindanao,24,2020-08-24,29.857142857142858
Region X: Northern Mindanao,28,2020-08-25,27.714285714285715
Region X: Northern Mindanao,81,2020-08-26,35.0
Region X: Northern Mindanao,3,2020-08-27,34.142857142857146
Region X: Northern Mindanao,38,2020-08-28,29.714285714285715
Region X: Northern Mindanao,44,2020-08-29,32.42857142857143
Region X: Northern Mindanao,37,2020-08-30,36.42857142857143
Region X: Northern Mindanao,37,2020-08-31,38.285714285714285
Region X: Northern Mindanao,35,2020-09-01,39.285714285714285
Region X: Northern Mindanao,73,2020-09-02,38.142857142857146
Region X: Northern Mindanao,93,2020-09-03,51.0
Region X: Northern Mindanao,18,2020-09-04,48.142857142857146
Region X: Northern Mindanao,26,2020-09-05,45.57142857142857
Region X: Northern Mindanao,54,2020-09-06,48.0
Region X: Northern Mindanao,16,2020-09-07,45.0
Region X: Northern Mindanao,61,2020-09-08,48.714285714285715
Region X: Northern Mindanao,57,2020-09-09,46.42857142857143
Region X: Northern Mindanao,66,2020-09-10,42.57142857142857
Region X: Northern Mindanao,66,2020-09-11,49.42857142857143
Region X: Northern Mindanao,48,2020-09-12,52.57142857142857
Region X: Northern Mindanao,47,2020-09-13,51.57142857142857
Region X: Northern Mindanao,29,2020-09-14,53.42857142857143
Region X: Northern Mindanao,21,2020-09-15,47.714285714285715
Region X: Northern Mindanao,46,2020-09-16,46.142857142857146
Region X: Northern Mindanao,56,2020-09-17,44.714285714285715
Region X: Northern Mindanao,57,2020-09-18,43.42857142857143
Region X: Northern Mindanao,27,2020-09-19,40.42857142857143
Region X: Northern Mindanao,66,2020-09-20,43.142857142857146
Region X: Northern Mindanao,94,2020-09-21,52.42857142857143
Region X: Northern Mindanao,25,2020-09-22,53.0
Region X: Northern Mindanao,44,2020-09-23,52.714285714285715
Region X: Northern Mindanao,40,2020-09-24,50.42857142857143
Region X: Northern Mindanao,109,2020-09-25,57.857142857142854
Region X: Northern Mindanao,53,2020-09-26,61.57142857142857
Region X: Northern Mindanao,74,2020-09-27,62.714285714285715
Region X: Northern Mindanao,54,2020-09-28,57.0
Region X: Northern Mindanao,54,2020-09-29,61.142857142857146
Region X: Northern Mindanao,156,2020-09-30,77.14285714285714
Region X: Northern Mindanao,34,2020-10-01,76.28571428571429
Region X: Northern Mindanao,35,2020-10-02,65.71428571428571
Region X: Northern Mindanao,33,2020-10-03,62.857142857142854
Region X: Northern Mindanao,41,2020-10-04,58.142857142857146
Region X: Northern Mindanao,63,2020-10-05,59.42857142857143
Region X: Northern Mindanao,70,2020-10-06,61.714285714285715
Region X: Northern Mindanao,119,2020-10-07,56.42857142857143
Region X: Northern Mindanao,57,2020-10-08,59.714285714285715
Region X: Northern Mindanao,41,2020-10-09,60.57142857142857
Region X: Northern Mindanao,67,2020-10-10,65.42857142857143
Region X: Northern Mindanao,94,2020-10-11,73.0
Region X: Northern Mindanao,87,2020-10-12,76.42857142857143
Region X: Northern Mindanao,171,2020-10-13,90.85714285714286
Region X: Northern Mindanao,24,2020-10-14,77.28571428571429
Region X: Northern Mindanao,101,2020-10-15,83.57142857142857
Region X: Northern Mindanao,47,2020-10-16,84.42857142857143
Region X: Northern Mindanao,99,2020-10-17,89.0
Region X: Northern Mindanao,49,2020-10-18,82.57142857142857
Region X: Northern Mindanao,101,2020-10-19,84.57142857142857
Region X: Northern Mindanao,159,2020-10-20,82.85714285714286
Region X: Northern Mindanao,21,2020-10-21,82.42857142857143
Region X: Northern Mindanao,80,2020-10-22,79.42857142857143
Region X: Northern Mindanao,96,2020-10-23,86.42857142857143
Region X: Northern Mindanao,131,2020-10-24,91.0
Region X: Northern Mindanao,106,2020-10-25,99.14285714285714
Region X: Northern Mindanao,54,2020-10-26,92.42857142857143
Region X: Northern Mindanao,43,2020-10-27,75.85714285714286
Region X: Northern Mindanao,96,2020-10-28,86.57142857142857
Region X: Northern Mindanao,44,2020-10-29,81.42857142857143
Region X: Northern Mindanao,75,2020-10-30,78.42857142857143
Region X: Northern Mindanao,51,2020-10-31,67.0
Region X: Northern Mindanao,67,2020-11-01,61.42857142857143
Region X: Northern Mindanao,52,2020-11-02,61.142857142857146
Region X: Northern Mindanao,94,2020-11-03,68.42857142857143
Region X: Northern Mindanao,8,2020-11-04,55.857142857142854
Region X: Northern Mindanao,49,2020-11-05,56.57142857142857
Region X: Northern Mindanao,52,2020-11-06,53.285714285714285
Region X: Northern Mindanao,82,2020-11-07,57.714285714285715
Region X: Northern Mindanao,81,2020-11-08,59.714285714285715
Region X: Northern Mindanao,58,2020-11-09,60.57142857142857
Region X: Northern Mindanao,64,2020-11-10,56.285714285714285
Region X: Northern Mindanao,97,2020-11-11,69.0
Region X: Northern Mindanao,11,2020-11-12,63.57142857142857
Region X: Northern Mindanao,38,2020-11-13,61.57142857142857
Region X: Northern Mindanao,81,2020-11-14,61.42857142857143
Region X: Northern Mindanao,42,2020-11-15,55.857142857142854
Region X: Northern Mindanao,36,2020-11-16,52.714285714285715
Region X: Northern Mindanao,62,2020-11-17,52.42857142857143
Region X: Northern Mindanao,35,2020-11-18,43.57142857142857
Region X: Northern Mindanao,19,2020-11-19,44.714285714285715
Region X: Northern Mindanao,70,2020-11-20,49.285714285714285
Region X: Northern Mindanao,47,2020-11-21,44.42857142857143
Region X: Northern Mindanao,70,2020-11-22,48.42857142857143
Region X: Northern Mindanao,44,2020-11-23,49.57142857142857
Region X: Northern Mindanao,70,2020-11-24,50.714285714285715
Region X: Northern Mindanao,43,2020-11-25,51.857142857142854
Region X: Northern Mindanao,59,2020-11-26,57.57142857142857
Region X: Northern Mindanao,31,2020-11-27,52.0
Region X: Northern Mindanao,59,2020-11-28,53.714285714285715
Region X: Northern Mindanao,35,2020-11-29,48.714285714285715
Region X: Northern Mindanao,45,2020-11-30,48.857142857142854
Region X: Northern Mindanao,43,2020-12-01,45.0
Region X: Northern Mindanao,48,2020-12-02,45.714285714285715
Region X: Northern Mindanao,27,2020-12-03,41.142857142857146
Region X: Northern Mindanao,19,2020-12-04,39.42857142857143
Region X: Northern Mindanao,44,2020-12-05,37.285714285714285
Region X: Northern Mindanao,73,2020-12-06,42.714285714285715
Region X: Northern Mindanao,47,2020-12-07,43.0
Region X: Northern Mindanao,49,2020-12-08,43.857142857142854
Region X: Northern Mindanao,41,2020-12-09,42.857142857142854
Region X: Northern Mindanao,20,2020-12-10,41.857142857142854
Region X: Northern Mindanao,50,2020-12-11,46.285714285714285
Region X: Northern Mindanao,52,2020-12-12,47.42857142857143
Region X: Northern Mindanao,37,2020-12-13,42.285714285714285
Region X: Northern Mindanao,24,2020-12-14,39.0
Region X: Northern Mindanao,42,2020-12-15,38.0
Region X: Northern Mindanao,44,2020-12-16,38.42857142857143
Region X: Northern Mindanao,47,2020-12-17,42.285714285714285
Region X: Northern Mindanao,62,2020-12-18,44.0
Region X: Northern Mindanao,71,2020-12-19,46.714285714285715
Region X: Northern Mindanao,15,2020-12-20,43.57142857142857
Region X: Northern Mindanao,20,2020-12-21,43.0
Region X: Northern Mindanao,76,2020-12-22,47.857142857142854
Region X: Northern Mindanao,43,2020-12-23,47.714285714285715
Region X: Northern Mindanao,27,2020-12-24,44.857142857142854
Region X: Northern Mindanao,50,2020-12-25,43.142857142857146
Region X: Northern Mindanao,28,2020-12-26,37.0
Region X: Northern Mindanao,20,2020-12-27,37.714285714285715
Region X: Northern Mindanao,40,2020-12-28,40.57142857142857
Region X: Northern Mindanao,24,2020-12-29,33.142857142857146
Region X: Northern Mindanao,62,2020-12-30,35.857142857142854
Region X: Northern Mindanao,30,2020-12-31,36.285714285714285
Region X: Northern Mindanao,52,2021-01-01,36.57142857142857
Region X: Northern Mindanao,48,2021-01-02,39.42857142857143
Region X: Northern Mindanao,54,2021-01-03,44.285714285714285
Region X: Northern Mindanao,47,2021-01-04,45.285714285714285
Region X: Northern Mindanao,82,2021-01-05,53.57142857142857
Region X: Northern Mindanao,67,2021-01-06,54.285714285714285
Region X: Northern Mindanao,46,2021-01-07,56.57142857142857
Region X: Northern Mindanao,60,2021-01-08,57.714285714285715
Region X: Northern Mindanao,33,2021-01-09,55.57142857142857
Region X: Northern Mindanao,48,2021-01-10,54.714285714285715
Region X: Northern Mindanao,103,2021-01-11,62.714285714285715
Region X: Northern Mindanao,45,2021-01-12,57.42857142857143
Region X: Northern Mindanao,65,2021-01-13,57.142857142857146
Region X: Northern Mindanao,87,2021-01-14,63.0
Region X: Northern Mindanao,128,2021-01-15,72.71428571428571
Region X: Northern Mindanao,63,2021-01-16,77.0
Region X: Northern Mindanao,43,2021-01-17,76.28571428571429
Region X: Northern Mindanao,81,2021-01-18,73.14285714285714
Region X: Northern Mindanao,97,2021-01-19,80.57142857142857
Region X: Northern Mindanao,107,2021-01-20,86.57142857142857
Region X: Northern Mindanao,61,2021-01-21,82.85714285714286
Region X: Northern Mindanao,50,2021-01-22,71.71428571428571
Region X: Northern Mindanao,88,2021-01-23,75.28571428571429
Region X: Northern Mindanao,81,2021-01-24,80.71428571428571
Region X: Northern Mindanao,18,2021-01-25,71.71428571428571
Region X: Northern Mindanao,49,2021-01-26,64.85714285714286
Region X: Northern Mindanao,107,2021-01-27,64.85714285714286
Region X: Northern Mindanao,20,2021-01-28,59.0
Region X: Northern Mindanao,78,2021-01-29,63.0
Region X: Northern Mindanao,66,2021-01-30,59.857142857142854
Region X: Northern Mindanao,50,2021-01-31,55.42857142857143
Region X: Northern Mindanao,19,2021-02-01,55.57142857142857
Region X: Northern Mindanao,53,2021-02-02,56.142857142857146
Region X: Northern Mindanao,55,2021-02-03,48.714285714285715
Region X: Northern Mindanao,36,2021-02-04,51.0
Region X: Northern Mindanao,74,2021-02-05,50.42857142857143
Region X: Northern Mindanao,73,2021-02-06,51.42857142857143
Region X: Northern Mindanao,83,2021-02-07,56.142857142857146
Region X: Northern Mindanao,103,2021-02-08,68.14285714285714
Region X: Northern Mindanao,80,2021-02-09,72.0
Region X: Northern Mindanao,13,2021-02-10,66.0
Region X: Northern Mindanao,88,2021-02-11,73.42857142857143
Region X: Northern Mindanao,130,2021-02-12,81.42857142857143
Region X: Northern Mindanao,117,2021-02-13,87.71428571428571
Region X: Northern Mindanao,24,2021-02-14,79.28571428571429
Region X: Northern Mindanao,23,2021-02-15,67.85714285714286
Region X: Northern Mindanao,70,2021-02-16,66.42857142857143
Region X: Northern Mindanao,11,2021-02-17,66.14285714285714
Region X: Northern Mindanao,40,2021-02-18,59.285714285714285
Region X: Northern Mindanao,44,2021-02-19,47.0
Region X: Northern Mindanao,47,2021-02-20,37.0
Region X: Northern Mindanao,30,2021-02-21,37.857142857142854
Region X: Northern Mindanao,36,2021-02-22,39.714285714285715
Region X: Northern Mindanao,17,2021-02-23,32.142857142857146
Region X: Northern Mindanao,11,2021-02-24,32.142857142857146
Region X: Northern Mindanao,36,2021-02-25,31.571428571428573
Region X: Northern Mindanao,37,2021-02-26,30.571428571428573
Region X: Northern Mindanao,52,2021-02-27,31.285714285714285
Region X: Northern Mindanao,16,2021-02-28,29.285714285714285
Region X: Northern Mindanao,49,2021-03-01,31.142857142857142
Region X: Northern Mindanao,100,2021-03-02,43.0
Region X: Northern Mindanao,41,2021-03-03,47.285714285714285
Region X: Northern Mindanao,40,2021-03-04,47.857142857142854
Region X: Northern Mindanao,42,2021-03-05,48.57142857142857
Region X: Northern Mindanao,49,2021-03-06,48.142857142857146
Region X: Northern Mindanao,31,2021-03-07,50.285714285714285
Region X: Northern Mindanao,53,2021-03-08,50.857142857142854
Region X: Northern Mindanao,19,2021-03-09,39.285714285714285
Region X: Northern Mindanao,14,2021-03-10,35.42857142857143
Region X: Northern Mindanao,54,2021-03-11,37.42857142857143
Region X: Northern Mindanao,50,2021-03-12,38.57142857142857
Region X: Northern Mindanao,10,2021-03-13,33.0
Region X: Northern Mindanao,40,2021-03-14,34.285714285714285
Region X: Northern Mindanao,35,2021-03-15,31.714285714285715
Region X: Northern Mindanao,66,2021-03-16,38.42857142857143
Region X: Northern Mindanao,24,2021-03-17,39.857142857142854
Region X: Northern Mindanao,34,2021-03-18,37.0
Region X: Northern Mindanao,55,2021-03-19,37.714285714285715
Region X: Northern Mindanao,52,2021-03-20,43.714285714285715
Region X: Northern Mindanao,37,2021-03-21,43.285714285714285
Region X: Northern Mindanao,88,2021-03-22,50.857142857142854
Region X: Northern Mindanao,19,2021-03-23,44.142857142857146
Region X: Northern Mindanao,58,2021-03-24,49.0
Region X: Northern Mindanao,54,2021-03-25,51.857142857142854
Region X: Northern Mindanao,50,2021-03-26,51.142857142857146
Region X: Northern Mindanao,59,2021-03-27,52.142857142857146
Region X: Northern Mindanao,74,2021-03-28,57.42857142857143
Region X: Northern Mindanao,41,2021-03-29,50.714285714285715
Region X: Northern Mindanao,12,2021-03-30,49.714285714285715
Region X: Northern Mindanao,88,2021-03-31,54.0
Region X: Northern Mindanao,33,2021-04-01,51.0
Region X: Northern Mindanao,99,2021-04-02,58.0
Region X: Northern Mindanao,32,2021-04-03,54.142857142857146
Region X: Northern Mindanao,54,2021-04-04,51.285714285714285
Region X: Northern Mindanao,59,2021-04-05,53.857142857142854
Region X: Northern Mindanao,109,2021-04-06,67.71428571428571
Region X: Northern Mindanao,19,2021-04-07,57.857142857142854
Region X: Northern Mindanao,68,2021-04-08,62.857142857142854
Region X: Northern Mindanao,131,2021-04-09,67.42857142857143
Region X: Northern Mindanao,107,2021-04-10,78.14285714285714
Region X: Northern Mindanao,24,2021-04-11,73.85714285714286
Region X: Northern Mindanao,92,2021-04-12,78.57142857142857
Region X: Northern Mindanao,68,2021-04-13,72.71428571428571
Region X: Northern Mindanao,37,2021-04-14,75.28571428571429
Region X: Northern Mindanao,73,2021-04-15,76.0
Region X: Northern Mindanao,61,2021-04-16,66.0
Region X: Northern Mindanao,90,2021-04-17,63.57142857142857
Region X: Northern Mindanao,75,2021-04-18,70.85714285714286
Region X: Northern Mindanao,44,2021-04-19,64.0
Region X: Northern Mindanao,101,2021-04-20,68.71428571428571
Region X: Northern Mindanao,53,2021-04-21,71.0
Region X: Northern Mindanao,125,2021-04-22,78.42857142857143
Region X: Northern Mindanao,149,2021-04-23,91.0
Region X: Northern Mindanao,104,2021-04-24,93.0
Region X: Northern Mindanao,54,2021-04-25,90.0
Region X: Northern Mindanao,88,2021-04-26,96.28571428571429
Region X: Northern Mindanao,66,2021-04-27,91.28571428571429
Region X: Northern Mindanao,76,2021-04-28,94.57142857142857
Region X: Northern Mindanao,128,2021-04-29,95.0
Region X: Northern Mindanao,67,2021-04-30,83.28571428571429
Region X: Northern Mindanao,128,2021-05-01,86.71428571428571
Region X: Northern Mindanao,207,2021-05-02,108.57142857142857
Region X: Northern Mindanao,94,2021-05-03,109.42857142857143
Region X: Northern Mindanao,119,2021-05-04,117.0
Region X: Northern Mindanao,97,2021-05-05,120.0
Region X: Northern Mindanao,129,2021-05-06,120.14285714285714
Region X: Northern Mindanao,170,2021-05-07,134.85714285714286
Region X: Northern Mindanao,79,2021-05-08,127.85714285714286
Region X: Northern Mindanao,187,2021-05-09,125.0
Region X: Northern Mindanao,208,2021-05-10,141.28571428571428
Region X: Northern Mindanao,160,2021-05-11,147.14285714285714
Region X: Northern Mindanao,152,2021-05-12,155.0
Region X: Northern Mindanao,219,2021-05-13,167.85714285714286
Region X: Northern Mindanao,295,2021-05-14,185.71428571428572
Region X: Northern Mindanao,259,2021-05-15,211.42857142857142
Region X: Northern Mindanao,387,2021-05-16,240.0
Region X: Northern Mindanao,345,2021-05-17,259.57142857142856
Region X: Northern Mindanao,207,2021-05-18,266.2857142857143
Region X: Northern Mindanao,105,2021-05-19,259.57142857142856
Region X: Northern Mindanao,160,2021-05-20,251.14285714285714
Region X: Northern Mindanao,254,2021-05-21,245.28571428571428
Region X: Northern Mindanao,299,2021-05-22,251.0
Region X: Northern Mindanao,251,2021-05-23,231.57142857142858
Region X: Northern Mindanao,267,2021-05-24,220.42857142857142
Region X: Northern Mindanao,333,2021-05-25,238.42857142857142
Region X: Northern Mindanao,394,2021-05-26,279.7142857142857
Region X: Northern Mindanao,202,2021-05-27,285.7142857142857
Region X: Northern Mindanao,213,2021-05-28,279.85714285714283
Region X: Northern Mindanao,482,2021-05-29,306.0
Region X: Northern Mindanao,342,2021-05-30,319.0
Region X: Northern Mindanao,412,2021-05-31,339.7142857142857
Region X: Northern Mindanao,359,2021-06-01,343.42857142857144
Region X: Northern Mindanao,342,2021-06-02,336.0
Region X: Northern Mindanao,335,2021-06-03,355.0
Region X: Northern Mindanao,526,2021-06-04,399.7142857142857
Region X: Northern Mindanao,392,2021-06-05,386.85714285714283
Region X: Northern Mindanao,467,2021-06-06,404.7142857142857
Region X: Northern Mindanao,229,2021-06-07,378.57142857142856
Region X: Northern Mindanao,316,2021-06-08,372.42857142857144
Region X: Northern Mindanao,263,2021-06-09,361.14285714285717
Region X: Northern Mindanao,241,2021-06-10,347.7142857142857
Region X: Northern Mindanao,279,2021-06-11,312.42857142857144
Region X: Northern Mindanao,313,2021-06-12,301.14285714285717
Region X: Northern Mindanao,427,2021-06-13,295.42857142857144
Region X: Northern Mindanao,424,2021-06-14,323.2857142857143
Region X: Northern Mindanao,391,2021-06-15,334.0
Region X: Northern Mindanao,497,2021-06-16,367.42857142857144
Region X: Northern Mindanao,149,2021-06-17,354.2857142857143
Region X: Northern Mindanao,416,2021-06-18,373.85714285714283
Region X: Northern Mindanao,375,2021-06-19,382.7142857142857
Region X: Northern Mindanao,272,2021-06-20,360.57142857142856
Region X: Northern Mindanao,147,2021-06-21,321.0
Region X: Northern Mindanao,209,2021-06-22,295.0
Region X: Northern Mindanao,330,2021-06-23,271.14285714285717
Region X: Northern Mindanao,190,2021-06-24,277.0
Region X: Northern Mindanao,270,2021-06-25,256.14285714285717
Region X: Northern Mindanao,230,2021-06-26,235.42857142857142
Region X: Northern Mindanao,198,2021-06-27,224.85714285714286
Region X: Northern Mindanao,198,2021-06-28,232.14285714285714
Region X: Northern Mindanao,208,2021-06-29,232.0
Region X: Northern Mindanao,166,2021-06-30,208.57142857142858
Region X: Northern Mindanao,214,2021-07-01,212.0
Region X: Northern Mindanao,278,2021-07-02,213.14285714285714
Region X: Northern Mindanao,218,2021-07-03,211.42857142857142
Region X: Northern Mindanao,308,2021-07-04,227.14285714285714
Region X: Northern Mindanao,213,2021-07-05,229.28571428571428
Region X: Northern Mindanao,245,2021-07-06,234.57142857142858
Region X: Northern Mindanao,170,2021-07-07,235.14285714285714
Region X: Northern Mindanao,319,2021-07-08,250.14285714285714
Region X: Northern Mindanao,292,2021-07-09,252.14285714285714
Region X: Northern Mindanao,129,2021-07-10,239.42857142857142
Region X: Northern Mindanao,125,2021-07-11,213.28571428571428
Region X: Northern Mindanao,219,2021-07-12,214.14285714285714
Region X: Northern Mindanao,150,2021-07-13,200.57142857142858
Region X: Northern Mindanao,187,2021-07-14,203.0
Region X: Northern Mindanao,327,2021-07-15,204.14285714285714
Region X: Northern Mindanao,295,2021-07-16,204.57142857142858
Region X: Northern Mindanao,293,2021-07-17,228.0
Region X: Northern Mindanao,187,2021-07-18,236.85714285714286
Region X: Northern Mindanao,272,2021-07-19,244.42857142857142
Region X: Northern Mindanao,127,2021-07-20,241.14285714285714
Region X: Northern Mindanao,377,2021-07-21,268.2857142857143
Region X: Northern Mindanao,371,2021-07-22,274.57142857142856
Region X: Northern Mindanao,358,2021-07-23,283.57142857142856
Region X: Northern Mindanao,395,2021-07-24,298.14285714285717
Region X: Northern Mindanao,358,2021-07-25,322.57142857142856
Region X: Northern Mindanao,339,2021-07-26,332.14285714285717
Region X: Northern Mindanao,336,2021-07-27,362.0
Region X: Northern Mindanao,173,2021-07-28,332.85714285714283
Region X: Northern Mindanao,170,2021-07-29,304.14285714285717
Region X: Northern Mindanao,431,2021-07-30,314.57142857142856
Region X: Northern Mindanao,426,2021-07-31,319.0
Region X: Northern Mindanao,736,2021-08-01,373.0
Region X: Northern Mindanao,321,2021-08-02,370.42857142857144
Region X: Northern Mindanao,429,2021-08-03,383.7142857142857
Region X: Northern Mindanao,513,2021-08-04,432.2857142857143
Region X: Northern Mindanao,588,2021-08-05,492.0
Region X: Northern Mindanao,420,2021-08-06,490.42857142857144
Region X: Northern Mindanao,653,2021-08-07,522.8571428571429
Region X: Northern Mindanao,633,2021-08-08,508.14285714285717
Region X: Northern Mindanao,610,2021-08-09,549.4285714285714
Region X: Northern Mindanao,460,2021-08-10,553.8571428571429
Region X: Northern Mindanao,834,2021-08-11,599.7142857142857
Region X: Northern Mindanao,639,2021-08-12,607.0
Region X: Northern Mindanao,603,2021-08-13,633.1428571428571
Region X: Northern Mindanao,607,2021-08-14,626.5714285714286
Region X: Northern Mindanao,906,2021-08-15,665.5714285714286
Region X: Northern Mindanao,713,2021-08-16,680.2857142857143
Region X: Northern Mindanao,577,2021-08-17,697.0
Region X: Northern Mindanao,239,2021-08-18,612.0
Region X: Northern Mindanao,1100,2021-08-19,677.8571428571429
Region X: Northern Mindanao,811,2021-08-20,707.5714285714286
Region X: Northern Mindanao,740,2021-08-21,726.5714285714286
Region X: Northern Mindanao,822,2021-08-22,714.5714285714286
Region X: Northern Mindanao,835,2021-08-23,732.0
Region X: Northern Mindanao,623,2021-08-24,738.5714285714286
Region X: Northern Mindanao,842,2021-08-25,824.7142857142857
Region X: Northern Mindanao,901,2021-08-26,796.2857142857143
Region X: Northern Mindanao,497,2021-08-27,751.4285714285714
Region X: Northern Mindanao,663,2021-08-28,740.4285714285714
Region X: Northern Mindanao,629,2021-08-29,712.8571428571429
Region X: Northern Mindanao,856,2021-08-30,715.8571428571429
Region X: Northern Mindanao,543,2021-08-31,704.4285714285714
Region X: Northern Mindanao,584,2021-09-01,667.5714285714286
Region X: Northern Mindanao,834,2021-09-02,658.0
Region X: Northern Mindanao,913,2021-09-03,717.4285714285714
Region X: Northern Mindanao,674,2021-09-04,719.0
Region X: Northern Mindanao,836,2021-09-05,748.5714285714286
Region X: Northern Mindanao,807,2021-09-06,741.5714285714286
Region X: Northern Mindanao,576,2021-09-07,746.2857142857143
Region X: Northern Mindanao,1005,2021-09-08,806.4285714285714
Region X: Northern Mindanao,798,2021-09-09,801.2857142857143
Region X: Northern Mindanao,728,2021-09-10,774.8571428571429
Region X: Northern Mindanao,480,2021-09-11,747.1428571428571
Region X: Northern Mindanao,907,2021-09-12,757.2857142857143
Region X: Northern Mindanao,965,2021-09-13,779.8571428571429
Region X: Northern Mindanao,689,2021-09-14,796.0
Region X: Northern Mindanao,591,2021-09-15,736.8571428571429
Region X: Northern Mindanao,444,2021-09-16,686.2857142857143
Region X: Northern Mindanao,290,2021-09-17,623.7142857142857
Region X: Northern Mindanao,481,2021-09-18,623.8571428571429
Region X: Northern Mindanao,530,2021-09-19,570.0
Region X: Northern Mindanao,553,2021-09-20,511.14285714285717
Region X: Northern Mindanao,364,2021-09-21,464.7142857142857
Region X: Northern Mindanao,777,2021-09-22,491.2857142857143
Region X: Northern Mindanao,493,2021-09-23,498.2857142857143
Region X: Northern Mindanao,454,2021-09-24,521.7142857142857
Region X: Northern Mindanao,345,2021-09-25,502.2857142857143
Region X: Northern Mindanao,320,2021-09-26,472.2857142857143
Region X: Northern Mindanao,858,2021-09-27,515.8571428571429
Region X: Northern Mindanao,306,2021-09-28,507.57142857142856
Region X: Northern Mindanao,284,2021-09-29,437.14285714285717
Region X: Northern Mindanao,452,2021-09-30,431.2857142857143
Region X: Northern Mindanao,252,2021-10-01,402.42857142857144
Region X: Northern Mindanao,365,2021-10-02,405.2857142857143
Region X: Northern Mindanao,385,2021-10-03,414.57142857142856
Region X: Northern Mindanao,209,2021-10-04,321.85714285714283
Region X: Northern Mindanao,139,2021-10-05,298.0
Region X: Northern Mindanao,214,2021-10-06,288.0
Region X: Northern Mindanao,237,2021-10-07,257.2857142857143
Region X: Northern Mindanao,279,2021-10-08,261.14285714285717
Region X: Northern Mindanao,300,2021-10-09,251.85714285714286
Region X: Northern Mindanao,283,2021-10-10,237.28571428571428
Region X: Northern Mindanao,103,2021-10-11,222.14285714285714
Region X: Northern Mindanao,125,2021-10-12,220.14285714285714
Region X: Northern Mindanao,115,2021-10-13,206.0
Region X: Northern Mindanao,216,2021-10-14,203.0
Region X: Northern Mindanao,183,2021-10-15,189.28571428571428
Region X: Northern Mindanao,139,2021-10-16,166.28571428571428
Region X: Northern Mindanao,216,2021-10-17,156.71428571428572
Region X: Northern Mindanao,105,2021-10-18,157.0
Region X: Northern Mindanao,94,2021-10-19,152.57142857142858
Region X: Northern Mindanao,66,2021-10-20,145.57142857142858
Region X: Northern Mindanao,83,2021-10-21,126.57142857142857
Region X: Northern Mindanao,150,2021-10-22,121.85714285714286
Region X: Northern Mindanao,114,2021-10-23,118.28571428571429
Region X: Northern Mindanao,142,2021-10-24,107.71428571428571
Region X: Northern Mindanao,115,2021-10-25,109.14285714285714
Region X: Northern Mindanao,84,2021-10-26,107.71428571428571
Region X: Northern Mindanao,46,2021-10-27,104.85714285714286
Region X: Northern Mindanao,162,2021-10-28,116.14285714285714
Region X: Northern Mindanao,71,2021-10-29,104.85714285714286
Region X: Northern Mindanao,63,2021-10-30,97.57142857142857
Region X: Northern Mindanao,89,2021-10-31,90.0
Region X: Northern Mindanao,83,2021-11-01,85.42857142857143
Region X: Northern Mindanao,29,2021-11-02,77.57142857142857
Region X: Northern Mindanao,36,2021-11-03,76.14285714285714
Region X: Northern Mindanao,39,2021-11-04,58.57142857142857
Region X: Northern Mindanao,46,2021-11-05,55.0
Region X: Northern Mindanao,54,2021-11-06,53.714285714285715
Region X: Northern Mindanao,71,2021-11-07,51.142857142857146
Region X: Northern Mindanao,41,2021-11-08,45.142857142857146
Region X: Northern Mindanao,27,2021-11-09,44.857142857142854
Region X: Northern Mindanao,55,2021-11-10,47.57142857142857
Region X: Northern Mindanao,52,2021-11-11,49.42857142857143
Region X: Northern Mindanao,19,2021-11-12,45.57142857142857
Region X: Northern Mindanao,19,2021-11-13,40.57142857142857
Region X: Northern Mindanao,59,2021-11-14,38.857142857142854
Region X: Northern Mindanao,22,2021-11-15,36.142857142857146
Region X: Northern Mindanao,30,2021-11-16,36.57142857142857
Region X: Northern Mindanao,16,2021-11-17,31.0
Region X: Northern Mindanao,19,2021-11-18,26.285714285714285
Region X: Northern Mindanao,41,2021-11-19,29.428571428571427
Region X: Northern Mindanao,12,2021-11-20,28.428571428571427
Region X: Northern Mindanao,37,2021-11-21,25.285714285714285
Region X: Northern Mindanao,17,2021-11-22,24.571428571428573
Region X: Northern Mindanao,11,2021-11-23,21.857142857142858
Region X: Northern Mindanao,11,2021-11-24,21.142857142857142
Region X: Northern Mindanao,20,2021-11-25,21.285714285714285
Region X: Northern Mindanao,18,2021-11-26,18.0
Region X: Northern Mindanao,19,2021-11-27,19.0
Region X: Northern Mindanao,23,2021-11-28,17.0
Region X: Northern Mindanao,14,2021-11-29,16.571428571428573
Region X: Northern Mindanao,7,2021-11-30,16.0
Region X: Northern Mindanao,13,2021-12-01,16.285714285714285
Region X: Northern Mindanao,17,2021-12-02,15.857142857142858
Region X: Northern Mindanao,11,2021-12-03,14.857142857142858
Region X: Northern Mindanao,11,2021-12-04,13.714285714285714
Region X: Northern Mindanao,9,2021-12-05,11.714285714285714
Region X: Northern Mindanao,4,2021-12-06,10.285714285714286
Region X: Northern Mindanao,8,2021-12-07,10.428571428571429
Region X: Northern Mindanao,12,2021-12-08,10.285714285714286
Region X: Northern Mindanao,10,2021-12-09,9.285714285714286
Region X: Northern Mindanao,7,2021-12-10,8.714285714285714
Region X: Northern Mindanao,6,2021-12-11,8.0
Region X: Northern Mindanao,6,2021-12-12,7.571428571428571
Region X: Northern Mindanao,10,2021-12-13,8.428571428571429
Region X: Northern Mindanao,6,2021-12-14,8.142857142857142
Region X: Northern Mindanao,26,2021-12-15,10.142857142857142
Region X: Northern Mindanao,10,2021-12-16,10.142857142857142
Region X: Northern Mindanao,14,2021-12-17,11.142857142857142
Region X: Northern Mindanao,5,2021-12-18,11.0
Region X: Northern Mindanao,1,2021-12-19,10.285714285714286
Region X: Northern Mindanao,2,2021-12-20,9.142857142857142
Region X: Northern Mindanao,6,2021-12-21,9.142857142857142
Region X: Northern Mindanao,4,2021-12-22,6.0
Region X: Northern Mindanao,2,2021-12-23,4.857142857142857
Region X: Northern Mindanao,3,2021-12-24,3.2857142857142856
Region X: Northern Mindanao,6,2021-12-25,3.4285714285714284
Region X: Northern Mindanao,2,2021-12-26,3.5714285714285716
Region X: Northern Mindanao,7,2021-12-27,4.285714285714286
Region X: Northern Mindanao,5,2021-12-28,4.142857142857143
Region X: Northern Mindanao,14,2021-12-29,5.571428571428571
Region X: Northern Mindanao,13,2021-12-30,7.142857142857143
Region X: Northern Mindanao,11,2021-12-31,8.285714285714286
Region X: Northern Mindanao,21,2022-01-01,10.428571428571429
Region X: Northern Mindanao,14,2022-01-02,12.142857142857142
Region X: Northern Mindanao,11,2022-01-03,12.714285714285714
Region X: Northern Mindanao,16,2022-01-04,14.285714285714286
Region X: Northern Mindanao,17,2022-01-05,14.714285714285714
Region X: Northern Mindanao,47,2022-01-06,19.571428571428573
Region X: Northern Mindanao,63,2022-01-07,27.0
Region X: Northern Mindanao,111,2022-01-08,39.857142857142854
Region X: Northern Mindanao,141,2022-01-09,58.0
Region X: Northern Mindanao,141,2022-01-10,76.57142857142857
Region X: Northern Mindanao,105,2022-01-11,89.28571428571429
Region X: Northern Mindanao,143,2022-01-12,107.28571428571429
Region X: Northern Mindanao,266,2022-01-13,138.57142857142858
Region X: Northern Mindanao,200,2022-01-14,158.14285714285714
Region X: Northern Mindanao,355,2022-01-15,193.0
Region X: Northern Mindanao,324,2022-01-16,219.14285714285714
Region X: Northern Mindanao,526,2022-01-17,274.14285714285717
Region X: Northern Mindanao,348,2022-01-18,308.85714285714283
Region X: Northern Mindanao,404,2022-01-19,346.14285714285717
Region X: Northern Mindanao,846,2022-01-20,429.0
Region X: Northern Mindanao,880,2022-01-21,526.1428571428571
Region X: Northern Mindanao,1035,2022-01-22,623.2857142857143
Region X: Northern Mindanao,1134,2022-01-23,739.0
Region X: Northern Mindanao,979,2022-01-24,803.7142857142857
Region X: Northern Mindanao,769,2022-01-25,863.8571428571429
Region X: Northern Mindanao,737,2022-01-26,911.4285714285714
Region X: Northern Mindanao,890,2022-01-27,917.7142857142857
Region X: Northern Mindanao,1171,2022-01-28,959.2857142857143
Region X: Northern Mindanao,910,2022-01-29,941.4285714285714
Region X: Northern Mindanao,1192,2022-01-30,949.7142857142857
Region X: Northern Mindanao,707,2022-01-31,910.8571428571429
Region X: Northern Mindanao,362,2022-02-01,852.7142857142857
Region X: Northern Mindanao,302,2022-02-02,790.5714285714286
Region X: Northern Mindanao,569,2022-02-03,744.7142857142857
Region X: Northern Mindanao,307,2022-02-04,621.2857142857143
Region X: Northern Mindanao,504,2022-02-05,563.2857142857143
Region X: Northern Mindanao,527,2022-02-06,468.2857142857143
Region X: Northern Mindanao,341,2022-02-07,416.0
Region X: Northern Mindanao,149,2022-02-08,385.57142857142856
Region X: Northern Mindanao,126,2022-02-09,360.42857142857144
Region X: Northern Mindanao,352,2022-02-10,329.42857142857144
Region X: Northern Mindanao,161,2022-02-11,308.57142857142856
Region X: Northern Mindanao,169,2022-02-12,260.7142857142857
Region X: Northern Mindanao,109,2022-02-13,201.0
Region X: Northern Mindanao,87,2022-02-14,164.71428571428572
Region X: Northern Mindanao,65,2022-02-15,152.71428571428572
Region X: Northern Mindanao,48,2022-02-16,141.57142857142858
Region X: Northern Mindanao,104,2022-02-17,106.14285714285714
Region X: Northern Mindanao,82,2022-02-18,94.85714285714286
Region X: Northern Mindanao,63,2022-02-19,79.71428571428571
Region X: Northern Mindanao,62,2022-02-20,73.0
Region X: Northern Mindanao,40,2022-02-21,66.28571428571429
Region X: Northern Mindanao,54,2022-02-22,64.71428571428571
Region X: Northern Mindanao,55,2022-02-23,65.71428571428571
Region X: Northern Mindanao,68,2022-02-24,60.57142857142857
Region X: Northern Mindanao,59,2022-02-25,57.285714285714285
Region X: Northern Mindanao,35,2022-02-26,53.285714285714285
Region X: Northern Mindanao,36,2022-02-27,49.57142857142857
Region X: Northern Mindanao,20,2022-02-28,46.714285714285715
Region X: Northern Mindanao,47,2022-03-01,45.714285714285715
Region X: Northern Mindanao,50,2022-03-02,45.0
Region X: Northern Mindanao,40,2022-03-03,41.0
Region X: Northern Mindanao,30,2022-03-04,36.857142857142854
Region X: Northern Mindanao,32,2022-03-05,36.42857142857143
Region X: Northern Mindanao,24,2022-03-06,34.714285714285715
Region X: Northern Mindanao,44,2022-03-07,38.142857142857146
Region X: Northern Mindanao,18,2022-03-08,34.0
Region X: Northern Mindanao,15,2022-03-09,29.0
Region X: Northern Mindanao,17,2022-03-10,25.714285714285715
Region X: Northern Mindanao,14,2022-03-11,23.428571428571427
Region X: Northern Mindanao,16,2022-03-12,21.142857142857142
Region X: Northern Mindanao,4,2022-03-13,18.285714285714285
Region X: Northern Mindanao,12,2022-03-14,13.714285714285714
Region X: Northern Mindanao,11,2022-03-15,12.714285714285714
Region X: Northern Mindanao,10,2022-03-16,12.0
Region X: Northern Mindanao,10,2022-03-17,11.0
Region X: Northern Mindanao,14,2022-03-18,11.0
Region X: Northern Mindanao,6,2022-03-19,9.571428571428571
Region X: Northern Mindanao,10,2022-03-20,10.428571428571429
Region X: Northern Mindanao,8,2022-03-21,9.857142857142858
Region X: Northern Mindanao,11,2022-03-22,9.857142857142858
Region X: Northern Mindanao,14,2022-03-23,10.428571428571429
Region X: Northern Mindanao,8,2022-03-24,10.142857142857142
Region X: Northern Mindanao,7,2022-03-25,9.142857142857142
Region X: Northern Mindanao,9,2022-03-26,9.571428571428571
Region X: Northern Mindanao,3,2022-03-27,8.571428571428571
Region X: Northern Mindanao,2,2022-03-28,7.714285714285714
Region X: Northern Mindanao,5,2022-03-29,6.857142857142857
Region X: Northern Mindanao,8,2022-03-30,6.0
Region X: Northern Mindanao,3,2022-03-31,5.285714285714286
Region X: Northern Mindanao,11,2022-04-01,5.857142857142857
Region X: Northern Mindanao,5,2022-04-02,5.285714285714286
Region X: Northern Mindanao,8,2022-04-03,6.0
Region X: Northern Mindanao,13,2022-04-04,7.571428571428571
Region X: Northern Mindanao,3,2022-04-05,7.285714285714286
Region X: Northern Mindanao,21,2022-04-06,9.142857142857142
Region X: Northern Mindanao,7,2022-04-07,9.714285714285714
Region X: Northern Mindanao,4,2022-04-08,8.714285714285714
Region X: Northern Mindanao,4,2022-04-09,8.571428571428571
Region X: Northern Mindanao,8,2022-04-10,8.571428571428571
Region X: Northern Mindanao,6,2022-04-11,7.571428571428571
Region X: Northern Mindanao,8,2022-04-12,8.285714285714286
Region X: Northern Mindanao,6,2022-04-13,6.142857142857143
Region X: Northern Mindanao,5,2022-04-14,5.857142857142857
Region X: Northern Mindanao,6,2022-04-15,6.142857142857143
Region X: Northern Mindanao,5,2022-04-16,6.285714285714286
Region X: Northern Mindanao,3,2022-04-17,5.571428571428571
Region X: Northern Mindanao,5,2022-04-18,5.428571428571429
Region X: Northern Mindanao,1,2022-04-19,4.428571428571429
Region X: Northern Mindanao,7,2022-04-20,4.571428571428571
Region X: Northern Mindanao,3,2022-04-21,4.285714285714286
Region X: Northern Mindanao,2,2022-04-22,3.7142857142857144
Region X: Northern Mindanao,4,2022-04-23,3.5714285714285716
Region X: Northern Mindanao,12,2022-04-24,4.857142857142857
Region X: Northern Mindanao,4,2022-04-25,4.714285714285714
Region X: Northern Mindanao,3,2022-04-26,5.0
Region X: Northern Mindanao,7,2022-04-27,5.0
Region X: Northern Mindanao,7,2022-04-28,5.571428571428571
Region X: Northern Mindanao,8,2022-04-29,6.428571428571429
Region X: Northern Mindanao,1,2022-04-30,6.0
Region X: Northern Mindanao,1,2022-05-01,4.428571428571429
Region X: Northern Mindanao,5,2022-05-02,4.571428571428571
Region X: Northern Mindanao,1,2022-05-03,4.285714285714286
Region X: Northern Mindanao,3,2022-05-04,3.7142857142857144
Region X: Northern Mindanao,5,2022-05-05,3.4285714285714284
Region X: Northern Mindanao,6,2022-05-06,3.142857142857143
Region X: Northern Mindanao,5,2022-05-07,3.7142857142857144
Region X: Northern Mindanao,7,2022-05-08,4.571428571428571
Region X: Northern Mindanao,7,2022-05-09,4.857142857142857
Region X: Northern Mindanao,3,2022-05-10,5.142857142857143
Region X: Northern Mindanao,3,2022-05-11,5.142857142857143
Region X: Northern Mindanao,2,2022-05-12,4.714285714285714
Region X: Northern Mindanao,10,2022-05-13,5.285714285714286
Region X: Northern Mindanao,10,2022-05-14,6.0
Region X: Northern Mindanao,5,2022-05-15,5.714285714285714
Region X: Northern Mindanao,2,2022-05-16,5.0
Region X: Northern Mindanao,1,2022-05-17,4.714285714285714
Region X: Northern Mindanao,0,2022-05-18,4.285714285714286
Region X: Northern Mindanao,5,2022-05-19,4.714285714285714
Region X: Northern Mindanao,10,2022-05-20,4.714285714285714
Region X: Northern Mindanao,2,2022-05-21,3.5714285714285716
Region X: Northern Mindanao,5,2022-05-22,3.5714285714285716
Region X: Northern Mindanao,2,2022-05-23,3.5714285714285716
Region X: Northern Mindanao,2,2022-05-24,3.7142857142857144
Region X: Northern Mindanao,5,2022-05-25,4.428571428571429
Region X: Northern Mindanao,5,2022-05-26,4.428571428571429
Region X: Northern Mindanao,1,2022-05-27,3.142857142857143
Region X: Northern Mindanao,5,2022-05-28,3.5714285714285716
Region X: Northern Mindanao,4,2022-05-29,3.4285714285714284
Region X: Northern Mindanao,4,2022-05-30,3.7142857142857144
Region X: Northern Mindanao,0,2022-05-31,3.4285714285714284
Region X: Northern Mindanao,2,2022-06-01,3.0
Region X: Northern Mindanao,6,2022-06-02,3.142857142857143
Region X: Northern Mindanao,5,2022-06-03,3.7142857142857144
Region X: Northern Mindanao,2,2022-06-04,3.2857142857142856
Region X: Northern Mindanao,2,2022-06-05,3.0
Region X: Northern Mindanao,4,2022-06-06,3.0
Region X: Northern Mindanao,4,2022-06-07,3.5714285714285716
Region X: Northern Mindanao,0,2022-06-08,3.2857142857142856
Region X: Northern Mindanao,8,2022-06-09,3.5714285714285716
Region X: Northern Mindanao,6,2022-06-10,3.7142857142857144
Region X: Northern Mindanao,6,2022-06-11,4.285714285714286
Region X: Northern Mindanao,6,2022-06-12,4.857142857142857
Region X: Northern Mindanao,12,2022-06-13,6.0
Region X: Northern Mindanao,4,2022-06-14,6.0
Region X: Northern Mindanao,0,2022-06-15,6.0
Region X: Northern Mindanao,7,2022-06-16,5.857142857142857
Region X: Northern Mindanao,7,2022-06-17,6.0
Region X: Northern Mindanao,8,2022-06-18,6.285714285714286
