region,count,date,7DayMA
Region VIII: Eastern Visayas,1,2020-03-29,
Region VIII: Eastern Visayas,0,2020-03-30,
Region VIII: Eastern Visayas,0,2020-03-31,
Region VIII: Eastern Visayas,0,2020-04-01,
Region VIII: Eastern Visayas,0,2020-04-02,
Region VIII: Eastern Visayas,1,2020-04-03,
Region VIII: Eastern Visayas,0,2020-04-04,0.2857142857142857
Region VIII: Eastern Visayas,0,2020-04-05,0.14285714285714285
Region VIII: Eastern Visayas,0,2020-04-06,0.14285714285714285
Region VIII: Eastern Visayas,2,2020-04-07,0.42857142857142855
Region VIII: Eastern Visayas,0,2020-04-08,0.42857142857142855
Region VIII: Eastern Visayas,0,2020-04-09,0.42857142857142855
Region VIII: Eastern Visayas,0,2020-04-10,0.2857142857142857
Region VIII: Eastern Visayas,0,2020-04-11,0.2857142857142857
Region VIII: Eastern Visayas,0,2020-04-12,0.2857142857142857
Region VIII: Eastern Visayas,0,2020-04-13,0.2857142857142857
Region VIII: Eastern Visayas,0,2020-04-14,0.0
Region VIII: Eastern Visayas,0,2020-04-15,0.0
Region VIII: Eastern Visayas,0,2020-04-16,0.0
Region VIII: Eastern Visayas,1,2020-04-17,0.14285714285714285
Region VIII: Eastern Visayas,0,2020-04-18,0.14285714285714285
Region VIII: Eastern Visayas,0,2020-04-19,0.14285714285714285
Region VIII: Eastern Visayas,0,2020-04-20,0.14285714285714285
Region VIII: Eastern Visayas,1,2020-04-21,0.2857142857142857
Region VIII: Eastern Visayas,0,2020-04-22,0.2857142857142857
Region VIII: Eastern Visayas,0,2020-04-23,0.2857142857142857
Region VIII: Eastern Visayas,0,2020-04-24,0.14285714285714285
Region VIII: Eastern Visayas,1,2020-04-25,0.2857142857142857
Region VIII: Eastern Visayas,0,2020-04-26,0.2857142857142857
Region VIII: Eastern Visayas,0,2020-04-27,0.2857142857142857
Region VIII: Eastern Visayas,6,2020-04-28,1.0
Region VIII: Eastern Visayas,0,2020-04-29,1.0
Region VIII: Eastern Visayas,0,2020-04-30,1.0
Region VIII: Eastern Visayas,0,2020-05-01,1.0
Region VIII: Eastern Visayas,0,2020-05-02,0.8571428571428571
Region VIII: Eastern Visayas,0,2020-05-03,0.8571428571428571
Region VIII: Eastern Visayas,1,2020-05-04,1.0
Region VIII: Eastern Visayas,0,2020-05-05,0.14285714285714285
Region VIII: Eastern Visayas,0,2020-05-06,0.14285714285714285
Region VIII: Eastern Visayas,0,2020-05-07,0.14285714285714285
Region VIII: Eastern Visayas,0,2020-05-08,0.14285714285714285
Region VIII: Eastern Visayas,0,2020-05-09,0.14285714285714285
Region VIII: Eastern Visayas,5,2020-05-10,0.8571428571428571
Region VIII: Eastern Visayas,1,2020-05-11,0.8571428571428571
Region VIII: Eastern Visayas,0,2020-05-12,0.8571428571428571
Region VIII: Eastern Visayas,1,2020-05-13,1.0
Region VIII: Eastern Visayas,1,2020-05-14,1.1428571428571428
Region VIII: Eastern Visayas,4,2020-05-15,1.7142857142857142
Region VIII: Eastern Visayas,0,2020-05-16,1.7142857142857142
Region VIII: Eastern Visayas,2,2020-05-17,1.2857142857142858
Region VIII: Eastern Visayas,0,2020-05-18,1.1428571428571428
Region VIII: Eastern Visayas,0,2020-05-19,1.1428571428571428
Region VIII: Eastern Visayas,0,2020-05-20,1.0
Region VIII: Eastern Visayas,0,2020-05-21,0.8571428571428571
Region VIII: Eastern Visayas,0,2020-05-22,0.2857142857142857
Region VIII: Eastern Visayas,0,2020-05-23,0.2857142857142857
Region VIII: Eastern Visayas,0,2020-05-24,0.0
Region VIII: Eastern Visayas,0,2020-05-25,0.0
Region VIII: Eastern Visayas,0,2020-05-26,0.0
Region VIII: Eastern Visayas,0,2020-05-27,0.0
Region VIII: Eastern Visayas,2,2020-05-28,0.2857142857142857
Region VIII: Eastern Visayas,3,2020-05-29,0.7142857142857143
Region VIII: Eastern Visayas,0,2020-05-30,0.7142857142857143
Region VIII: Eastern Visayas,6,2020-05-31,1.5714285714285714
Region VIII: Eastern Visayas,0,2020-06-01,1.5714285714285714
Region VIII: Eastern Visayas,1,2020-06-02,1.7142857142857142
Region VIII: Eastern Visayas,1,2020-06-03,1.8571428571428572
Region VIII: Eastern Visayas,1,2020-06-04,1.7142857142857142
Region VIII: Eastern Visayas,0,2020-06-05,1.2857142857142858
Region VIII: Eastern Visayas,0,2020-06-06,1.2857142857142858
Region VIII: Eastern Visayas,1,2020-06-07,0.5714285714285714
Region VIII: Eastern Visayas,1,2020-06-08,0.7142857142857143
Region VIII: Eastern Visayas,0,2020-06-09,0.5714285714285714
Region VIII: Eastern Visayas,4,2020-06-10,1.0
Region VIII: Eastern Visayas,18,2020-06-11,3.4285714285714284
Region VIII: Eastern Visayas,5,2020-06-12,4.142857142857143
Region VIII: Eastern Visayas,45,2020-06-13,10.571428571428571
Region VIII: Eastern Visayas,0,2020-06-14,10.428571428571429
Region VIII: Eastern Visayas,58,2020-06-15,18.571428571428573
Region VIII: Eastern Visayas,6,2020-06-16,19.428571428571427
Region VIII: Eastern Visayas,0,2020-06-17,18.857142857142858
Region VIII: Eastern Visayas,6,2020-06-18,17.142857142857142
Region VIII: Eastern Visayas,69,2020-06-19,26.285714285714285
Region VIII: Eastern Visayas,3,2020-06-20,20.285714285714285
Region VIII: Eastern Visayas,3,2020-06-21,20.714285714285715
Region VIII: Eastern Visayas,40,2020-06-22,18.142857142857142
Region VIII: Eastern Visayas,1,2020-06-23,17.428571428571427
Region VIII: Eastern Visayas,3,2020-06-24,17.857142857142858
Region VIII: Eastern Visayas,1,2020-06-25,17.142857142857142
Region VIII: Eastern Visayas,5,2020-06-26,8.0
Region VIII: Eastern Visayas,34,2020-06-27,12.428571428571429
Region VIII: Eastern Visayas,1,2020-06-28,12.142857142857142
Region VIII: Eastern Visayas,6,2020-06-29,7.285714285714286
Region VIII: Eastern Visayas,2,2020-06-30,7.428571428571429
Region VIII: Eastern Visayas,24,2020-07-01,10.428571428571429
Region VIII: Eastern Visayas,0,2020-07-02,10.285714285714286
Region VIII: Eastern Visayas,32,2020-07-03,14.142857142857142
Region VIII: Eastern Visayas,62,2020-07-04,18.142857142857142
Region VIII: Eastern Visayas,25,2020-07-05,21.571428571428573
Region VIII: Eastern Visayas,30,2020-07-06,25.0
Region VIII: Eastern Visayas,1,2020-07-07,24.857142857142858
Region VIII: Eastern Visayas,19,2020-07-08,24.142857142857142
Region VIII: Eastern Visayas,3,2020-07-09,24.571428571428573
Region VIII: Eastern Visayas,19,2020-07-10,22.714285714285715
Region VIII: Eastern Visayas,0,2020-07-11,13.857142857142858
Region VIII: Eastern Visayas,6,2020-07-12,11.142857142857142
Region VIII: Eastern Visayas,13,2020-07-13,8.714285714285714
Region VIII: Eastern Visayas,19,2020-07-14,11.285714285714286
Region VIII: Eastern Visayas,2,2020-07-15,8.857142857142858
Region VIII: Eastern Visayas,6,2020-07-16,9.285714285714286
Region VIII: Eastern Visayas,3,2020-07-17,7.0
Region VIII: Eastern Visayas,2,2020-07-18,7.285714285714286
Region VIII: Eastern Visayas,13,2020-07-19,8.285714285714286
Region VIII: Eastern Visayas,3,2020-07-20,6.857142857142857
Region VIII: Eastern Visayas,3,2020-07-21,4.571428571428571
Region VIII: Eastern Visayas,7,2020-07-22,5.285714285714286
Region VIII: Eastern Visayas,3,2020-07-23,4.857142857142857
Region VIII: Eastern Visayas,19,2020-07-24,7.142857142857143
Region VIII: Eastern Visayas,0,2020-07-25,6.857142857142857
Region VIII: Eastern Visayas,2,2020-07-26,5.285714285714286
Region VIII: Eastern Visayas,0,2020-07-27,4.857142857142857
Region VIII: Eastern Visayas,28,2020-07-28,8.428571428571429
Region VIII: Eastern Visayas,18,2020-07-29,10.0
Region VIII: Eastern Visayas,16,2020-07-30,11.857142857142858
Region VIII: Eastern Visayas,7,2020-07-31,10.142857142857142
Region VIII: Eastern Visayas,48,2020-08-01,17.0
Region VIII: Eastern Visayas,21,2020-08-02,19.714285714285715
Region VIII: Eastern Visayas,8,2020-08-03,20.857142857142858
Region VIII: Eastern Visayas,117,2020-08-04,33.57142857142857
Region VIII: Eastern Visayas,16,2020-08-05,33.285714285714285
Region VIII: Eastern Visayas,27,2020-08-06,34.857142857142854
Region VIII: Eastern Visayas,83,2020-08-07,45.714285714285715
Region VIII: Eastern Visayas,66,2020-08-08,48.285714285714285
Region VIII: Eastern Visayas,68,2020-08-09,55.0
Region VIII: Eastern Visayas,69,2020-08-10,63.714285714285715
Region VIII: Eastern Visayas,15,2020-08-11,49.142857142857146
Region VIII: Eastern Visayas,50,2020-08-12,54.0
Region VIII: Eastern Visayas,54,2020-08-13,57.857142857142854
Region VIII: Eastern Visayas,70,2020-08-14,56.0
Region VIII: Eastern Visayas,52,2020-08-15,54.0
Region VIII: Eastern Visayas,74,2020-08-16,54.857142857142854
Region VIII: Eastern Visayas,14,2020-08-17,47.0
Region VIII: Eastern Visayas,48,2020-08-18,51.714285714285715
Region VIII: Eastern Visayas,94,2020-08-19,58.0
Region VIII: Eastern Visayas,89,2020-08-20,63.0
Region VIII: Eastern Visayas,59,2020-08-21,61.42857142857143
Region VIII: Eastern Visayas,101,2020-08-22,68.42857142857143
Region VIII: Eastern Visayas,134,2020-08-23,77.0
Region VIII: Eastern Visayas,133,2020-08-24,94.0
Region VIII: Eastern Visayas,13,2020-08-25,89.0
Region VIII: Eastern Visayas,24,2020-08-26,79.0
Region VIII: Eastern Visayas,134,2020-08-27,85.42857142857143
Region VIII: Eastern Visayas,130,2020-08-28,95.57142857142857
Region VIII: Eastern Visayas,125,2020-08-29,99.0
Region VIII: Eastern Visayas,146,2020-08-30,100.71428571428571
Region VIII: Eastern Visayas,212,2020-08-31,112.0
Region VIII: Eastern Visayas,28,2020-09-01,114.14285714285714
Region VIII: Eastern Visayas,59,2020-09-02,119.14285714285714
Region VIII: Eastern Visayas,65,2020-09-03,109.28571428571429
Region VIII: Eastern Visayas,85,2020-09-04,102.85714285714286
Region VIII: Eastern Visayas,116,2020-09-05,101.57142857142857
Region VIII: Eastern Visayas,97,2020-09-06,94.57142857142857
Region VIII: Eastern Visayas,22,2020-09-07,67.42857142857143
Region VIII: Eastern Visayas,21,2020-09-08,66.42857142857143
Region VIII: Eastern Visayas,49,2020-09-09,65.0
Region VIII: Eastern Visayas,65,2020-09-10,65.0
Region VIII: Eastern Visayas,69,2020-09-11,62.714285714285715
Region VIII: Eastern Visayas,75,2020-09-12,56.857142857142854
Region VIII: Eastern Visayas,57,2020-09-13,51.142857142857146
Region VIII: Eastern Visayas,41,2020-09-14,53.857142857142854
Region VIII: Eastern Visayas,32,2020-09-15,55.42857142857143
Region VIII: Eastern Visayas,69,2020-09-16,58.285714285714285
Region VIII: Eastern Visayas,70,2020-09-17,59.0
Region VIII: Eastern Visayas,80,2020-09-18,60.57142857142857
Region VIII: Eastern Visayas,24,2020-09-19,53.285714285714285
Region VIII: Eastern Visayas,99,2020-09-20,59.285714285714285
Region VIII: Eastern Visayas,48,2020-09-21,60.285714285714285
Region VIII: Eastern Visayas,11,2020-09-22,57.285714285714285
Region VIII: Eastern Visayas,35,2020-09-23,52.42857142857143
Region VIII: Eastern Visayas,98,2020-09-24,56.42857142857143
Region VIII: Eastern Visayas,106,2020-09-25,60.142857142857146
Region VIII: Eastern Visayas,47,2020-09-26,63.42857142857143
Region VIII: Eastern Visayas,33,2020-09-27,54.0
Region VIII: Eastern Visayas,73,2020-09-28,57.57142857142857
Region VIII: Eastern Visayas,7,2020-09-29,57.0
Region VIII: Eastern Visayas,50,2020-09-30,59.142857142857146
Region VIII: Eastern Visayas,99,2020-10-01,59.285714285714285
Region VIII: Eastern Visayas,30,2020-10-02,48.42857142857143
Region VIII: Eastern Visayas,85,2020-10-03,53.857142857142854
Region VIII: Eastern Visayas,35,2020-10-04,54.142857142857146
Region VIII: Eastern Visayas,61,2020-10-05,52.42857142857143
Region VIII: Eastern Visayas,50,2020-10-06,58.57142857142857
Region VIII: Eastern Visayas,32,2020-10-07,56.0
Region VIII: Eastern Visayas,95,2020-10-08,55.42857142857143
Region VIII: Eastern Visayas,66,2020-10-09,60.57142857142857
Region VIII: Eastern Visayas,82,2020-10-10,60.142857142857146
Region VIII: Eastern Visayas,71,2020-10-11,65.28571428571429
Region VIII: Eastern Visayas,18,2020-10-12,59.142857142857146
Region VIII: Eastern Visayas,12,2020-10-13,53.714285714285715
Region VIII: Eastern Visayas,47,2020-10-14,55.857142857142854
Region VIII: Eastern Visayas,175,2020-10-15,67.28571428571429
Region VIII: Eastern Visayas,67,2020-10-16,67.42857142857143
Region VIII: Eastern Visayas,88,2020-10-17,68.28571428571429
Region VIII: Eastern Visayas,77,2020-10-18,69.14285714285714
Region VIII: Eastern Visayas,74,2020-10-19,77.14285714285714
Region VIII: Eastern Visayas,32,2020-10-20,80.0
Region VIII: Eastern Visayas,73,2020-10-21,83.71428571428571
Region VIII: Eastern Visayas,89,2020-10-22,71.42857142857143
Region VIII: Eastern Visayas,76,2020-10-23,72.71428571428571
Region VIII: Eastern Visayas,97,2020-10-24,74.0
Region VIII: Eastern Visayas,89,2020-10-25,75.71428571428571
Region VIII: Eastern Visayas,34,2020-10-26,70.0
Region VIII: Eastern Visayas,31,2020-10-27,69.85714285714286
Region VIII: Eastern Visayas,59,2020-10-28,67.85714285714286
Region VIII: Eastern Visayas,130,2020-10-29,73.71428571428571
Region VIII: Eastern Visayas,73,2020-10-30,73.28571428571429
Region VIII: Eastern Visayas,26,2020-10-31,63.142857142857146
Region VIII: Eastern Visayas,92,2020-11-01,63.57142857142857
Region VIII: Eastern Visayas,72,2020-11-02,69.0
Region VIII: Eastern Visayas,55,2020-11-03,72.42857142857143
Region VIII: Eastern Visayas,22,2020-11-04,67.14285714285714
Region VIII: Eastern Visayas,63,2020-11-05,57.57142857142857
Region VIII: Eastern Visayas,157,2020-11-06,69.57142857142857
Region VIII: Eastern Visayas,100,2020-11-07,80.14285714285714
Region VIII: Eastern Visayas,74,2020-11-08,77.57142857142857
Region VIII: Eastern Visayas,82,2020-11-09,79.0
Region VIII: Eastern Visayas,21,2020-11-10,74.14285714285714
Region VIII: Eastern Visayas,55,2020-11-11,78.85714285714286
Region VIII: Eastern Visayas,121,2020-11-12,87.14285714285714
Region VIII: Eastern Visayas,143,2020-11-13,85.14285714285714
Region VIII: Eastern Visayas,70,2020-11-14,80.85714285714286
Region VIII: Eastern Visayas,86,2020-11-15,82.57142857142857
Region VIII: Eastern Visayas,84,2020-11-16,82.85714285714286
Region VIII: Eastern Visayas,11,2020-11-17,81.42857142857143
Region VIII: Eastern Visayas,42,2020-11-18,79.57142857142857
Region VIII: Eastern Visayas,100,2020-11-19,76.57142857142857
Region VIII: Eastern Visayas,71,2020-11-20,66.28571428571429
Region VIII: Eastern Visayas,44,2020-11-21,62.57142857142857
Region VIII: Eastern Visayas,84,2020-11-22,62.285714285714285
Region VIII: Eastern Visayas,57,2020-11-23,58.42857142857143
Region VIII: Eastern Visayas,10,2020-11-24,58.285714285714285
Region VIII: Eastern Visayas,37,2020-11-25,57.57142857142857
Region VIII: Eastern Visayas,56,2020-11-26,51.285714285714285
Region VIII: Eastern Visayas,11,2020-11-27,42.714285714285715
Region VIII: Eastern Visayas,192,2020-11-28,63.857142857142854
Region VIII: Eastern Visayas,25,2020-11-29,55.42857142857143
Region VIII: Eastern Visayas,96,2020-11-30,61.0
Region VIII: Eastern Visayas,38,2020-12-01,65.0
Region VIII: Eastern Visayas,8,2020-12-02,60.857142857142854
Region VIII: Eastern Visayas,67,2020-12-03,62.42857142857143
Region VIII: Eastern Visayas,38,2020-12-04,66.28571428571429
Region VIII: Eastern Visayas,37,2020-12-05,44.142857142857146
Region VIII: Eastern Visayas,78,2020-12-06,51.714285714285715
Region VIII: Eastern Visayas,36,2020-12-07,43.142857142857146
Region VIII: Eastern Visayas,29,2020-12-08,41.857142857142854
Region VIII: Eastern Visayas,17,2020-12-09,43.142857142857146
Region VIII: Eastern Visayas,94,2020-12-10,47.0
Region VIII: Eastern Visayas,65,2020-12-11,50.857142857142854
Region VIII: Eastern Visayas,112,2020-12-12,61.57142857142857
Region VIII: Eastern Visayas,29,2020-12-13,54.57142857142857
Region VIII: Eastern Visayas,57,2020-12-14,57.57142857142857
Region VIII: Eastern Visayas,5,2020-12-15,54.142857142857146
Region VIII: Eastern Visayas,80,2020-12-16,63.142857142857146
Region VIII: Eastern Visayas,178,2020-12-17,75.14285714285714
Region VIII: Eastern Visayas,179,2020-12-18,91.42857142857143
Region VIII: Eastern Visayas,52,2020-12-19,82.85714285714286
Region VIII: Eastern Visayas,106,2020-12-20,93.85714285714286
Region VIII: Eastern Visayas,123,2020-12-21,103.28571428571429
Region VIII: Eastern Visayas,12,2020-12-22,104.28571428571429
Region VIII: Eastern Visayas,77,2020-12-23,103.85714285714286
Region VIII: Eastern Visayas,241,2020-12-24,112.85714285714286
Region VIII: Eastern Visayas,253,2020-12-25,123.42857142857143
Region VIII: Eastern Visayas,99,2020-12-26,130.14285714285714
Region VIII: Eastern Visayas,45,2020-12-27,121.42857142857143
Region VIII: Eastern Visayas,25,2020-12-28,107.42857142857143
Region VIII: Eastern Visayas,14,2020-12-29,107.71428571428571
Region VIII: Eastern Visayas,43,2020-12-30,102.85714285714286
Region VIII: Eastern Visayas,12,2020-12-31,70.14285714285714
Region VIII: Eastern Visayas,331,2021-01-01,81.28571428571429
Region VIII: Eastern Visayas,102,2021-01-02,81.71428571428571
Region VIII: Eastern Visayas,25,2021-01-03,78.85714285714286
Region VIII: Eastern Visayas,35,2021-01-04,80.28571428571429
Region VIII: Eastern Visayas,9,2021-01-05,79.57142857142857
Region VIII: Eastern Visayas,41,2021-01-06,79.28571428571429
Region VIII: Eastern Visayas,127,2021-01-07,95.71428571428571
Region VIII: Eastern Visayas,74,2021-01-08,59.0
Region VIII: Eastern Visayas,150,2021-01-09,65.85714285714286
Region VIII: Eastern Visayas,109,2021-01-10,77.85714285714286
Region VIII: Eastern Visayas,137,2021-01-11,92.42857142857143
Region VIII: Eastern Visayas,0,2021-01-12,91.14285714285714
Region VIII: Eastern Visayas,122,2021-01-13,102.71428571428571
Region VIII: Eastern Visayas,73,2021-01-14,95.0
Region VIII: Eastern Visayas,171,2021-01-15,108.85714285714286
Region VIII: Eastern Visayas,158,2021-01-16,110.0
Region VIII: Eastern Visayas,111,2021-01-17,110.28571428571429
Region VIII: Eastern Visayas,168,2021-01-18,114.71428571428571
Region VIII: Eastern Visayas,24,2021-01-19,118.14285714285714
Region VIII: Eastern Visayas,79,2021-01-20,112.0
Region VIII: Eastern Visayas,104,2021-01-21,116.42857142857143
Region VIII: Eastern Visayas,109,2021-01-22,107.57142857142857
Region VIII: Eastern Visayas,80,2021-01-23,96.42857142857143
Region VIII: Eastern Visayas,111,2021-01-24,96.42857142857143
Region VIII: Eastern Visayas,60,2021-01-25,81.0
Region VIII: Eastern Visayas,26,2021-01-26,81.28571428571429
Region VIII: Eastern Visayas,102,2021-01-27,84.57142857142857
Region VIII: Eastern Visayas,83,2021-01-28,81.57142857142857
Region VIII: Eastern Visayas,57,2021-01-29,74.14285714285714
Region VIII: Eastern Visayas,73,2021-01-30,73.14285714285714
Region VIII: Eastern Visayas,174,2021-01-31,82.14285714285714
Region VIII: Eastern Visayas,63,2021-02-01,82.57142857142857
Region VIII: Eastern Visayas,71,2021-02-02,89.0
Region VIII: Eastern Visayas,20,2021-02-03,77.28571428571429
Region VIII: Eastern Visayas,131,2021-02-04,84.14285714285714
Region VIII: Eastern Visayas,30,2021-02-05,80.28571428571429
Region VIII: Eastern Visayas,74,2021-02-06,80.42857142857143
Region VIII: Eastern Visayas,141,2021-02-07,75.71428571428571
Region VIII: Eastern Visayas,52,2021-02-08,74.14285714285714
Region VIII: Eastern Visayas,63,2021-02-09,73.0
Region VIII: Eastern Visayas,40,2021-02-10,75.85714285714286
Region VIII: Eastern Visayas,55,2021-02-11,65.0
Region VIII: Eastern Visayas,63,2021-02-12,69.71428571428571
Region VIII: Eastern Visayas,49,2021-02-13,66.14285714285714
Region VIII: Eastern Visayas,53,2021-02-14,53.57142857142857
Region VIII: Eastern Visayas,39,2021-02-15,51.714285714285715
Region VIII: Eastern Visayas,41,2021-02-16,48.57142857142857
Region VIII: Eastern Visayas,10,2021-02-17,44.285714285714285
Region VIII: Eastern Visayas,42,2021-02-18,42.42857142857143
Region VIII: Eastern Visayas,34,2021-02-19,38.285714285714285
Region VIII: Eastern Visayas,73,2021-02-20,41.714285714285715
Region VIII: Eastern Visayas,27,2021-02-21,38.0
Region VIII: Eastern Visayas,124,2021-02-22,50.142857142857146
Region VIII: Eastern Visayas,6,2021-02-23,45.142857142857146
Region VIII: Eastern Visayas,26,2021-02-24,47.42857142857143
Region VIII: Eastern Visayas,85,2021-02-25,53.57142857142857
Region VIII: Eastern Visayas,53,2021-02-26,56.285714285714285
Region VIII: Eastern Visayas,67,2021-02-27,55.42857142857143
Region VIII: Eastern Visayas,36,2021-02-28,56.714285714285715
Region VIII: Eastern Visayas,40,2021-03-01,44.714285714285715
Region VIII: Eastern Visayas,7,2021-03-02,44.857142857142854
Region VIII: Eastern Visayas,8,2021-03-03,42.285714285714285
Region VIII: Eastern Visayas,65,2021-03-04,39.42857142857143
Region VIII: Eastern Visayas,57,2021-03-05,40.0
Region VIII: Eastern Visayas,47,2021-03-06,37.142857142857146
Region VIII: Eastern Visayas,71,2021-03-07,42.142857142857146
Region VIII: Eastern Visayas,61,2021-03-08,45.142857142857146
Region VIII: Eastern Visayas,6,2021-03-09,45.0
Region VIII: Eastern Visayas,28,2021-03-10,47.857142857142854
Region VIII: Eastern Visayas,57,2021-03-11,46.714285714285715
Region VIII: Eastern Visayas,69,2021-03-12,48.42857142857143
Region VIII: Eastern Visayas,49,2021-03-13,48.714285714285715
Region VIII: Eastern Visayas,31,2021-03-14,43.0
Region VIII: Eastern Visayas,50,2021-03-15,41.42857142857143
Region VIII: Eastern Visayas,32,2021-03-16,45.142857142857146
Region VIII: Eastern Visayas,27,2021-03-17,45.0
Region VIII: Eastern Visayas,27,2021-03-18,40.714285714285715
Region VIII: Eastern Visayas,47,2021-03-19,37.57142857142857
Region VIII: Eastern Visayas,40,2021-03-20,36.285714285714285
Region VIII: Eastern Visayas,27,2021-03-21,35.714285714285715
Region VIII: Eastern Visayas,48,2021-03-22,35.42857142857143
Region VIII: Eastern Visayas,22,2021-03-23,34.0
Region VIII: Eastern Visayas,31,2021-03-24,34.57142857142857
Region VIII: Eastern Visayas,76,2021-03-25,41.57142857142857
Region VIII: Eastern Visayas,46,2021-03-26,41.42857142857143
Region VIII: Eastern Visayas,30,2021-03-27,40.0
Region VIII: Eastern Visayas,50,2021-03-28,43.285714285714285
Region VIII: Eastern Visayas,19,2021-03-29,39.142857142857146
Region VIII: Eastern Visayas,86,2021-03-30,48.285714285714285
Region VIII: Eastern Visayas,57,2021-03-31,52.0
Region VIII: Eastern Visayas,71,2021-04-01,51.285714285714285
Region VIII: Eastern Visayas,42,2021-04-02,50.714285714285715
Region VIII: Eastern Visayas,76,2021-04-03,57.285714285714285
Region VIII: Eastern Visayas,46,2021-04-04,56.714285714285715
Region VIII: Eastern Visayas,25,2021-04-05,57.57142857142857
Region VIII: Eastern Visayas,13,2021-04-06,47.142857142857146
Region VIII: Eastern Visayas,16,2021-04-07,41.285714285714285
Region VIII: Eastern Visayas,88,2021-04-08,43.714285714285715
Region VIII: Eastern Visayas,75,2021-04-09,48.42857142857143
Region VIII: Eastern Visayas,77,2021-04-10,48.57142857142857
Region VIII: Eastern Visayas,45,2021-04-11,48.42857142857143
Region VIII: Eastern Visayas,49,2021-04-12,51.857142857142854
Region VIII: Eastern Visayas,28,2021-04-13,54.0
Region VIII: Eastern Visayas,12,2021-04-14,53.42857142857143
Region VIII: Eastern Visayas,89,2021-04-15,53.57142857142857
Region VIII: Eastern Visayas,61,2021-04-16,51.57142857142857
Region VIII: Eastern Visayas,35,2021-04-17,45.57142857142857
Region VIII: Eastern Visayas,57,2021-04-18,47.285714285714285
Region VIII: Eastern Visayas,65,2021-04-19,49.57142857142857
Region VIII: Eastern Visayas,40,2021-04-20,51.285714285714285
Region VIII: Eastern Visayas,40,2021-04-21,55.285714285714285
Region VIII: Eastern Visayas,47,2021-04-22,49.285714285714285
Region VIII: Eastern Visayas,48,2021-04-23,47.42857142857143
Region VIII: Eastern Visayas,81,2021-04-24,54.0
Region VIII: Eastern Visayas,78,2021-04-25,57.0
Region VIII: Eastern Visayas,59,2021-04-26,56.142857142857146
Region VIII: Eastern Visayas,53,2021-04-27,58.0
Region VIII: Eastern Visayas,60,2021-04-28,60.857142857142854
Region VIII: Eastern Visayas,123,2021-04-29,71.71428571428571
Region VIII: Eastern Visayas,116,2021-04-30,81.42857142857143
Region VIII: Eastern Visayas,57,2021-05-01,78.0
Region VIII: Eastern Visayas,70,2021-05-02,76.85714285714286
Region VIII: Eastern Visayas,68,2021-05-03,78.14285714285714
Region VIII: Eastern Visayas,2,2021-05-04,70.85714285714286
Region VIII: Eastern Visayas,32,2021-05-05,66.85714285714286
Region VIII: Eastern Visayas,123,2021-05-06,66.85714285714286
Region VIII: Eastern Visayas,106,2021-05-07,65.42857142857143
Region VIII: Eastern Visayas,41,2021-05-08,63.142857142857146
Region VIII: Eastern Visayas,89,2021-05-09,65.85714285714286
Region VIII: Eastern Visayas,76,2021-05-10,67.0
Region VIII: Eastern Visayas,39,2021-05-11,72.28571428571429
Region VIII: Eastern Visayas,73,2021-05-12,78.14285714285714
Region VIII: Eastern Visayas,159,2021-05-13,83.28571428571429
Region VIII: Eastern Visayas,118,2021-05-14,85.0
Region VIII: Eastern Visayas,47,2021-05-15,85.85714285714286
Region VIII: Eastern Visayas,81,2021-05-16,84.71428571428571
Region VIII: Eastern Visayas,119,2021-05-17,90.85714285714286
Region VIII: Eastern Visayas,22,2021-05-18,88.42857142857143
Region VIII: Eastern Visayas,34,2021-05-19,82.85714285714286
Region VIII: Eastern Visayas,126,2021-05-20,78.14285714285714
Region VIII: Eastern Visayas,119,2021-05-21,78.28571428571429
Region VIII: Eastern Visayas,111,2021-05-22,87.42857142857143
Region VIII: Eastern Visayas,167,2021-05-23,99.71428571428571
Region VIII: Eastern Visayas,140,2021-05-24,102.71428571428571
Region VIII: Eastern Visayas,18,2021-05-25,102.14285714285714
Region VIII: Eastern Visayas,36,2021-05-26,102.42857142857143
Region VIII: Eastern Visayas,183,2021-05-27,110.57142857142857
Region VIII: Eastern Visayas,161,2021-05-28,116.57142857142857
Region VIII: Eastern Visayas,187,2021-05-29,127.42857142857143
Region VIII: Eastern Visayas,153,2021-05-30,125.42857142857143
Region VIII: Eastern Visayas,193,2021-05-31,133.0
Region VIII: Eastern Visayas,11,2021-06-01,132.0
Region VIII: Eastern Visayas,106,2021-06-02,142.0
Region VIII: Eastern Visayas,262,2021-06-03,153.28571428571428
Region VIII: Eastern Visayas,273,2021-06-04,169.28571428571428
Region VIII: Eastern Visayas,227,2021-06-05,175.0
Region VIII: Eastern Visayas,305,2021-06-06,196.71428571428572
Region VIII: Eastern Visayas,218,2021-06-07,200.28571428571428
Region VIII: Eastern Visayas,127,2021-06-08,216.85714285714286
Region VIII: Eastern Visayas,109,2021-06-09,217.28571428571428
Region VIII: Eastern Visayas,430,2021-06-10,241.28571428571428
Region VIII: Eastern Visayas,540,2021-06-11,279.42857142857144
Region VIII: Eastern Visayas,329,2021-06-12,294.0
Region VIII: Eastern Visayas,120,2021-06-13,267.57142857142856
Region VIII: Eastern Visayas,310,2021-06-14,280.7142857142857
Region VIII: Eastern Visayas,323,2021-06-15,308.7142857142857
Region VIII: Eastern Visayas,239,2021-06-16,327.2857142857143
Region VIII: Eastern Visayas,294,2021-06-17,307.85714285714283
Region VIII: Eastern Visayas,454,2021-06-18,295.57142857142856
Region VIII: Eastern Visayas,350,2021-06-19,298.57142857142856
Region VIII: Eastern Visayas,592,2021-06-20,366.0
Region VIII: Eastern Visayas,229,2021-06-21,354.42857142857144
Region VIII: Eastern Visayas,440,2021-06-22,371.14285714285717
Region VIII: Eastern Visayas,94,2021-06-23,350.42857142857144
Region VIII: Eastern Visayas,259,2021-06-24,345.42857142857144
Region VIII: Eastern Visayas,513,2021-06-25,353.85714285714283
Region VIII: Eastern Visayas,465,2021-06-26,370.2857142857143
Region VIII: Eastern Visayas,401,2021-06-27,343.0
Region VIII: Eastern Visayas,366,2021-06-28,362.57142857142856
Region VIII: Eastern Visayas,300,2021-06-29,342.57142857142856
Region VIII: Eastern Visayas,159,2021-06-30,351.85714285714283
Region VIII: Eastern Visayas,253,2021-07-01,351.0
Region VIII: Eastern Visayas,295,2021-07-02,319.85714285714283
Region VIII: Eastern Visayas,273,2021-07-03,292.42857142857144
Region VIII: Eastern Visayas,381,2021-07-04,289.57142857142856
Region VIII: Eastern Visayas,279,2021-07-05,277.14285714285717
Region VIII: Eastern Visayas,108,2021-07-06,249.71428571428572
Region VIII: Eastern Visayas,92,2021-07-07,240.14285714285714
Region VIII: Eastern Visayas,211,2021-07-08,234.14285714285714
Region VIII: Eastern Visayas,222,2021-07-09,223.71428571428572
Region VIII: Eastern Visayas,268,2021-07-10,223.0
Region VIII: Eastern Visayas,265,2021-07-11,206.42857142857142
Region VIII: Eastern Visayas,171,2021-07-12,191.0
Region VIII: Eastern Visayas,90,2021-07-13,188.42857142857142
Region VIII: Eastern Visayas,55,2021-07-14,183.14285714285714
Region VIII: Eastern Visayas,307,2021-07-15,196.85714285714286
Region VIII: Eastern Visayas,185,2021-07-16,191.57142857142858
Region VIII: Eastern Visayas,202,2021-07-17,182.14285714285714
Region VIII: Eastern Visayas,227,2021-07-18,176.71428571428572
Region VIII: Eastern Visayas,193,2021-07-19,179.85714285714286
Region VIII: Eastern Visayas,141,2021-07-20,187.14285714285714
Region VIII: Eastern Visayas,144,2021-07-21,199.85714285714286
Region VIII: Eastern Visayas,107,2021-07-22,171.28571428571428
Region VIII: Eastern Visayas,348,2021-07-23,194.57142857142858
Region VIII: Eastern Visayas,222,2021-07-24,197.42857142857142
Region VIII: Eastern Visayas,35,2021-07-25,170.0
Region VIII: Eastern Visayas,153,2021-07-26,164.28571428571428
Region VIII: Eastern Visayas,130,2021-07-27,162.71428571428572
Region VIII: Eastern Visayas,67,2021-07-28,151.71428571428572
Region VIII: Eastern Visayas,222,2021-07-29,168.14285714285714
Region VIII: Eastern Visayas,253,2021-07-30,154.57142857142858
Region VIII: Eastern Visayas,160,2021-07-31,145.71428571428572
Region VIII: Eastern Visayas,233,2021-08-01,174.0
Region VIII: Eastern Visayas,145,2021-08-02,172.85714285714286
Region VIII: Eastern Visayas,80,2021-08-03,165.71428571428572
Region VIII: Eastern Visayas,135,2021-08-04,175.42857142857142
Region VIII: Eastern Visayas,157,2021-08-05,166.14285714285714
Region VIII: Eastern Visayas,234,2021-08-06,163.42857142857142
Region VIII: Eastern Visayas,178,2021-08-07,166.0
Region VIII: Eastern Visayas,156,2021-08-08,155.0
Region VIII: Eastern Visayas,149,2021-08-09,155.57142857142858
Region VIII: Eastern Visayas,125,2021-08-10,162.0
Region VIII: Eastern Visayas,85,2021-08-11,154.85714285714286
Region VIII: Eastern Visayas,188,2021-08-12,159.28571428571428
Region VIII: Eastern Visayas,230,2021-08-13,158.71428571428572
Region VIII: Eastern Visayas,158,2021-08-14,155.85714285714286
Region VIII: Eastern Visayas,185,2021-08-15,160.0
Region VIII: Eastern Visayas,199,2021-08-16,167.14285714285714
Region VIII: Eastern Visayas,87,2021-08-17,161.71428571428572
Region VIII: Eastern Visayas,92,2021-08-18,162.71428571428572
Region VIII: Eastern Visayas,199,2021-08-19,164.28571428571428
Region VIII: Eastern Visayas,335,2021-08-20,179.28571428571428
Region VIII: Eastern Visayas,180,2021-08-21,182.42857142857142
Region VIII: Eastern Visayas,182,2021-08-22,182.0
Region VIII: Eastern Visayas,246,2021-08-23,188.71428571428572
Region VIII: Eastern Visayas,59,2021-08-24,184.71428571428572
Region VIII: Eastern Visayas,81,2021-08-25,183.14285714285714
Region VIII: Eastern Visayas,227,2021-08-26,187.14285714285714
Region VIII: Eastern Visayas,234,2021-08-27,172.71428571428572
Region VIII: Eastern Visayas,206,2021-08-28,176.42857142857142
Region VIII: Eastern Visayas,241,2021-08-29,184.85714285714286
Region VIII: Eastern Visayas,350,2021-08-30,199.71428571428572
Region VIII: Eastern Visayas,129,2021-08-31,209.71428571428572
Region VIII: Eastern Visayas,111,2021-09-01,214.0
Region VIII: Eastern Visayas,156,2021-09-02,203.85714285714286
Region VIII: Eastern Visayas,400,2021-09-03,227.57142857142858
Region VIII: Eastern Visayas,195,2021-09-04,226.0
Region VIII: Eastern Visayas,228,2021-09-05,224.14285714285714
Region VIII: Eastern Visayas,381,2021-09-06,228.57142857142858
Region VIII: Eastern Visayas,123,2021-09-07,227.71428571428572
Region VIII: Eastern Visayas,117,2021-09-08,228.57142857142858
Region VIII: Eastern Visayas,362,2021-09-09,258.0
Region VIII: Eastern Visayas,262,2021-09-10,238.28571428571428
Region VIII: Eastern Visayas,180,2021-09-11,236.14285714285714
Region VIII: Eastern Visayas,258,2021-09-12,240.42857142857142
Region VIII: Eastern Visayas,393,2021-09-13,242.14285714285714
Region VIII: Eastern Visayas,88,2021-09-14,237.14285714285714
Region VIII: Eastern Visayas,98,2021-09-15,234.42857142857142
Region VIII: Eastern Visayas,280,2021-09-16,222.71428571428572
Region VIII: Eastern Visayas,350,2021-09-17,235.28571428571428
Region VIII: Eastern Visayas,413,2021-09-18,268.57142857142856
Region VIII: Eastern Visayas,269,2021-09-19,270.14285714285717
Region VIII: Eastern Visayas,296,2021-09-20,256.2857142857143
Region VIII: Eastern Visayas,99,2021-09-21,257.85714285714283
Region VIII: Eastern Visayas,75,2021-09-22,254.57142857142858
Region VIII: Eastern Visayas,212,2021-09-23,244.85714285714286
Region VIII: Eastern Visayas,478,2021-09-24,263.14285714285717
Region VIII: Eastern Visayas,235,2021-09-25,237.71428571428572
Region VIII: Eastern Visayas,297,2021-09-26,241.71428571428572
Region VIII: Eastern Visayas,79,2021-09-27,210.71428571428572
Region VIII: Eastern Visayas,171,2021-09-28,221.0
Region VIII: Eastern Visayas,252,2021-09-29,246.28571428571428
Region VIII: Eastern Visayas,234,2021-09-30,249.42857142857142
Region VIII: Eastern Visayas,102,2021-10-01,195.71428571428572
Region VIII: Eastern Visayas,168,2021-10-02,186.14285714285714
Region VIII: Eastern Visayas,179,2021-10-03,169.28571428571428
Region VIII: Eastern Visayas,98,2021-10-04,172.0
Region VIII: Eastern Visayas,79,2021-10-05,158.85714285714286
Region VIII: Eastern Visayas,129,2021-10-06,141.28571428571428
Region VIII: Eastern Visayas,222,2021-10-07,139.57142857142858
Region VIII: Eastern Visayas,89,2021-10-08,137.71428571428572
Region VIII: Eastern Visayas,144,2021-10-09,134.28571428571428
Region VIII: Eastern Visayas,82,2021-10-10,120.42857142857143
Region VIII: Eastern Visayas,64,2021-10-11,115.57142857142857
Region VIII: Eastern Visayas,38,2021-10-12,109.71428571428571
Region VIII: Eastern Visayas,152,2021-10-13,113.0
Region VIII: Eastern Visayas,91,2021-10-14,94.28571428571429
Region VIII: Eastern Visayas,123,2021-10-15,99.14285714285714
Region VIII: Eastern Visayas,178,2021-10-16,104.0
Region VIII: Eastern Visayas,117,2021-10-17,109.0
Region VIII: Eastern Visayas,56,2021-10-18,107.85714285714286
Region VIII: Eastern Visayas,68,2021-10-19,112.14285714285714
Region VIII: Eastern Visayas,106,2021-10-20,105.57142857142857
Region VIII: Eastern Visayas,22,2021-10-21,95.71428571428571
Region VIII: Eastern Visayas,81,2021-10-22,89.71428571428571
Region VIII: Eastern Visayas,69,2021-10-23,74.14285714285714
Region VIII: Eastern Visayas,32,2021-10-24,62.0
Region VIII: Eastern Visayas,78,2021-10-25,65.14285714285714
Region VIII: Eastern Visayas,41,2021-10-26,61.285714285714285
Region VIII: Eastern Visayas,12,2021-10-27,47.857142857142854
Region VIII: Eastern Visayas,116,2021-10-28,61.285714285714285
Region VIII: Eastern Visayas,67,2021-10-29,59.285714285714285
Region VIII: Eastern Visayas,41,2021-10-30,55.285714285714285
Region VIII: Eastern Visayas,31,2021-10-31,55.142857142857146
Region VIII: Eastern Visayas,53,2021-11-01,51.57142857142857
Region VIII: Eastern Visayas,54,2021-11-02,53.42857142857143
Region VIII: Eastern Visayas,16,2021-11-03,54.0
Region VIII: Eastern Visayas,26,2021-11-04,41.142857142857146
Region VIII: Eastern Visayas,22,2021-11-05,34.714285714285715
Region VIII: Eastern Visayas,49,2021-11-06,35.857142857142854
Region VIII: Eastern Visayas,25,2021-11-07,35.0
Region VIII: Eastern Visayas,46,2021-11-08,34.0
Region VIII: Eastern Visayas,15,2021-11-09,28.428571428571427
Region VIII: Eastern Visayas,52,2021-11-10,33.57142857142857
Region VIII: Eastern Visayas,29,2021-11-11,34.0
Region VIII: Eastern Visayas,19,2021-11-12,33.57142857142857
Region VIII: Eastern Visayas,30,2021-11-13,30.857142857142858
Region VIII: Eastern Visayas,18,2021-11-14,29.857142857142858
Region VIII: Eastern Visayas,54,2021-11-15,31.0
Region VIII: Eastern Visayas,0,2021-11-16,28.857142857142858
Region VIII: Eastern Visayas,13,2021-11-17,23.285714285714285
Region VIII: Eastern Visayas,25,2021-11-18,22.714285714285715
Region VIII: Eastern Visayas,37,2021-11-19,25.285714285714285
Region VIII: Eastern Visayas,18,2021-11-20,23.571428571428573
Region VIII: Eastern Visayas,27,2021-11-21,24.857142857142858
Region VIII: Eastern Visayas,23,2021-11-22,20.428571428571427
Region VIII: Eastern Visayas,13,2021-11-23,22.285714285714285
Region VIII: Eastern Visayas,6,2021-11-24,21.285714285714285
Region VIII: Eastern Visayas,15,2021-11-25,19.857142857142858
Region VIII: Eastern Visayas,21,2021-11-26,17.571428571428573
Region VIII: Eastern Visayas,10,2021-11-27,16.428571428571427
Region VIII: Eastern Visayas,11,2021-11-28,14.142857142857142
Region VIII: Eastern Visayas,8,2021-11-29,12.0
Region VIII: Eastern Visayas,20,2021-11-30,13.0
Region VIII: Eastern Visayas,2,2021-12-01,12.428571428571429
Region VIII: Eastern Visayas,10,2021-12-02,11.714285714285714
Region VIII: Eastern Visayas,19,2021-12-03,11.428571428571429
Region VIII: Eastern Visayas,17,2021-12-04,12.428571428571429
Region VIII: Eastern Visayas,12,2021-12-05,12.571428571428571
Region VIII: Eastern Visayas,23,2021-12-06,14.714285714285714
Region VIII: Eastern Visayas,13,2021-12-07,13.714285714285714
Region VIII: Eastern Visayas,5,2021-12-08,14.142857142857142
Region VIII: Eastern Visayas,12,2021-12-09,14.428571428571429
Region VIII: Eastern Visayas,9,2021-12-10,13.0
Region VIII: Eastern Visayas,4,2021-12-11,11.142857142857142
Region VIII: Eastern Visayas,5,2021-12-12,10.142857142857142
Region VIII: Eastern Visayas,16,2021-12-13,9.142857142857142
Region VIII: Eastern Visayas,2,2021-12-14,7.571428571428571
Region VIII: Eastern Visayas,6,2021-12-15,7.714285714285714
Region VIII: Eastern Visayas,2,2021-12-16,6.285714285714286
Region VIII: Eastern Visayas,7,2021-12-17,6.0
Region VIII: Eastern Visayas,1,2021-12-18,5.571428571428571
Region VIII: Eastern Visayas,0,2021-12-19,4.857142857142857
Region VIII: Eastern Visayas,4,2021-12-20,3.142857142857143
Region VIII: Eastern Visayas,0,2021-12-21,2.857142857142857
Region VIII: Eastern Visayas,0,2021-12-22,2.0
Region VIII: Eastern Visayas,5,2021-12-23,2.4285714285714284
Region VIII: Eastern Visayas,3,2021-12-24,1.8571428571428572
Region VIII: Eastern Visayas,4,2021-12-25,2.2857142857142856
Region VIII: Eastern Visayas,2,2021-12-26,2.5714285714285716
Region VIII: Eastern Visayas,6,2021-12-27,2.857142857142857
Region VIII: Eastern Visayas,3,2021-12-28,3.2857142857142856
Region VIII: Eastern Visayas,3,2021-12-29,3.7142857142857144
Region VIII: Eastern Visayas,8,2021-12-30,4.142857142857143
Region VIII: Eastern Visayas,7,2021-12-31,4.714285714285714
Region VIII: Eastern Visayas,9,2022-01-01,5.428571428571429
Region VIII: Eastern Visayas,5,2022-01-02,5.857142857142857
Region VIII: Eastern Visayas,13,2022-01-03,6.857142857142857
Region VIII: Eastern Visayas,5,2022-01-04,7.142857142857143
Region VIII: Eastern Visayas,26,2022-01-05,10.428571428571429
Region VIII: Eastern Visayas,48,2022-01-06,16.142857142857142
Region VIII: Eastern Visayas,68,2022-01-07,24.857142857142858
Region VIII: Eastern Visayas,83,2022-01-08,35.42857142857143
Region VIII: Eastern Visayas,158,2022-01-09,57.285714285714285
Region VIII: Eastern Visayas,175,2022-01-10,80.42857142857143
Region VIII: Eastern Visayas,85,2022-01-11,91.85714285714286
Region VIII: Eastern Visayas,239,2022-01-12,122.28571428571429
Region VIII: Eastern Visayas,345,2022-01-13,164.71428571428572
Region VIII: Eastern Visayas,504,2022-01-14,227.0
Region VIII: Eastern Visayas,484,2022-01-15,284.2857142857143
Region VIII: Eastern Visayas,553,2022-01-16,340.7142857142857
Region VIII: Eastern Visayas,590,2022-01-17,400.0
Region VIII: Eastern Visayas,311,2022-01-18,432.2857142857143
Region VIII: Eastern Visayas,253,2022-01-19,434.2857142857143
Region VIII: Eastern Visayas,644,2022-01-20,477.0
Region VIII: Eastern Visayas,851,2022-01-21,526.5714285714286
Region VIII: Eastern Visayas,643,2022-01-22,549.2857142857143
Region VIII: Eastern Visayas,732,2022-01-23,574.8571428571429
Region VIII: Eastern Visayas,316,2022-01-24,535.7142857142857
Region VIII: Eastern Visayas,211,2022-01-25,521.4285714285714
Region VIII: Eastern Visayas,412,2022-01-26,544.1428571428571
Region VIII: Eastern Visayas,313,2022-01-27,496.85714285714283
Region VIII: Eastern Visayas,278,2022-01-28,415.0
Region VIII: Eastern Visayas,107,2022-01-29,338.42857142857144
Region VIII: Eastern Visayas,388,2022-01-30,289.2857142857143
Region VIII: Eastern Visayas,135,2022-01-31,263.42857142857144
Region VIII: Eastern Visayas,139,2022-02-01,253.14285714285714
Region VIII: Eastern Visayas,67,2022-02-02,203.85714285714286
Region VIII: Eastern Visayas,139,2022-02-03,179.0
Region VIII: Eastern Visayas,158,2022-02-04,161.85714285714286
Region VIII: Eastern Visayas,115,2022-02-05,163.0
Region VIII: Eastern Visayas,92,2022-02-06,120.71428571428571
Region VIII: Eastern Visayas,106,2022-02-07,116.57142857142857
Region VIII: Eastern Visayas,20,2022-02-08,99.57142857142857
Region VIII: Eastern Visayas,70,2022-02-09,100.0
Region VIII: Eastern Visayas,97,2022-02-10,94.0
Region VIII: Eastern Visayas,76,2022-02-11,82.28571428571429
Region VIII: Eastern Visayas,62,2022-02-12,74.71428571428571
Region VIII: Eastern Visayas,46,2022-02-13,68.14285714285714
Region VIII: Eastern Visayas,36,2022-02-14,58.142857142857146
Region VIII: Eastern Visayas,27,2022-02-15,59.142857142857146
Region VIII: Eastern Visayas,32,2022-02-16,53.714285714285715
Region VIII: Eastern Visayas,42,2022-02-17,45.857142857142854
Region VIII: Eastern Visayas,27,2022-02-18,38.857142857142854
Region VIII: Eastern Visayas,33,2022-02-19,34.714285714285715
Region VIII: Eastern Visayas,31,2022-02-20,32.57142857142857
Region VIII: Eastern Visayas,15,2022-02-21,29.571428571428573
Region VIII: Eastern Visayas,10,2022-02-22,27.142857142857142
Region VIII: Eastern Visayas,22,2022-02-23,25.714285714285715
Region VIII: Eastern Visayas,28,2022-02-24,23.714285714285715
Region VIII: Eastern Visayas,17,2022-02-25,22.285714285714285
Region VIII: Eastern Visayas,25,2022-02-26,21.142857142857142
Region VIII: Eastern Visayas,10,2022-02-27,18.142857142857142
Region VIII: Eastern Visayas,18,2022-02-28,18.571428571428573
Region VIII: Eastern Visayas,12,2022-03-01,18.857142857142858
Region VIII: Eastern Visayas,12,2022-03-02,17.428571428571427
Region VIII: Eastern Visayas,22,2022-03-03,16.571428571428573
Region VIII: Eastern Visayas,14,2022-03-04,16.142857142857142
Region VIII: Eastern Visayas,13,2022-03-05,14.428571428571429
Region VIII: Eastern Visayas,14,2022-03-06,15.0
Region VIII: Eastern Visayas,7,2022-03-07,13.428571428571429
Region VIII: Eastern Visayas,3,2022-03-08,12.142857142857142
Region VIII: Eastern Visayas,6,2022-03-09,11.285714285714286
Region VIII: Eastern Visayas,15,2022-03-10,10.285714285714286
Region VIII: Eastern Visayas,8,2022-03-11,9.428571428571429
Region VIII: Eastern Visayas,12,2022-03-12,9.285714285714286
Region VIII: Eastern Visayas,13,2022-03-13,9.142857142857142
Region VIII: Eastern Visayas,12,2022-03-14,9.857142857142858
Region VIII: Eastern Visayas,2,2022-03-15,9.714285714285714
Region VIII: Eastern Visayas,3,2022-03-16,9.285714285714286
Region VIII: Eastern Visayas,6,2022-03-17,8.0
Region VIII: Eastern Visayas,28,2022-03-18,10.857142857142858
Region VIII: Eastern Visayas,5,2022-03-19,9.857142857142858
Region VIII: Eastern Visayas,3,2022-03-20,8.428571428571429
Region VIII: Eastern Visayas,10,2022-03-21,8.142857142857142
Region VIII: Eastern Visayas,0,2022-03-22,7.857142857142857
Region VIII: Eastern Visayas,5,2022-03-23,8.142857142857142
Region VIII: Eastern Visayas,10,2022-03-24,8.714285714285714
Region VIII: Eastern Visayas,2,2022-03-25,5.0
Region VIII: Eastern Visayas,1,2022-03-26,4.428571428571429
Region VIII: Eastern Visayas,5,2022-03-27,4.714285714285714
Region VIII: Eastern Visayas,2,2022-03-28,3.5714285714285716
Region VIII: Eastern Visayas,4,2022-03-29,4.142857142857143
Region VIII: Eastern Visayas,5,2022-03-30,4.142857142857143
Region VIII: Eastern Visayas,2,2022-03-31,3.0
Region VIII: Eastern Visayas,1,2022-04-01,2.857142857142857
Region VIII: Eastern Visayas,2,2022-04-02,3.0
Region VIII: Eastern Visayas,3,2022-04-03,2.7142857142857144
Region VIII: Eastern Visayas,0,2022-04-04,2.4285714285714284
Region VIII: Eastern Visayas,8,2022-04-05,3.0
Region VIII: Eastern Visayas,0,2022-04-06,2.2857142857142856
Region VIII: Eastern Visayas,8,2022-04-07,3.142857142857143
Region VIII: Eastern Visayas,5,2022-04-08,3.7142857142857144
Region VIII: Eastern Visayas,3,2022-04-09,3.857142857142857
Region VIII: Eastern Visayas,0,2022-04-10,3.4285714285714284
Region VIII: Eastern Visayas,0,2022-04-11,3.4285714285714284
Region VIII: Eastern Visayas,0,2022-04-12,2.2857142857142856
Region VIII: Eastern Visayas,3,2022-04-13,2.7142857142857144
Region VIII: Eastern Visayas,0,2022-04-14,1.5714285714285714
Region VIII: Eastern Visayas,1,2022-04-15,1.0
Region VIII: Eastern Visayas,2,2022-04-16,0.8571428571428571
Region VIII: Eastern Visayas,0,2022-04-17,0.8571428571428571
Region VIII: Eastern Visayas,0,2022-04-18,0.8571428571428571
Region VIII: Eastern Visayas,0,2022-04-19,0.8571428571428571
Region VIII: Eastern Visayas,4,2022-04-20,1.0
Region VIII: Eastern Visayas,0,2022-04-21,1.0
Region VIII: Eastern Visayas,5,2022-04-22,1.5714285714285714
Region VIII: Eastern Visayas,2,2022-04-23,1.5714285714285714
Region VIII: Eastern Visayas,0,2022-04-24,1.5714285714285714
Region VIII: Eastern Visayas,2,2022-04-25,1.8571428571428572
Region VIII: Eastern Visayas,1,2022-04-26,2.0
Region VIII: Eastern Visayas,2,2022-04-27,1.7142857142857142
Region VIII: Eastern Visayas,2,2022-04-28,2.0
Region VIII: Eastern Visayas,3,2022-04-29,1.7142857142857142
Region VIII: Eastern Visayas,3,2022-04-30,1.8571428571428572
Region VIII: Eastern Visayas,8,2022-05-01,3.0
Region VIII: Eastern Visayas,1,2022-05-02,2.857142857142857
Region VIII: Eastern Visayas,2,2022-05-03,3.0
Region VIII: Eastern Visayas,4,2022-05-04,3.2857142857142856
Region VIII: Eastern Visayas,2,2022-05-05,3.2857142857142856
Region VIII: Eastern Visayas,0,2022-05-06,2.857142857142857
Region VIII: Eastern Visayas,0,2022-05-07,2.4285714285714284
Region VIII: Eastern Visayas,1,2022-05-08,1.4285714285714286
Region VIII: Eastern Visayas,0,2022-05-09,1.2857142857142858
Region VIII: Eastern Visayas,1,2022-05-10,1.1428571428571428
Region VIII: Eastern Visayas,1,2022-05-11,0.7142857142857143
Region VIII: Eastern Visayas,4,2022-05-12,1.0
Region VIII: Eastern Visayas,4,2022-05-13,1.5714285714285714
Region VIII: Eastern Visayas,6,2022-05-14,2.4285714285714284
Region VIII: Eastern Visayas,2,2022-05-15,2.5714285714285716
Region VIII: Eastern Visayas,0,2022-05-16,2.5714285714285716
Region VIII: Eastern Visayas,1,2022-05-17,2.5714285714285716
Region VIII: Eastern Visayas,3,2022-05-18,2.857142857142857
Region VIII: Eastern Visayas,2,2022-05-19,2.5714285714285716
Region VIII: Eastern Visayas,11,2022-05-20,3.5714285714285716
Region VIII: Eastern Visayas,9,2022-05-21,4.0
Region VIII: Eastern Visayas,1,2022-05-22,3.857142857142857
Region VIII: Eastern Visayas,2,2022-05-23,4.142857142857143
Region VIII: Eastern Visayas,1,2022-05-24,4.142857142857143
Region VIII: Eastern Visayas,2,2022-05-25,4.0
Region VIII: Eastern Visayas,4,2022-05-26,4.285714285714286
Region VIII: Eastern Visayas,2,2022-05-27,3.0
Region VIII: Eastern Visayas,1,2022-05-28,1.8571428571428572
Region VIII: Eastern Visayas,1,2022-05-29,1.8571428571428572
Region VIII: Eastern Visayas,2,2022-05-30,1.8571428571428572
Region VIII: Eastern Visayas,1,2022-05-31,1.8571428571428572
Region VIII: Eastern Visayas,4,2022-06-01,2.142857142857143
Region VIII: Eastern Visayas,4,2022-06-02,2.142857142857143
Region VIII: Eastern Visayas,5,2022-06-03,2.5714285714285716
Region VIII: Eastern Visayas,1,2022-06-04,2.5714285714285716
Region VIII: Eastern Visayas,1,2022-06-05,2.5714285714285716
Region VIII: Eastern Visayas,4,2022-06-06,2.857142857142857
Region VIII: Eastern Visayas,0,2022-06-07,2.7142857142857144
Region VIII: Eastern Visayas,3,2022-06-08,2.5714285714285716
Region VIII: Eastern Visayas,9,2022-06-09,3.2857142857142856
Region VIII: Eastern Visayas,2,2022-06-10,2.857142857142857
Region VIII: Eastern Visayas,1,2022-06-11,2.857142857142857
Region VIII: Eastern Visayas,4,2022-06-12,3.2857142857142856
Region VIII: Eastern Visayas,2,2022-06-13,3.0
Region VIII: Eastern Visayas,5,2022-06-14,3.7142857142857144
Region VIII: Eastern Visayas,0,2022-06-15,3.2857142857142856
Region VIII: Eastern Visayas,4,2022-06-16,2.5714285714285716
Region VIII: Eastern Visayas,6,2022-06-17,3.142857142857143
Region VIII: Eastern Visayas,8,2022-06-18,4.142857142857143
