region,count,date,7DayMA
Region I: Ilocos Region,2,2020-03-21,
Region I: Ilocos Region,0,2020-03-22,
Region I: Ilocos Region,0,2020-03-23,
Region I: Ilocos Region,0,2020-03-24,
Region I: Ilocos Region,0,2020-03-25,
Region I: Ilocos Region,3,2020-03-26,
Region I: Ilocos Region,4,2020-03-27,1.2857142857142858
Region I: Ilocos Region,1,2020-03-28,1.1428571428571428
Region I: Ilocos Region,2,2020-03-29,1.4285714285714286
Region I: Ilocos Region,1,2020-03-30,1.5714285714285714
Region I: Ilocos Region,4,2020-03-31,2.142857142857143
Region I: Ilocos Region,2,2020-04-01,2.4285714285714284
Region I: Ilocos Region,16,2020-04-02,4.285714285714286
Region I: Ilocos Region,1,2020-04-03,3.857142857142857
Region I: Ilocos Region,0,2020-04-04,3.7142857142857144
Region I: Ilocos Region,0,2020-04-05,3.4285714285714284
Region I: Ilocos Region,2,2020-04-06,3.5714285714285716
Region I: Ilocos Region,0,2020-04-07,3.0
Region I: Ilocos Region,0,2020-04-08,2.7142857142857144
Region I: Ilocos Region,0,2020-04-09,0.42857142857142855
Region I: Ilocos Region,8,2020-04-10,1.4285714285714286
Region I: Ilocos Region,1,2020-04-11,1.5714285714285714
Region I: Ilocos Region,0,2020-04-12,1.5714285714285714
Region I: Ilocos Region,3,2020-04-13,1.7142857142857142
Region I: Ilocos Region,0,2020-04-14,1.7142857142857142
Region I: Ilocos Region,0,2020-04-15,1.7142857142857142
Region I: Ilocos Region,0,2020-04-16,1.7142857142857142
Region I: Ilocos Region,0,2020-04-17,0.5714285714285714
Region I: Ilocos Region,0,2020-04-18,0.42857142857142855
Region I: Ilocos Region,0,2020-04-19,0.42857142857142855
Region I: Ilocos Region,0,2020-04-20,0.0
Region I: Ilocos Region,0,2020-04-21,0.0
Region I: Ilocos Region,0,2020-04-22,0.0
Region I: Ilocos Region,0,2020-04-23,0.0
Region I: Ilocos Region,1,2020-04-24,0.14285714285714285
Region I: Ilocos Region,6,2020-04-25,1.0
Region I: Ilocos Region,1,2020-04-26,1.1428571428571428
Region I: Ilocos Region,0,2020-04-27,1.1428571428571428
Region I: Ilocos Region,0,2020-04-28,1.1428571428571428
Region I: Ilocos Region,1,2020-04-29,1.2857142857142858
Region I: Ilocos Region,0,2020-04-30,1.2857142857142858
Region I: Ilocos Region,1,2020-05-01,1.2857142857142858
Region I: Ilocos Region,0,2020-05-02,0.42857142857142855
Region I: Ilocos Region,0,2020-05-03,0.2857142857142857
Region I: Ilocos Region,0,2020-05-04,0.2857142857142857
Region I: Ilocos Region,1,2020-05-05,0.42857142857142855
Region I: Ilocos Region,0,2020-05-06,0.2857142857142857
Region I: Ilocos Region,0,2020-05-07,0.2857142857142857
Region I: Ilocos Region,0,2020-05-08,0.14285714285714285
Region I: Ilocos Region,0,2020-05-09,0.14285714285714285
Region I: Ilocos Region,0,2020-05-10,0.14285714285714285
Region I: Ilocos Region,0,2020-05-11,0.14285714285714285
Region I: Ilocos Region,0,2020-05-12,0.0
Region I: Ilocos Region,0,2020-05-13,0.0
Region I: Ilocos Region,0,2020-05-14,0.0
Region I: Ilocos Region,0,2020-05-15,0.0
Region I: Ilocos Region,0,2020-05-16,0.0
Region I: Ilocos Region,0,2020-05-17,0.0
Region I: Ilocos Region,1,2020-05-18,0.14285714285714285
Region I: Ilocos Region,0,2020-05-19,0.14285714285714285
Region I: Ilocos Region,0,2020-05-20,0.14285714285714285
Region I: Ilocos Region,0,2020-05-21,0.14285714285714285
Region I: Ilocos Region,0,2020-05-22,0.14285714285714285
Region I: Ilocos Region,0,2020-05-23,0.14285714285714285
Region I: Ilocos Region,0,2020-05-24,0.14285714285714285
Region I: Ilocos Region,0,2020-05-25,0.0
Region I: Ilocos Region,0,2020-05-26,0.0
Region I: Ilocos Region,1,2020-05-27,0.14285714285714285
Region I: Ilocos Region,1,2020-05-28,0.2857142857142857
Region I: Ilocos Region,1,2020-05-29,0.42857142857142855
Region I: Ilocos Region,9,2020-05-30,1.7142857142857142
Region I: Ilocos Region,0,2020-05-31,1.7142857142857142
Region I: Ilocos Region,0,2020-06-01,1.7142857142857142
Region I: Ilocos Region,0,2020-06-02,1.7142857142857142
Region I: Ilocos Region,7,2020-06-03,2.5714285714285716
Region I: Ilocos Region,9,2020-06-04,3.7142857142857144
Region I: Ilocos Region,1,2020-06-05,3.7142857142857144
Region I: Ilocos Region,2,2020-06-06,2.7142857142857144
Region I: Ilocos Region,0,2020-06-07,2.7142857142857144
Region I: Ilocos Region,9,2020-06-08,4.0
Region I: Ilocos Region,4,2020-06-09,4.571428571428571
Region I: Ilocos Region,2,2020-06-10,3.857142857142857
Region I: Ilocos Region,1,2020-06-11,2.7142857142857144
Region I: Ilocos Region,0,2020-06-12,2.5714285714285716
Region I: Ilocos Region,1,2020-06-13,2.4285714285714284
Region I: Ilocos Region,3,2020-06-14,2.857142857142857
Region I: Ilocos Region,1,2020-06-15,1.7142857142857142
Region I: Ilocos Region,2,2020-06-16,1.4285714285714286
Region I: Ilocos Region,0,2020-06-17,1.1428571428571428
Region I: Ilocos Region,0,2020-06-18,1.0
Region I: Ilocos Region,2,2020-06-19,1.2857142857142858
Region I: Ilocos Region,2,2020-06-20,1.4285714285714286
Region I: Ilocos Region,3,2020-06-21,1.4285714285714286
Region I: Ilocos Region,2,2020-06-22,1.5714285714285714
Region I: Ilocos Region,0,2020-06-23,1.2857142857142858
Region I: Ilocos Region,3,2020-06-24,1.7142857142857142
Region I: Ilocos Region,2,2020-06-25,2.0
Region I: Ilocos Region,4,2020-06-26,2.2857142857142856
Region I: Ilocos Region,5,2020-06-27,2.7142857142857144
Region I: Ilocos Region,5,2020-06-28,3.0
Region I: Ilocos Region,4,2020-06-29,3.2857142857142856
Region I: Ilocos Region,1,2020-06-30,3.4285714285714284
Region I: Ilocos Region,2,2020-07-01,3.2857142857142856
Region I: Ilocos Region,3,2020-07-02,3.4285714285714284
Region I: Ilocos Region,2,2020-07-03,3.142857142857143
Region I: Ilocos Region,5,2020-07-04,3.142857142857143
Region I: Ilocos Region,5,2020-07-05,3.142857142857143
Region I: Ilocos Region,8,2020-07-06,3.7142857142857144
Region I: Ilocos Region,9,2020-07-07,4.857142857142857
Region I: Ilocos Region,16,2020-07-08,6.857142857142857
Region I: Ilocos Region,3,2020-07-09,6.857142857142857
Region I: Ilocos Region,0,2020-07-10,6.571428571428571
Region I: Ilocos Region,2,2020-07-11,6.142857142857143
Region I: Ilocos Region,4,2020-07-12,6.0
Region I: Ilocos Region,0,2020-07-13,4.857142857142857
Region I: Ilocos Region,2,2020-07-14,3.857142857142857
Region I: Ilocos Region,2,2020-07-15,1.8571428571428572
Region I: Ilocos Region,4,2020-07-16,2.0
Region I: Ilocos Region,7,2020-07-17,3.0
Region I: Ilocos Region,1,2020-07-18,2.857142857142857
Region I: Ilocos Region,3,2020-07-19,2.7142857142857144
Region I: Ilocos Region,1,2020-07-20,2.857142857142857
Region I: Ilocos Region,21,2020-07-21,5.571428571428571
Region I: Ilocos Region,14,2020-07-22,7.285714285714286
Region I: Ilocos Region,10,2020-07-23,8.142857142857142
Region I: Ilocos Region,10,2020-07-24,8.571428571428571
Region I: Ilocos Region,5,2020-07-25,9.142857142857142
Region I: Ilocos Region,24,2020-07-26,12.142857142857142
Region I: Ilocos Region,0,2020-07-27,12.0
Region I: Ilocos Region,8,2020-07-28,10.142857142857142
Region I: Ilocos Region,3,2020-07-29,8.571428571428571
Region I: Ilocos Region,9,2020-07-30,8.428571428571429
Region I: Ilocos Region,17,2020-07-31,9.428571428571429
Region I: Ilocos Region,27,2020-08-01,12.571428571428571
Region I: Ilocos Region,54,2020-08-02,16.857142857142858
Region I: Ilocos Region,11,2020-08-03,18.428571428571427
Region I: Ilocos Region,73,2020-08-04,27.714285714285715
Region I: Ilocos Region,17,2020-08-05,29.714285714285715
Region I: Ilocos Region,12,2020-08-06,30.142857142857142
Region I: Ilocos Region,28,2020-08-07,31.714285714285715
Region I: Ilocos Region,25,2020-08-08,31.428571428571427
Region I: Ilocos Region,31,2020-08-09,28.142857142857142
Region I: Ilocos Region,30,2020-08-10,30.857142857142858
Region I: Ilocos Region,15,2020-08-11,22.571428571428573
Region I: Ilocos Region,22,2020-08-12,23.285714285714285
Region I: Ilocos Region,45,2020-08-13,28.0
Region I: Ilocos Region,30,2020-08-14,28.285714285714285
Region I: Ilocos Region,39,2020-08-15,30.285714285714285
Region I: Ilocos Region,7,2020-08-16,26.857142857142858
Region I: Ilocos Region,21,2020-08-17,25.571428571428573
Region I: Ilocos Region,25,2020-08-18,27.0
Region I: Ilocos Region,16,2020-08-19,26.142857142857142
Region I: Ilocos Region,16,2020-08-20,22.0
Region I: Ilocos Region,19,2020-08-21,20.428571428571427
Region I: Ilocos Region,23,2020-08-22,18.142857142857142
Region I: Ilocos Region,8,2020-08-23,18.285714285714285
Region I: Ilocos Region,35,2020-08-24,20.285714285714285
Region I: Ilocos Region,12,2020-08-25,18.428571428571427
Region I: Ilocos Region,22,2020-08-26,19.285714285714285
Region I: Ilocos Region,18,2020-08-27,19.571428571428573
Region I: Ilocos Region,39,2020-08-28,22.428571428571427
Region I: Ilocos Region,13,2020-08-29,21.0
Region I: Ilocos Region,40,2020-08-30,25.571428571428573
Region I: Ilocos Region,20,2020-08-31,23.428571428571427
Region I: Ilocos Region,25,2020-09-01,25.285714285714285
Region I: Ilocos Region,8,2020-09-02,23.285714285714285
Region I: Ilocos Region,22,2020-09-03,23.857142857142858
Region I: Ilocos Region,13,2020-09-04,20.142857142857142
Region I: Ilocos Region,19,2020-09-05,21.0
Region I: Ilocos Region,5,2020-09-06,16.0
Region I: Ilocos Region,21,2020-09-07,16.142857142857142
Region I: Ilocos Region,42,2020-09-08,18.571428571428573
Region I: Ilocos Region,12,2020-09-09,19.142857142857142
Region I: Ilocos Region,41,2020-09-10,21.857142857142858
Region I: Ilocos Region,38,2020-09-11,25.428571428571427
Region I: Ilocos Region,54,2020-09-12,30.428571428571427
Region I: Ilocos Region,30,2020-09-13,34.0
Region I: Ilocos Region,28,2020-09-14,35.0
Region I: Ilocos Region,43,2020-09-15,35.142857142857146
Region I: Ilocos Region,7,2020-09-16,34.42857142857143
Region I: Ilocos Region,77,2020-09-17,39.57142857142857
Region I: Ilocos Region,38,2020-09-18,39.57142857142857
Region I: Ilocos Region,30,2020-09-19,36.142857142857146
Region I: Ilocos Region,20,2020-09-20,34.714285714285715
Region I: Ilocos Region,39,2020-09-21,36.285714285714285
Region I: Ilocos Region,19,2020-09-22,32.857142857142854
Region I: Ilocos Region,14,2020-09-23,33.857142857142854
Region I: Ilocos Region,6,2020-09-24,23.714285714285715
Region I: Ilocos Region,25,2020-09-25,21.857142857142858
Region I: Ilocos Region,25,2020-09-26,21.142857142857142
Region I: Ilocos Region,49,2020-09-27,25.285714285714285
Region I: Ilocos Region,30,2020-09-28,24.0
Region I: Ilocos Region,20,2020-09-29,24.142857142857142
Region I: Ilocos Region,43,2020-09-30,28.285714285714285
Region I: Ilocos Region,24,2020-10-01,30.857142857142858
Region I: Ilocos Region,27,2020-10-02,31.142857142857142
Region I: Ilocos Region,65,2020-10-03,36.857142857142854
Region I: Ilocos Region,112,2020-10-04,45.857142857142854
Region I: Ilocos Region,24,2020-10-05,45.0
Region I: Ilocos Region,19,2020-10-06,44.857142857142854
Region I: Ilocos Region,8,2020-10-07,39.857142857142854
Region I: Ilocos Region,24,2020-10-08,39.857142857142854
Region I: Ilocos Region,28,2020-10-09,40.0
Region I: Ilocos Region,15,2020-10-10,32.857142857142854
Region I: Ilocos Region,23,2020-10-11,20.142857142857142
Region I: Ilocos Region,52,2020-10-12,24.142857142857142
Region I: Ilocos Region,16,2020-10-13,23.714285714285715
Region I: Ilocos Region,43,2020-10-14,28.714285714285715
Region I: Ilocos Region,135,2020-10-15,44.57142857142857
Region I: Ilocos Region,52,2020-10-16,48.0
Region I: Ilocos Region,34,2020-10-17,50.714285714285715
Region I: Ilocos Region,38,2020-10-18,52.857142857142854
Region I: Ilocos Region,18,2020-10-19,48.0
Region I: Ilocos Region,36,2020-10-20,50.857142857142854
Region I: Ilocos Region,34,2020-10-21,49.57142857142857
Region I: Ilocos Region,9,2020-10-22,31.571428571428573
Region I: Ilocos Region,18,2020-10-23,26.714285714285715
Region I: Ilocos Region,15,2020-10-24,24.0
Region I: Ilocos Region,25,2020-10-25,22.142857142857142
Region I: Ilocos Region,22,2020-10-26,22.714285714285715
Region I: Ilocos Region,35,2020-10-27,22.571428571428573
Region I: Ilocos Region,48,2020-10-28,24.571428571428573
Region I: Ilocos Region,15,2020-10-29,25.428571428571427
Region I: Ilocos Region,27,2020-10-30,26.714285714285715
Region I: Ilocos Region,12,2020-10-31,26.285714285714285
Region I: Ilocos Region,51,2020-11-01,30.0
Region I: Ilocos Region,17,2020-11-02,29.285714285714285
Region I: Ilocos Region,8,2020-11-03,25.428571428571427
Region I: Ilocos Region,16,2020-11-04,20.857142857142858
Region I: Ilocos Region,27,2020-11-05,22.571428571428573
Region I: Ilocos Region,29,2020-11-06,22.857142857142858
Region I: Ilocos Region,23,2020-11-07,24.428571428571427
Region I: Ilocos Region,43,2020-11-08,23.285714285714285
Region I: Ilocos Region,40,2020-11-09,26.571428571428573
Region I: Ilocos Region,25,2020-11-10,29.0
Region I: Ilocos Region,65,2020-11-11,36.0
Region I: Ilocos Region,51,2020-11-12,39.42857142857143
Region I: Ilocos Region,58,2020-11-13,43.57142857142857
Region I: Ilocos Region,25,2020-11-14,43.857142857142854
Region I: Ilocos Region,34,2020-11-15,42.57142857142857
Region I: Ilocos Region,6,2020-11-16,37.714285714285715
Region I: Ilocos Region,36,2020-11-17,39.285714285714285
Region I: Ilocos Region,19,2020-11-18,32.714285714285715
Region I: Ilocos Region,46,2020-11-19,32.0
Region I: Ilocos Region,39,2020-11-20,29.285714285714285
Region I: Ilocos Region,24,2020-11-21,29.142857142857142
Region I: Ilocos Region,34,2020-11-22,29.142857142857142
Region I: Ilocos Region,66,2020-11-23,37.714285714285715
Region I: Ilocos Region,18,2020-11-24,35.142857142857146
Region I: Ilocos Region,7,2020-11-25,33.42857142857143
Region I: Ilocos Region,22,2020-11-26,30.0
Region I: Ilocos Region,34,2020-11-27,29.285714285714285
Region I: Ilocos Region,35,2020-11-28,30.857142857142858
Region I: Ilocos Region,43,2020-11-29,32.142857142857146
Region I: Ilocos Region,78,2020-11-30,33.857142857142854
Region I: Ilocos Region,141,2020-12-01,51.42857142857143
Region I: Ilocos Region,33,2020-12-02,55.142857142857146
Region I: Ilocos Region,8,2020-12-03,53.142857142857146
Region I: Ilocos Region,31,2020-12-04,52.714285714285715
Region I: Ilocos Region,60,2020-12-05,56.285714285714285
Region I: Ilocos Region,20,2020-12-06,53.0
Region I: Ilocos Region,10,2020-12-07,43.285714285714285
Region I: Ilocos Region,30,2020-12-08,27.428571428571427
Region I: Ilocos Region,9,2020-12-09,24.0
Region I: Ilocos Region,43,2020-12-10,29.0
Region I: Ilocos Region,28,2020-12-11,28.571428571428573
Region I: Ilocos Region,28,2020-12-12,24.0
Region I: Ilocos Region,32,2020-12-13,25.714285714285715
Region I: Ilocos Region,21,2020-12-14,27.285714285714285
Region I: Ilocos Region,16,2020-12-15,25.285714285714285
Region I: Ilocos Region,11,2020-12-16,25.571428571428573
Region I: Ilocos Region,43,2020-12-17,25.571428571428573
Region I: Ilocos Region,48,2020-12-18,28.428571428571427
Region I: Ilocos Region,40,2020-12-19,30.142857142857142
Region I: Ilocos Region,40,2020-12-20,31.285714285714285
Region I: Ilocos Region,34,2020-12-21,33.142857142857146
Region I: Ilocos Region,66,2020-12-22,40.285714285714285
Region I: Ilocos Region,17,2020-12-23,41.142857142857146
Region I: Ilocos Region,37,2020-12-24,40.285714285714285
Region I: Ilocos Region,40,2020-12-25,39.142857142857146
Region I: Ilocos Region,38,2020-12-26,38.857142857142854
Region I: Ilocos Region,29,2020-12-27,37.285714285714285
Region I: Ilocos Region,66,2020-12-28,41.857142857142854
Region I: Ilocos Region,10,2020-12-29,33.857142857142854
Region I: Ilocos Region,16,2020-12-30,33.714285714285715
Region I: Ilocos Region,42,2020-12-31,34.42857142857143
Region I: Ilocos Region,25,2021-01-01,32.285714285714285
Region I: Ilocos Region,27,2021-01-02,30.714285714285715
Region I: Ilocos Region,55,2021-01-03,34.42857142857143
Region I: Ilocos Region,11,2021-01-04,26.571428571428573
Region I: Ilocos Region,14,2021-01-05,27.142857142857142
Region I: Ilocos Region,15,2021-01-06,27.0
Region I: Ilocos Region,44,2021-01-07,27.285714285714285
Region I: Ilocos Region,60,2021-01-08,32.285714285714285
Region I: Ilocos Region,124,2021-01-09,46.142857142857146
Region I: Ilocos Region,83,2021-01-10,50.142857142857146
Region I: Ilocos Region,128,2021-01-11,66.85714285714286
Region I: Ilocos Region,85,2021-01-12,77.0
Region I: Ilocos Region,85,2021-01-13,87.0
Region I: Ilocos Region,128,2021-01-14,99.0
Region I: Ilocos Region,150,2021-01-15,111.85714285714286
Region I: Ilocos Region,84,2021-01-16,106.14285714285714
Region I: Ilocos Region,26,2021-01-17,98.0
Region I: Ilocos Region,48,2021-01-18,86.57142857142857
Region I: Ilocos Region,40,2021-01-19,80.14285714285714
Region I: Ilocos Region,128,2021-01-20,86.28571428571429
Region I: Ilocos Region,55,2021-01-21,75.85714285714286
Region I: Ilocos Region,74,2021-01-22,65.0
Region I: Ilocos Region,35,2021-01-23,58.0
Region I: Ilocos Region,70,2021-01-24,64.28571428571429
Region I: Ilocos Region,38,2021-01-25,62.857142857142854
Region I: Ilocos Region,43,2021-01-26,63.285714285714285
Region I: Ilocos Region,145,2021-01-27,65.71428571428571
Region I: Ilocos Region,50,2021-01-28,65.0
Region I: Ilocos Region,88,2021-01-29,67.0
Region I: Ilocos Region,103,2021-01-30,76.71428571428571
Region I: Ilocos Region,198,2021-01-31,95.0
Region I: Ilocos Region,46,2021-02-01,96.14285714285714
Region I: Ilocos Region,60,2021-02-02,98.57142857142857
Region I: Ilocos Region,26,2021-02-03,81.57142857142857
Region I: Ilocos Region,27,2021-02-04,78.28571428571429
Region I: Ilocos Region,97,2021-02-05,79.57142857142857
Region I: Ilocos Region,51,2021-02-06,72.14285714285714
Region I: Ilocos Region,54,2021-02-07,51.57142857142857
Region I: Ilocos Region,47,2021-02-08,51.714285714285715
Region I: Ilocos Region,49,2021-02-09,50.142857142857146
Region I: Ilocos Region,28,2021-02-10,50.42857142857143
Region I: Ilocos Region,53,2021-02-11,54.142857142857146
Region I: Ilocos Region,46,2021-02-12,46.857142857142854
Region I: Ilocos Region,45,2021-02-13,46.0
Region I: Ilocos Region,62,2021-02-14,47.142857142857146
Region I: Ilocos Region,17,2021-02-15,42.857142857142854
Region I: Ilocos Region,64,2021-02-16,45.0
Region I: Ilocos Region,24,2021-02-17,44.42857142857143
Region I: Ilocos Region,63,2021-02-18,45.857142857142854
Region I: Ilocos Region,45,2021-02-19,45.714285714285715
Region I: Ilocos Region,65,2021-02-20,48.57142857142857
Region I: Ilocos Region,51,2021-02-21,47.0
Region I: Ilocos Region,49,2021-02-22,51.57142857142857
Region I: Ilocos Region,48,2021-02-23,49.285714285714285
Region I: Ilocos Region,23,2021-02-24,49.142857142857146
Region I: Ilocos Region,17,2021-02-25,42.57142857142857
Region I: Ilocos Region,78,2021-02-26,47.285714285714285
Region I: Ilocos Region,35,2021-02-27,43.0
Region I: Ilocos Region,41,2021-02-28,41.57142857142857
Region I: Ilocos Region,27,2021-03-01,38.42857142857143
Region I: Ilocos Region,44,2021-03-02,37.857142857142854
Region I: Ilocos Region,27,2021-03-03,38.42857142857143
Region I: Ilocos Region,24,2021-03-04,39.42857142857143
Region I: Ilocos Region,37,2021-03-05,33.57142857142857
Region I: Ilocos Region,29,2021-03-06,32.714285714285715
Region I: Ilocos Region,70,2021-03-07,36.857142857142854
Region I: Ilocos Region,30,2021-03-08,37.285714285714285
Region I: Ilocos Region,31,2021-03-09,35.42857142857143
Region I: Ilocos Region,21,2021-03-10,34.57142857142857
Region I: Ilocos Region,35,2021-03-11,36.142857142857146
Region I: Ilocos Region,56,2021-03-12,38.857142857142854
Region I: Ilocos Region,54,2021-03-13,42.42857142857143
Region I: Ilocos Region,44,2021-03-14,38.714285714285715
Region I: Ilocos Region,87,2021-03-15,46.857142857142854
Region I: Ilocos Region,30,2021-03-16,46.714285714285715
Region I: Ilocos Region,68,2021-03-17,53.42857142857143
Region I: Ilocos Region,57,2021-03-18,56.57142857142857
Region I: Ilocos Region,62,2021-03-19,57.42857142857143
Region I: Ilocos Region,101,2021-03-20,64.14285714285714
Region I: Ilocos Region,38,2021-03-21,63.285714285714285
Region I: Ilocos Region,113,2021-03-22,67.0
Region I: Ilocos Region,59,2021-03-23,71.14285714285714
Region I: Ilocos Region,55,2021-03-24,69.28571428571429
Region I: Ilocos Region,67,2021-03-25,70.71428571428571
Region I: Ilocos Region,157,2021-03-26,84.28571428571429
Region I: Ilocos Region,126,2021-03-27,87.85714285714286
Region I: Ilocos Region,106,2021-03-28,97.57142857142857
Region I: Ilocos Region,84,2021-03-29,93.42857142857143
Region I: Ilocos Region,238,2021-03-30,119.0
Region I: Ilocos Region,145,2021-03-31,131.85714285714286
Region I: Ilocos Region,94,2021-04-01,135.71428571428572
Region I: Ilocos Region,349,2021-04-02,163.14285714285714
Region I: Ilocos Region,344,2021-04-03,194.28571428571428
Region I: Ilocos Region,291,2021-04-04,220.71428571428572
Region I: Ilocos Region,416,2021-04-05,268.14285714285717
Region I: Ilocos Region,457,2021-04-06,299.42857142857144
Region I: Ilocos Region,119,2021-04-07,295.7142857142857
Region I: Ilocos Region,87,2021-04-08,294.7142857142857
Region I: Ilocos Region,192,2021-04-09,272.2857142857143
Region I: Ilocos Region,497,2021-04-10,294.14285714285717
Region I: Ilocos Region,430,2021-04-11,314.0
Region I: Ilocos Region,303,2021-04-12,297.85714285714283
Region I: Ilocos Region,173,2021-04-13,257.2857142857143
Region I: Ilocos Region,71,2021-04-14,250.42857142857142
Region I: Ilocos Region,138,2021-04-15,257.7142857142857
Region I: Ilocos Region,127,2021-04-16,248.42857142857142
Region I: Ilocos Region,224,2021-04-17,209.42857142857142
Region I: Ilocos Region,300,2021-04-18,190.85714285714286
Region I: Ilocos Region,91,2021-04-19,160.57142857142858
Region I: Ilocos Region,150,2021-04-20,157.28571428571428
Region I: Ilocos Region,139,2021-04-21,167.0
Region I: Ilocos Region,125,2021-04-22,165.14285714285714
Region I: Ilocos Region,169,2021-04-23,171.14285714285714
Region I: Ilocos Region,158,2021-04-24,161.71428571428572
Region I: Ilocos Region,160,2021-04-25,141.71428571428572
Region I: Ilocos Region,173,2021-04-26,153.42857142857142
Region I: Ilocos Region,161,2021-04-27,155.0
Region I: Ilocos Region,79,2021-04-28,146.42857142857142
Region I: Ilocos Region,176,2021-04-29,153.71428571428572
Region I: Ilocos Region,200,2021-04-30,158.14285714285714
Region I: Ilocos Region,202,2021-05-01,164.42857142857142
Region I: Ilocos Region,176,2021-05-02,166.71428571428572
Region I: Ilocos Region,220,2021-05-03,173.42857142857142
Region I: Ilocos Region,124,2021-05-04,168.14285714285714
Region I: Ilocos Region,130,2021-05-05,175.42857142857142
Region I: Ilocos Region,172,2021-05-06,174.85714285714286
Region I: Ilocos Region,183,2021-05-07,172.42857142857142
Region I: Ilocos Region,176,2021-05-08,168.71428571428572
Region I: Ilocos Region,154,2021-05-09,165.57142857142858
Region I: Ilocos Region,177,2021-05-10,159.42857142857142
Region I: Ilocos Region,153,2021-05-11,163.57142857142858
Region I: Ilocos Region,88,2021-05-12,157.57142857142858
Region I: Ilocos Region,112,2021-05-13,149.0
Region I: Ilocos Region,185,2021-05-14,149.28571428571428
Region I: Ilocos Region,119,2021-05-15,141.14285714285714
Region I: Ilocos Region,251,2021-05-16,155.0
Region I: Ilocos Region,248,2021-05-17,165.14285714285714
Region I: Ilocos Region,188,2021-05-18,170.14285714285714
Region I: Ilocos Region,271,2021-05-19,196.28571428571428
Region I: Ilocos Region,247,2021-05-20,215.57142857142858
Region I: Ilocos Region,166,2021-05-21,212.85714285714286
Region I: Ilocos Region,192,2021-05-22,223.28571428571428
Region I: Ilocos Region,92,2021-05-23,200.57142857142858
Region I: Ilocos Region,99,2021-05-24,179.28571428571428
Region I: Ilocos Region,69,2021-05-25,162.28571428571428
Region I: Ilocos Region,158,2021-05-26,146.14285714285714
Region I: Ilocos Region,151,2021-05-27,132.42857142857142
Region I: Ilocos Region,252,2021-05-28,144.71428571428572
Region I: Ilocos Region,281,2021-05-29,157.42857142857142
Region I: Ilocos Region,152,2021-05-30,166.0
Region I: Ilocos Region,226,2021-05-31,184.14285714285714
Region I: Ilocos Region,162,2021-06-01,197.42857142857142
Region I: Ilocos Region,118,2021-06-02,191.71428571428572
Region I: Ilocos Region,281,2021-06-03,210.28571428571428
Region I: Ilocos Region,138,2021-06-04,194.0
Region I: Ilocos Region,359,2021-06-05,205.14285714285714
Region I: Ilocos Region,212,2021-06-06,213.71428571428572
Region I: Ilocos Region,253,2021-06-07,217.57142857142858
Region I: Ilocos Region,99,2021-06-08,208.57142857142858
Region I: Ilocos Region,133,2021-06-09,210.71428571428572
Region I: Ilocos Region,201,2021-06-10,199.28571428571428
Region I: Ilocos Region,261,2021-06-11,216.85714285714286
Region I: Ilocos Region,353,2021-06-12,216.0
Region I: Ilocos Region,209,2021-06-13,215.57142857142858
Region I: Ilocos Region,190,2021-06-14,206.57142857142858
Region I: Ilocos Region,192,2021-06-15,219.85714285714286
Region I: Ilocos Region,144,2021-06-16,221.42857142857142
Region I: Ilocos Region,211,2021-06-17,222.85714285714286
Region I: Ilocos Region,308,2021-06-18,229.57142857142858
Region I: Ilocos Region,174,2021-06-19,204.0
Region I: Ilocos Region,141,2021-06-20,194.28571428571428
Region I: Ilocos Region,174,2021-06-21,192.0
Region I: Ilocos Region,146,2021-06-22,185.42857142857142
Region I: Ilocos Region,126,2021-06-23,182.85714285714286
Region I: Ilocos Region,219,2021-06-24,184.0
Region I: Ilocos Region,225,2021-06-25,172.14285714285714
Region I: Ilocos Region,282,2021-06-26,187.57142857142858
Region I: Ilocos Region,339,2021-06-27,215.85714285714286
Region I: Ilocos Region,271,2021-06-28,229.71428571428572
Region I: Ilocos Region,250,2021-06-29,244.57142857142858
Region I: Ilocos Region,134,2021-06-30,245.71428571428572
Region I: Ilocos Region,467,2021-07-01,281.14285714285717
Region I: Ilocos Region,383,2021-07-02,303.7142857142857
Region I: Ilocos Region,334,2021-07-03,311.14285714285717
Region I: Ilocos Region,278,2021-07-04,302.42857142857144
Region I: Ilocos Region,475,2021-07-05,331.57142857142856
Region I: Ilocos Region,197,2021-07-06,324.0
Region I: Ilocos Region,243,2021-07-07,339.57142857142856
Region I: Ilocos Region,302,2021-07-08,316.0
Region I: Ilocos Region,475,2021-07-09,329.14285714285717
Region I: Ilocos Region,419,2021-07-10,341.2857142857143
Region I: Ilocos Region,346,2021-07-11,351.0
Region I: Ilocos Region,530,2021-07-12,358.85714285714283
Region I: Ilocos Region,316,2021-07-13,375.85714285714283
Region I: Ilocos Region,167,2021-07-14,365.0
Region I: Ilocos Region,287,2021-07-15,362.85714285714283
Region I: Ilocos Region,284,2021-07-16,335.57142857142856
Region I: Ilocos Region,421,2021-07-17,335.85714285714283
Region I: Ilocos Region,347,2021-07-18,336.0
Region I: Ilocos Region,325,2021-07-19,306.7142857142857
Region I: Ilocos Region,369,2021-07-20,314.2857142857143
Region I: Ilocos Region,273,2021-07-21,329.42857142857144
Region I: Ilocos Region,435,2021-07-22,350.57142857142856
Region I: Ilocos Region,401,2021-07-23,367.2857142857143
Region I: Ilocos Region,339,2021-07-24,355.57142857142856
Region I: Ilocos Region,468,2021-07-25,372.85714285714283
Region I: Ilocos Region,462,2021-07-26,392.42857142857144
Region I: Ilocos Region,446,2021-07-27,403.42857142857144
Region I: Ilocos Region,327,2021-07-28,411.14285714285717
Region I: Ilocos Region,335,2021-07-29,396.85714285714283
Region I: Ilocos Region,500,2021-07-30,411.0
Region I: Ilocos Region,503,2021-07-31,434.42857142857144
Region I: Ilocos Region,680,2021-08-01,464.7142857142857
Region I: Ilocos Region,397,2021-08-02,455.42857142857144
Region I: Ilocos Region,441,2021-08-03,454.7142857142857
Region I: Ilocos Region,299,2021-08-04,450.7142857142857
Region I: Ilocos Region,487,2021-08-05,472.42857142857144
Region I: Ilocos Region,511,2021-08-06,474.0
Region I: Ilocos Region,596,2021-08-07,487.2857142857143
Region I: Ilocos Region,156,2021-08-08,412.42857142857144
Region I: Ilocos Region,470,2021-08-09,422.85714285714283
Region I: Ilocos Region,432,2021-08-10,421.57142857142856
Region I: Ilocos Region,489,2021-08-11,448.7142857142857
Region I: Ilocos Region,622,2021-08-12,468.0
Region I: Ilocos Region,576,2021-08-13,477.2857142857143
Region I: Ilocos Region,698,2021-08-14,491.85714285714283
Region I: Ilocos Region,985,2021-08-15,610.2857142857143
Region I: Ilocos Region,712,2021-08-16,644.8571428571429
Region I: Ilocos Region,390,2021-08-17,638.8571428571429
Region I: Ilocos Region,429,2021-08-18,630.2857142857143
Region I: Ilocos Region,565,2021-08-19,622.1428571428571
Region I: Ilocos Region,625,2021-08-20,629.1428571428571
Region I: Ilocos Region,718,2021-08-21,632.0
Region I: Ilocos Region,661,2021-08-22,585.7142857142857
Region I: Ilocos Region,642,2021-08-23,575.7142857142857
Region I: Ilocos Region,615,2021-08-24,607.8571428571429
Region I: Ilocos Region,539,2021-08-25,623.5714285714286
Region I: Ilocos Region,579,2021-08-26,625.5714285714286
Region I: Ilocos Region,601,2021-08-27,622.1428571428571
Region I: Ilocos Region,1069,2021-08-28,672.2857142857143
Region I: Ilocos Region,748,2021-08-29,684.7142857142857
Region I: Ilocos Region,1134,2021-08-30,755.0
Region I: Ilocos Region,635,2021-08-31,757.8571428571429
Region I: Ilocos Region,471,2021-09-01,748.1428571428571
Region I: Ilocos Region,664,2021-09-02,760.2857142857143
Region I: Ilocos Region,861,2021-09-03,797.4285714285714
Region I: Ilocos Region,648,2021-09-04,737.2857142857143
Region I: Ilocos Region,1401,2021-09-05,830.5714285714286
Region I: Ilocos Region,550,2021-09-06,747.1428571428571
Region I: Ilocos Region,1245,2021-09-07,834.2857142857143
Region I: Ilocos Region,566,2021-09-08,847.8571428571429
Region I: Ilocos Region,1073,2021-09-09,906.2857142857143
Region I: Ilocos Region,883,2021-09-10,909.4285714285714
Region I: Ilocos Region,743,2021-09-11,923.0
Region I: Ilocos Region,1072,2021-09-12,876.0
Region I: Ilocos Region,949,2021-09-13,933.0
Region I: Ilocos Region,1299,2021-09-14,940.7142857142857
Region I: Ilocos Region,585,2021-09-15,943.4285714285714
Region I: Ilocos Region,1158,2021-09-16,955.5714285714286
Region I: Ilocos Region,777,2021-09-17,940.4285714285714
Region I: Ilocos Region,997,2021-09-18,976.7142857142857
Region I: Ilocos Region,971,2021-09-19,962.2857142857143
Region I: Ilocos Region,870,2021-09-20,951.0
Region I: Ilocos Region,1633,2021-09-21,998.7142857142857
Region I: Ilocos Region,580,2021-09-22,998.0
Region I: Ilocos Region,951,2021-09-23,968.4285714285714
Region I: Ilocos Region,1039,2021-09-24,1005.8571428571429
Region I: Ilocos Region,218,2021-09-25,894.5714285714286
Region I: Ilocos Region,1282,2021-09-26,939.0
Region I: Ilocos Region,1982,2021-09-27,1097.857142857143
Region I: Ilocos Region,454,2021-09-28,929.4285714285714
Region I: Ilocos Region,260,2021-09-29,883.7142857142857
Region I: Ilocos Region,1074,2021-09-30,901.2857142857143
Region I: Ilocos Region,1175,2021-10-01,920.7142857142857
Region I: Ilocos Region,1717,2021-10-02,1134.857142857143
Region I: Ilocos Region,1071,2021-10-03,1104.7142857142858
Region I: Ilocos Region,1437,2021-10-04,1026.857142857143
Region I: Ilocos Region,432,2021-10-05,1023.7142857142857
Region I: Ilocos Region,288,2021-10-06,1027.7142857142858
Region I: Ilocos Region,625,2021-10-07,963.5714285714286
Region I: Ilocos Region,1183,2021-10-08,964.7142857142857
Region I: Ilocos Region,499,2021-10-09,790.7142857142857
Region I: Ilocos Region,777,2021-10-10,748.7142857142857
Region I: Ilocos Region,714,2021-10-11,645.4285714285714
Region I: Ilocos Region,564,2021-10-12,664.2857142857143
Region I: Ilocos Region,273,2021-10-13,662.1428571428571
Region I: Ilocos Region,374,2021-10-14,626.2857142857143
Region I: Ilocos Region,365,2021-10-15,509.42857142857144
Region I: Ilocos Region,313,2021-10-16,482.85714285714283
Region I: Ilocos Region,511,2021-10-17,444.85714285714283
Region I: Ilocos Region,493,2021-10-18,413.2857142857143
Region I: Ilocos Region,311,2021-10-19,377.14285714285717
Region I: Ilocos Region,155,2021-10-20,360.2857142857143
Region I: Ilocos Region,269,2021-10-21,345.2857142857143
Region I: Ilocos Region,327,2021-10-22,339.85714285714283
Region I: Ilocos Region,361,2021-10-23,346.7142857142857
Region I: Ilocos Region,255,2021-10-24,310.14285714285717
Region I: Ilocos Region,173,2021-10-25,264.42857142857144
Region I: Ilocos Region,140,2021-10-26,240.0
Region I: Ilocos Region,200,2021-10-27,246.42857142857142
Region I: Ilocos Region,259,2021-10-28,245.0
Region I: Ilocos Region,221,2021-10-29,229.85714285714286
Region I: Ilocos Region,196,2021-10-30,206.28571428571428
Region I: Ilocos Region,204,2021-10-31,199.0
Region I: Ilocos Region,131,2021-11-01,193.0
Region I: Ilocos Region,166,2021-11-02,196.71428571428572
Region I: Ilocos Region,178,2021-11-03,193.57142857142858
Region I: Ilocos Region,56,2021-11-04,164.57142857142858
Region I: Ilocos Region,108,2021-11-05,148.42857142857142
Region I: Ilocos Region,143,2021-11-06,140.85714285714286
Region I: Ilocos Region,130,2021-11-07,130.28571428571428
Region I: Ilocos Region,73,2021-11-08,122.0
Region I: Ilocos Region,93,2021-11-09,111.57142857142857
Region I: Ilocos Region,185,2021-11-10,112.57142857142857
Region I: Ilocos Region,106,2021-11-11,119.71428571428571
Region I: Ilocos Region,46,2021-11-12,110.85714285714286
Region I: Ilocos Region,69,2021-11-13,100.28571428571429
Region I: Ilocos Region,81,2021-11-14,93.28571428571429
Region I: Ilocos Region,53,2021-11-15,90.42857142857143
Region I: Ilocos Region,48,2021-11-16,84.0
Region I: Ilocos Region,55,2021-11-17,65.42857142857143
Region I: Ilocos Region,19,2021-11-18,53.0
Region I: Ilocos Region,47,2021-11-19,53.142857142857146
Region I: Ilocos Region,38,2021-11-20,48.714285714285715
Region I: Ilocos Region,95,2021-11-21,50.714285714285715
Region I: Ilocos Region,90,2021-11-22,56.0
Region I: Ilocos Region,109,2021-11-23,64.71428571428571
Region I: Ilocos Region,31,2021-11-24,61.285714285714285
Region I: Ilocos Region,44,2021-11-25,64.85714285714286
Region I: Ilocos Region,31,2021-11-26,62.57142857142857
Region I: Ilocos Region,47,2021-11-27,63.857142857142854
Region I: Ilocos Region,35,2021-11-28,55.285714285714285
Region I: Ilocos Region,12,2021-11-29,44.142857142857146
Region I: Ilocos Region,30,2021-11-30,32.857142857142854
Region I: Ilocos Region,38,2021-12-01,33.857142857142854
Region I: Ilocos Region,13,2021-12-02,29.428571428571427
Region I: Ilocos Region,16,2021-12-03,27.285714285714285
Region I: Ilocos Region,13,2021-12-04,22.428571428571427
Region I: Ilocos Region,25,2021-12-05,21.0
Region I: Ilocos Region,31,2021-12-06,23.714285714285715
Region I: Ilocos Region,17,2021-12-07,21.857142857142858
Region I: Ilocos Region,14,2021-12-08,18.428571428571427
Region I: Ilocos Region,30,2021-12-09,20.857142857142858
Region I: Ilocos Region,23,2021-12-10,21.857142857142858
Region I: Ilocos Region,30,2021-12-11,24.285714285714285
Region I: Ilocos Region,22,2021-12-12,23.857142857142858
Region I: Ilocos Region,8,2021-12-13,20.571428571428573
Region I: Ilocos Region,19,2021-12-14,20.857142857142858
Region I: Ilocos Region,6,2021-12-15,19.714285714285715
Region I: Ilocos Region,12,2021-12-16,17.142857142857142
Region I: Ilocos Region,41,2021-12-17,19.714285714285715
Region I: Ilocos Region,20,2021-12-18,18.285714285714285
Region I: Ilocos Region,8,2021-12-19,16.285714285714285
Region I: Ilocos Region,8,2021-12-20,16.285714285714285
Region I: Ilocos Region,7,2021-12-21,14.571428571428571
Region I: Ilocos Region,15,2021-12-22,15.857142857142858
Region I: Ilocos Region,3,2021-12-23,14.571428571428571
Region I: Ilocos Region,10,2021-12-24,10.142857142857142
Region I: Ilocos Region,12,2021-12-25,9.0
Region I: Ilocos Region,17,2021-12-26,10.285714285714286
Region I: Ilocos Region,9,2021-12-27,10.428571428571429
Region I: Ilocos Region,10,2021-12-28,10.857142857142858
Region I: Ilocos Region,14,2021-12-29,10.714285714285714
Region I: Ilocos Region,10,2021-12-30,11.714285714285714
Region I: Ilocos Region,29,2021-12-31,14.428571428571429
Region I: Ilocos Region,19,2022-01-01,15.428571428571429
Region I: Ilocos Region,20,2022-01-02,15.857142857142858
Region I: Ilocos Region,29,2022-01-03,18.714285714285715
Region I: Ilocos Region,25,2022-01-04,20.857142857142858
Region I: Ilocos Region,63,2022-01-05,27.857142857142858
Region I: Ilocos Region,121,2022-01-06,43.714285714285715
Region I: Ilocos Region,216,2022-01-07,70.42857142857143
Region I: Ilocos Region,325,2022-01-08,114.14285714285714
Region I: Ilocos Region,379,2022-01-09,165.42857142857142
Region I: Ilocos Region,518,2022-01-10,235.28571428571428
Region I: Ilocos Region,442,2022-01-11,294.85714285714283
Region I: Ilocos Region,403,2022-01-12,343.42857142857144
Region I: Ilocos Region,790,2022-01-13,439.0
Region I: Ilocos Region,916,2022-01-14,539.0
Region I: Ilocos Region,866,2022-01-15,616.2857142857143
Region I: Ilocos Region,1036,2022-01-16,710.1428571428571
Region I: Ilocos Region,1329,2022-01-17,826.0
Region I: Ilocos Region,901,2022-01-18,891.5714285714286
Region I: Ilocos Region,718,2022-01-19,936.5714285714286
Region I: Ilocos Region,1145,2022-01-20,987.2857142857143
Region I: Ilocos Region,1646,2022-01-21,1091.5714285714287
Region I: Ilocos Region,1623,2022-01-22,1199.7142857142858
Region I: Ilocos Region,959,2022-01-23,1188.7142857142858
Region I: Ilocos Region,1930,2022-01-24,1274.5714285714287
Region I: Ilocos Region,969,2022-01-25,1284.2857142857142
Region I: Ilocos Region,506,2022-01-26,1254.0
Region I: Ilocos Region,1111,2022-01-27,1249.142857142857
Region I: Ilocos Region,641,2022-01-28,1105.5714285714287
Region I: Ilocos Region,1295,2022-01-29,1058.7142857142858
Region I: Ilocos Region,989,2022-01-30,1063.0
Region I: Ilocos Region,683,2022-01-31,884.8571428571429
Region I: Ilocos Region,448,2022-02-01,810.4285714285714
Region I: Ilocos Region,211,2022-02-02,768.2857142857143
Region I: Ilocos Region,526,2022-02-03,684.7142857142857
Region I: Ilocos Region,401,2022-02-04,650.4285714285714
Region I: Ilocos Region,393,2022-02-05,521.5714285714286
Region I: Ilocos Region,377,2022-02-06,434.14285714285717
Region I: Ilocos Region,389,2022-02-07,392.14285714285717
Region I: Ilocos Region,133,2022-02-08,347.14285714285717
Region I: Ilocos Region,208,2022-02-09,346.7142857142857
Region I: Ilocos Region,136,2022-02-10,291.0
Region I: Ilocos Region,175,2022-02-11,258.7142857142857
Region I: Ilocos Region,144,2022-02-12,223.14285714285714
Region I: Ilocos Region,134,2022-02-13,188.42857142857142
Region I: Ilocos Region,141,2022-02-14,153.0
Region I: Ilocos Region,84,2022-02-15,146.0
Region I: Ilocos Region,111,2022-02-16,132.14285714285714
Region I: Ilocos Region,95,2022-02-17,126.28571428571429
Region I: Ilocos Region,109,2022-02-18,116.85714285714286
Region I: Ilocos Region,80,2022-02-19,107.71428571428571
Region I: Ilocos Region,58,2022-02-20,96.85714285714286
Region I: Ilocos Region,52,2022-02-21,84.14285714285714
Region I: Ilocos Region,85,2022-02-22,84.28571428571429
Region I: Ilocos Region,50,2022-02-23,75.57142857142857
Region I: Ilocos Region,76,2022-02-24,72.85714285714286
Region I: Ilocos Region,60,2022-02-25,65.85714285714286
Region I: Ilocos Region,31,2022-02-26,58.857142857142854
Region I: Ilocos Region,58,2022-02-27,58.857142857142854
Region I: Ilocos Region,27,2022-02-28,55.285714285714285
Region I: Ilocos Region,41,2022-03-01,49.0
Region I: Ilocos Region,17,2022-03-02,44.285714285714285
Region I: Ilocos Region,26,2022-03-03,37.142857142857146
Region I: Ilocos Region,26,2022-03-04,32.285714285714285
Region I: Ilocos Region,32,2022-03-05,32.42857142857143
Region I: Ilocos Region,11,2022-03-06,25.714285714285715
Region I: Ilocos Region,38,2022-03-07,27.285714285714285
Region I: Ilocos Region,7,2022-03-08,22.428571428571427
Region I: Ilocos Region,19,2022-03-09,22.714285714285715
Region I: Ilocos Region,11,2022-03-10,20.571428571428573
Region I: Ilocos Region,32,2022-03-11,21.428571428571427
Region I: Ilocos Region,21,2022-03-12,19.857142857142858
Region I: Ilocos Region,10,2022-03-13,19.714285714285715
Region I: Ilocos Region,14,2022-03-14,16.285714285714285
Region I: Ilocos Region,16,2022-03-15,17.571428571428573
Region I: Ilocos Region,14,2022-03-16,16.857142857142858
Region I: Ilocos Region,9,2022-03-17,16.571428571428573
Region I: Ilocos Region,17,2022-03-18,14.428571428571429
Region I: Ilocos Region,17,2022-03-19,13.857142857142858
Region I: Ilocos Region,9,2022-03-20,13.714285714285714
Region I: Ilocos Region,10,2022-03-21,13.142857142857142
Region I: Ilocos Region,6,2022-03-22,11.714285714285714
Region I: Ilocos Region,8,2022-03-23,10.857142857142858
Region I: Ilocos Region,3,2022-03-24,10.0
Region I: Ilocos Region,16,2022-03-25,9.857142857142858
Region I: Ilocos Region,6,2022-03-26,8.285714285714286
Region I: Ilocos Region,4,2022-03-27,7.571428571428571
Region I: Ilocos Region,13,2022-03-28,8.0
Region I: Ilocos Region,4,2022-03-29,7.714285714285714
Region I: Ilocos Region,0,2022-03-30,6.571428571428571
Region I: Ilocos Region,7,2022-03-31,7.142857142857143
Region I: Ilocos Region,4,2022-04-01,5.428571428571429
Region I: Ilocos Region,11,2022-04-02,6.142857142857143
Region I: Ilocos Region,12,2022-04-03,7.285714285714286
Region I: Ilocos Region,4,2022-04-04,6.0
Region I: Ilocos Region,7,2022-04-05,6.428571428571429
Region I: Ilocos Region,1,2022-04-06,6.571428571428571
Region I: Ilocos Region,5,2022-04-07,6.285714285714286
Region I: Ilocos Region,6,2022-04-08,6.571428571428571
Region I: Ilocos Region,6,2022-04-09,5.857142857142857
Region I: Ilocos Region,6,2022-04-10,5.0
Region I: Ilocos Region,4,2022-04-11,5.0
Region I: Ilocos Region,9,2022-04-12,5.285714285714286
Region I: Ilocos Region,5,2022-04-13,5.857142857142857
Region I: Ilocos Region,8,2022-04-14,6.285714285714286
Region I: Ilocos Region,2,2022-04-15,5.714285714285714
Region I: Ilocos Region,4,2022-04-16,5.428571428571429
Region I: Ilocos Region,2,2022-04-17,4.857142857142857
Region I: Ilocos Region,9,2022-04-18,5.571428571428571
Region I: Ilocos Region,3,2022-04-19,4.714285714285714
Region I: Ilocos Region,11,2022-04-20,5.571428571428571
Region I: Ilocos Region,1,2022-04-21,4.571428571428571
Region I: Ilocos Region,7,2022-04-22,5.285714285714286
Region I: Ilocos Region,2,2022-04-23,5.0
Region I: Ilocos Region,5,2022-04-24,5.428571428571429
Region I: Ilocos Region,6,2022-04-25,5.0
Region I: Ilocos Region,0,2022-04-26,4.571428571428571
Region I: Ilocos Region,1,2022-04-27,3.142857142857143
Region I: Ilocos Region,3,2022-04-28,3.4285714285714284
Region I: Ilocos Region,6,2022-04-29,3.2857142857142856
Region I: Ilocos Region,6,2022-04-30,3.857142857142857
Region I: Ilocos Region,5,2022-05-01,3.857142857142857
Region I: Ilocos Region,2,2022-05-02,3.2857142857142856
Region I: Ilocos Region,1,2022-05-03,3.4285714285714284
Region I: Ilocos Region,1,2022-05-04,3.4285714285714284
Region I: Ilocos Region,7,2022-05-05,4.0
Region I: Ilocos Region,5,2022-05-06,3.857142857142857
Region I: Ilocos Region,8,2022-05-07,4.142857142857143
Region I: Ilocos Region,3,2022-05-08,3.857142857142857
Region I: Ilocos Region,7,2022-05-09,4.571428571428571
Region I: Ilocos Region,1,2022-05-10,4.571428571428571
Region I: Ilocos Region,2,2022-05-11,4.714285714285714
Region I: Ilocos Region,4,2022-05-12,4.285714285714286
Region I: Ilocos Region,5,2022-05-13,4.285714285714286
Region I: Ilocos Region,1,2022-05-14,3.2857142857142856
Region I: Ilocos Region,1,2022-05-15,3.0
Region I: Ilocos Region,5,2022-05-16,2.7142857142857144
Region I: Ilocos Region,0,2022-05-17,2.5714285714285716
Region I: Ilocos Region,2,2022-05-18,2.5714285714285716
Region I: Ilocos Region,5,2022-05-19,2.7142857142857144
Region I: Ilocos Region,4,2022-05-20,2.5714285714285716
Region I: Ilocos Region,0,2022-05-21,2.4285714285714284
Region I: Ilocos Region,5,2022-05-22,3.0
Region I: Ilocos Region,6,2022-05-23,3.142857142857143
Region I: Ilocos Region,8,2022-05-24,4.285714285714286
Region I: Ilocos Region,8,2022-05-25,5.142857142857143
Region I: Ilocos Region,3,2022-05-26,4.857142857142857
Region I: Ilocos Region,3,2022-05-27,4.714285714285714
Region I: Ilocos Region,6,2022-05-28,5.571428571428571
Region I: Ilocos Region,4,2022-05-29,5.428571428571429
Region I: Ilocos Region,7,2022-05-30,5.571428571428571
Region I: Ilocos Region,3,2022-05-31,4.857142857142857
Region I: Ilocos Region,6,2022-06-01,4.571428571428571
Region I: Ilocos Region,2,2022-06-02,4.428571428571429
Region I: Ilocos Region,2,2022-06-03,4.285714285714286
Region I: Ilocos Region,3,2022-06-04,3.857142857142857
Region I: Ilocos Region,2,2022-06-05,3.5714285714285716
Region I: Ilocos Region,2,2022-06-06,2.857142857142857
Region I: Ilocos Region,6,2022-06-07,3.2857142857142856
Region I: Ilocos Region,14,2022-06-08,4.428571428571429
Region I: Ilocos Region,6,2022-06-09,5.0
Region I: Ilocos Region,6,2022-06-10,5.571428571428571
Region I: Ilocos Region,7,2022-06-11,6.142857142857143
Region I: Ilocos Region,1,2022-06-12,6.0
Region I: Ilocos Region,14,2022-06-13,7.714285714285714
Region I: Ilocos Region,10,2022-06-14,8.285714285714286
Region I: Ilocos Region,3,2022-06-15,6.714285714285714
Region I: Ilocos Region,10,2022-06-16,7.285714285714286
Region I: Ilocos Region,7,2022-06-17,7.428571428571429
Region I: Ilocos Region,10,2022-06-18,7.857142857142857
