region,count,date,7DayMA
Region VII: Central Visayas,1,2020-01-30,
Region VII: Central Visayas,0,2020-01-31,
Region VII: Central Visayas,0,2020-02-01,
Region VII: Central Visayas,0,2020-02-02,
Region VII: Central Visayas,1,2020-02-03,
Region VII: Central Visayas,0,2020-02-04,
Region VII: Central Visayas,1,2020-02-05,0.42857142857142855
Region VII: Central Visayas,0,2020-02-06,0.2857142857142857
Region VII: Central Visayas,0,2020-02-07,0.2857142857142857
Region VII: Central Visayas,0,2020-02-08,0.2857142857142857
Region VII: Central Visayas,0,2020-02-09,0.2857142857142857
Region VII: Central Visayas,0,2020-02-10,0.14285714285714285
Region VII: Central Visayas,0,2020-02-11,0.14285714285714285
Region VII: Central Visayas,0,2020-02-12,0.0
Region VII: Central Visayas,0,2020-02-13,0.0
Region VII: Central Visayas,0,2020-02-14,0.0
Region VII: Central Visayas,0,2020-02-15,0.0
Region VII: Central Visayas,0,2020-02-16,0.0
Region VII: Central Visayas,0,2020-02-17,0.0
Region VII: Central Visayas,0,2020-02-18,0.0
Region VII: Central Visayas,0,2020-02-19,0.0
Region VII: Central Visayas,0,2020-02-20,0.0
Region VII: Central Visayas,0,2020-02-21,0.0
Region VII: Central Visayas,0,2020-02-22,0.0
Region VII: Central Visayas,0,2020-02-23,0.0
Region VII: Central Visayas,0,2020-02-24,0.0
Region VII: Central Visayas,0,2020-02-25,0.0
Region VII: Central Visayas,0,2020-02-26,0.0
Region VII: Central Visayas,0,2020-02-27,0.0
Region VII: Central Visayas,0,2020-02-28,0.0
Region VII: Central Visayas,0,2020-02-29,0.0
Region VII: Central Visayas,0,2020-03-01,0.0
Region VII: Central Visayas,0,2020-03-02,0.0
Region VII: Central Visayas,0,2020-03-03,0.0
Region VII: Central Visayas,0,2020-03-04,0.0
Region VII: Central Visayas,0,2020-03-05,0.0
Region VII: Central Visayas,0,2020-03-06,0.0
Region VII: Central Visayas,0,2020-03-07,0.0
Region VII: Central Visayas,0,2020-03-08,0.0
Region VII: Central Visayas,0,2020-03-09,0.0
Region VII: Central Visayas,0,2020-03-10,0.0
Region VII: Central Visayas,1,2020-03-11,0.14285714285714285
Region VII: Central Visayas,0,2020-03-12,0.14285714285714285
Region VII: Central Visayas,0,2020-03-13,0.14285714285714285
Region VII: Central Visayas,0,2020-03-14,0.14285714285714285
Region VII: Central Visayas,0,2020-03-15,0.14285714285714285
Region VII: Central Visayas,0,2020-03-16,0.14285714285714285
Region VII: Central Visayas,0,2020-03-17,0.14285714285714285
Region VII: Central Visayas,1,2020-03-18,0.14285714285714285
Region VII: Central Visayas,0,2020-03-19,0.14285714285714285
Region VII: Central Visayas,0,2020-03-20,0.14285714285714285
Region VII: Central Visayas,0,2020-03-21,0.14285714285714285
Region VII: Central Visayas,0,2020-03-22,0.14285714285714285
Region VII: Central Visayas,0,2020-03-23,0.14285714285714285
Region VII: Central Visayas,0,2020-03-24,0.14285714285714285
Region VII: Central Visayas,0,2020-03-25,0.0
Region VII: Central Visayas,0,2020-03-26,0.0
Region VII: Central Visayas,0,2020-03-27,0.0
Region VII: Central Visayas,0,2020-03-28,0.0
Region VII: Central Visayas,0,2020-03-29,0.0
Region VII: Central Visayas,0,2020-03-30,0.0
Region VII: Central Visayas,25,2020-03-31,3.5714285714285716
Region VII: Central Visayas,1,2020-04-01,3.7142857142857144
Region VII: Central Visayas,5,2020-04-02,4.428571428571429
Region VII: Central Visayas,0,2020-04-03,4.428571428571429
Region VII: Central Visayas,0,2020-04-04,4.428571428571429
Region VII: Central Visayas,0,2020-04-05,4.428571428571429
Region VII: Central Visayas,3,2020-04-06,4.857142857142857
Region VII: Central Visayas,0,2020-04-07,1.2857142857142858
Region VII: Central Visayas,0,2020-04-08,1.1428571428571428
Region VII: Central Visayas,1,2020-04-09,0.5714285714285714
Region VII: Central Visayas,1,2020-04-10,0.7142857142857143
Region VII: Central Visayas,0,2020-04-11,0.7142857142857143
Region VII: Central Visayas,2,2020-04-12,1.0
Region VII: Central Visayas,0,2020-04-13,0.5714285714285714
Region VII: Central Visayas,0,2020-04-14,0.5714285714285714
Region VII: Central Visayas,7,2020-04-15,1.5714285714285714
Region VII: Central Visayas,21,2020-04-16,4.428571428571429
Region VII: Central Visayas,27,2020-04-17,8.142857142857142
Region VII: Central Visayas,2,2020-04-18,8.428571428571429
Region VII: Central Visayas,17,2020-04-19,10.571428571428571
Region VII: Central Visayas,24,2020-04-20,14.0
Region VII: Central Visayas,47,2020-04-21,20.714285714285715
Region VII: Central Visayas,12,2020-04-22,21.428571428571427
Region VII: Central Visayas,141,2020-04-23,38.57142857142857
Region VII: Central Visayas,22,2020-04-24,37.857142857142854
Region VII: Central Visayas,30,2020-04-25,41.857142857142854
Region VII: Central Visayas,64,2020-04-26,48.57142857142857
Region VII: Central Visayas,38,2020-04-27,50.57142857142857
Region VII: Central Visayas,32,2020-04-28,48.42857142857143
Region VII: Central Visayas,2,2020-04-29,47.0
Region VII: Central Visayas,104,2020-04-30,41.714285714285715
Region VII: Central Visayas,130,2020-05-01,57.142857142857146
Region VII: Central Visayas,80,2020-05-02,64.28571428571429
Region VII: Central Visayas,118,2020-05-03,72.0
Region VII: Central Visayas,88,2020-05-04,79.14285714285714
Region VII: Central Visayas,2,2020-05-05,74.85714285714286
Region VII: Central Visayas,102,2020-05-06,89.14285714285714
Region VII: Central Visayas,205,2020-05-07,103.57142857142857
Region VII: Central Visayas,36,2020-05-08,90.14285714285714
Region VII: Central Visayas,17,2020-05-09,81.14285714285714
Region VII: Central Visayas,74,2020-05-10,74.85714285714286
Region VII: Central Visayas,76,2020-05-11,73.14285714285714
Region VII: Central Visayas,74,2020-05-12,83.42857142857143
Region VII: Central Visayas,59,2020-05-13,77.28571428571429
Region VII: Central Visayas,16,2020-05-14,50.285714285714285
Region VII: Central Visayas,1,2020-05-15,45.285714285714285
Region VII: Central Visayas,0,2020-05-16,42.857142857142854
Region VII: Central Visayas,1,2020-05-17,32.42857142857143
Region VII: Central Visayas,8,2020-05-18,22.714285714285715
Region VII: Central Visayas,14,2020-05-19,14.142857142857142
Region VII: Central Visayas,14,2020-05-20,7.714285714285714
Region VII: Central Visayas,97,2020-05-21,19.285714285714285
Region VII: Central Visayas,53,2020-05-22,26.714285714285715
Region VII: Central Visayas,0,2020-05-23,26.714285714285715
Region VII: Central Visayas,1,2020-05-24,26.714285714285715
Region VII: Central Visayas,70,2020-05-25,35.57142857142857
Region VII: Central Visayas,0,2020-05-26,33.57142857142857
Region VII: Central Visayas,0,2020-05-27,31.571428571428573
Region VII: Central Visayas,55,2020-05-28,25.571428571428573
Region VII: Central Visayas,27,2020-05-29,21.857142857142858
Region VII: Central Visayas,19,2020-05-30,24.571428571428573
Region VII: Central Visayas,148,2020-05-31,45.57142857142857
Region VII: Central Visayas,206,2020-06-01,65.0
Region VII: Central Visayas,108,2020-06-02,80.42857142857143
Region VII: Central Visayas,343,2020-06-03,129.42857142857142
Region VII: Central Visayas,139,2020-06-04,141.42857142857142
Region VII: Central Visayas,137,2020-06-05,157.14285714285714
Region VII: Central Visayas,167,2020-06-06,178.28571428571428
Region VII: Central Visayas,214,2020-06-07,187.71428571428572
Region VII: Central Visayas,160,2020-06-08,181.14285714285714
Region VII: Central Visayas,102,2020-06-09,180.28571428571428
Region VII: Central Visayas,86,2020-06-10,143.57142857142858
Region VII: Central Visayas,91,2020-06-11,136.71428571428572
Region VII: Central Visayas,116,2020-06-12,133.71428571428572
Region VII: Central Visayas,86,2020-06-13,122.14285714285714
Region VII: Central Visayas,116,2020-06-14,108.14285714285714
Region VII: Central Visayas,87,2020-06-15,97.71428571428571
Region VII: Central Visayas,60,2020-06-16,91.71428571428571
Region VII: Central Visayas,162,2020-06-17,102.57142857142857
Region VII: Central Visayas,299,2020-06-18,132.28571428571428
Region VII: Central Visayas,126,2020-06-19,133.71428571428572
Region VII: Central Visayas,449,2020-06-20,185.57142857142858
Region VII: Central Visayas,268,2020-06-21,207.28571428571428
Region VII: Central Visayas,253,2020-06-22,231.0
Region VII: Central Visayas,311,2020-06-23,266.85714285714283
Region VII: Central Visayas,147,2020-06-24,264.7142857142857
Region VII: Central Visayas,105,2020-06-25,237.0
Region VII: Central Visayas,257,2020-06-26,255.71428571428572
Region VII: Central Visayas,201,2020-06-27,220.28571428571428
Region VII: Central Visayas,126,2020-06-28,200.0
Region VII: Central Visayas,132,2020-06-29,182.71428571428572
Region VII: Central Visayas,526,2020-06-30,213.42857142857142
Region VII: Central Visayas,300,2020-07-01,235.28571428571428
Region VII: Central Visayas,5,2020-07-02,221.0
Region VII: Central Visayas,308,2020-07-03,228.28571428571428
Region VII: Central Visayas,209,2020-07-04,229.42857142857142
Region VII: Central Visayas,578,2020-07-05,294.0
Region VII: Central Visayas,346,2020-07-06,324.57142857142856
Region VII: Central Visayas,162,2020-07-07,272.57142857142856
Region VII: Central Visayas,379,2020-07-08,283.85714285714283
Region VII: Central Visayas,279,2020-07-09,323.0
Region VII: Central Visayas,51,2020-07-10,286.2857142857143
Region VII: Central Visayas,70,2020-07-11,266.42857142857144
Region VII: Central Visayas,288,2020-07-12,225.0
Region VII: Central Visayas,9,2020-07-13,176.85714285714286
Region VII: Central Visayas,31,2020-07-14,158.14285714285714
Region VII: Central Visayas,185,2020-07-15,130.42857142857142
Region VII: Central Visayas,187,2020-07-16,117.28571428571429
Region VII: Central Visayas,245,2020-07-17,145.0
Region VII: Central Visayas,44,2020-07-18,141.28571428571428
Region VII: Central Visayas,52,2020-07-19,107.57142857142857
Region VII: Central Visayas,6,2020-07-20,107.14285714285714
Region VII: Central Visayas,90,2020-07-21,115.57142857142857
Region VII: Central Visayas,229,2020-07-22,121.85714285714286
Region VII: Central Visayas,240,2020-07-23,129.42857142857142
Region VII: Central Visayas,273,2020-07-24,133.42857142857142
Region VII: Central Visayas,490,2020-07-25,197.14285714285714
Region VII: Central Visayas,298,2020-07-26,232.28571428571428
Region VII: Central Visayas,32,2020-07-27,236.0
Region VII: Central Visayas,99,2020-07-28,237.28571428571428
Region VII: Central Visayas,319,2020-07-29,250.14285714285714
Region VII: Central Visayas,979,2020-07-30,355.7142857142857
Region VII: Central Visayas,630,2020-07-31,406.7142857142857
Region VII: Central Visayas,338,2020-08-01,385.0
Region VII: Central Visayas,438,2020-08-02,405.0
Region VII: Central Visayas,487,2020-08-03,470.0
Region VII: Central Visayas,230,2020-08-04,488.7142857142857
Region VII: Central Visayas,59,2020-08-05,451.57142857142856
Region VII: Central Visayas,221,2020-08-06,343.2857142857143
Region VII: Central Visayas,24,2020-08-07,256.7142857142857
Region VII: Central Visayas,121,2020-08-08,225.71428571428572
Region VII: Central Visayas,116,2020-08-09,179.71428571428572
Region VII: Central Visayas,170,2020-08-10,134.42857142857142
Region VII: Central Visayas,124,2020-08-11,119.28571428571429
Region VII: Central Visayas,87,2020-08-12,123.28571428571429
Region VII: Central Visayas,207,2020-08-13,121.28571428571429
Region VII: Central Visayas,79,2020-08-14,129.14285714285714
Region VII: Central Visayas,192,2020-08-15,139.28571428571428
Region VII: Central Visayas,87,2020-08-16,135.14285714285714
Region VII: Central Visayas,65,2020-08-17,120.14285714285714
Region VII: Central Visayas,90,2020-08-18,115.28571428571429
Region VII: Central Visayas,73,2020-08-19,113.28571428571429
Region VII: Central Visayas,130,2020-08-20,102.28571428571429
Region VII: Central Visayas,86,2020-08-21,103.28571428571429
Region VII: Central Visayas,121,2020-08-22,93.14285714285714
Region VII: Central Visayas,110,2020-08-23,96.42857142857143
Region VII: Central Visayas,74,2020-08-24,97.71428571428571
Region VII: Central Visayas,44,2020-08-25,91.14285714285714
Region VII: Central Visayas,64,2020-08-26,89.85714285714286
Region VII: Central Visayas,70,2020-08-27,81.28571428571429
Region VII: Central Visayas,151,2020-08-28,90.57142857142857
Region VII: Central Visayas,91,2020-08-29,86.28571428571429
Region VII: Central Visayas,77,2020-08-30,81.57142857142857
Region VII: Central Visayas,91,2020-08-31,84.0
Region VII: Central Visayas,104,2020-09-01,92.57142857142857
Region VII: Central Visayas,115,2020-09-02,99.85714285714286
Region VII: Central Visayas,71,2020-09-03,100.0
Region VII: Central Visayas,43,2020-09-04,84.57142857142857
Region VII: Central Visayas,58,2020-09-05,79.85714285714286
Region VII: Central Visayas,60,2020-09-06,77.42857142857143
Region VII: Central Visayas,76,2020-09-07,75.28571428571429
Region VII: Central Visayas,64,2020-09-08,69.57142857142857
Region VII: Central Visayas,35,2020-09-09,58.142857142857146
Region VII: Central Visayas,60,2020-09-10,56.57142857142857
Region VII: Central Visayas,82,2020-09-11,62.142857142857146
Region VII: Central Visayas,127,2020-09-12,72.0
Region VII: Central Visayas,72,2020-09-13,73.71428571428571
Region VII: Central Visayas,77,2020-09-14,73.85714285714286
Region VII: Central Visayas,90,2020-09-15,77.57142857142857
Region VII: Central Visayas,29,2020-09-16,76.71428571428571
Region VII: Central Visayas,102,2020-09-17,82.71428571428571
Region VII: Central Visayas,129,2020-09-18,89.42857142857143
Region VII: Central Visayas,163,2020-09-19,94.57142857142857
Region VII: Central Visayas,50,2020-09-20,91.42857142857143
Region VII: Central Visayas,155,2020-09-21,102.57142857142857
Region VII: Central Visayas,59,2020-09-22,98.14285714285714
Region VII: Central Visayas,49,2020-09-23,101.0
Region VII: Central Visayas,60,2020-09-24,95.0
Region VII: Central Visayas,65,2020-09-25,85.85714285714286
Region VII: Central Visayas,126,2020-09-26,80.57142857142857
Region VII: Central Visayas,47,2020-09-27,80.14285714285714
Region VII: Central Visayas,77,2020-09-28,69.0
Region VII: Central Visayas,49,2020-09-29,67.57142857142857
Region VII: Central Visayas,29,2020-09-30,64.71428571428571
Region VII: Central Visayas,46,2020-10-01,62.714285714285715
Region VII: Central Visayas,72,2020-10-02,63.714285714285715
Region VII: Central Visayas,49,2020-10-03,52.714285714285715
Region VII: Central Visayas,71,2020-10-04,56.142857142857146
Region VII: Central Visayas,63,2020-10-05,54.142857142857146
Region VII: Central Visayas,50,2020-10-06,54.285714285714285
Region VII: Central Visayas,25,2020-10-07,53.714285714285715
Region VII: Central Visayas,53,2020-10-08,54.714285714285715
Region VII: Central Visayas,61,2020-10-09,53.142857142857146
Region VII: Central Visayas,52,2020-10-10,53.57142857142857
Region VII: Central Visayas,30,2020-10-11,47.714285714285715
Region VII: Central Visayas,73,2020-10-12,49.142857142857146
Region VII: Central Visayas,68,2020-10-13,51.714285714285715
Region VII: Central Visayas,23,2020-10-14,51.42857142857143
Region VII: Central Visayas,29,2020-10-15,48.0
Region VII: Central Visayas,104,2020-10-16,54.142857142857146
Region VII: Central Visayas,54,2020-10-17,54.42857142857143
Region VII: Central Visayas,40,2020-10-18,55.857142857142854
Region VII: Central Visayas,48,2020-10-19,52.285714285714285
Region VII: Central Visayas,82,2020-10-20,54.285714285714285
Region VII: Central Visayas,10,2020-10-21,52.42857142857143
Region VII: Central Visayas,39,2020-10-22,53.857142857142854
Region VII: Central Visayas,62,2020-10-23,47.857142857142854
Region VII: Central Visayas,33,2020-10-24,44.857142857142854
Region VII: Central Visayas,86,2020-10-25,51.42857142857143
Region VII: Central Visayas,33,2020-10-26,49.285714285714285
Region VII: Central Visayas,50,2020-10-27,44.714285714285715
Region VII: Central Visayas,94,2020-10-28,56.714285714285715
Region VII: Central Visayas,22,2020-10-29,54.285714285714285
Region VII: Central Visayas,52,2020-10-30,52.857142857142854
Region VII: Central Visayas,74,2020-10-31,58.714285714285715
Region VII: Central Visayas,88,2020-11-01,59.0
Region VII: Central Visayas,35,2020-11-02,59.285714285714285
Region VII: Central Visayas,82,2020-11-03,63.857142857142854
Region VII: Central Visayas,16,2020-11-04,52.714285714285715
Region VII: Central Visayas,22,2020-11-05,52.714285714285715
Region VII: Central Visayas,42,2020-11-06,51.285714285714285
Region VII: Central Visayas,52,2020-11-07,48.142857142857146
Region VII: Central Visayas,66,2020-11-08,45.0
Region VII: Central Visayas,50,2020-11-09,47.142857142857146
Region VII: Central Visayas,36,2020-11-10,40.57142857142857
Region VII: Central Visayas,72,2020-11-11,48.57142857142857
Region VII: Central Visayas,11,2020-11-12,47.0
Region VII: Central Visayas,100,2020-11-13,55.285714285714285
Region VII: Central Visayas,107,2020-11-14,63.142857142857146
Region VII: Central Visayas,62,2020-11-15,62.57142857142857
Region VII: Central Visayas,157,2020-11-16,77.85714285714286
Region VII: Central Visayas,75,2020-11-17,83.42857142857143
Region VII: Central Visayas,26,2020-11-18,76.85714285714286
Region VII: Central Visayas,35,2020-11-19,80.28571428571429
Region VII: Central Visayas,78,2020-11-20,77.14285714285714
Region VII: Central Visayas,111,2020-11-21,77.71428571428571
Region VII: Central Visayas,56,2020-11-22,76.85714285714286
Region VII: Central Visayas,70,2020-11-23,64.42857142857143
Region VII: Central Visayas,58,2020-11-24,62.0
Region VII: Central Visayas,28,2020-11-25,62.285714285714285
Region VII: Central Visayas,38,2020-11-26,62.714285714285715
Region VII: Central Visayas,10,2020-11-27,53.0
Region VII: Central Visayas,131,2020-11-28,55.857142857142854
Region VII: Central Visayas,98,2020-11-29,61.857142857142854
Region VII: Central Visayas,49,2020-11-30,58.857142857142854
Region VII: Central Visayas,49,2020-12-01,57.57142857142857
Region VII: Central Visayas,31,2020-12-02,58.0
Region VII: Central Visayas,32,2020-12-03,57.142857142857146
Region VII: Central Visayas,12,2020-12-04,57.42857142857143
Region VII: Central Visayas,31,2020-12-05,43.142857142857146
Region VII: Central Visayas,25,2020-12-06,32.714285714285715
Region VII: Central Visayas,8,2020-12-07,26.857142857142858
Region VII: Central Visayas,16,2020-12-08,22.142857142857142
Region VII: Central Visayas,64,2020-12-09,26.857142857142858
Region VII: Central Visayas,40,2020-12-10,28.0
Region VII: Central Visayas,65,2020-12-11,35.57142857142857
Region VII: Central Visayas,35,2020-12-12,36.142857142857146
Region VII: Central Visayas,27,2020-12-13,36.42857142857143
Region VII: Central Visayas,15,2020-12-14,37.42857142857143
Region VII: Central Visayas,29,2020-12-15,39.285714285714285
Region VII: Central Visayas,55,2020-12-16,38.0
Region VII: Central Visayas,21,2020-12-17,35.285714285714285
Region VII: Central Visayas,51,2020-12-18,33.285714285714285
Region VII: Central Visayas,35,2020-12-19,33.285714285714285
Region VII: Central Visayas,37,2020-12-20,34.714285714285715
Region VII: Central Visayas,22,2020-12-21,35.714285714285715
Region VII: Central Visayas,12,2020-12-22,33.285714285714285
Region VII: Central Visayas,12,2020-12-23,27.142857142857142
Region VII: Central Visayas,24,2020-12-24,27.571428571428573
Region VII: Central Visayas,45,2020-12-25,26.714285714285715
Region VII: Central Visayas,34,2020-12-26,26.571428571428573
Region VII: Central Visayas,27,2020-12-27,25.142857142857142
Region VII: Central Visayas,16,2020-12-28,24.285714285714285
Region VII: Central Visayas,17,2020-12-29,25.0
Region VII: Central Visayas,22,2020-12-30,26.428571428571427
Region VII: Central Visayas,47,2020-12-31,29.714285714285715
Region VII: Central Visayas,58,2021-01-01,31.571428571428573
Region VII: Central Visayas,17,2021-01-02,29.142857142857142
Region VII: Central Visayas,22,2021-01-03,28.428571428571427
Region VII: Central Visayas,49,2021-01-04,33.142857142857146
Region VII: Central Visayas,41,2021-01-05,36.57142857142857
Region VII: Central Visayas,57,2021-01-06,41.57142857142857
Region VII: Central Visayas,65,2021-01-07,44.142857142857146
Region VII: Central Visayas,96,2021-01-08,49.57142857142857
Region VII: Central Visayas,86,2021-01-09,59.42857142857143
Region VII: Central Visayas,117,2021-01-10,73.0
Region VII: Central Visayas,72,2021-01-11,76.28571428571429
Region VII: Central Visayas,93,2021-01-12,83.71428571428571
Region VII: Central Visayas,95,2021-01-13,89.14285714285714
Region VII: Central Visayas,108,2021-01-14,95.28571428571429
Region VII: Central Visayas,124,2021-01-15,99.28571428571429
Region VII: Central Visayas,134,2021-01-16,106.14285714285714
Region VII: Central Visayas,133,2021-01-17,108.42857142857143
Region VII: Central Visayas,136,2021-01-18,117.57142857142857
Region VII: Central Visayas,88,2021-01-19,116.85714285714286
Region VII: Central Visayas,111,2021-01-20,119.14285714285714
Region VII: Central Visayas,131,2021-01-21,122.42857142857143
Region VII: Central Visayas,184,2021-01-22,131.0
Region VII: Central Visayas,135,2021-01-23,131.14285714285714
Region VII: Central Visayas,165,2021-01-24,135.71428571428572
Region VII: Central Visayas,191,2021-01-25,143.57142857142858
Region VII: Central Visayas,155,2021-01-26,153.14285714285714
Region VII: Central Visayas,215,2021-01-27,168.0
Region VII: Central Visayas,63,2021-01-28,158.28571428571428
Region VII: Central Visayas,206,2021-01-29,161.42857142857142
Region VII: Central Visayas,212,2021-01-30,172.42857142857142
Region VII: Central Visayas,264,2021-01-31,186.57142857142858
Region VII: Central Visayas,248,2021-02-01,194.71428571428572
Region VII: Central Visayas,266,2021-02-02,210.57142857142858
Region VII: Central Visayas,203,2021-02-03,208.85714285714286
Region VII: Central Visayas,257,2021-02-04,236.57142857142858
Region VII: Central Visayas,265,2021-02-05,245.0
Region VII: Central Visayas,352,2021-02-06,265.0
Region VII: Central Visayas,324,2021-02-07,273.57142857142856
Region VII: Central Visayas,258,2021-02-08,275.0
Region VII: Central Visayas,166,2021-02-09,260.7142857142857
Region VII: Central Visayas,367,2021-02-10,284.14285714285717
Region VII: Central Visayas,424,2021-02-11,308.0
Region VII: Central Visayas,389,2021-02-12,325.7142857142857
Region VII: Central Visayas,290,2021-02-13,316.85714285714283
Region VII: Central Visayas,390,2021-02-14,326.2857142857143
Region VII: Central Visayas,374,2021-02-15,342.85714285714283
Region VII: Central Visayas,417,2021-02-16,378.7142857142857
Region VII: Central Visayas,244,2021-02-17,361.14285714285717
Region VII: Central Visayas,328,2021-02-18,347.42857142857144
Region VII: Central Visayas,494,2021-02-19,362.42857142857144
Region VII: Central Visayas,532,2021-02-20,397.0
Region VII: Central Visayas,398,2021-02-21,398.14285714285717
Region VII: Central Visayas,478,2021-02-22,413.0
Region VII: Central Visayas,410,2021-02-23,412.0
Region VII: Central Visayas,414,2021-02-24,436.2857142857143
Region VII: Central Visayas,436,2021-02-25,451.7142857142857
Region VII: Central Visayas,494,2021-02-26,451.7142857142857
Region VII: Central Visayas,675,2021-02-27,472.14285714285717
Region VII: Central Visayas,196,2021-02-28,443.2857142857143
Region VII: Central Visayas,312,2021-03-01,419.57142857142856
Region VII: Central Visayas,291,2021-03-02,402.57142857142856
Region VII: Central Visayas,350,2021-03-03,393.42857142857144
Region VII: Central Visayas,394,2021-03-04,387.42857142857144
Region VII: Central Visayas,436,2021-03-05,379.14285714285717
Region VII: Central Visayas,402,2021-03-06,340.14285714285717
Region VII: Central Visayas,484,2021-03-07,381.2857142857143
Region VII: Central Visayas,395,2021-03-08,393.14285714285717
Region VII: Central Visayas,412,2021-03-09,410.42857142857144
Region VII: Central Visayas,330,2021-03-10,407.57142857142856
Region VII: Central Visayas,394,2021-03-11,407.57142857142856
Region VII: Central Visayas,507,2021-03-12,417.7142857142857
Region VII: Central Visayas,473,2021-03-13,427.85714285714283
Region VII: Central Visayas,542,2021-03-14,436.14285714285717
Region VII: Central Visayas,423,2021-03-15,440.14285714285717
Region VII: Central Visayas,270,2021-03-16,419.85714285714283
Region VII: Central Visayas,221,2021-03-17,404.2857142857143
Region VII: Central Visayas,472,2021-03-18,415.42857142857144
Region VII: Central Visayas,456,2021-03-19,408.14285714285717
Region VII: Central Visayas,404,2021-03-20,398.2857142857143
Region VII: Central Visayas,460,2021-03-21,386.57142857142856
Region VII: Central Visayas,476,2021-03-22,394.14285714285717
Region VII: Central Visayas,162,2021-03-23,378.7142857142857
Region VII: Central Visayas,219,2021-03-24,378.42857142857144
Region VII: Central Visayas,354,2021-03-25,361.57142857142856
Region VII: Central Visayas,362,2021-03-26,348.14285714285717
Region VII: Central Visayas,362,2021-03-27,342.14285714285717
Region VII: Central Visayas,324,2021-03-28,322.7142857142857
Region VII: Central Visayas,296,2021-03-29,297.0
Region VII: Central Visayas,202,2021-03-30,302.7142857142857
Region VII: Central Visayas,278,2021-03-31,311.14285714285717
Region VII: Central Visayas,166,2021-04-01,284.2857142857143
Region VII: Central Visayas,493,2021-04-02,303.0
Region VII: Central Visayas,318,2021-04-03,296.7142857142857
Region VII: Central Visayas,204,2021-04-04,279.57142857142856
Region VII: Central Visayas,117,2021-04-05,254.0
Region VII: Central Visayas,188,2021-04-06,252.0
Region VII: Central Visayas,97,2021-04-07,226.14285714285714
Region VII: Central Visayas,217,2021-04-08,233.42857142857142
Region VII: Central Visayas,391,2021-04-09,218.85714285714286
Region VII: Central Visayas,283,2021-04-10,213.85714285714286
Region VII: Central Visayas,198,2021-04-11,213.0
Region VII: Central Visayas,284,2021-04-12,236.85714285714286
Region VII: Central Visayas,109,2021-04-13,225.57142857142858
Region VII: Central Visayas,233,2021-04-14,245.0
Region VII: Central Visayas,238,2021-04-15,248.0
Region VII: Central Visayas,334,2021-04-16,239.85714285714286
Region VII: Central Visayas,286,2021-04-17,240.28571428571428
Region VII: Central Visayas,309,2021-04-18,256.14285714285717
Region VII: Central Visayas,226,2021-04-19,247.85714285714286
Region VII: Central Visayas,197,2021-04-20,260.42857142857144
Region VII: Central Visayas,134,2021-04-21,246.28571428571428
Region VII: Central Visayas,179,2021-04-22,237.85714285714286
Region VII: Central Visayas,260,2021-04-23,227.28571428571428
Region VII: Central Visayas,325,2021-04-24,232.85714285714286
Region VII: Central Visayas,282,2021-04-25,229.0
Region VII: Central Visayas,311,2021-04-26,241.14285714285714
Region VII: Central Visayas,165,2021-04-27,236.57142857142858
Region VII: Central Visayas,103,2021-04-28,232.14285714285714
Region VII: Central Visayas,201,2021-04-29,235.28571428571428
Region VII: Central Visayas,394,2021-04-30,254.42857142857142
Region VII: Central Visayas,289,2021-05-01,249.28571428571428
Region VII: Central Visayas,269,2021-05-02,247.42857142857142
Region VII: Central Visayas,203,2021-05-03,232.0
Region VII: Central Visayas,146,2021-05-04,229.28571428571428
Region VII: Central Visayas,56,2021-05-05,222.57142857142858
Region VII: Central Visayas,103,2021-05-06,208.57142857142858
Region VII: Central Visayas,173,2021-05-07,177.0
Region VII: Central Visayas,110,2021-05-08,151.42857142857142
Region VII: Central Visayas,210,2021-05-09,143.0
Region VII: Central Visayas,227,2021-05-10,146.42857142857142
Region VII: Central Visayas,67,2021-05-11,135.14285714285714
Region VII: Central Visayas,190,2021-05-12,154.28571428571428
Region VII: Central Visayas,170,2021-05-13,163.85714285714286
Region VII: Central Visayas,310,2021-05-14,183.42857142857142
Region VII: Central Visayas,136,2021-05-15,187.14285714285714
Region VII: Central Visayas,291,2021-05-16,198.71428571428572
Region VII: Central Visayas,169,2021-05-17,190.42857142857142
Region VII: Central Visayas,144,2021-05-18,201.42857142857142
Region VII: Central Visayas,97,2021-05-19,188.14285714285714
Region VII: Central Visayas,230,2021-05-20,196.71428571428572
Region VII: Central Visayas,278,2021-05-21,192.14285714285714
Region VII: Central Visayas,295,2021-05-22,214.85714285714286
Region VII: Central Visayas,141,2021-05-23,193.42857142857142
Region VII: Central Visayas,148,2021-05-24,190.42857142857142
Region VII: Central Visayas,78,2021-05-25,181.0
Region VII: Central Visayas,265,2021-05-26,205.0
Region VII: Central Visayas,221,2021-05-27,203.71428571428572
Region VII: Central Visayas,296,2021-05-28,206.28571428571428
Region VII: Central Visayas,239,2021-05-29,198.28571428571428
Region VII: Central Visayas,155,2021-05-30,200.28571428571428
Region VII: Central Visayas,386,2021-05-31,234.28571428571428
Region VII: Central Visayas,141,2021-06-01,243.28571428571428
Region VII: Central Visayas,124,2021-06-02,223.14285714285714
Region VII: Central Visayas,231,2021-06-03,224.57142857142858
Region VII: Central Visayas,463,2021-06-04,248.42857142857142
Region VII: Central Visayas,373,2021-06-05,267.57142857142856
Region VII: Central Visayas,357,2021-06-06,296.42857142857144
Region VII: Central Visayas,392,2021-06-07,297.2857142857143
Region VII: Central Visayas,208,2021-06-08,306.85714285714283
Region VII: Central Visayas,312,2021-06-09,333.7142857142857
Region VII: Central Visayas,441,2021-06-10,363.7142857142857
Region VII: Central Visayas,364,2021-06-11,349.57142857142856
Region VII: Central Visayas,618,2021-06-12,384.57142857142856
Region VII: Central Visayas,783,2021-06-13,445.42857142857144
Region VII: Central Visayas,149,2021-06-14,410.7142857142857
Region VII: Central Visayas,411,2021-06-15,439.7142857142857
Region VII: Central Visayas,160,2021-06-16,418.0
Region VII: Central Visayas,384,2021-06-17,409.85714285714283
Region VII: Central Visayas,456,2021-06-18,423.0
Region VII: Central Visayas,480,2021-06-19,403.2857142857143
Region VII: Central Visayas,391,2021-06-20,347.2857142857143
Region VII: Central Visayas,505,2021-06-21,398.14285714285717
Region VII: Central Visayas,180,2021-06-22,365.14285714285717
Region VII: Central Visayas,190,2021-06-23,369.42857142857144
Region VII: Central Visayas,388,2021-06-24,370.0
Region VII: Central Visayas,515,2021-06-25,378.42857142857144
Region VII: Central Visayas,521,2021-06-26,384.2857142857143
Region VII: Central Visayas,337,2021-06-27,376.57142857142856
Region VII: Central Visayas,322,2021-06-28,350.42857142857144
Region VII: Central Visayas,310,2021-06-29,369.0
Region VII: Central Visayas,512,2021-06-30,415.0
Region VII: Central Visayas,243,2021-07-01,394.2857142857143
Region VII: Central Visayas,547,2021-07-02,398.85714285714283
Region VII: Central Visayas,399,2021-07-03,381.42857142857144
Region VII: Central Visayas,364,2021-07-04,385.2857142857143
Region VII: Central Visayas,324,2021-07-05,385.57142857142856
Region VII: Central Visayas,309,2021-07-06,385.42857142857144
Region VII: Central Visayas,211,2021-07-07,342.42857142857144
Region VII: Central Visayas,341,2021-07-08,356.42857142857144
Region VII: Central Visayas,410,2021-07-09,336.85714285714283
Region VII: Central Visayas,496,2021-07-10,350.7142857142857
Region VII: Central Visayas,600,2021-07-11,384.42857142857144
Region VII: Central Visayas,389,2021-07-12,393.7142857142857
Region VII: Central Visayas,491,2021-07-13,419.7142857142857
Region VII: Central Visayas,237,2021-07-14,423.42857142857144
Region VII: Central Visayas,311,2021-07-15,419.14285714285717
Region VII: Central Visayas,520,2021-07-16,434.85714285714283
Region VII: Central Visayas,304,2021-07-17,407.42857142857144
Region VII: Central Visayas,486,2021-07-18,391.14285714285717
Region VII: Central Visayas,643,2021-07-19,427.42857142857144
Region VII: Central Visayas,588,2021-07-20,441.2857142857143
Region VII: Central Visayas,730,2021-07-21,511.7142857142857
Region VII: Central Visayas,482,2021-07-22,536.1428571428571
Region VII: Central Visayas,525,2021-07-23,536.8571428571429
Region VII: Central Visayas,742,2021-07-24,599.4285714285714
Region VII: Central Visayas,467,2021-07-25,596.7142857142857
Region VII: Central Visayas,595,2021-07-26,589.8571428571429
Region VII: Central Visayas,620,2021-07-27,594.4285714285714
Region VII: Central Visayas,274,2021-07-28,529.2857142857143
Region VII: Central Visayas,585,2021-07-29,544.0
Region VII: Central Visayas,847,2021-07-30,590.0
Region VII: Central Visayas,862,2021-07-31,607.1428571428571
Region VII: Central Visayas,890,2021-08-01,667.5714285714286
Region VII: Central Visayas,864,2021-08-02,706.0
Region VII: Central Visayas,912,2021-08-03,747.7142857142857
Region VII: Central Visayas,838,2021-08-04,828.2857142857143
Region VII: Central Visayas,766,2021-08-05,854.1428571428571
Region VII: Central Visayas,1037,2021-08-06,881.2857142857143
Region VII: Central Visayas,1048,2021-08-07,907.8571428571429
Region VII: Central Visayas,1397,2021-08-08,980.2857142857143
Region VII: Central Visayas,762,2021-08-09,965.7142857142857
Region VII: Central Visayas,833,2021-08-10,954.4285714285714
Region VII: Central Visayas,893,2021-08-11,962.2857142857143
Region VII: Central Visayas,983,2021-08-12,993.2857142857143
Region VII: Central Visayas,1020,2021-08-13,990.8571428571429
Region VII: Central Visayas,1244,2021-08-14,1018.8571428571429
Region VII: Central Visayas,973,2021-08-15,958.2857142857143
Region VII: Central Visayas,1171,2021-08-16,1016.7142857142857
Region VII: Central Visayas,827,2021-08-17,1015.8571428571429
Region VII: Central Visayas,936,2021-08-18,1022.0
Region VII: Central Visayas,812,2021-08-19,997.5714285714286
Region VII: Central Visayas,1289,2021-08-20,1036.0
Region VII: Central Visayas,1101,2021-08-21,1015.5714285714286
Region VII: Central Visayas,1360,2021-08-22,1070.857142857143
Region VII: Central Visayas,949,2021-08-23,1039.142857142857
Region VII: Central Visayas,1000,2021-08-24,1063.857142857143
Region VII: Central Visayas,804,2021-08-25,1045.0
Region VII: Central Visayas,1064,2021-08-26,1081.0
Region VII: Central Visayas,989,2021-08-27,1038.142857142857
Region VII: Central Visayas,979,2021-08-28,1020.7142857142857
Region VII: Central Visayas,975,2021-08-29,965.7142857142857
Region VII: Central Visayas,835,2021-08-30,949.4285714285714
Region VII: Central Visayas,800,2021-08-31,920.8571428571429
Region VII: Central Visayas,509,2021-09-01,878.7142857142857
Region VII: Central Visayas,635,2021-09-02,817.4285714285714
Region VII: Central Visayas,542,2021-09-03,753.5714285714286
Region VII: Central Visayas,970,2021-09-04,752.2857142857143
Region VII: Central Visayas,1036,2021-09-05,761.0
Region VII: Central Visayas,632,2021-09-06,732.0
Region VII: Central Visayas,732,2021-09-07,722.2857142857143
Region VII: Central Visayas,582,2021-09-08,732.7142857142857
Region VII: Central Visayas,1027,2021-09-09,788.7142857142857
Region VII: Central Visayas,781,2021-09-10,822.8571428571429
Region VII: Central Visayas,551,2021-09-11,763.0
Region VII: Central Visayas,961,2021-09-12,752.2857142857143
Region VII: Central Visayas,477,2021-09-13,730.1428571428571
Region VII: Central Visayas,475,2021-09-14,693.4285714285714
Region VII: Central Visayas,378,2021-09-15,664.2857142857143
Region VII: Central Visayas,807,2021-09-16,632.8571428571429
Region VII: Central Visayas,819,2021-09-17,638.2857142857143
Region VII: Central Visayas,707,2021-09-18,660.5714285714286
Region VII: Central Visayas,784,2021-09-19,635.2857142857143
Region VII: Central Visayas,587,2021-09-20,651.0
Region VII: Central Visayas,310,2021-09-21,627.4285714285714
Region VII: Central Visayas,352,2021-09-22,623.7142857142857
Region VII: Central Visayas,426,2021-09-23,569.2857142857143
Region VII: Central Visayas,802,2021-09-24,566.8571428571429
Region VII: Central Visayas,587,2021-09-25,549.7142857142857
Region VII: Central Visayas,648,2021-09-26,530.2857142857143
Region VII: Central Visayas,857,2021-09-27,568.8571428571429
Region VII: Central Visayas,295,2021-09-28,566.7142857142857
Region VII: Central Visayas,455,2021-09-29,581.4285714285714
Region VII: Central Visayas,659,2021-09-30,614.7142857142857
Region VII: Central Visayas,507,2021-10-01,572.5714285714286
Region VII: Central Visayas,509,2021-10-02,561.4285714285714
Region VII: Central Visayas,616,2021-10-03,556.8571428571429
Region VII: Central Visayas,324,2021-10-04,480.7142857142857
Region VII: Central Visayas,152,2021-10-05,460.2857142857143
Region VII: Central Visayas,319,2021-10-06,440.85714285714283
Region VII: Central Visayas,297,2021-10-07,389.14285714285717
Region VII: Central Visayas,452,2021-10-08,381.2857142857143
Region VII: Central Visayas,605,2021-10-09,395.0
Region VII: Central Visayas,471,2021-10-10,374.2857142857143
Region VII: Central Visayas,207,2021-10-11,357.57142857142856
Region VII: Central Visayas,532,2021-10-12,411.85714285714283
Region VII: Central Visayas,250,2021-10-13,402.0
Region VII: Central Visayas,155,2021-10-14,381.7142857142857
Region VII: Central Visayas,207,2021-10-15,346.7142857142857
Region VII: Central Visayas,365,2021-10-16,312.42857142857144
Region VII: Central Visayas,549,2021-10-17,323.57142857142856
Region VII: Central Visayas,185,2021-10-18,320.42857142857144
Region VII: Central Visayas,302,2021-10-19,287.57142857142856
Region VII: Central Visayas,98,2021-10-20,265.85714285714283
Region VII: Central Visayas,281,2021-10-21,283.85714285714283
Region VII: Central Visayas,440,2021-10-22,317.14285714285717
Region VII: Central Visayas,167,2021-10-23,288.85714285714283
Region VII: Central Visayas,248,2021-10-24,245.85714285714286
Region VII: Central Visayas,297,2021-10-25,261.85714285714283
Region VII: Central Visayas,125,2021-10-26,236.57142857142858
Region VII: Central Visayas,62,2021-10-27,231.42857142857142
Region VII: Central Visayas,299,2021-10-28,234.0
Region VII: Central Visayas,277,2021-10-29,210.71428571428572
Region VII: Central Visayas,201,2021-10-30,215.57142857142858
Region VII: Central Visayas,200,2021-10-31,208.71428571428572
Region VII: Central Visayas,184,2021-11-01,192.57142857142858
Region VII: Central Visayas,105,2021-11-02,189.71428571428572
Region VII: Central Visayas,44,2021-11-03,187.14285714285714
Region VII: Central Visayas,43,2021-11-04,150.57142857142858
Region VII: Central Visayas,208,2021-11-05,140.71428571428572
Region VII: Central Visayas,211,2021-11-06,142.14285714285714
Region VII: Central Visayas,158,2021-11-07,136.14285714285714
Region VII: Central Visayas,141,2021-11-08,130.0
Region VII: Central Visayas,33,2021-11-09,119.71428571428571
Region VII: Central Visayas,91,2021-11-10,126.42857142857143
Region VII: Central Visayas,181,2021-11-11,146.14285714285714
Region VII: Central Visayas,163,2021-11-12,139.71428571428572
Region VII: Central Visayas,122,2021-11-13,127.0
Region VII: Central Visayas,142,2021-11-14,124.71428571428571
Region VII: Central Visayas,104,2021-11-15,119.42857142857143
Region VII: Central Visayas,39,2021-11-16,120.28571428571429
Region VII: Central Visayas,29,2021-11-17,111.42857142857143
Region VII: Central Visayas,143,2021-11-18,106.0
Region VII: Central Visayas,109,2021-11-19,98.28571428571429
Region VII: Central Visayas,70,2021-11-20,90.85714285714286
Region VII: Central Visayas,82,2021-11-21,82.28571428571429
Region VII: Central Visayas,67,2021-11-22,77.0
Region VII: Central Visayas,31,2021-11-23,75.85714285714286
Region VII: Central Visayas,20,2021-11-24,74.57142857142857
Region VII: Central Visayas,87,2021-11-25,66.57142857142857
Region VII: Central Visayas,67,2021-11-26,60.57142857142857
Region VII: Central Visayas,58,2021-11-27,58.857142857142854
Region VII: Central Visayas,73,2021-11-28,57.57142857142857
Region VII: Central Visayas,33,2021-11-29,52.714285714285715
Region VII: Central Visayas,25,2021-11-30,51.857142857142854
Region VII: Central Visayas,21,2021-12-01,52.0
Region VII: Central Visayas,69,2021-12-02,49.42857142857143
Region VII: Central Visayas,17,2021-12-03,42.285714285714285
Region VII: Central Visayas,36,2021-12-04,39.142857142857146
Region VII: Central Visayas,40,2021-12-05,34.42857142857143
Region VII: Central Visayas,39,2021-12-06,35.285714285714285
Region VII: Central Visayas,17,2021-12-07,34.142857142857146
Region VII: Central Visayas,9,2021-12-08,32.42857142857143
Region VII: Central Visayas,59,2021-12-09,31.0
Region VII: Central Visayas,32,2021-12-10,33.142857142857146
Region VII: Central Visayas,11,2021-12-11,29.571428571428573
Region VII: Central Visayas,25,2021-12-12,27.428571428571427
Region VII: Central Visayas,18,2021-12-13,24.428571428571427
Region VII: Central Visayas,10,2021-12-14,23.428571428571427
Region VII: Central Visayas,16,2021-12-15,24.428571428571427
Region VII: Central Visayas,27,2021-12-16,19.857142857142858
Region VII: Central Visayas,29,2021-12-17,19.428571428571427
Region VII: Central Visayas,16,2021-12-18,20.142857142857142
Region VII: Central Visayas,14,2021-12-19,18.571428571428573
Region VII: Central Visayas,9,2021-12-20,17.285714285714285
Region VII: Central Visayas,6,2021-12-21,16.714285714285715
Region VII: Central Visayas,7,2021-12-22,15.428571428571429
Region VII: Central Visayas,14,2021-12-23,13.571428571428571
Region VII: Central Visayas,11,2021-12-24,11.0
Region VII: Central Visayas,5,2021-12-25,9.428571428571429
Region VII: Central Visayas,5,2021-12-26,8.142857142857142
Region VII: Central Visayas,4,2021-12-27,7.428571428571429
Region VII: Central Visayas,5,2021-12-28,7.285714285714286
Region VII: Central Visayas,4,2021-12-29,6.857142857142857
Region VII: Central Visayas,11,2021-12-30,6.428571428571429
Region VII: Central Visayas,22,2021-12-31,8.0
Region VII: Central Visayas,37,2022-01-01,12.571428571428571
Region VII: Central Visayas,50,2022-01-02,19.0
Region VII: Central Visayas,27,2022-01-03,22.285714285714285
Region VII: Central Visayas,29,2022-01-04,25.714285714285715
Region VII: Central Visayas,48,2022-01-05,32.0
Region VII: Central Visayas,96,2022-01-06,44.142857142857146
Region VII: Central Visayas,141,2022-01-07,61.142857142857146
Region VII: Central Visayas,209,2022-01-08,85.71428571428571
Region VII: Central Visayas,177,2022-01-09,103.85714285714286
Region VII: Central Visayas,217,2022-01-10,131.0
Region VII: Central Visayas,358,2022-01-11,178.0
Region VII: Central Visayas,311,2022-01-12,215.57142857142858
Region VII: Central Visayas,495,2022-01-13,272.57142857142856
Region VII: Central Visayas,652,2022-01-14,345.57142857142856
Region VII: Central Visayas,885,2022-01-15,442.14285714285717
Region VII: Central Visayas,823,2022-01-16,534.4285714285714
Region VII: Central Visayas,1190,2022-01-17,673.4285714285714
Region VII: Central Visayas,1049,2022-01-18,772.1428571428571
Region VII: Central Visayas,983,2022-01-19,868.1428571428571
Region VII: Central Visayas,1598,2022-01-20,1025.7142857142858
Region VII: Central Visayas,1805,2022-01-21,1190.4285714285713
Region VII: Central Visayas,2196,2022-01-22,1377.7142857142858
Region VII: Central Visayas,2402,2022-01-23,1603.2857142857142
Region VII: Central Visayas,2494,2022-01-24,1789.5714285714287
Region VII: Central Visayas,1249,2022-01-25,1818.142857142857
Region VII: Central Visayas,1484,2022-01-26,1889.7142857142858
Region VII: Central Visayas,1443,2022-01-27,1867.5714285714287
Region VII: Central Visayas,1863,2022-01-28,1875.857142857143
Region VII: Central Visayas,1342,2022-01-29,1753.857142857143
Region VII: Central Visayas,1158,2022-01-30,1576.142857142857
Region VII: Central Visayas,1009,2022-01-31,1364.0
Region VII: Central Visayas,789,2022-02-01,1298.2857142857142
Region VII: Central Visayas,301,2022-02-02,1129.2857142857142
Region VII: Central Visayas,802,2022-02-03,1037.7142857142858
Region VII: Central Visayas,476,2022-02-04,839.5714285714286
Region VII: Central Visayas,1108,2022-02-05,806.1428571428571
Region VII: Central Visayas,711,2022-02-06,742.2857142857143
Region VII: Central Visayas,643,2022-02-07,690.0
Region VII: Central Visayas,304,2022-02-08,620.7142857142857
Region VII: Central Visayas,251,2022-02-09,613.5714285714286
Region VII: Central Visayas,463,2022-02-10,565.1428571428571
Region VII: Central Visayas,338,2022-02-11,545.4285714285714
Region VII: Central Visayas,312,2022-02-12,431.7142857142857
Region VII: Central Visayas,303,2022-02-13,373.42857142857144
Region VII: Central Visayas,272,2022-02-14,320.42857142857144
Region VII: Central Visayas,178,2022-02-15,302.42857142857144
Region VII: Central Visayas,135,2022-02-16,285.85714285714283
Region VII: Central Visayas,211,2022-02-17,249.85714285714286
Region VII: Central Visayas,207,2022-02-18,231.14285714285714
Region VII: Central Visayas,167,2022-02-19,210.42857142857142
Region VII: Central Visayas,151,2022-02-20,188.71428571428572
Region VII: Central Visayas,124,2022-02-21,167.57142857142858
Region VII: Central Visayas,76,2022-02-22,153.0
Region VII: Central Visayas,97,2022-02-23,147.57142857142858
Region VII: Central Visayas,169,2022-02-24,141.57142857142858
Region VII: Central Visayas,142,2022-02-25,132.28571428571428
Region VII: Central Visayas,125,2022-02-26,126.28571428571429
Region VII: Central Visayas,61,2022-02-27,113.42857142857143
Region VII: Central Visayas,56,2022-02-28,103.71428571428571
Region VII: Central Visayas,97,2022-03-01,106.71428571428571
Region VII: Central Visayas,45,2022-03-02,99.28571428571429
Region VII: Central Visayas,108,2022-03-03,90.57142857142857
Region VII: Central Visayas,95,2022-03-04,83.85714285714286
Region VII: Central Visayas,80,2022-03-05,77.42857142857143
Region VII: Central Visayas,54,2022-03-06,76.42857142857143
Region VII: Central Visayas,74,2022-03-07,79.0
Region VII: Central Visayas,26,2022-03-08,68.85714285714286
Region VII: Central Visayas,33,2022-03-09,67.14285714285714
Region VII: Central Visayas,46,2022-03-10,58.285714285714285
Region VII: Central Visayas,42,2022-03-11,50.714285714285715
Region VII: Central Visayas,54,2022-03-12,47.0
Region VII: Central Visayas,41,2022-03-13,45.142857142857146
Region VII: Central Visayas,60,2022-03-14,43.142857142857146
Region VII: Central Visayas,25,2022-03-15,43.0
Region VII: Central Visayas,24,2022-03-16,41.714285714285715
Region VII: Central Visayas,38,2022-03-17,40.57142857142857
Region VII: Central Visayas,46,2022-03-18,41.142857142857146
Region VII: Central Visayas,38,2022-03-19,38.857142857142854
Region VII: Central Visayas,38,2022-03-20,38.42857142857143
Region VII: Central Visayas,33,2022-03-21,34.57142857142857
Region VII: Central Visayas,16,2022-03-22,33.285714285714285
Region VII: Central Visayas,24,2022-03-23,33.285714285714285
Region VII: Central Visayas,47,2022-03-24,34.57142857142857
Region VII: Central Visayas,31,2022-03-25,32.42857142857143
Region VII: Central Visayas,29,2022-03-26,31.142857142857142
Region VII: Central Visayas,27,2022-03-27,29.571428571428573
Region VII: Central Visayas,34,2022-03-28,29.714285714285715
Region VII: Central Visayas,8,2022-03-29,28.571428571428573
Region VII: Central Visayas,12,2022-03-30,26.857142857142858
Region VII: Central Visayas,23,2022-03-31,23.428571428571427
Region VII: Central Visayas,31,2022-04-01,23.428571428571427
Region VII: Central Visayas,19,2022-04-02,22.0
Region VII: Central Visayas,36,2022-04-03,23.285714285714285
Region VII: Central Visayas,25,2022-04-04,22.0
Region VII: Central Visayas,10,2022-04-05,22.285714285714285
Region VII: Central Visayas,8,2022-04-06,21.714285714285715
Region VII: Central Visayas,13,2022-04-07,20.285714285714285
Region VII: Central Visayas,19,2022-04-08,18.571428571428573
Region VII: Central Visayas,12,2022-04-09,17.571428571428573
Region VII: Central Visayas,12,2022-04-10,14.142857142857142
Region VII: Central Visayas,17,2022-04-11,13.0
Region VII: Central Visayas,8,2022-04-12,12.714285714285714
Region VII: Central Visayas,8,2022-04-13,12.714285714285714
Region VII: Central Visayas,12,2022-04-14,12.571428571428571
Region VII: Central Visayas,10,2022-04-15,11.285714285714286
Region VII: Central Visayas,12,2022-04-16,11.285714285714286
Region VII: Central Visayas,6,2022-04-17,10.428571428571429
Region VII: Central Visayas,3,2022-04-18,8.428571428571429
Region VII: Central Visayas,3,2022-04-19,7.714285714285714
Region VII: Central Visayas,17,2022-04-20,9.0
Region VII: Central Visayas,3,2022-04-21,7.714285714285714
Region VII: Central Visayas,3,2022-04-22,6.714285714285714
Region VII: Central Visayas,12,2022-04-23,6.714285714285714
Region VII: Central Visayas,7,2022-04-24,6.857142857142857
Region VII: Central Visayas,4,2022-04-25,7.0
Region VII: Central Visayas,7,2022-04-26,7.571428571428571
Region VII: Central Visayas,7,2022-04-27,6.142857142857143
Region VII: Central Visayas,12,2022-04-28,7.428571428571429
Region VII: Central Visayas,8,2022-04-29,8.142857142857142
Region VII: Central Visayas,8,2022-04-30,7.571428571428571
Region VII: Central Visayas,18,2022-05-01,9.142857142857142
Region VII: Central Visayas,5,2022-05-02,9.285714285714286
Region VII: Central Visayas,6,2022-05-03,9.142857142857142
Region VII: Central Visayas,1,2022-05-04,8.285714285714286
Region VII: Central Visayas,6,2022-05-05,7.428571428571429
Region VII: Central Visayas,5,2022-05-06,7.0
Region VII: Central Visayas,10,2022-05-07,7.285714285714286
Region VII: Central Visayas,10,2022-05-08,6.142857142857143
Region VII: Central Visayas,8,2022-05-09,6.571428571428571
Region VII: Central Visayas,10,2022-05-10,7.142857142857143
Region VII: Central Visayas,1,2022-05-11,7.142857142857143
Region VII: Central Visayas,4,2022-05-12,6.857142857142857
Region VII: Central Visayas,1,2022-05-13,6.285714285714286
Region VII: Central Visayas,3,2022-05-14,5.285714285714286
Region VII: Central Visayas,4,2022-05-15,4.428571428571429
Region VII: Central Visayas,10,2022-05-16,4.714285714285714
Region VII: Central Visayas,4,2022-05-17,3.857142857142857
Region VII: Central Visayas,3,2022-05-18,4.142857142857143
Region VII: Central Visayas,10,2022-05-19,5.0
Region VII: Central Visayas,8,2022-05-20,6.0
Region VII: Central Visayas,10,2022-05-21,7.0
Region VII: Central Visayas,8,2022-05-22,7.571428571428571
Region VII: Central Visayas,8,2022-05-23,7.285714285714286
Region VII: Central Visayas,0,2022-05-24,6.714285714285714
Region VII: Central Visayas,6,2022-05-25,7.142857142857143
Region VII: Central Visayas,11,2022-05-26,7.285714285714286
Region VII: Central Visayas,6,2022-05-27,7.0
Region VII: Central Visayas,8,2022-05-28,6.714285714285714
Region VII: Central Visayas,10,2022-05-29,7.0
Region VII: Central Visayas,8,2022-05-30,7.0
Region VII: Central Visayas,7,2022-05-31,8.0
Region VII: Central Visayas,1,2022-06-01,7.285714285714286
Region VII: Central Visayas,7,2022-06-02,6.714285714285714
Region VII: Central Visayas,9,2022-06-03,7.142857142857143
Region VII: Central Visayas,9,2022-06-04,7.285714285714286
Region VII: Central Visayas,4,2022-06-05,6.428571428571429
Region VII: Central Visayas,4,2022-06-06,5.857142857142857
Region VII: Central Visayas,7,2022-06-07,5.857142857142857
Region VII: Central Visayas,8,2022-06-08,6.857142857142857
Region VII: Central Visayas,10,2022-06-09,7.285714285714286
Region VII: Central Visayas,16,2022-06-10,8.285714285714286
Region VII: Central Visayas,10,2022-06-11,8.428571428571429
Region VII: Central Visayas,18,2022-06-12,10.428571428571429
Region VII: Central Visayas,13,2022-06-13,11.714285714285714
Region VII: Central Visayas,12,2022-06-14,12.428571428571429
Region VII: Central Visayas,11,2022-06-15,12.857142857142858
Region VII: Central Visayas,12,2022-06-16,13.142857142857142
Region VII: Central Visayas,26,2022-06-17,14.571428571428571
Region VII: Central Visayas,15,2022-06-18,15.285714285714286
