region,count,date,7DayMA
Region XII: SOCCSKSARGEN,1,2020-03-25,
Region XII: SOCCSKSARGEN,0,2020-03-26,
Region XII: SOCCSKSARGEN,0,2020-03-27,
Region XII: SOCCSKSARGEN,0,2020-03-28,
Region XII: SOCCSKSARGEN,1,2020-03-29,
Region XII: SOCCSKSARGEN,0,2020-03-30,
Region XII: SOCCSKSARGEN,0,2020-03-31,0.2857142857142857
Region XII: SOCCSKSARGEN,2,2020-04-01,0.42857142857142855
Region XII: SOCCSKSARGEN,0,2020-04-02,0.42857142857142855
Region XII: SOCCSKSARGEN,0,2020-04-03,0.42857142857142855
Region XII: SOCCSKSARGEN,0,2020-04-04,0.42857142857142855
Region XII: SOCCSKSARGEN,0,2020-04-05,0.2857142857142857
Region XII: SOCCSKSARGEN,3,2020-04-06,0.7142857142857143
Region XII: SOCCSKSARGEN,2,2020-04-07,1.0
Region XII: SOCCSKSARGEN,1,2020-04-08,0.8571428571428571
Region XII: SOCCSKSARGEN,0,2020-04-09,0.8571428571428571
Region XII: SOCCSKSARGEN,0,2020-04-10,0.8571428571428571
Region XII: SOCCSKSARGEN,0,2020-04-11,0.8571428571428571
Region XII: SOCCSKSARGEN,0,2020-04-12,0.8571428571428571
Region XII: SOCCSKSARGEN,0,2020-04-13,0.42857142857142855
Region XII: SOCCSKSARGEN,0,2020-04-14,0.14285714285714285
Region XII: SOCCSKSARGEN,0,2020-04-15,0.0
Region XII: SOCCSKSARGEN,0,2020-04-16,0.0
Region XII: SOCCSKSARGEN,0,2020-04-17,0.0
Region XII: SOCCSKSARGEN,0,2020-04-18,0.0
Region XII: SOCCSKSARGEN,0,2020-04-19,0.0
Region XII: SOCCSKSARGEN,0,2020-04-20,0.0
Region XII: SOCCSKSARGEN,0,2020-04-21,0.0
Region XII: SOCCSKSARGEN,0,2020-04-22,0.0
Region XII: SOCCSKSARGEN,0,2020-04-23,0.0
Region XII: SOCCSKSARGEN,0,2020-04-24,0.0
Region XII: SOCCSKSARGEN,0,2020-04-25,0.0
Region XII: SOCCSKSARGEN,0,2020-04-26,0.0
Region XII: SOCCSKSARGEN,0,2020-04-27,0.0
Region XII: SOCCSKSARGEN,0,2020-04-28,0.0
Region XII: SOCCSKSARGEN,0,2020-04-29,0.0
Region XII: SOCCSKSARGEN,0,2020-04-30,0.0
Region XII: SOCCSKSARGEN,0,2020-05-01,0.0
Region XII: SOCCSKSARGEN,0,2020-05-02,0.0
Region XII: SOCCSKSARGEN,0,2020-05-03,0.0
Region XII: SOCCSKSARGEN,0,2020-05-04,0.0
Region XII: SOCCSKSARGEN,0,2020-05-05,0.0
Region XII: SOCCSKSARGEN,0,2020-05-06,0.0
Region XII: SOCCSKSARGEN,0,2020-05-07,0.0
Region XII: SOCCSKSARGEN,0,2020-05-08,0.0
Region XII: SOCCSKSARGEN,0,2020-05-09,0.0
Region XII: SOCCSKSARGEN,0,2020-05-10,0.0
Region XII: SOCCSKSARGEN,0,2020-05-11,0.0
Region XII: SOCCSKSARGEN,0,2020-05-12,0.0
Region XII: SOCCSKSARGEN,0,2020-05-13,0.0
Region XII: SOCCSKSARGEN,0,2020-05-14,0.0
Region XII: SOCCSKSARGEN,0,2020-05-15,0.0
Region XII: SOCCSKSARGEN,1,2020-05-16,0.14285714285714285
Region XII: SOCCSKSARGEN,0,2020-05-17,0.14285714285714285
Region XII: SOCCSKSARGEN,0,2020-05-18,0.14285714285714285
Region XII: SOCCSKSARGEN,4,2020-05-19,0.7142857142857143
Region XII: SOCCSKSARGEN,0,2020-05-20,0.7142857142857143
Region XII: SOCCSKSARGEN,0,2020-05-21,0.7142857142857143
Region XII: SOCCSKSARGEN,0,2020-05-22,0.7142857142857143
Region XII: SOCCSKSARGEN,0,2020-05-23,0.5714285714285714
Region XII: SOCCSKSARGEN,0,2020-05-24,0.5714285714285714
Region XII: SOCCSKSARGEN,0,2020-05-25,0.5714285714285714
Region XII: SOCCSKSARGEN,0,2020-05-26,0.0
Region XII: SOCCSKSARGEN,0,2020-05-27,0.0
Region XII: SOCCSKSARGEN,0,2020-05-28,0.0
Region XII: SOCCSKSARGEN,0,2020-05-29,0.0
Region XII: SOCCSKSARGEN,0,2020-05-30,0.0
Region XII: SOCCSKSARGEN,0,2020-05-31,0.0
Region XII: SOCCSKSARGEN,0,2020-06-01,0.0
Region XII: SOCCSKSARGEN,0,2020-06-02,0.0
Region XII: SOCCSKSARGEN,0,2020-06-03,0.0
Region XII: SOCCSKSARGEN,2,2020-06-04,0.2857142857142857
Region XII: SOCCSKSARGEN,0,2020-06-05,0.2857142857142857
Region XII: SOCCSKSARGEN,0,2020-06-06,0.2857142857142857
Region XII: SOCCSKSARGEN,1,2020-06-07,0.42857142857142855
Region XII: SOCCSKSARGEN,0,2020-06-08,0.42857142857142855
Region XII: SOCCSKSARGEN,0,2020-06-09,0.42857142857142855
Region XII: SOCCSKSARGEN,2,2020-06-10,0.7142857142857143
Region XII: SOCCSKSARGEN,0,2020-06-11,0.42857142857142855
Region XII: SOCCSKSARGEN,0,2020-06-12,0.42857142857142855
Region XII: SOCCSKSARGEN,0,2020-06-13,0.42857142857142855
Region XII: SOCCSKSARGEN,0,2020-06-14,0.2857142857142857
Region XII: SOCCSKSARGEN,3,2020-06-15,0.7142857142857143
Region XII: SOCCSKSARGEN,0,2020-06-16,0.7142857142857143
Region XII: SOCCSKSARGEN,2,2020-06-17,0.7142857142857143
Region XII: SOCCSKSARGEN,1,2020-06-18,0.8571428571428571
Region XII: SOCCSKSARGEN,3,2020-06-19,1.2857142857142858
Region XII: SOCCSKSARGEN,0,2020-06-20,1.2857142857142858
Region XII: SOCCSKSARGEN,1,2020-06-21,1.4285714285714286
Region XII: SOCCSKSARGEN,1,2020-06-22,1.1428571428571428
Region XII: SOCCSKSARGEN,4,2020-06-23,1.7142857142857142
Region XII: SOCCSKSARGEN,0,2020-06-24,1.4285714285714286
Region XII: SOCCSKSARGEN,1,2020-06-25,1.4285714285714286
Region XII: SOCCSKSARGEN,1,2020-06-26,1.1428571428571428
Region XII: SOCCSKSARGEN,1,2020-06-27,1.2857142857142858
Region XII: SOCCSKSARGEN,2,2020-06-28,1.4285714285714286
Region XII: SOCCSKSARGEN,1,2020-06-29,1.4285714285714286
Region XII: SOCCSKSARGEN,3,2020-06-30,1.2857142857142858
Region XII: SOCCSKSARGEN,0,2020-07-01,1.2857142857142858
Region XII: SOCCSKSARGEN,1,2020-07-02,1.2857142857142858
Region XII: SOCCSKSARGEN,1,2020-07-03,1.2857142857142858
Region XII: SOCCSKSARGEN,5,2020-07-04,1.8571428571428572
Region XII: SOCCSKSARGEN,3,2020-07-05,2.0
Region XII: SOCCSKSARGEN,1,2020-07-06,2.0
Region XII: SOCCSKSARGEN,6,2020-07-07,2.4285714285714284
Region XII: SOCCSKSARGEN,6,2020-07-08,3.2857142857142856
Region XII: SOCCSKSARGEN,4,2020-07-09,3.7142857142857144
Region XII: SOCCSKSARGEN,2,2020-07-10,3.857142857142857
Region XII: SOCCSKSARGEN,6,2020-07-11,4.0
Region XII: SOCCSKSARGEN,8,2020-07-12,4.714285714285714
Region XII: SOCCSKSARGEN,2,2020-07-13,4.857142857142857
Region XII: SOCCSKSARGEN,1,2020-07-14,4.142857142857143
Region XII: SOCCSKSARGEN,2,2020-07-15,3.5714285714285716
Region XII: SOCCSKSARGEN,11,2020-07-16,4.571428571428571
Region XII: SOCCSKSARGEN,11,2020-07-17,5.857142857142857
Region XII: SOCCSKSARGEN,7,2020-07-18,6.0
Region XII: SOCCSKSARGEN,17,2020-07-19,7.285714285714286
Region XII: SOCCSKSARGEN,3,2020-07-20,7.428571428571429
Region XII: SOCCSKSARGEN,2,2020-07-21,7.571428571428571
Region XII: SOCCSKSARGEN,14,2020-07-22,9.285714285714286
Region XII: SOCCSKSARGEN,16,2020-07-23,10.0
Region XII: SOCCSKSARGEN,5,2020-07-24,9.142857142857142
Region XII: SOCCSKSARGEN,8,2020-07-25,9.285714285714286
Region XII: SOCCSKSARGEN,0,2020-07-26,6.857142857142857
Region XII: SOCCSKSARGEN,3,2020-07-27,6.857142857142857
Region XII: SOCCSKSARGEN,2,2020-07-28,6.857142857142857
Region XII: SOCCSKSARGEN,10,2020-07-29,6.285714285714286
Region XII: SOCCSKSARGEN,20,2020-07-30,6.857142857142857
Region XII: SOCCSKSARGEN,15,2020-07-31,8.285714285714286
Region XII: SOCCSKSARGEN,22,2020-08-01,10.285714285714286
Region XII: SOCCSKSARGEN,10,2020-08-02,11.714285714285714
Region XII: SOCCSKSARGEN,18,2020-08-03,13.857142857142858
Region XII: SOCCSKSARGEN,17,2020-08-04,16.0
Region XII: SOCCSKSARGEN,12,2020-08-05,16.285714285714285
Region XII: SOCCSKSARGEN,12,2020-08-06,15.142857142857142
Region XII: SOCCSKSARGEN,8,2020-08-07,14.142857142857142
Region XII: SOCCSKSARGEN,7,2020-08-08,12.0
Region XII: SOCCSKSARGEN,30,2020-08-09,14.857142857142858
Region XII: SOCCSKSARGEN,13,2020-08-10,14.142857142857142
Region XII: SOCCSKSARGEN,5,2020-08-11,12.428571428571429
Region XII: SOCCSKSARGEN,7,2020-08-12,11.714285714285714
Region XII: SOCCSKSARGEN,6,2020-08-13,10.857142857142858
Region XII: SOCCSKSARGEN,14,2020-08-14,11.714285714285714
Region XII: SOCCSKSARGEN,3,2020-08-15,11.142857142857142
Region XII: SOCCSKSARGEN,6,2020-08-16,7.714285714285714
Region XII: SOCCSKSARGEN,3,2020-08-17,6.285714285714286
Region XII: SOCCSKSARGEN,9,2020-08-18,6.857142857142857
Region XII: SOCCSKSARGEN,10,2020-08-19,7.285714285714286
Region XII: SOCCSKSARGEN,7,2020-08-20,7.428571428571429
Region XII: SOCCSKSARGEN,11,2020-08-21,7.0
Region XII: SOCCSKSARGEN,9,2020-08-22,7.857142857142857
Region XII: SOCCSKSARGEN,0,2020-08-23,7.0
Region XII: SOCCSKSARGEN,7,2020-08-24,7.571428571428571
Region XII: SOCCSKSARGEN,6,2020-08-25,7.142857142857143
Region XII: SOCCSKSARGEN,18,2020-08-26,8.285714285714286
Region XII: SOCCSKSARGEN,11,2020-08-27,8.857142857142858
Region XII: SOCCSKSARGEN,4,2020-08-28,7.857142857142857
Region XII: SOCCSKSARGEN,9,2020-08-29,7.857142857142857
Region XII: SOCCSKSARGEN,8,2020-08-30,9.0
Region XII: SOCCSKSARGEN,15,2020-08-31,10.142857142857142
Region XII: SOCCSKSARGEN,10,2020-09-01,10.714285714285714
Region XII: SOCCSKSARGEN,4,2020-09-02,8.714285714285714
Region XII: SOCCSKSARGEN,15,2020-09-03,9.285714285714286
Region XII: SOCCSKSARGEN,20,2020-09-04,11.571428571428571
Region XII: SOCCSKSARGEN,24,2020-09-05,13.714285714285714
Region XII: SOCCSKSARGEN,37,2020-09-06,17.857142857142858
Region XII: SOCCSKSARGEN,14,2020-09-07,17.714285714285715
Region XII: SOCCSKSARGEN,22,2020-09-08,19.428571428571427
Region XII: SOCCSKSARGEN,29,2020-09-09,23.0
Region XII: SOCCSKSARGEN,44,2020-09-10,27.142857142857142
Region XII: SOCCSKSARGEN,47,2020-09-11,31.0
Region XII: SOCCSKSARGEN,22,2020-09-12,30.714285714285715
Region XII: SOCCSKSARGEN,47,2020-09-13,32.142857142857146
Region XII: SOCCSKSARGEN,24,2020-09-14,33.57142857142857
Region XII: SOCCSKSARGEN,11,2020-09-15,32.0
Region XII: SOCCSKSARGEN,25,2020-09-16,31.428571428571427
Region XII: SOCCSKSARGEN,28,2020-09-17,29.142857142857142
Region XII: SOCCSKSARGEN,33,2020-09-18,27.142857142857142
Region XII: SOCCSKSARGEN,25,2020-09-19,27.571428571428573
Region XII: SOCCSKSARGEN,11,2020-09-20,22.428571428571427
Region XII: SOCCSKSARGEN,44,2020-09-21,25.285714285714285
Region XII: SOCCSKSARGEN,5,2020-09-22,24.428571428571427
Region XII: SOCCSKSARGEN,23,2020-09-23,24.142857142857142
Region XII: SOCCSKSARGEN,20,2020-09-24,23.0
Region XII: SOCCSKSARGEN,15,2020-09-25,20.428571428571427
Region XII: SOCCSKSARGEN,54,2020-09-26,24.571428571428573
Region XII: SOCCSKSARGEN,42,2020-09-27,29.0
Region XII: SOCCSKSARGEN,23,2020-09-28,26.0
Region XII: SOCCSKSARGEN,7,2020-09-29,26.285714285714285
Region XII: SOCCSKSARGEN,30,2020-09-30,27.285714285714285
Region XII: SOCCSKSARGEN,31,2020-10-01,28.857142857142858
Region XII: SOCCSKSARGEN,28,2020-10-02,30.714285714285715
Region XII: SOCCSKSARGEN,34,2020-10-03,27.857142857142858
Region XII: SOCCSKSARGEN,41,2020-10-04,27.714285714285715
Region XII: SOCCSKSARGEN,16,2020-10-05,26.714285714285715
Region XII: SOCCSKSARGEN,13,2020-10-06,27.571428571428573
Region XII: SOCCSKSARGEN,31,2020-10-07,27.714285714285715
Region XII: SOCCSKSARGEN,22,2020-10-08,26.428571428571427
Region XII: SOCCSKSARGEN,53,2020-10-09,30.0
Region XII: SOCCSKSARGEN,24,2020-10-10,28.571428571428573
Region XII: SOCCSKSARGEN,29,2020-10-11,26.857142857142858
Region XII: SOCCSKSARGEN,23,2020-10-12,27.857142857142858
Region XII: SOCCSKSARGEN,5,2020-10-13,26.714285714285715
Region XII: SOCCSKSARGEN,35,2020-10-14,27.285714285714285
Region XII: SOCCSKSARGEN,42,2020-10-15,30.142857142857142
Region XII: SOCCSKSARGEN,46,2020-10-16,29.142857142857142
Region XII: SOCCSKSARGEN,24,2020-10-17,29.142857142857142
Region XII: SOCCSKSARGEN,44,2020-10-18,31.285714285714285
Region XII: SOCCSKSARGEN,27,2020-10-19,31.857142857142858
Region XII: SOCCSKSARGEN,10,2020-10-20,32.57142857142857
Region XII: SOCCSKSARGEN,45,2020-10-21,34.0
Region XII: SOCCSKSARGEN,50,2020-10-22,35.142857142857146
Region XII: SOCCSKSARGEN,51,2020-10-23,35.857142857142854
Region XII: SOCCSKSARGEN,34,2020-10-24,37.285714285714285
Region XII: SOCCSKSARGEN,58,2020-10-25,39.285714285714285
Region XII: SOCCSKSARGEN,19,2020-10-26,38.142857142857146
Region XII: SOCCSKSARGEN,28,2020-10-27,40.714285714285715
Region XII: SOCCSKSARGEN,64,2020-10-28,43.42857142857143
Region XII: SOCCSKSARGEN,18,2020-10-29,38.857142857142854
Region XII: SOCCSKSARGEN,43,2020-10-30,37.714285714285715
Region XII: SOCCSKSARGEN,41,2020-10-31,38.714285714285715
Region XII: SOCCSKSARGEN,53,2020-11-01,38.0
Region XII: SOCCSKSARGEN,22,2020-11-02,38.42857142857143
Region XII: SOCCSKSARGEN,36,2020-11-03,39.57142857142857
Region XII: SOCCSKSARGEN,36,2020-11-04,35.57142857142857
Region XII: SOCCSKSARGEN,26,2020-11-05,36.714285714285715
Region XII: SOCCSKSARGEN,26,2020-11-06,34.285714285714285
Region XII: SOCCSKSARGEN,50,2020-11-07,35.57142857142857
Region XII: SOCCSKSARGEN,69,2020-11-08,37.857142857142854
Region XII: SOCCSKSARGEN,24,2020-11-09,38.142857142857146
Region XII: SOCCSKSARGEN,13,2020-11-10,34.857142857142854
Region XII: SOCCSKSARGEN,45,2020-11-11,36.142857142857146
Region XII: SOCCSKSARGEN,27,2020-11-12,36.285714285714285
Region XII: SOCCSKSARGEN,34,2020-11-13,37.42857142857143
Region XII: SOCCSKSARGEN,31,2020-11-14,34.714285714285715
Region XII: SOCCSKSARGEN,64,2020-11-15,34.0
Region XII: SOCCSKSARGEN,18,2020-11-16,33.142857142857146
Region XII: SOCCSKSARGEN,16,2020-11-17,33.57142857142857
Region XII: SOCCSKSARGEN,39,2020-11-18,32.714285714285715
Region XII: SOCCSKSARGEN,25,2020-11-19,32.42857142857143
Region XII: SOCCSKSARGEN,34,2020-11-20,32.42857142857143
Region XII: SOCCSKSARGEN,33,2020-11-21,32.714285714285715
Region XII: SOCCSKSARGEN,31,2020-11-22,28.0
Region XII: SOCCSKSARGEN,13,2020-11-23,27.285714285714285
Region XII: SOCCSKSARGEN,3,2020-11-24,25.428571428571427
Region XII: SOCCSKSARGEN,14,2020-11-25,21.857142857142858
Region XII: SOCCSKSARGEN,12,2020-11-26,20.0
Region XII: SOCCSKSARGEN,53,2020-11-27,22.714285714285715
Region XII: SOCCSKSARGEN,51,2020-11-28,25.285714285714285
Region XII: SOCCSKSARGEN,27,2020-11-29,24.714285714285715
Region XII: SOCCSKSARGEN,13,2020-11-30,24.714285714285715
Region XII: SOCCSKSARGEN,10,2020-12-01,25.714285714285715
Region XII: SOCCSKSARGEN,24,2020-12-02,27.142857142857142
Region XII: SOCCSKSARGEN,17,2020-12-03,27.857142857142858
Region XII: SOCCSKSARGEN,20,2020-12-04,23.142857142857142
Region XII: SOCCSKSARGEN,27,2020-12-05,19.714285714285715
Region XII: SOCCSKSARGEN,20,2020-12-06,18.714285714285715
Region XII: SOCCSKSARGEN,10,2020-12-07,18.285714285714285
Region XII: SOCCSKSARGEN,23,2020-12-08,20.142857142857142
Region XII: SOCCSKSARGEN,15,2020-12-09,18.857142857142858
Region XII: SOCCSKSARGEN,19,2020-12-10,19.142857142857142
Region XII: SOCCSKSARGEN,21,2020-12-11,19.285714285714285
Region XII: SOCCSKSARGEN,12,2020-12-12,17.142857142857142
Region XII: SOCCSKSARGEN,10,2020-12-13,15.714285714285714
Region XII: SOCCSKSARGEN,6,2020-12-14,15.142857142857142
Region XII: SOCCSKSARGEN,7,2020-12-15,12.857142857142858
Region XII: SOCCSKSARGEN,26,2020-12-16,14.428571428571429
Region XII: SOCCSKSARGEN,43,2020-12-17,17.857142857142858
Region XII: SOCCSKSARGEN,50,2020-12-18,22.0
Region XII: SOCCSKSARGEN,16,2020-12-19,22.571428571428573
Region XII: SOCCSKSARGEN,20,2020-12-20,24.0
Region XII: SOCCSKSARGEN,18,2020-12-21,25.714285714285715
Region XII: SOCCSKSARGEN,11,2020-12-22,26.285714285714285
Region XII: SOCCSKSARGEN,15,2020-12-23,24.714285714285715
Region XII: SOCCSKSARGEN,28,2020-12-24,22.571428571428573
Region XII: SOCCSKSARGEN,29,2020-12-25,19.571428571428573
Region XII: SOCCSKSARGEN,35,2020-12-26,22.285714285714285
Region XII: SOCCSKSARGEN,9,2020-12-27,20.714285714285715
Region XII: SOCCSKSARGEN,10,2020-12-28,19.571428571428573
Region XII: SOCCSKSARGEN,14,2020-12-29,20.0
Region XII: SOCCSKSARGEN,31,2020-12-30,22.285714285714285
Region XII: SOCCSKSARGEN,60,2020-12-31,26.857142857142858
Region XII: SOCCSKSARGEN,36,2021-01-01,27.857142857142858
Region XII: SOCCSKSARGEN,39,2021-01-02,28.428571428571427
Region XII: SOCCSKSARGEN,20,2021-01-03,30.0
Region XII: SOCCSKSARGEN,5,2021-01-04,29.285714285714285
Region XII: SOCCSKSARGEN,20,2021-01-05,30.142857142857142
Region XII: SOCCSKSARGEN,16,2021-01-06,28.0
Region XII: SOCCSKSARGEN,25,2021-01-07,23.0
Region XII: SOCCSKSARGEN,36,2021-01-08,23.0
Region XII: SOCCSKSARGEN,52,2021-01-09,24.857142857142858
Region XII: SOCCSKSARGEN,31,2021-01-10,26.428571428571427
Region XII: SOCCSKSARGEN,59,2021-01-11,34.142857142857146
Region XII: SOCCSKSARGEN,39,2021-01-12,36.857142857142854
Region XII: SOCCSKSARGEN,17,2021-01-13,37.0
Region XII: SOCCSKSARGEN,43,2021-01-14,39.57142857142857
Region XII: SOCCSKSARGEN,35,2021-01-15,39.42857142857143
Region XII: SOCCSKSARGEN,61,2021-01-16,40.714285714285715
Region XII: SOCCSKSARGEN,40,2021-01-17,42.0
Region XII: SOCCSKSARGEN,41,2021-01-18,39.42857142857143
Region XII: SOCCSKSARGEN,20,2021-01-19,36.714285714285715
Region XII: SOCCSKSARGEN,6,2021-01-20,35.142857142857146
Region XII: SOCCSKSARGEN,47,2021-01-21,35.714285714285715
Region XII: SOCCSKSARGEN,30,2021-01-22,35.0
Region XII: SOCCSKSARGEN,74,2021-01-23,36.857142857142854
Region XII: SOCCSKSARGEN,33,2021-01-24,35.857142857142854
Region XII: SOCCSKSARGEN,50,2021-01-25,37.142857142857146
Region XII: SOCCSKSARGEN,22,2021-01-26,37.42857142857143
Region XII: SOCCSKSARGEN,22,2021-01-27,39.714285714285715
Region XII: SOCCSKSARGEN,34,2021-01-28,37.857142857142854
Region XII: SOCCSKSARGEN,45,2021-01-29,40.0
Region XII: SOCCSKSARGEN,72,2021-01-30,39.714285714285715
Region XII: SOCCSKSARGEN,29,2021-01-31,39.142857142857146
Region XII: SOCCSKSARGEN,68,2021-02-01,41.714285714285715
Region XII: SOCCSKSARGEN,20,2021-02-02,41.42857142857143
Region XII: SOCCSKSARGEN,15,2021-02-03,40.42857142857143
Region XII: SOCCSKSARGEN,38,2021-02-04,41.0
Region XII: SOCCSKSARGEN,19,2021-02-05,37.285714285714285
Region XII: SOCCSKSARGEN,53,2021-02-06,34.57142857142857
Region XII: SOCCSKSARGEN,34,2021-02-07,35.285714285714285
Region XII: SOCCSKSARGEN,48,2021-02-08,32.42857142857143
Region XII: SOCCSKSARGEN,56,2021-02-09,37.57142857142857
Region XII: SOCCSKSARGEN,24,2021-02-10,38.857142857142854
Region XII: SOCCSKSARGEN,32,2021-02-11,38.0
Region XII: SOCCSKSARGEN,15,2021-02-12,37.42857142857143
Region XII: SOCCSKSARGEN,81,2021-02-13,41.42857142857143
Region XII: SOCCSKSARGEN,37,2021-02-14,41.857142857142854
Region XII: SOCCSKSARGEN,27,2021-02-15,38.857142857142854
Region XII: SOCCSKSARGEN,10,2021-02-16,32.285714285714285
Region XII: SOCCSKSARGEN,15,2021-02-17,31.0
Region XII: SOCCSKSARGEN,33,2021-02-18,31.142857142857142
Region XII: SOCCSKSARGEN,31,2021-02-19,33.42857142857143
Region XII: SOCCSKSARGEN,53,2021-02-20,29.428571428571427
Region XII: SOCCSKSARGEN,25,2021-02-21,27.714285714285715
Region XII: SOCCSKSARGEN,50,2021-02-22,31.0
Region XII: SOCCSKSARGEN,19,2021-02-23,32.285714285714285
Region XII: SOCCSKSARGEN,8,2021-02-24,31.285714285714285
Region XII: SOCCSKSARGEN,55,2021-02-25,34.42857142857143
Region XII: SOCCSKSARGEN,29,2021-02-26,34.142857142857146
Region XII: SOCCSKSARGEN,30,2021-02-27,30.857142857142858
Region XII: SOCCSKSARGEN,52,2021-02-28,34.714285714285715
Region XII: SOCCSKSARGEN,25,2021-03-01,31.142857142857142
Region XII: SOCCSKSARGEN,23,2021-03-02,31.714285714285715
Region XII: SOCCSKSARGEN,23,2021-03-03,33.857142857142854
Region XII: SOCCSKSARGEN,20,2021-03-04,28.857142857142858
Region XII: SOCCSKSARGEN,25,2021-03-05,28.285714285714285
Region XII: SOCCSKSARGEN,30,2021-03-06,28.285714285714285
Region XII: SOCCSKSARGEN,28,2021-03-07,24.857142857142858
Region XII: SOCCSKSARGEN,44,2021-03-08,27.571428571428573
Region XII: SOCCSKSARGEN,19,2021-03-09,27.0
Region XII: SOCCSKSARGEN,5,2021-03-10,24.428571428571427
Region XII: SOCCSKSARGEN,21,2021-03-11,24.571428571428573
Region XII: SOCCSKSARGEN,16,2021-03-12,23.285714285714285
Region XII: SOCCSKSARGEN,17,2021-03-13,21.428571428571427
Region XII: SOCCSKSARGEN,14,2021-03-14,19.428571428571427
Region XII: SOCCSKSARGEN,43,2021-03-15,19.285714285714285
Region XII: SOCCSKSARGEN,20,2021-03-16,19.428571428571427
Region XII: SOCCSKSARGEN,10,2021-03-17,20.142857142857142
Region XII: SOCCSKSARGEN,30,2021-03-18,21.428571428571427
Region XII: SOCCSKSARGEN,24,2021-03-19,22.571428571428573
Region XII: SOCCSKSARGEN,60,2021-03-20,28.714285714285715
Region XII: SOCCSKSARGEN,28,2021-03-21,30.714285714285715
Region XII: SOCCSKSARGEN,45,2021-03-22,31.0
Region XII: SOCCSKSARGEN,22,2021-03-23,31.285714285714285
Region XII: SOCCSKSARGEN,13,2021-03-24,31.714285714285715
Region XII: SOCCSKSARGEN,38,2021-03-25,32.857142857142854
Region XII: SOCCSKSARGEN,34,2021-03-26,34.285714285714285
Region XII: SOCCSKSARGEN,41,2021-03-27,31.571428571428573
Region XII: SOCCSKSARGEN,30,2021-03-28,31.857142857142858
Region XII: SOCCSKSARGEN,37,2021-03-29,30.714285714285715
Region XII: SOCCSKSARGEN,26,2021-03-30,31.285714285714285
Region XII: SOCCSKSARGEN,7,2021-03-31,30.428571428571427
Region XII: SOCCSKSARGEN,55,2021-04-01,32.857142857142854
Region XII: SOCCSKSARGEN,48,2021-04-02,34.857142857142854
Region XII: SOCCSKSARGEN,68,2021-04-03,38.714285714285715
Region XII: SOCCSKSARGEN,33,2021-04-04,39.142857142857146
Region XII: SOCCSKSARGEN,18,2021-04-05,36.42857142857143
Region XII: SOCCSKSARGEN,15,2021-04-06,34.857142857142854
Region XII: SOCCSKSARGEN,13,2021-04-07,35.714285714285715
Region XII: SOCCSKSARGEN,35,2021-04-08,32.857142857142854
Region XII: SOCCSKSARGEN,45,2021-04-09,32.42857142857143
Region XII: SOCCSKSARGEN,50,2021-04-10,29.857142857142858
Region XII: SOCCSKSARGEN,58,2021-04-11,33.42857142857143
Region XII: SOCCSKSARGEN,59,2021-04-12,39.285714285714285
Region XII: SOCCSKSARGEN,46,2021-04-13,43.714285714285715
Region XII: SOCCSKSARGEN,25,2021-04-14,45.42857142857143
Region XII: SOCCSKSARGEN,56,2021-04-15,48.42857142857143
Region XII: SOCCSKSARGEN,63,2021-04-16,51.0
Region XII: SOCCSKSARGEN,61,2021-04-17,52.57142857142857
Region XII: SOCCSKSARGEN,51,2021-04-18,51.57142857142857
Region XII: SOCCSKSARGEN,48,2021-04-19,50.0
Region XII: SOCCSKSARGEN,50,2021-04-20,50.57142857142857
Region XII: SOCCSKSARGEN,33,2021-04-21,51.714285714285715
Region XII: SOCCSKSARGEN,51,2021-04-22,51.0
Region XII: SOCCSKSARGEN,72,2021-04-23,52.285714285714285
Region XII: SOCCSKSARGEN,47,2021-04-24,50.285714285714285
Region XII: SOCCSKSARGEN,90,2021-04-25,55.857142857142854
Region XII: SOCCSKSARGEN,44,2021-04-26,55.285714285714285
Region XII: SOCCSKSARGEN,87,2021-04-27,60.57142857142857
Region XII: SOCCSKSARGEN,37,2021-04-28,61.142857142857146
Region XII: SOCCSKSARGEN,72,2021-04-29,64.14285714285714
Region XII: SOCCSKSARGEN,73,2021-04-30,64.28571428571429
Region XII: SOCCSKSARGEN,99,2021-05-01,71.71428571428571
Region XII: SOCCSKSARGEN,89,2021-05-02,71.57142857142857
Region XII: SOCCSKSARGEN,73,2021-05-03,75.71428571428571
Region XII: SOCCSKSARGEN,128,2021-05-04,81.57142857142857
Region XII: SOCCSKSARGEN,90,2021-05-05,89.14285714285714
Region XII: SOCCSKSARGEN,64,2021-05-06,88.0
Region XII: SOCCSKSARGEN,103,2021-05-07,92.28571428571429
Region XII: SOCCSKSARGEN,120,2021-05-08,95.28571428571429
Region XII: SOCCSKSARGEN,203,2021-05-09,111.57142857142857
Region XII: SOCCSKSARGEN,133,2021-05-10,120.14285714285714
Region XII: SOCCSKSARGEN,75,2021-05-11,112.57142857142857
Region XII: SOCCSKSARGEN,160,2021-05-12,122.57142857142857
Region XII: SOCCSKSARGEN,151,2021-05-13,135.0
Region XII: SOCCSKSARGEN,138,2021-05-14,140.0
Region XII: SOCCSKSARGEN,90,2021-05-15,135.71428571428572
Region XII: SOCCSKSARGEN,74,2021-05-16,117.28571428571429
Region XII: SOCCSKSARGEN,173,2021-05-17,123.0
Region XII: SOCCSKSARGEN,208,2021-05-18,142.0
Region XII: SOCCSKSARGEN,154,2021-05-19,141.14285714285714
Region XII: SOCCSKSARGEN,181,2021-05-20,145.42857142857142
Region XII: SOCCSKSARGEN,103,2021-05-21,140.42857142857142
Region XII: SOCCSKSARGEN,293,2021-05-22,169.42857142857142
Region XII: SOCCSKSARGEN,115,2021-05-23,175.28571428571428
Region XII: SOCCSKSARGEN,160,2021-05-24,173.42857142857142
Region XII: SOCCSKSARGEN,185,2021-05-25,170.14285714285714
Region XII: SOCCSKSARGEN,72,2021-05-26,158.42857142857142
Region XII: SOCCSKSARGEN,269,2021-05-27,171.0
Region XII: SOCCSKSARGEN,288,2021-05-28,197.42857142857142
Region XII: SOCCSKSARGEN,201,2021-05-29,184.28571428571428
Region XII: SOCCSKSARGEN,277,2021-05-30,207.42857142857142
Region XII: SOCCSKSARGEN,375,2021-05-31,238.14285714285714
Region XII: SOCCSKSARGEN,369,2021-06-01,264.42857142857144
Region XII: SOCCSKSARGEN,197,2021-06-02,282.2857142857143
Region XII: SOCCSKSARGEN,237,2021-06-03,277.7142857142857
Region XII: SOCCSKSARGEN,405,2021-06-04,294.42857142857144
Region XII: SOCCSKSARGEN,278,2021-06-05,305.42857142857144
Region XII: SOCCSKSARGEN,239,2021-06-06,300.0
Region XII: SOCCSKSARGEN,291,2021-06-07,288.0
Region XII: SOCCSKSARGEN,303,2021-06-08,278.57142857142856
Region XII: SOCCSKSARGEN,358,2021-06-09,301.57142857142856
Region XII: SOCCSKSARGEN,194,2021-06-10,295.42857142857144
Region XII: SOCCSKSARGEN,324,2021-06-11,283.85714285714283
Region XII: SOCCSKSARGEN,283,2021-06-12,284.57142857142856
Region XII: SOCCSKSARGEN,318,2021-06-13,295.85714285714283
Region XII: SOCCSKSARGEN,397,2021-06-14,311.0
Region XII: SOCCSKSARGEN,377,2021-06-15,321.57142857142856
Region XII: SOCCSKSARGEN,433,2021-06-16,332.2857142857143
Region XII: SOCCSKSARGEN,396,2021-06-17,361.14285714285717
Region XII: SOCCSKSARGEN,377,2021-06-18,368.7142857142857
Region XII: SOCCSKSARGEN,267,2021-06-19,366.42857142857144
Region XII: SOCCSKSARGEN,230,2021-06-20,353.85714285714283
Region XII: SOCCSKSARGEN,385,2021-06-21,352.14285714285717
Region XII: SOCCSKSARGEN,294,2021-06-22,340.2857142857143
Region XII: SOCCSKSARGEN,281,2021-06-23,318.57142857142856
Region XII: SOCCSKSARGEN,188,2021-06-24,288.85714285714283
Region XII: SOCCSKSARGEN,362,2021-06-25,286.7142857142857
Region XII: SOCCSKSARGEN,301,2021-06-26,291.57142857142856
Region XII: SOCCSKSARGEN,246,2021-06-27,293.85714285714283
Region XII: SOCCSKSARGEN,327,2021-06-28,285.57142857142856
Region XII: SOCCSKSARGEN,180,2021-06-29,269.2857142857143
Region XII: SOCCSKSARGEN,198,2021-06-30,257.42857142857144
Region XII: SOCCSKSARGEN,251,2021-07-01,266.42857142857144
Region XII: SOCCSKSARGEN,233,2021-07-02,248.0
Region XII: SOCCSKSARGEN,210,2021-07-03,235.0
Region XII: SOCCSKSARGEN,228,2021-07-04,232.42857142857142
Region XII: SOCCSKSARGEN,261,2021-07-05,223.0
Region XII: SOCCSKSARGEN,291,2021-07-06,238.85714285714286
Region XII: SOCCSKSARGEN,320,2021-07-07,256.2857142857143
Region XII: SOCCSKSARGEN,206,2021-07-08,249.85714285714286
Region XII: SOCCSKSARGEN,116,2021-07-09,233.14285714285714
Region XII: SOCCSKSARGEN,240,2021-07-10,237.42857142857142
Region XII: SOCCSKSARGEN,272,2021-07-11,243.71428571428572
Region XII: SOCCSKSARGEN,306,2021-07-12,250.14285714285714
Region XII: SOCCSKSARGEN,217,2021-07-13,239.57142857142858
Region XII: SOCCSKSARGEN,205,2021-07-14,223.14285714285714
Region XII: SOCCSKSARGEN,163,2021-07-15,217.0
Region XII: SOCCSKSARGEN,124,2021-07-16,218.14285714285714
Region XII: SOCCSKSARGEN,165,2021-07-17,207.42857142857142
Region XII: SOCCSKSARGEN,228,2021-07-18,201.14285714285714
Region XII: SOCCSKSARGEN,245,2021-07-19,192.42857142857142
Region XII: SOCCSKSARGEN,323,2021-07-20,207.57142857142858
Region XII: SOCCSKSARGEN,210,2021-07-21,208.28571428571428
Region XII: SOCCSKSARGEN,174,2021-07-22,209.85714285714286
Region XII: SOCCSKSARGEN,219,2021-07-23,223.42857142857142
Region XII: SOCCSKSARGEN,200,2021-07-24,228.42857142857142
Region XII: SOCCSKSARGEN,102,2021-07-25,210.42857142857142
Region XII: SOCCSKSARGEN,290,2021-07-26,216.85714285714286
Region XII: SOCCSKSARGEN,165,2021-07-27,194.28571428571428
Region XII: SOCCSKSARGEN,165,2021-07-28,187.85714285714286
Region XII: SOCCSKSARGEN,103,2021-07-29,177.71428571428572
Region XII: SOCCSKSARGEN,222,2021-07-30,178.14285714285714
Region XII: SOCCSKSARGEN,289,2021-07-31,190.85714285714286
Region XII: SOCCSKSARGEN,282,2021-08-01,216.57142857142858
Region XII: SOCCSKSARGEN,233,2021-08-02,208.42857142857142
Region XII: SOCCSKSARGEN,194,2021-08-03,212.57142857142858
Region XII: SOCCSKSARGEN,235,2021-08-04,222.57142857142858
Region XII: SOCCSKSARGEN,258,2021-08-05,244.71428571428572
Region XII: SOCCSKSARGEN,240,2021-08-06,247.28571428571428
Region XII: SOCCSKSARGEN,378,2021-08-07,260.0
Region XII: SOCCSKSARGEN,133,2021-08-08,238.71428571428572
Region XII: SOCCSKSARGEN,161,2021-08-09,228.42857142857142
Region XII: SOCCSKSARGEN,160,2021-08-10,223.57142857142858
Region XII: SOCCSKSARGEN,441,2021-08-11,253.0
Region XII: SOCCSKSARGEN,234,2021-08-12,249.57142857142858
Region XII: SOCCSKSARGEN,263,2021-08-13,252.85714285714286
Region XII: SOCCSKSARGEN,278,2021-08-14,238.57142857142858
Region XII: SOCCSKSARGEN,337,2021-08-15,267.7142857142857
Region XII: SOCCSKSARGEN,278,2021-08-16,284.42857142857144
Region XII: SOCCSKSARGEN,145,2021-08-17,282.2857142857143
Region XII: SOCCSKSARGEN,252,2021-08-18,255.28571428571428
Region XII: SOCCSKSARGEN,290,2021-08-19,263.2857142857143
Region XII: SOCCSKSARGEN,528,2021-08-20,301.14285714285717
Region XII: SOCCSKSARGEN,498,2021-08-21,332.57142857142856
Region XII: SOCCSKSARGEN,388,2021-08-22,339.85714285714283
Region XII: SOCCSKSARGEN,437,2021-08-23,362.57142857142856
Region XII: SOCCSKSARGEN,217,2021-08-24,372.85714285714283
Region XII: SOCCSKSARGEN,404,2021-08-25,394.57142857142856
Region XII: SOCCSKSARGEN,441,2021-08-26,416.14285714285717
Region XII: SOCCSKSARGEN,416,2021-08-27,400.14285714285717
Region XII: SOCCSKSARGEN,467,2021-08-28,395.7142857142857
Region XII: SOCCSKSARGEN,531,2021-08-29,416.14285714285717
Region XII: SOCCSKSARGEN,526,2021-08-30,428.85714285714283
Region XII: SOCCSKSARGEN,357,2021-08-31,448.85714285714283
Region XII: SOCCSKSARGEN,442,2021-09-01,454.2857142857143
Region XII: SOCCSKSARGEN,334,2021-09-02,439.0
Region XII: SOCCSKSARGEN,401,2021-09-03,436.85714285714283
Region XII: SOCCSKSARGEN,327,2021-09-04,416.85714285714283
Region XII: SOCCSKSARGEN,440,2021-09-05,403.85714285714283
Region XII: SOCCSKSARGEN,428,2021-09-06,389.85714285714283
Region XII: SOCCSKSARGEN,386,2021-09-07,394.0
Region XII: SOCCSKSARGEN,969,2021-09-08,469.2857142857143
Region XII: SOCCSKSARGEN,485,2021-09-09,490.85714285714283
Region XII: SOCCSKSARGEN,401,2021-09-10,490.85714285714283
Region XII: SOCCSKSARGEN,628,2021-09-11,533.8571428571429
Region XII: SOCCSKSARGEN,542,2021-09-12,548.4285714285714
Region XII: SOCCSKSARGEN,517,2021-09-13,561.1428571428571
Region XII: SOCCSKSARGEN,633,2021-09-14,596.4285714285714
Region XII: SOCCSKSARGEN,552,2021-09-15,536.8571428571429
Region XII: SOCCSKSARGEN,518,2021-09-16,541.5714285714286
Region XII: SOCCSKSARGEN,552,2021-09-17,563.1428571428571
Region XII: SOCCSKSARGEN,574,2021-09-18,555.4285714285714
Region XII: SOCCSKSARGEN,656,2021-09-19,571.7142857142857
Region XII: SOCCSKSARGEN,509,2021-09-20,570.5714285714286
Region XII: SOCCSKSARGEN,680,2021-09-21,577.2857142857143
Region XII: SOCCSKSARGEN,454,2021-09-22,563.2857142857143
Region XII: SOCCSKSARGEN,288,2021-09-23,530.4285714285714
Region XII: SOCCSKSARGEN,324,2021-09-24,497.85714285714283
Region XII: SOCCSKSARGEN,100,2021-09-25,430.14285714285717
Region XII: SOCCSKSARGEN,720,2021-09-26,439.2857142857143
Region XII: SOCCSKSARGEN,159,2021-09-27,389.2857142857143
Region XII: SOCCSKSARGEN,217,2021-09-28,323.14285714285717
Region XII: SOCCSKSARGEN,374,2021-09-29,311.7142857142857
Region XII: SOCCSKSARGEN,340,2021-09-30,319.14285714285717
Region XII: SOCCSKSARGEN,479,2021-10-01,341.2857142857143
Region XII: SOCCSKSARGEN,393,2021-10-02,383.14285714285717
Region XII: SOCCSKSARGEN,290,2021-10-03,321.7142857142857
Region XII: SOCCSKSARGEN,337,2021-10-04,347.14285714285717
Region XII: SOCCSKSARGEN,286,2021-10-05,357.0
Region XII: SOCCSKSARGEN,292,2021-10-06,345.2857142857143
Region XII: SOCCSKSARGEN,253,2021-10-07,332.85714285714283
Region XII: SOCCSKSARGEN,122,2021-10-08,281.85714285714283
Region XII: SOCCSKSARGEN,152,2021-10-09,247.42857142857142
Region XII: SOCCSKSARGEN,213,2021-10-10,236.42857142857142
Region XII: SOCCSKSARGEN,280,2021-10-11,228.28571428571428
Region XII: SOCCSKSARGEN,207,2021-10-12,217.0
Region XII: SOCCSKSARGEN,123,2021-10-13,192.85714285714286
Region XII: SOCCSKSARGEN,199,2021-10-14,185.14285714285714
Region XII: SOCCSKSARGEN,169,2021-10-15,191.85714285714286
Region XII: SOCCSKSARGEN,142,2021-10-16,190.42857142857142
Region XII: SOCCSKSARGEN,142,2021-10-17,180.28571428571428
Region XII: SOCCSKSARGEN,103,2021-10-18,155.0
Region XII: SOCCSKSARGEN,81,2021-10-19,137.0
Region XII: SOCCSKSARGEN,49,2021-10-20,126.42857142857143
Region XII: SOCCSKSARGEN,48,2021-10-21,104.85714285714286
Region XII: SOCCSKSARGEN,108,2021-10-22,96.14285714285714
Region XII: SOCCSKSARGEN,115,2021-10-23,92.28571428571429
Region XII: SOCCSKSARGEN,100,2021-10-24,86.28571428571429
Region XII: SOCCSKSARGEN,97,2021-10-25,85.42857142857143
Region XII: SOCCSKSARGEN,70,2021-10-26,83.85714285714286
Region XII: SOCCSKSARGEN,74,2021-10-27,87.42857142857143
Region XII: SOCCSKSARGEN,161,2021-10-28,103.57142857142857
Region XII: SOCCSKSARGEN,245,2021-10-29,123.14285714285714
Region XII: SOCCSKSARGEN,44,2021-10-30,113.0
Region XII: SOCCSKSARGEN,66,2021-10-31,108.14285714285714
Region XII: SOCCSKSARGEN,65,2021-11-01,103.57142857142857
Region XII: SOCCSKSARGEN,37,2021-11-02,98.85714285714286
Region XII: SOCCSKSARGEN,31,2021-11-03,92.71428571428571
Region XII: SOCCSKSARGEN,19,2021-11-04,72.42857142857143
Region XII: SOCCSKSARGEN,69,2021-11-05,47.285714285714285
Region XII: SOCCSKSARGEN,65,2021-11-06,50.285714285714285
Region XII: SOCCSKSARGEN,55,2021-11-07,48.714285714285715
Region XII: SOCCSKSARGEN,48,2021-11-08,46.285714285714285
Region XII: SOCCSKSARGEN,60,2021-11-09,49.57142857142857
Region XII: SOCCSKSARGEN,82,2021-11-10,56.857142857142854
Region XII: SOCCSKSARGEN,108,2021-11-11,69.57142857142857
Region XII: SOCCSKSARGEN,27,2021-11-12,63.57142857142857
Region XII: SOCCSKSARGEN,44,2021-11-13,60.57142857142857
Region XII: SOCCSKSARGEN,42,2021-11-14,58.714285714285715
Region XII: SOCCSKSARGEN,40,2021-11-15,57.57142857142857
Region XII: SOCCSKSARGEN,25,2021-11-16,52.57142857142857
Region XII: SOCCSKSARGEN,24,2021-11-17,44.285714285714285
Region XII: SOCCSKSARGEN,28,2021-11-18,32.857142857142854
Region XII: SOCCSKSARGEN,35,2021-11-19,34.0
Region XII: SOCCSKSARGEN,14,2021-11-20,29.714285714285715
Region XII: SOCCSKSARGEN,174,2021-11-21,48.57142857142857
Region XII: SOCCSKSARGEN,16,2021-11-22,45.142857142857146
Region XII: SOCCSKSARGEN,22,2021-11-23,44.714285714285715
Region XII: SOCCSKSARGEN,16,2021-11-24,43.57142857142857
Region XII: SOCCSKSARGEN,22,2021-11-25,42.714285714285715
Region XII: SOCCSKSARGEN,18,2021-11-26,40.285714285714285
Region XII: SOCCSKSARGEN,19,2021-11-27,41.0
Region XII: SOCCSKSARGEN,24,2021-11-28,19.571428571428573
Region XII: SOCCSKSARGEN,18,2021-11-29,19.857142857142858
Region XII: SOCCSKSARGEN,13,2021-11-30,18.571428571428573
Region XII: SOCCSKSARGEN,12,2021-12-01,18.0
Region XII: SOCCSKSARGEN,18,2021-12-02,17.428571428571427
Region XII: SOCCSKSARGEN,10,2021-12-03,16.285714285714285
Region XII: SOCCSKSARGEN,12,2021-12-04,15.285714285714286
Region XII: SOCCSKSARGEN,27,2021-12-05,15.714285714285714
Region XII: SOCCSKSARGEN,7,2021-12-06,14.142857142857142
Region XII: SOCCSKSARGEN,18,2021-12-07,14.857142857142858
Region XII: SOCCSKSARGEN,18,2021-12-08,15.714285714285714
Region XII: SOCCSKSARGEN,20,2021-12-09,16.0
Region XII: SOCCSKSARGEN,12,2021-12-10,16.285714285714285
Region XII: SOCCSKSARGEN,17,2021-12-11,17.0
Region XII: SOCCSKSARGEN,13,2021-12-12,15.0
Region XII: SOCCSKSARGEN,23,2021-12-13,17.285714285714285
Region XII: SOCCSKSARGEN,9,2021-12-14,16.0
Region XII: SOCCSKSARGEN,9,2021-12-15,14.714285714285714
Region XII: SOCCSKSARGEN,7,2021-12-16,12.857142857142858
Region XII: SOCCSKSARGEN,5,2021-12-17,11.857142857142858
Region XII: SOCCSKSARGEN,10,2021-12-18,10.857142857142858
Region XII: SOCCSKSARGEN,3,2021-12-19,9.428571428571429
Region XII: SOCCSKSARGEN,7,2021-12-20,7.142857142857143
Region XII: SOCCSKSARGEN,3,2021-12-21,6.285714285714286
Region XII: SOCCSKSARGEN,8,2021-12-22,6.142857142857143
Region XII: SOCCSKSARGEN,3,2021-12-23,5.571428571428571
Region XII: SOCCSKSARGEN,7,2021-12-24,5.857142857142857
Region XII: SOCCSKSARGEN,6,2021-12-25,5.285714285714286
Region XII: SOCCSKSARGEN,10,2021-12-26,6.285714285714286
Region XII: SOCCSKSARGEN,1,2021-12-27,5.428571428571429
Region XII: SOCCSKSARGEN,11,2021-12-28,6.571428571428571
Region XII: SOCCSKSARGEN,10,2021-12-29,6.857142857142857
Region XII: SOCCSKSARGEN,12,2021-12-30,8.142857142857142
Region XII: SOCCSKSARGEN,19,2021-12-31,9.857142857142858
Region XII: SOCCSKSARGEN,10,2022-01-01,10.428571428571429
Region XII: SOCCSKSARGEN,15,2022-01-02,11.142857142857142
Region XII: SOCCSKSARGEN,14,2022-01-03,13.0
Region XII: SOCCSKSARGEN,13,2022-01-04,13.285714285714286
Region XII: SOCCSKSARGEN,20,2022-01-05,14.714285714285714
Region XII: SOCCSKSARGEN,25,2022-01-06,16.571428571428573
Region XII: SOCCSKSARGEN,52,2022-01-07,21.285714285714285
Region XII: SOCCSKSARGEN,44,2022-01-08,26.142857142857142
Region XII: SOCCSKSARGEN,68,2022-01-09,33.714285714285715
Region XII: SOCCSKSARGEN,75,2022-01-10,42.42857142857143
Region XII: SOCCSKSARGEN,106,2022-01-11,55.714285714285715
Region XII: SOCCSKSARGEN,101,2022-01-12,67.28571428571429
Region XII: SOCCSKSARGEN,137,2022-01-13,83.28571428571429
Region XII: SOCCSKSARGEN,170,2022-01-14,100.14285714285714
Region XII: SOCCSKSARGEN,206,2022-01-15,123.28571428571429
Region XII: SOCCSKSARGEN,201,2022-01-16,142.28571428571428
Region XII: SOCCSKSARGEN,165,2022-01-17,155.14285714285714
Region XII: SOCCSKSARGEN,165,2022-01-18,163.57142857142858
Region XII: SOCCSKSARGEN,294,2022-01-19,191.14285714285714
Region XII: SOCCSKSARGEN,268,2022-01-20,209.85714285714286
Region XII: SOCCSKSARGEN,258,2022-01-21,222.42857142857142
Region XII: SOCCSKSARGEN,483,2022-01-22,262.0
Region XII: SOCCSKSARGEN,630,2022-01-23,323.2857142857143
Region XII: SOCCSKSARGEN,514,2022-01-24,373.14285714285717
Region XII: SOCCSKSARGEN,702,2022-01-25,449.85714285714283
Region XII: SOCCSKSARGEN,494,2022-01-26,478.42857142857144
Region XII: SOCCSKSARGEN,769,2022-01-27,550.0
Region XII: SOCCSKSARGEN,622,2022-01-28,602.0
Region XII: SOCCSKSARGEN,789,2022-01-29,645.7142857142857
Region XII: SOCCSKSARGEN,839,2022-01-30,675.5714285714286
Region XII: SOCCSKSARGEN,441,2022-01-31,665.1428571428571
Region XII: SOCCSKSARGEN,752,2022-02-01,672.2857142857143
Region XII: SOCCSKSARGEN,340,2022-02-02,650.2857142857143
Region XII: SOCCSKSARGEN,696,2022-02-03,639.8571428571429
Region XII: SOCCSKSARGEN,339,2022-02-04,599.4285714285714
Region XII: SOCCSKSARGEN,483,2022-02-05,555.7142857142857
Region XII: SOCCSKSARGEN,435,2022-02-06,498.0
Region XII: SOCCSKSARGEN,322,2022-02-07,481.0
Region XII: SOCCSKSARGEN,138,2022-02-08,393.2857142857143
Region XII: SOCCSKSARGEN,268,2022-02-09,383.0
Region XII: SOCCSKSARGEN,269,2022-02-10,322.0
Region XII: SOCCSKSARGEN,159,2022-02-11,296.2857142857143
Region XII: SOCCSKSARGEN,186,2022-02-12,253.85714285714286
Region XII: SOCCSKSARGEN,128,2022-02-13,210.0
Region XII: SOCCSKSARGEN,109,2022-02-14,179.57142857142858
Region XII: SOCCSKSARGEN,106,2022-02-15,175.0
Region XII: SOCCSKSARGEN,137,2022-02-16,156.28571428571428
Region XII: SOCCSKSARGEN,96,2022-02-17,131.57142857142858
Region XII: SOCCSKSARGEN,123,2022-02-18,126.42857142857143
Region XII: SOCCSKSARGEN,75,2022-02-19,110.57142857142857
Region XII: SOCCSKSARGEN,69,2022-02-20,102.14285714285714
Region XII: SOCCSKSARGEN,51,2022-02-21,93.85714285714286
Region XII: SOCCSKSARGEN,32,2022-02-22,83.28571428571429
Region XII: SOCCSKSARGEN,99,2022-02-23,77.85714285714286
Region XII: SOCCSKSARGEN,71,2022-02-24,74.28571428571429
Region XII: SOCCSKSARGEN,79,2022-02-25,68.0
Region XII: SOCCSKSARGEN,42,2022-02-26,63.285714285714285
Region XII: SOCCSKSARGEN,38,2022-02-27,58.857142857142854
Region XII: SOCCSKSARGEN,29,2022-02-28,55.714285714285715
Region XII: SOCCSKSARGEN,35,2022-03-01,56.142857142857146
Region XII: SOCCSKSARGEN,19,2022-03-02,44.714285714285715
Region XII: SOCCSKSARGEN,43,2022-03-03,40.714285714285715
Region XII: SOCCSKSARGEN,37,2022-03-04,34.714285714285715
Region XII: SOCCSKSARGEN,27,2022-03-05,32.57142857142857
Region XII: SOCCSKSARGEN,57,2022-03-06,35.285714285714285
Region XII: SOCCSKSARGEN,15,2022-03-07,33.285714285714285
Region XII: SOCCSKSARGEN,19,2022-03-08,31.0
Region XII: SOCCSKSARGEN,36,2022-03-09,33.42857142857143
Region XII: SOCCSKSARGEN,26,2022-03-10,31.0
Region XII: SOCCSKSARGEN,23,2022-03-11,29.0
Region XII: SOCCSKSARGEN,24,2022-03-12,28.571428571428573
Region XII: SOCCSKSARGEN,31,2022-03-13,24.857142857142858
Region XII: SOCCSKSARGEN,27,2022-03-14,26.571428571428573
Region XII: SOCCSKSARGEN,21,2022-03-15,26.857142857142858
Region XII: SOCCSKSARGEN,9,2022-03-16,23.0
Region XII: SOCCSKSARGEN,31,2022-03-17,23.714285714285715
Region XII: SOCCSKSARGEN,26,2022-03-18,24.142857142857142
Region XII: SOCCSKSARGEN,30,2022-03-19,25.0
Region XII: SOCCSKSARGEN,15,2022-03-20,22.714285714285715
Region XII: SOCCSKSARGEN,15,2022-03-21,21.0
Region XII: SOCCSKSARGEN,11,2022-03-22,19.571428571428573
Region XII: SOCCSKSARGEN,23,2022-03-23,21.571428571428573
Region XII: SOCCSKSARGEN,11,2022-03-24,18.714285714285715
Region XII: SOCCSKSARGEN,23,2022-03-25,18.285714285714285
Region XII: SOCCSKSARGEN,13,2022-03-26,15.857142857142858
Region XII: SOCCSKSARGEN,20,2022-03-27,16.571428571428573
Region XII: SOCCSKSARGEN,10,2022-03-28,15.857142857142858
Region XII: SOCCSKSARGEN,16,2022-03-29,16.571428571428573
Region XII: SOCCSKSARGEN,30,2022-03-30,17.571428571428573
Region XII: SOCCSKSARGEN,8,2022-03-31,17.142857142857142
Region XII: SOCCSKSARGEN,19,2022-04-01,16.571428571428573
Region XII: SOCCSKSARGEN,12,2022-04-02,16.428571428571427
Region XII: SOCCSKSARGEN,10,2022-04-03,15.0
Region XII: SOCCSKSARGEN,16,2022-04-04,15.857142857142858
Region XII: SOCCSKSARGEN,9,2022-04-05,14.857142857142858
Region XII: SOCCSKSARGEN,11,2022-04-06,12.142857142857142
Region XII: SOCCSKSARGEN,11,2022-04-07,12.571428571428571
Region XII: SOCCSKSARGEN,2,2022-04-08,10.142857142857142
Region XII: SOCCSKSARGEN,11,2022-04-09,10.0
Region XII: SOCCSKSARGEN,12,2022-04-10,10.285714285714286
Region XII: SOCCSKSARGEN,8,2022-04-11,9.142857142857142
Region XII: SOCCSKSARGEN,7,2022-04-12,8.857142857142858
Region XII: SOCCSKSARGEN,10,2022-04-13,8.714285714285714
Region XII: SOCCSKSARGEN,13,2022-04-14,9.0
Region XII: SOCCSKSARGEN,13,2022-04-15,10.571428571428571
Region XII: SOCCSKSARGEN,12,2022-04-16,10.714285714285714
Region XII: SOCCSKSARGEN,14,2022-04-17,11.0
Region XII: SOCCSKSARGEN,7,2022-04-18,10.857142857142858
Region XII: SOCCSKSARGEN,4,2022-04-19,10.428571428571429
Region XII: SOCCSKSARGEN,25,2022-04-20,12.571428571428571
Region XII: SOCCSKSARGEN,0,2022-04-21,10.714285714285714
Region XII: SOCCSKSARGEN,6,2022-04-22,9.714285714285714
Region XII: SOCCSKSARGEN,7,2022-04-23,9.0
Region XII: SOCCSKSARGEN,9,2022-04-24,8.285714285714286
Region XII: SOCCSKSARGEN,3,2022-04-25,7.714285714285714
Region XII: SOCCSKSARGEN,9,2022-04-26,8.428571428571429
Region XII: SOCCSKSARGEN,5,2022-04-27,5.571428571428571
Region XII: SOCCSKSARGEN,12,2022-04-28,7.285714285714286
Region XII: SOCCSKSARGEN,8,2022-04-29,7.571428571428571
Region XII: SOCCSKSARGEN,10,2022-04-30,8.0
Region XII: SOCCSKSARGEN,6,2022-05-01,7.571428571428571
Region XII: SOCCSKSARGEN,3,2022-05-02,7.571428571428571
Region XII: SOCCSKSARGEN,8,2022-05-03,7.428571428571429
Region XII: SOCCSKSARGEN,5,2022-05-04,7.428571428571429
Region XII: SOCCSKSARGEN,9,2022-05-05,7.0
Region XII: SOCCSKSARGEN,3,2022-05-06,6.285714285714286
Region XII: SOCCSKSARGEN,9,2022-05-07,6.142857142857143
Region XII: SOCCSKSARGEN,5,2022-05-08,6.0
Region XII: SOCCSKSARGEN,11,2022-05-09,7.142857142857143
Region XII: SOCCSKSARGEN,7,2022-05-10,7.0
Region XII: SOCCSKSARGEN,5,2022-05-11,7.0
Region XII: SOCCSKSARGEN,11,2022-05-12,7.285714285714286
Region XII: SOCCSKSARGEN,6,2022-05-13,7.714285714285714
Region XII: SOCCSKSARGEN,6,2022-05-14,7.285714285714286
Region XII: SOCCSKSARGEN,9,2022-05-15,7.857142857142857
Region XII: SOCCSKSARGEN,5,2022-05-16,7.0
Region XII: SOCCSKSARGEN,8,2022-05-17,7.142857142857143
Region XII: SOCCSKSARGEN,5,2022-05-18,7.142857142857143
Region XII: SOCCSKSARGEN,8,2022-05-19,6.714285714285714
Region XII: SOCCSKSARGEN,7,2022-05-20,6.857142857142857
Region XII: SOCCSKSARGEN,11,2022-05-21,7.571428571428571
Region XII: SOCCSKSARGEN,13,2022-05-22,8.142857142857142
Region XII: SOCCSKSARGEN,5,2022-05-23,8.142857142857142
Region XII: SOCCSKSARGEN,5,2022-05-24,7.714285714285714
Region XII: SOCCSKSARGEN,11,2022-05-25,8.571428571428571
Region XII: SOCCSKSARGEN,9,2022-05-26,8.714285714285714
Region XII: SOCCSKSARGEN,9,2022-05-27,9.0
Region XII: SOCCSKSARGEN,7,2022-05-28,8.428571428571429
Region XII: SOCCSKSARGEN,10,2022-05-29,8.0
Region XII: SOCCSKSARGEN,5,2022-05-30,8.0
Region XII: SOCCSKSARGEN,5,2022-05-31,8.0
Region XII: SOCCSKSARGEN,4,2022-06-01,7.0
Region XII: SOCCSKSARGEN,11,2022-06-02,7.285714285714286
Region XII: SOCCSKSARGEN,6,2022-06-03,6.857142857142857
Region XII: SOCCSKSARGEN,10,2022-06-04,7.285714285714286
Region XII: SOCCSKSARGEN,7,2022-06-05,6.857142857142857
Region XII: SOCCSKSARGEN,8,2022-06-06,7.285714285714286
Region XII: SOCCSKSARGEN,3,2022-06-07,7.0
Region XII: SOCCSKSARGEN,8,2022-06-08,7.571428571428571
Region XII: SOCCSKSARGEN,11,2022-06-09,7.571428571428571
Region XII: SOCCSKSARGEN,5,2022-06-10,7.428571428571429
Region XII: SOCCSKSARGEN,10,2022-06-11,7.428571428571429
Region XII: SOCCSKSARGEN,9,2022-06-12,7.714285714285714
Region XII: SOCCSKSARGEN,5,2022-06-13,7.285714285714286
Region XII: SOCCSKSARGEN,3,2022-06-14,7.285714285714286
Region XII: SOCCSKSARGEN,4,2022-06-15,6.714285714285714
Region XII: SOCCSKSARGEN,6,2022-06-16,6.0
Region XII: SOCCSKSARGEN,10,2022-06-17,6.714285714285714
Region XII: SOCCSKSARGEN,10,2022-06-18,6.714285714285714
