region,count,date,7DayMA
Region V: Bicol Region,1,2020-03-10,
Region V: Bicol Region,0,2020-03-11,
Region V: Bicol Region,0,2020-03-12,
Region V: Bicol Region,0,2020-03-13,
Region V: Bicol Region,0,2020-03-14,
Region V: Bicol Region,0,2020-03-15,
Region V: Bicol Region,0,2020-03-16,0.14285714285714285
Region V: Bicol Region,0,2020-03-17,0.0
Region V: Bicol Region,0,2020-03-18,0.0
Region V: Bicol Region,0,2020-03-19,0.0
Region V: Bicol Region,0,2020-03-20,0.0
Region V: Bicol Region,0,2020-03-21,0.0
Region V: Bicol Region,0,2020-03-22,0.0
Region V: Bicol Region,0,2020-03-23,0.0
Region V: Bicol Region,0,2020-03-24,0.0
Region V: Bicol Region,0,2020-03-25,0.0
Region V: Bicol Region,0,2020-03-26,0.0
Region V: Bicol Region,3,2020-03-27,0.42857142857142855
Region V: Bicol Region,0,2020-03-28,0.42857142857142855
Region V: Bicol Region,1,2020-03-29,0.5714285714285714
Region V: Bicol Region,0,2020-03-30,0.5714285714285714
Region V: Bicol Region,0,2020-03-31,0.5714285714285714
Region V: Bicol Region,2,2020-04-01,0.8571428571428571
Region V: Bicol Region,1,2020-04-02,1.0
Region V: Bicol Region,4,2020-04-03,1.1428571428571428
Region V: Bicol Region,0,2020-04-04,1.1428571428571428
Region V: Bicol Region,0,2020-04-05,1.0
Region V: Bicol Region,2,2020-04-06,1.2857142857142858
Region V: Bicol Region,1,2020-04-07,1.4285714285714286
Region V: Bicol Region,0,2020-04-08,1.1428571428571428
Region V: Bicol Region,0,2020-04-09,1.0
Region V: Bicol Region,0,2020-04-10,0.42857142857142855
Region V: Bicol Region,1,2020-04-11,0.5714285714285714
Region V: Bicol Region,0,2020-04-12,0.5714285714285714
Region V: Bicol Region,1,2020-04-13,0.42857142857142855
Region V: Bicol Region,2,2020-04-14,0.5714285714285714
Region V: Bicol Region,1,2020-04-15,0.7142857142857143
Region V: Bicol Region,0,2020-04-16,0.7142857142857143
Region V: Bicol Region,0,2020-04-17,0.7142857142857143
Region V: Bicol Region,0,2020-04-18,0.5714285714285714
Region V: Bicol Region,0,2020-04-19,0.5714285714285714
Region V: Bicol Region,5,2020-04-20,1.1428571428571428
Region V: Bicol Region,0,2020-04-21,0.8571428571428571
Region V: Bicol Region,3,2020-04-22,1.1428571428571428
Region V: Bicol Region,5,2020-04-23,1.8571428571428572
Region V: Bicol Region,0,2020-04-24,1.8571428571428572
Region V: Bicol Region,1,2020-04-25,2.0
Region V: Bicol Region,0,2020-04-26,2.0
Region V: Bicol Region,0,2020-04-27,1.2857142857142858
Region V: Bicol Region,0,2020-04-28,1.2857142857142858
Region V: Bicol Region,0,2020-04-29,0.8571428571428571
Region V: Bicol Region,3,2020-04-30,0.5714285714285714
Region V: Bicol Region,3,2020-05-01,1.0
Region V: Bicol Region,1,2020-05-02,1.0
Region V: Bicol Region,0,2020-05-03,1.0
Region V: Bicol Region,3,2020-05-04,1.4285714285714286
Region V: Bicol Region,0,2020-05-05,1.4285714285714286
Region V: Bicol Region,0,2020-05-06,1.4285714285714286
Region V: Bicol Region,2,2020-05-07,1.2857142857142858
Region V: Bicol Region,1,2020-05-08,1.0
Region V: Bicol Region,1,2020-05-09,1.0
Region V: Bicol Region,7,2020-05-10,2.0
Region V: Bicol Region,0,2020-05-11,1.5714285714285714
Region V: Bicol Region,3,2020-05-12,2.0
Region V: Bicol Region,0,2020-05-13,2.0
Region V: Bicol Region,2,2020-05-14,2.0
Region V: Bicol Region,2,2020-05-15,2.142857142857143
Region V: Bicol Region,0,2020-05-16,2.0
Region V: Bicol Region,0,2020-05-17,1.0
Region V: Bicol Region,1,2020-05-18,1.1428571428571428
Region V: Bicol Region,0,2020-05-19,0.7142857142857143
Region V: Bicol Region,0,2020-05-20,0.7142857142857143
Region V: Bicol Region,2,2020-05-21,0.7142857142857143
Region V: Bicol Region,0,2020-05-22,0.42857142857142855
Region V: Bicol Region,0,2020-05-23,0.42857142857142855
Region V: Bicol Region,1,2020-05-24,0.5714285714285714
Region V: Bicol Region,0,2020-05-25,0.42857142857142855
Region V: Bicol Region,1,2020-05-26,0.5714285714285714
Region V: Bicol Region,0,2020-05-27,0.5714285714285714
Region V: Bicol Region,1,2020-05-28,0.42857142857142855
Region V: Bicol Region,2,2020-05-29,0.7142857142857143
Region V: Bicol Region,4,2020-05-30,1.2857142857142858
Region V: Bicol Region,2,2020-05-31,1.4285714285714286
Region V: Bicol Region,0,2020-06-01,1.4285714285714286
Region V: Bicol Region,0,2020-06-02,1.2857142857142858
Region V: Bicol Region,1,2020-06-03,1.4285714285714286
Region V: Bicol Region,0,2020-06-04,1.2857142857142858
Region V: Bicol Region,1,2020-06-05,1.1428571428571428
Region V: Bicol Region,2,2020-06-06,0.8571428571428571
Region V: Bicol Region,3,2020-06-07,1.0
Region V: Bicol Region,1,2020-06-08,1.1428571428571428
Region V: Bicol Region,0,2020-06-09,1.1428571428571428
Region V: Bicol Region,0,2020-06-10,1.0
Region V: Bicol Region,2,2020-06-11,1.2857142857142858
Region V: Bicol Region,0,2020-06-12,1.1428571428571428
Region V: Bicol Region,1,2020-06-13,1.0
Region V: Bicol Region,1,2020-06-14,0.7142857142857143
Region V: Bicol Region,1,2020-06-15,0.7142857142857143
Region V: Bicol Region,0,2020-06-16,0.7142857142857143
Region V: Bicol Region,1,2020-06-17,0.8571428571428571
Region V: Bicol Region,0,2020-06-18,0.5714285714285714
Region V: Bicol Region,3,2020-06-19,1.0
Region V: Bicol Region,1,2020-06-20,1.0
Region V: Bicol Region,2,2020-06-21,1.1428571428571428
Region V: Bicol Region,2,2020-06-22,1.2857142857142858
Region V: Bicol Region,2,2020-06-23,1.5714285714285714
Region V: Bicol Region,1,2020-06-24,1.5714285714285714
Region V: Bicol Region,0,2020-06-25,1.5714285714285714
Region V: Bicol Region,0,2020-06-26,1.1428571428571428
Region V: Bicol Region,4,2020-06-27,1.5714285714285714
Region V: Bicol Region,2,2020-06-28,1.5714285714285714
Region V: Bicol Region,10,2020-06-29,2.7142857142857144
Region V: Bicol Region,5,2020-06-30,3.142857142857143
Region V: Bicol Region,2,2020-07-01,3.2857142857142856
Region V: Bicol Region,0,2020-07-02,3.2857142857142856
Region V: Bicol Region,1,2020-07-03,3.4285714285714284
Region V: Bicol Region,15,2020-07-04,5.0
Region V: Bicol Region,27,2020-07-05,8.571428571428571
Region V: Bicol Region,16,2020-07-06,9.428571428571429
Region V: Bicol Region,8,2020-07-07,9.857142857142858
Region V: Bicol Region,14,2020-07-08,11.571428571428571
Region V: Bicol Region,23,2020-07-09,14.857142857142858
Region V: Bicol Region,10,2020-07-10,16.142857142857142
Region V: Bicol Region,8,2020-07-11,15.142857142857142
Region V: Bicol Region,21,2020-07-12,14.285714285714286
Region V: Bicol Region,11,2020-07-13,13.571428571428571
Region V: Bicol Region,4,2020-07-14,13.0
Region V: Bicol Region,1,2020-07-15,11.142857142857142
Region V: Bicol Region,5,2020-07-16,8.571428571428571
Region V: Bicol Region,5,2020-07-17,7.857142857142857
Region V: Bicol Region,2,2020-07-18,7.0
Region V: Bicol Region,15,2020-07-19,6.142857142857143
Region V: Bicol Region,12,2020-07-20,6.285714285714286
Region V: Bicol Region,8,2020-07-21,6.857142857142857
Region V: Bicol Region,5,2020-07-22,7.428571428571429
Region V: Bicol Region,2,2020-07-23,7.0
Region V: Bicol Region,11,2020-07-24,7.857142857142857
Region V: Bicol Region,18,2020-07-25,10.142857142857142
Region V: Bicol Region,18,2020-07-26,10.571428571428571
Region V: Bicol Region,8,2020-07-27,10.0
Region V: Bicol Region,6,2020-07-28,9.714285714285714
Region V: Bicol Region,9,2020-07-29,10.285714285714286
Region V: Bicol Region,5,2020-07-30,10.714285714285714
Region V: Bicol Region,7,2020-07-31,10.142857142857142
Region V: Bicol Region,50,2020-08-01,14.714285714285714
Region V: Bicol Region,16,2020-08-02,14.428571428571429
Region V: Bicol Region,14,2020-08-03,15.285714285714286
Region V: Bicol Region,77,2020-08-04,25.428571428571427
Region V: Bicol Region,24,2020-08-05,27.571428571428573
Region V: Bicol Region,12,2020-08-06,28.571428571428573
Region V: Bicol Region,68,2020-08-07,37.285714285714285
Region V: Bicol Region,40,2020-08-08,35.857142857142854
Region V: Bicol Region,42,2020-08-09,39.57142857142857
Region V: Bicol Region,49,2020-08-10,44.57142857142857
Region V: Bicol Region,36,2020-08-11,38.714285714285715
Region V: Bicol Region,33,2020-08-12,40.0
Region V: Bicol Region,31,2020-08-13,42.714285714285715
Region V: Bicol Region,50,2020-08-14,40.142857142857146
Region V: Bicol Region,64,2020-08-15,43.57142857142857
Region V: Bicol Region,19,2020-08-16,40.285714285714285
Region V: Bicol Region,22,2020-08-17,36.42857142857143
Region V: Bicol Region,16,2020-08-18,33.57142857142857
Region V: Bicol Region,17,2020-08-19,31.285714285714285
Region V: Bicol Region,7,2020-08-20,27.857142857142858
Region V: Bicol Region,102,2020-08-21,35.285714285714285
Region V: Bicol Region,57,2020-08-22,34.285714285714285
Region V: Bicol Region,62,2020-08-23,40.42857142857143
Region V: Bicol Region,30,2020-08-24,41.57142857142857
Region V: Bicol Region,19,2020-08-25,42.0
Region V: Bicol Region,25,2020-08-26,43.142857142857146
Region V: Bicol Region,60,2020-08-27,50.714285714285715
Region V: Bicol Region,33,2020-08-28,40.857142857142854
Region V: Bicol Region,32,2020-08-29,37.285714285714285
Region V: Bicol Region,95,2020-08-30,42.0
Region V: Bicol Region,37,2020-08-31,43.0
Region V: Bicol Region,26,2020-09-01,44.0
Region V: Bicol Region,25,2020-09-02,44.0
Region V: Bicol Region,13,2020-09-03,37.285714285714285
Region V: Bicol Region,74,2020-09-04,43.142857142857146
Region V: Bicol Region,42,2020-09-05,44.57142857142857
Region V: Bicol Region,35,2020-09-06,36.0
Region V: Bicol Region,23,2020-09-07,34.0
Region V: Bicol Region,33,2020-09-08,35.0
Region V: Bicol Region,6,2020-09-09,32.285714285714285
Region V: Bicol Region,37,2020-09-10,35.714285714285715
Region V: Bicol Region,38,2020-09-11,30.571428571428573
Region V: Bicol Region,43,2020-09-12,30.714285714285715
Region V: Bicol Region,25,2020-09-13,29.285714285714285
Region V: Bicol Region,29,2020-09-14,30.142857142857142
Region V: Bicol Region,24,2020-09-15,28.857142857142858
Region V: Bicol Region,4,2020-09-16,28.571428571428573
Region V: Bicol Region,51,2020-09-17,30.571428571428573
Region V: Bicol Region,23,2020-09-18,28.428571428571427
Region V: Bicol Region,28,2020-09-19,26.285714285714285
Region V: Bicol Region,24,2020-09-20,26.142857142857142
Region V: Bicol Region,19,2020-09-21,24.714285714285715
Region V: Bicol Region,28,2020-09-22,25.285714285714285
Region V: Bicol Region,21,2020-09-23,27.714285714285715
Region V: Bicol Region,11,2020-09-24,22.0
Region V: Bicol Region,16,2020-09-25,21.0
Region V: Bicol Region,27,2020-09-26,20.857142857142858
Region V: Bicol Region,23,2020-09-27,20.714285714285715
Region V: Bicol Region,27,2020-09-28,21.857142857142858
Region V: Bicol Region,30,2020-09-29,22.142857142857142
Region V: Bicol Region,7,2020-09-30,20.142857142857142
Region V: Bicol Region,17,2020-10-01,21.0
Region V: Bicol Region,11,2020-10-02,20.285714285714285
Region V: Bicol Region,13,2020-10-03,18.285714285714285
Region V: Bicol Region,35,2020-10-04,20.0
Region V: Bicol Region,16,2020-10-05,18.428571428571427
Region V: Bicol Region,29,2020-10-06,18.285714285714285
Region V: Bicol Region,9,2020-10-07,18.571428571428573
Region V: Bicol Region,8,2020-10-08,17.285714285714285
Region V: Bicol Region,13,2020-10-09,17.571428571428573
Region V: Bicol Region,20,2020-10-10,18.571428571428573
Region V: Bicol Region,40,2020-10-11,19.285714285714285
Region V: Bicol Region,23,2020-10-12,20.285714285714285
Region V: Bicol Region,33,2020-10-13,20.857142857142858
Region V: Bicol Region,16,2020-10-14,21.857142857142858
Region V: Bicol Region,14,2020-10-15,22.714285714285715
Region V: Bicol Region,42,2020-10-16,26.857142857142858
Region V: Bicol Region,47,2020-10-17,30.714285714285715
Region V: Bicol Region,17,2020-10-18,27.428571428571427
Region V: Bicol Region,35,2020-10-19,29.142857142857142
Region V: Bicol Region,23,2020-10-20,27.714285714285715
Region V: Bicol Region,18,2020-10-21,28.0
Region V: Bicol Region,10,2020-10-22,27.428571428571427
Region V: Bicol Region,19,2020-10-23,24.142857142857142
Region V: Bicol Region,27,2020-10-24,21.285714285714285
Region V: Bicol Region,65,2020-10-25,28.142857142857142
Region V: Bicol Region,19,2020-10-26,25.857142857142858
Region V: Bicol Region,12,2020-10-27,24.285714285714285
Region V: Bicol Region,9,2020-10-28,23.0
Region V: Bicol Region,15,2020-10-29,23.714285714285715
Region V: Bicol Region,66,2020-10-30,30.428571428571427
Region V: Bicol Region,35,2020-10-31,31.571428571428573
Region V: Bicol Region,56,2020-11-01,30.285714285714285
Region V: Bicol Region,42,2020-11-02,33.57142857142857
Region V: Bicol Region,30,2020-11-03,36.142857142857146
Region V: Bicol Region,5,2020-11-04,35.57142857142857
Region V: Bicol Region,21,2020-11-05,36.42857142857143
Region V: Bicol Region,18,2020-11-06,29.571428571428573
Region V: Bicol Region,74,2020-11-07,35.142857142857146
Region V: Bicol Region,26,2020-11-08,30.857142857142858
Region V: Bicol Region,60,2020-11-09,33.42857142857143
Region V: Bicol Region,11,2020-11-10,30.714285714285715
Region V: Bicol Region,5,2020-11-11,30.714285714285715
Region V: Bicol Region,14,2020-11-12,29.714285714285715
Region V: Bicol Region,64,2020-11-13,36.285714285714285
Region V: Bicol Region,13,2020-11-14,27.571428571428573
Region V: Bicol Region,32,2020-11-15,28.428571428571427
Region V: Bicol Region,11,2020-11-16,21.428571428571427
Region V: Bicol Region,11,2020-11-17,21.428571428571427
Region V: Bicol Region,14,2020-11-18,22.714285714285715
Region V: Bicol Region,18,2020-11-19,23.285714285714285
Region V: Bicol Region,31,2020-11-20,18.571428571428573
Region V: Bicol Region,40,2020-11-21,22.428571428571427
Region V: Bicol Region,43,2020-11-22,24.0
Region V: Bicol Region,21,2020-11-23,25.428571428571427
Region V: Bicol Region,12,2020-11-24,25.571428571428573
Region V: Bicol Region,16,2020-11-25,25.857142857142858
Region V: Bicol Region,13,2020-11-26,25.142857142857142
Region V: Bicol Region,37,2020-11-27,26.0
Region V: Bicol Region,52,2020-11-28,27.714285714285715
Region V: Bicol Region,15,2020-11-29,23.714285714285715
Region V: Bicol Region,17,2020-11-30,23.142857142857142
Region V: Bicol Region,15,2020-12-01,23.571428571428573
Region V: Bicol Region,14,2020-12-02,23.285714285714285
Region V: Bicol Region,2,2020-12-03,21.714285714285715
Region V: Bicol Region,11,2020-12-04,18.0
Region V: Bicol Region,12,2020-12-05,12.285714285714286
Region V: Bicol Region,18,2020-12-06,12.714285714285714
Region V: Bicol Region,5,2020-12-07,11.0
Region V: Bicol Region,49,2020-12-08,15.857142857142858
Region V: Bicol Region,11,2020-12-09,15.428571428571429
Region V: Bicol Region,8,2020-12-10,16.285714285714285
Region V: Bicol Region,11,2020-12-11,16.285714285714285
Region V: Bicol Region,22,2020-12-12,17.714285714285715
Region V: Bicol Region,4,2020-12-13,15.714285714285714
Region V: Bicol Region,26,2020-12-14,18.714285714285715
Region V: Bicol Region,20,2020-12-15,14.571428571428571
Region V: Bicol Region,5,2020-12-16,13.714285714285714
Region V: Bicol Region,15,2020-12-17,14.714285714285714
Region V: Bicol Region,31,2020-12-18,17.571428571428573
Region V: Bicol Region,9,2020-12-19,15.714285714285714
Region V: Bicol Region,54,2020-12-20,22.857142857142858
Region V: Bicol Region,11,2020-12-21,20.714285714285715
Region V: Bicol Region,12,2020-12-22,19.571428571428573
Region V: Bicol Region,7,2020-12-23,19.857142857142858
Region V: Bicol Region,19,2020-12-24,20.428571428571427
Region V: Bicol Region,13,2020-12-25,17.857142857142858
Region V: Bicol Region,14,2020-12-26,18.571428571428573
Region V: Bicol Region,13,2020-12-27,12.714285714285714
Region V: Bicol Region,8,2020-12-28,12.285714285714286
Region V: Bicol Region,8,2020-12-29,11.714285714285714
Region V: Bicol Region,30,2020-12-30,15.0
Region V: Bicol Region,16,2020-12-31,14.571428571428571
Region V: Bicol Region,35,2021-01-01,17.714285714285715
Region V: Bicol Region,18,2021-01-02,18.285714285714285
Region V: Bicol Region,12,2021-01-03,18.142857142857142
Region V: Bicol Region,10,2021-01-04,18.428571428571427
Region V: Bicol Region,11,2021-01-05,18.857142857142858
Region V: Bicol Region,16,2021-01-06,16.857142857142858
Region V: Bicol Region,11,2021-01-07,16.142857142857142
Region V: Bicol Region,18,2021-01-08,13.714285714285714
Region V: Bicol Region,14,2021-01-09,13.142857142857142
Region V: Bicol Region,16,2021-01-10,13.714285714285714
Region V: Bicol Region,61,2021-01-11,21.0
Region V: Bicol Region,18,2021-01-12,22.0
Region V: Bicol Region,37,2021-01-13,25.0
Region V: Bicol Region,39,2021-01-14,29.0
Region V: Bicol Region,46,2021-01-15,33.0
Region V: Bicol Region,45,2021-01-16,37.42857142857143
Region V: Bicol Region,44,2021-01-17,41.42857142857143
Region V: Bicol Region,64,2021-01-18,41.857142857142854
Region V: Bicol Region,28,2021-01-19,43.285714285714285
Region V: Bicol Region,20,2021-01-20,40.857142857142854
Region V: Bicol Region,14,2021-01-21,37.285714285714285
Region V: Bicol Region,55,2021-01-22,38.57142857142857
Region V: Bicol Region,8,2021-01-23,33.285714285714285
Region V: Bicol Region,25,2021-01-24,30.571428571428573
Region V: Bicol Region,18,2021-01-25,24.0
Region V: Bicol Region,33,2021-01-26,24.714285714285715
Region V: Bicol Region,22,2021-01-27,25.0
Region V: Bicol Region,22,2021-01-28,26.142857142857142
Region V: Bicol Region,24,2021-01-29,21.714285714285715
Region V: Bicol Region,37,2021-01-30,25.857142857142858
Region V: Bicol Region,31,2021-01-31,26.714285714285715
Region V: Bicol Region,15,2021-02-01,26.285714285714285
Region V: Bicol Region,24,2021-02-02,25.0
Region V: Bicol Region,10,2021-02-03,23.285714285714285
Region V: Bicol Region,25,2021-02-04,23.714285714285715
Region V: Bicol Region,33,2021-02-05,25.0
Region V: Bicol Region,18,2021-02-06,22.285714285714285
Region V: Bicol Region,19,2021-02-07,20.571428571428573
Region V: Bicol Region,24,2021-02-08,21.857142857142858
Region V: Bicol Region,13,2021-02-09,20.285714285714285
Region V: Bicol Region,15,2021-02-10,21.0
Region V: Bicol Region,19,2021-02-11,20.142857142857142
Region V: Bicol Region,23,2021-02-12,18.714285714285715
Region V: Bicol Region,25,2021-02-13,19.714285714285715
Region V: Bicol Region,35,2021-02-14,22.0
Region V: Bicol Region,22,2021-02-15,21.714285714285715
Region V: Bicol Region,10,2021-02-16,21.285714285714285
Region V: Bicol Region,12,2021-02-17,20.857142857142858
Region V: Bicol Region,19,2021-02-18,20.857142857142858
Region V: Bicol Region,19,2021-02-19,20.285714285714285
Region V: Bicol Region,34,2021-02-20,21.571428571428573
Region V: Bicol Region,11,2021-02-21,18.142857142857142
Region V: Bicol Region,19,2021-02-22,17.714285714285715
Region V: Bicol Region,9,2021-02-23,17.571428571428573
Region V: Bicol Region,5,2021-02-24,16.571428571428573
Region V: Bicol Region,23,2021-02-25,17.142857142857142
Region V: Bicol Region,10,2021-02-26,15.857142857142858
Region V: Bicol Region,28,2021-02-27,15.0
Region V: Bicol Region,15,2021-02-28,15.571428571428571
Region V: Bicol Region,44,2021-03-01,19.142857142857142
Region V: Bicol Region,9,2021-03-02,19.142857142857142
Region V: Bicol Region,23,2021-03-03,21.714285714285715
Region V: Bicol Region,33,2021-03-04,23.142857142857142
Region V: Bicol Region,29,2021-03-05,25.857142857142858
Region V: Bicol Region,25,2021-03-06,25.428571428571427
Region V: Bicol Region,16,2021-03-07,25.571428571428573
Region V: Bicol Region,34,2021-03-08,24.142857142857142
Region V: Bicol Region,10,2021-03-09,24.285714285714285
Region V: Bicol Region,21,2021-03-10,24.0
Region V: Bicol Region,13,2021-03-11,21.142857142857142
Region V: Bicol Region,33,2021-03-12,21.714285714285715
Region V: Bicol Region,23,2021-03-13,21.428571428571427
Region V: Bicol Region,25,2021-03-14,22.714285714285715
Region V: Bicol Region,17,2021-03-15,20.285714285714285
Region V: Bicol Region,9,2021-03-16,20.142857142857142
Region V: Bicol Region,30,2021-03-17,21.428571428571427
Region V: Bicol Region,41,2021-03-18,25.428571428571427
Region V: Bicol Region,35,2021-03-19,25.714285714285715
Region V: Bicol Region,30,2021-03-20,26.714285714285715
Region V: Bicol Region,26,2021-03-21,26.857142857142858
Region V: Bicol Region,47,2021-03-22,31.142857142857142
Region V: Bicol Region,17,2021-03-23,32.285714285714285
Region V: Bicol Region,50,2021-03-24,35.142857142857146
Region V: Bicol Region,27,2021-03-25,33.142857142857146
Region V: Bicol Region,54,2021-03-26,35.857142857142854
Region V: Bicol Region,39,2021-03-27,37.142857142857146
Region V: Bicol Region,45,2021-03-28,39.857142857142854
Region V: Bicol Region,51,2021-03-29,40.42857142857143
Region V: Bicol Region,44,2021-03-30,44.285714285714285
Region V: Bicol Region,25,2021-03-31,40.714285714285715
Region V: Bicol Region,86,2021-04-01,49.142857142857146
Region V: Bicol Region,125,2021-04-02,59.285714285714285
Region V: Bicol Region,66,2021-04-03,63.142857142857146
Region V: Bicol Region,75,2021-04-04,67.42857142857143
Region V: Bicol Region,76,2021-04-05,71.0
Region V: Bicol Region,19,2021-04-06,67.42857142857143
Region V: Bicol Region,57,2021-04-07,72.0
Region V: Bicol Region,76,2021-04-08,70.57142857142857
Region V: Bicol Region,101,2021-04-09,67.14285714285714
Region V: Bicol Region,88,2021-04-10,70.28571428571429
Region V: Bicol Region,97,2021-04-11,73.42857142857143
Region V: Bicol Region,110,2021-04-12,78.28571428571429
Region V: Bicol Region,58,2021-04-13,83.85714285714286
Region V: Bicol Region,102,2021-04-14,90.28571428571429
Region V: Bicol Region,111,2021-04-15,95.28571428571429
Region V: Bicol Region,101,2021-04-16,95.28571428571429
Region V: Bicol Region,124,2021-04-17,100.42857142857143
Region V: Bicol Region,89,2021-04-18,99.28571428571429
Region V: Bicol Region,132,2021-04-19,102.42857142857143
Region V: Bicol Region,114,2021-04-20,110.42857142857143
Region V: Bicol Region,109,2021-04-21,111.42857142857143
Region V: Bicol Region,98,2021-04-22,109.57142857142857
Region V: Bicol Region,175,2021-04-23,120.14285714285714
Region V: Bicol Region,199,2021-04-24,130.85714285714286
Region V: Bicol Region,123,2021-04-25,135.71428571428572
Region V: Bicol Region,112,2021-04-26,132.85714285714286
Region V: Bicol Region,129,2021-04-27,135.0
Region V: Bicol Region,75,2021-04-28,130.14285714285714
Region V: Bicol Region,111,2021-04-29,132.0
Region V: Bicol Region,141,2021-04-30,127.14285714285714
Region V: Bicol Region,182,2021-05-01,124.71428571428571
Region V: Bicol Region,134,2021-05-02,126.28571428571429
Region V: Bicol Region,128,2021-05-03,128.57142857142858
Region V: Bicol Region,161,2021-05-04,133.14285714285714
Region V: Bicol Region,85,2021-05-05,134.57142857142858
Region V: Bicol Region,112,2021-05-06,134.71428571428572
Region V: Bicol Region,144,2021-05-07,135.14285714285714
Region V: Bicol Region,144,2021-05-08,129.71428571428572
Region V: Bicol Region,91,2021-05-09,123.57142857142857
Region V: Bicol Region,134,2021-05-10,124.42857142857143
Region V: Bicol Region,85,2021-05-11,113.57142857142857
Region V: Bicol Region,148,2021-05-12,122.57142857142857
Region V: Bicol Region,129,2021-05-13,125.0
Region V: Bicol Region,124,2021-05-14,122.14285714285714
Region V: Bicol Region,186,2021-05-15,128.14285714285714
Region V: Bicol Region,89,2021-05-16,127.85714285714286
Region V: Bicol Region,107,2021-05-17,124.0
Region V: Bicol Region,122,2021-05-18,129.28571428571428
Region V: Bicol Region,77,2021-05-19,119.14285714285714
Region V: Bicol Region,105,2021-05-20,115.71428571428571
Region V: Bicol Region,155,2021-05-21,120.14285714285714
Region V: Bicol Region,118,2021-05-22,110.42857142857143
Region V: Bicol Region,22,2021-05-23,100.85714285714286
Region V: Bicol Region,212,2021-05-24,115.85714285714286
Region V: Bicol Region,191,2021-05-25,125.71428571428571
Region V: Bicol Region,126,2021-05-26,132.71428571428572
Region V: Bicol Region,242,2021-05-27,152.28571428571428
Region V: Bicol Region,198,2021-05-28,158.42857142857142
Region V: Bicol Region,217,2021-05-29,172.57142857142858
Region V: Bicol Region,285,2021-05-30,210.14285714285714
Region V: Bicol Region,201,2021-05-31,208.57142857142858
Region V: Bicol Region,135,2021-06-01,200.57142857142858
Region V: Bicol Region,254,2021-06-02,218.85714285714286
Region V: Bicol Region,201,2021-06-03,213.0
Region V: Bicol Region,203,2021-06-04,213.71428571428572
Region V: Bicol Region,129,2021-06-05,201.14285714285714
Region V: Bicol Region,217,2021-06-06,191.42857142857142
Region V: Bicol Region,263,2021-06-07,200.28571428571428
Region V: Bicol Region,204,2021-06-08,210.14285714285714
Region V: Bicol Region,318,2021-06-09,219.28571428571428
Region V: Bicol Region,328,2021-06-10,237.42857142857142
Region V: Bicol Region,220,2021-06-11,239.85714285714286
Region V: Bicol Region,236,2021-06-12,255.14285714285714
Region V: Bicol Region,215,2021-06-13,254.85714285714286
Region V: Bicol Region,224,2021-06-14,249.28571428571428
Region V: Bicol Region,196,2021-06-15,248.14285714285714
Region V: Bicol Region,246,2021-06-16,237.85714285714286
Region V: Bicol Region,151,2021-06-17,212.57142857142858
Region V: Bicol Region,195,2021-06-18,209.0
Region V: Bicol Region,276,2021-06-19,214.71428571428572
Region V: Bicol Region,202,2021-06-20,212.85714285714286
Region V: Bicol Region,142,2021-06-21,201.14285714285714
Region V: Bicol Region,98,2021-06-22,187.14285714285714
Region V: Bicol Region,151,2021-06-23,173.57142857142858
Region V: Bicol Region,240,2021-06-24,186.28571428571428
Region V: Bicol Region,228,2021-06-25,191.0
Region V: Bicol Region,245,2021-06-26,186.57142857142858
Region V: Bicol Region,259,2021-06-27,194.71428571428572
Region V: Bicol Region,165,2021-06-28,198.0
Region V: Bicol Region,63,2021-06-29,193.0
Region V: Bicol Region,157,2021-06-30,193.85714285714286
Region V: Bicol Region,237,2021-07-01,193.42857142857142
Region V: Bicol Region,158,2021-07-02,183.42857142857142
Region V: Bicol Region,150,2021-07-03,169.85714285714286
Region V: Bicol Region,159,2021-07-04,155.57142857142858
Region V: Bicol Region,177,2021-07-05,157.28571428571428
Region V: Bicol Region,51,2021-07-06,155.57142857142858
Region V: Bicol Region,152,2021-07-07,154.85714285714286
Region V: Bicol Region,182,2021-07-08,147.0
Region V: Bicol Region,214,2021-07-09,155.0
Region V: Bicol Region,99,2021-07-10,147.71428571428572
Region V: Bicol Region,228,2021-07-11,157.57142857142858
Region V: Bicol Region,107,2021-07-12,147.57142857142858
Region V: Bicol Region,36,2021-07-13,145.42857142857142
Region V: Bicol Region,98,2021-07-14,137.71428571428572
Region V: Bicol Region,141,2021-07-15,131.85714285714286
Region V: Bicol Region,110,2021-07-16,117.0
Region V: Bicol Region,90,2021-07-17,115.71428571428571
Region V: Bicol Region,136,2021-07-18,102.57142857142857
Region V: Bicol Region,76,2021-07-19,98.14285714285714
Region V: Bicol Region,43,2021-07-20,99.14285714285714
Region V: Bicol Region,97,2021-07-21,99.0
Region V: Bicol Region,107,2021-07-22,94.14285714285714
Region V: Bicol Region,149,2021-07-23,99.71428571428571
Region V: Bicol Region,56,2021-07-24,94.85714285714286
Region V: Bicol Region,116,2021-07-25,92.0
Region V: Bicol Region,123,2021-07-26,98.71428571428571
Region V: Bicol Region,50,2021-07-27,99.71428571428571
Region V: Bicol Region,76,2021-07-28,96.71428571428571
Region V: Bicol Region,105,2021-07-29,96.42857142857143
Region V: Bicol Region,131,2021-07-30,93.85714285714286
Region V: Bicol Region,122,2021-07-31,103.28571428571429
Region V: Bicol Region,103,2021-08-01,101.42857142857143
Region V: Bicol Region,123,2021-08-02,101.42857142857143
Region V: Bicol Region,36,2021-08-03,99.42857142857143
Region V: Bicol Region,79,2021-08-04,99.85714285714286
Region V: Bicol Region,123,2021-08-05,102.42857142857143
Region V: Bicol Region,166,2021-08-06,107.42857142857143
Region V: Bicol Region,110,2021-08-07,105.71428571428571
Region V: Bicol Region,47,2021-08-08,97.71428571428571
Region V: Bicol Region,113,2021-08-09,96.28571428571429
Region V: Bicol Region,24,2021-08-10,94.57142857142857
Region V: Bicol Region,197,2021-08-11,111.42857142857143
Region V: Bicol Region,142,2021-08-12,114.14285714285714
Region V: Bicol Region,129,2021-08-13,108.85714285714286
Region V: Bicol Region,178,2021-08-14,118.57142857142857
Region V: Bicol Region,132,2021-08-15,130.71428571428572
Region V: Bicol Region,140,2021-08-16,134.57142857142858
Region V: Bicol Region,38,2021-08-17,136.57142857142858
Region V: Bicol Region,104,2021-08-18,123.28571428571429
Region V: Bicol Region,184,2021-08-19,129.28571428571428
Region V: Bicol Region,121,2021-08-20,128.14285714285714
Region V: Bicol Region,191,2021-08-21,130.0
Region V: Bicol Region,218,2021-08-22,142.28571428571428
Region V: Bicol Region,114,2021-08-23,138.57142857142858
Region V: Bicol Region,34,2021-08-24,138.0
Region V: Bicol Region,160,2021-08-25,146.0
Region V: Bicol Region,161,2021-08-26,142.71428571428572
Region V: Bicol Region,263,2021-08-27,163.0
Region V: Bicol Region,266,2021-08-28,173.71428571428572
Region V: Bicol Region,388,2021-08-29,198.0
Region V: Bicol Region,271,2021-08-30,220.42857142857142
Region V: Bicol Region,92,2021-08-31,228.71428571428572
Region V: Bicol Region,154,2021-09-01,227.85714285714286
Region V: Bicol Region,162,2021-09-02,228.0
Region V: Bicol Region,266,2021-09-03,228.42857142857142
Region V: Bicol Region,409,2021-09-04,248.85714285714286
Region V: Bicol Region,366,2021-09-05,245.71428571428572
Region V: Bicol Region,394,2021-09-06,263.2857142857143
Region V: Bicol Region,221,2021-09-07,281.7142857142857
Region V: Bicol Region,142,2021-09-08,280.0
Region V: Bicol Region,286,2021-09-09,297.7142857142857
Region V: Bicol Region,126,2021-09-10,277.7142857142857
Region V: Bicol Region,795,2021-09-11,332.85714285714283
Region V: Bicol Region,592,2021-09-12,365.14285714285717
Region V: Bicol Region,211,2021-09-13,339.0
Region V: Bicol Region,459,2021-09-14,373.0
Region V: Bicol Region,464,2021-09-15,419.0
Region V: Bicol Region,446,2021-09-16,441.85714285714283
Region V: Bicol Region,458,2021-09-17,489.2857142857143
Region V: Bicol Region,669,2021-09-18,471.2857142857143
Region V: Bicol Region,540,2021-09-19,463.85714285714283
Region V: Bicol Region,469,2021-09-20,500.7142857142857
Region V: Bicol Region,463,2021-09-21,501.2857142857143
Region V: Bicol Region,366,2021-09-22,487.2857142857143
Region V: Bicol Region,555,2021-09-23,502.85714285714283
Region V: Bicol Region,577,2021-09-24,519.8571428571429
Region V: Bicol Region,256,2021-09-25,460.85714285714283
Region V: Bicol Region,798,2021-09-26,497.7142857142857
Region V: Bicol Region,210,2021-09-27,460.7142857142857
Region V: Bicol Region,309,2021-09-28,438.7142857142857
Region V: Bicol Region,407,2021-09-29,444.57142857142856
Region V: Bicol Region,402,2021-09-30,422.7142857142857
Region V: Bicol Region,608,2021-10-01,427.14285714285717
Region V: Bicol Region,442,2021-10-02,453.7142857142857
Region V: Bicol Region,332,2021-10-03,387.14285714285717
Region V: Bicol Region,82,2021-10-04,368.85714285714283
Region V: Bicol Region,384,2021-10-05,379.57142857142856
Region V: Bicol Region,263,2021-10-06,359.0
Region V: Bicol Region,115,2021-10-07,318.0
Region V: Bicol Region,319,2021-10-08,276.7142857142857
Region V: Bicol Region,316,2021-10-09,258.7142857142857
Region V: Bicol Region,619,2021-10-10,299.7142857142857
Region V: Bicol Region,275,2021-10-11,327.2857142857143
Region V: Bicol Region,273,2021-10-12,311.42857142857144
Region V: Bicol Region,253,2021-10-13,310.0
Region V: Bicol Region,93,2021-10-14,306.85714285714283
Region V: Bicol Region,404,2021-10-15,319.0
Region V: Bicol Region,637,2021-10-16,364.85714285714283
Region V: Bicol Region,190,2021-10-17,303.57142857142856
Region V: Bicol Region,463,2021-10-18,330.42857142857144
Region V: Bicol Region,116,2021-10-19,308.0
Region V: Bicol Region,211,2021-10-20,302.0
Region V: Bicol Region,230,2021-10-21,321.57142857142856
Region V: Bicol Region,217,2021-10-22,294.85714285714283
Region V: Bicol Region,386,2021-10-23,259.0
Region V: Bicol Region,127,2021-10-24,250.0
Region V: Bicol Region,164,2021-10-25,207.28571428571428
Region V: Bicol Region,111,2021-10-26,206.57142857142858
Region V: Bicol Region,146,2021-10-27,197.28571428571428
Region V: Bicol Region,265,2021-10-28,202.28571428571428
Region V: Bicol Region,296,2021-10-29,213.57142857142858
Region V: Bicol Region,184,2021-10-30,184.71428571428572
Region V: Bicol Region,163,2021-10-31,189.85714285714286
Region V: Bicol Region,183,2021-11-01,192.57142857142858
Region V: Bicol Region,46,2021-11-02,183.28571428571428
Region V: Bicol Region,86,2021-11-03,174.71428571428572
Region V: Bicol Region,88,2021-11-04,149.42857142857142
Region V: Bicol Region,167,2021-11-05,131.0
Region V: Bicol Region,119,2021-11-06,121.71428571428571
Region V: Bicol Region,139,2021-11-07,118.28571428571429
Region V: Bicol Region,130,2021-11-08,110.71428571428571
Region V: Bicol Region,28,2021-11-09,108.14285714285714
Region V: Bicol Region,117,2021-11-10,112.57142857142857
Region V: Bicol Region,102,2021-11-11,114.57142857142857
Region V: Bicol Region,106,2021-11-12,105.85714285714286
Region V: Bicol Region,85,2021-11-13,101.0
Region V: Bicol Region,73,2021-11-14,91.57142857142857
Region V: Bicol Region,78,2021-11-15,84.14285714285714
Region V: Bicol Region,6,2021-11-16,81.0
Region V: Bicol Region,41,2021-11-17,70.14285714285714
Region V: Bicol Region,85,2021-11-18,67.71428571428571
Region V: Bicol Region,61,2021-11-19,61.285714285714285
Region V: Bicol Region,59,2021-11-20,57.57142857142857
Region V: Bicol Region,48,2021-11-21,54.0
Region V: Bicol Region,19,2021-11-22,45.57142857142857
Region V: Bicol Region,11,2021-11-23,46.285714285714285
Region V: Bicol Region,16,2021-11-24,42.714285714285715
Region V: Bicol Region,56,2021-11-25,38.57142857142857
Region V: Bicol Region,27,2021-11-26,33.714285714285715
Region V: Bicol Region,11,2021-11-27,26.857142857142858
Region V: Bicol Region,20,2021-11-28,22.857142857142858
Region V: Bicol Region,11,2021-11-29,21.714285714285715
Region V: Bicol Region,3,2021-11-30,20.571428571428573
Region V: Bicol Region,8,2021-12-01,19.428571428571427
Region V: Bicol Region,8,2021-12-02,12.571428571428571
Region V: Bicol Region,5,2021-12-03,9.428571428571429
Region V: Bicol Region,14,2021-12-04,9.857142857142858
Region V: Bicol Region,13,2021-12-05,8.857142857142858
Region V: Bicol Region,11,2021-12-06,8.857142857142858
Region V: Bicol Region,3,2021-12-07,8.857142857142858
Region V: Bicol Region,23,2021-12-08,11.0
Region V: Bicol Region,7,2021-12-09,10.857142857142858
Region V: Bicol Region,4,2021-12-10,10.714285714285714
Region V: Bicol Region,8,2021-12-11,9.857142857142858
Region V: Bicol Region,8,2021-12-12,9.142857142857142
Region V: Bicol Region,7,2021-12-13,8.571428571428571
Region V: Bicol Region,2,2021-12-14,8.428571428571429
Region V: Bicol Region,6,2021-12-15,6.0
Region V: Bicol Region,3,2021-12-16,5.428571428571429
Region V: Bicol Region,5,2021-12-17,5.571428571428571
Region V: Bicol Region,3,2021-12-18,4.857142857142857
Region V: Bicol Region,2,2021-12-19,4.0
Region V: Bicol Region,0,2021-12-20,3.0
Region V: Bicol Region,1,2021-12-21,2.857142857142857
Region V: Bicol Region,1,2021-12-22,2.142857142857143
Region V: Bicol Region,6,2021-12-23,2.5714285714285716
Region V: Bicol Region,5,2021-12-24,2.5714285714285716
Region V: Bicol Region,4,2021-12-25,2.7142857142857144
Region V: Bicol Region,4,2021-12-26,3.0
Region V: Bicol Region,1,2021-12-27,3.142857142857143
Region V: Bicol Region,0,2021-12-28,3.0
Region V: Bicol Region,2,2021-12-29,3.142857142857143
Region V: Bicol Region,6,2021-12-30,3.142857142857143
Region V: Bicol Region,11,2021-12-31,4.0
Region V: Bicol Region,7,2022-01-01,4.428571428571429
Region V: Bicol Region,22,2022-01-02,7.0
Region V: Bicol Region,21,2022-01-03,9.857142857142858
Region V: Bicol Region,12,2022-01-04,11.571428571428571
Region V: Bicol Region,55,2022-01-05,19.142857142857142
Region V: Bicol Region,129,2022-01-06,36.714285714285715
Region V: Bicol Region,145,2022-01-07,55.857142857142854
Region V: Bicol Region,137,2022-01-08,74.42857142857143
Region V: Bicol Region,424,2022-01-09,131.85714285714286
Region V: Bicol Region,336,2022-01-10,176.85714285714286
Region V: Bicol Region,180,2022-01-11,200.85714285714286
Region V: Bicol Region,425,2022-01-12,253.71428571428572
Region V: Bicol Region,500,2022-01-13,306.7142857142857
Region V: Bicol Region,692,2022-01-14,384.85714285714283
Region V: Bicol Region,533,2022-01-15,441.42857142857144
Region V: Bicol Region,709,2022-01-16,482.14285714285717
Region V: Bicol Region,702,2022-01-17,534.4285714285714
Region V: Bicol Region,489,2022-01-18,578.5714285714286
Region V: Bicol Region,542,2022-01-19,595.2857142857143
Region V: Bicol Region,773,2022-01-20,634.2857142857143
Region V: Bicol Region,764,2022-01-21,644.5714285714286
Region V: Bicol Region,628,2022-01-22,658.1428571428571
Region V: Bicol Region,732,2022-01-23,661.4285714285714
Region V: Bicol Region,319,2022-01-24,606.7142857142857
Region V: Bicol Region,303,2022-01-25,580.1428571428571
Region V: Bicol Region,498,2022-01-26,573.8571428571429
Region V: Bicol Region,477,2022-01-27,531.5714285714286
Region V: Bicol Region,489,2022-01-28,492.2857142857143
Region V: Bicol Region,426,2022-01-29,463.42857142857144
Region V: Bicol Region,485,2022-01-30,428.14285714285717
Region V: Bicol Region,103,2022-01-31,397.2857142857143
Region V: Bicol Region,90,2022-02-01,366.85714285714283
Region V: Bicol Region,143,2022-02-02,316.14285714285717
Region V: Bicol Region,145,2022-02-03,268.7142857142857
Region V: Bicol Region,164,2022-02-04,222.28571428571428
Region V: Bicol Region,101,2022-02-05,175.85714285714286
Region V: Bicol Region,104,2022-02-06,121.42857142857143
Region V: Bicol Region,86,2022-02-07,119.0
Region V: Bicol Region,21,2022-02-08,109.14285714285714
Region V: Bicol Region,75,2022-02-09,99.42857142857143
Region V: Bicol Region,82,2022-02-10,90.42857142857143
Region V: Bicol Region,40,2022-02-11,72.71428571428571
Region V: Bicol Region,70,2022-02-12,68.28571428571429
Region V: Bicol Region,44,2022-02-13,59.714285714285715
Region V: Bicol Region,28,2022-02-14,51.42857142857143
Region V: Bicol Region,20,2022-02-15,51.285714285714285
Region V: Bicol Region,28,2022-02-16,44.57142857142857
Region V: Bicol Region,31,2022-02-17,37.285714285714285
Region V: Bicol Region,23,2022-02-18,34.857142857142854
Region V: Bicol Region,12,2022-02-19,26.571428571428573
Region V: Bicol Region,24,2022-02-20,23.714285714285715
Region V: Bicol Region,20,2022-02-21,22.571428571428573
Region V: Bicol Region,8,2022-02-22,20.857142857142858
Region V: Bicol Region,18,2022-02-23,19.428571428571427
Region V: Bicol Region,21,2022-02-24,18.0
Region V: Bicol Region,23,2022-02-25,18.0
Region V: Bicol Region,19,2022-02-26,19.0
Region V: Bicol Region,18,2022-02-27,18.142857142857142
Region V: Bicol Region,15,2022-02-28,17.428571428571427
Region V: Bicol Region,10,2022-03-01,17.714285714285715
Region V: Bicol Region,12,2022-03-02,16.857142857142858
Region V: Bicol Region,10,2022-03-03,15.285714285714286
Region V: Bicol Region,9,2022-03-04,13.285714285714286
Region V: Bicol Region,6,2022-03-05,11.428571428571429
Region V: Bicol Region,9,2022-03-06,10.142857142857142
Region V: Bicol Region,7,2022-03-07,9.0
Region V: Bicol Region,6,2022-03-08,8.428571428571429
Region V: Bicol Region,10,2022-03-09,8.142857142857142
Region V: Bicol Region,4,2022-03-10,7.285714285714286
Region V: Bicol Region,7,2022-03-11,7.0
Region V: Bicol Region,7,2022-03-12,7.142857142857143
Region V: Bicol Region,5,2022-03-13,6.571428571428571
Region V: Bicol Region,5,2022-03-14,6.285714285714286
Region V: Bicol Region,2,2022-03-15,5.714285714285714
Region V: Bicol Region,5,2022-03-16,5.0
Region V: Bicol Region,5,2022-03-17,5.142857142857143
Region V: Bicol Region,4,2022-03-18,4.714285714285714
Region V: Bicol Region,5,2022-03-19,4.428571428571429
Region V: Bicol Region,3,2022-03-20,4.142857142857143
Region V: Bicol Region,7,2022-03-21,4.428571428571429
Region V: Bicol Region,1,2022-03-22,4.285714285714286
Region V: Bicol Region,1,2022-03-23,3.7142857142857144
Region V: Bicol Region,2,2022-03-24,3.2857142857142856
Region V: Bicol Region,3,2022-03-25,3.142857142857143
Region V: Bicol Region,7,2022-03-26,3.4285714285714284
Region V: Bicol Region,0,2022-03-27,3.0
Region V: Bicol Region,4,2022-03-28,2.5714285714285716
Region V: Bicol Region,2,2022-03-29,2.7142857142857144
Region V: Bicol Region,1,2022-03-30,2.7142857142857144
Region V: Bicol Region,2,2022-03-31,2.7142857142857144
Region V: Bicol Region,8,2022-04-01,3.4285714285714284
Region V: Bicol Region,1,2022-04-02,2.5714285714285716
Region V: Bicol Region,3,2022-04-03,3.0
Region V: Bicol Region,3,2022-04-04,2.857142857142857
Region V: Bicol Region,0,2022-04-05,2.5714285714285716
Region V: Bicol Region,1,2022-04-06,2.5714285714285716
Region V: Bicol Region,4,2022-04-07,2.857142857142857
Region V: Bicol Region,1,2022-04-08,1.8571428571428572
Region V: Bicol Region,0,2022-04-09,1.7142857142857142
Region V: Bicol Region,1,2022-04-10,1.4285714285714286
Region V: Bicol Region,0,2022-04-11,1.0
Region V: Bicol Region,3,2022-04-12,1.4285714285714286
Region V: Bicol Region,0,2022-04-13,1.2857142857142858
Region V: Bicol Region,2,2022-04-14,1.0
Region V: Bicol Region,2,2022-04-15,1.1428571428571428
Region V: Bicol Region,0,2022-04-16,1.1428571428571428
Region V: Bicol Region,0,2022-04-17,1.0
Region V: Bicol Region,1,2022-04-18,1.1428571428571428
Region V: Bicol Region,0,2022-04-19,0.7142857142857143
Region V: Bicol Region,1,2022-04-20,0.8571428571428571
Region V: Bicol Region,1,2022-04-21,0.7142857142857143
Region V: Bicol Region,3,2022-04-22,0.8571428571428571
Region V: Bicol Region,7,2022-04-23,1.8571428571428572
Region V: Bicol Region,3,2022-04-24,2.2857142857142856
Region V: Bicol Region,4,2022-04-25,2.7142857142857144
Region V: Bicol Region,6,2022-04-26,3.5714285714285716
Region V: Bicol Region,5,2022-04-27,4.142857142857143
Region V: Bicol Region,4,2022-04-28,4.571428571428571
Region V: Bicol Region,4,2022-04-29,4.714285714285714
Region V: Bicol Region,1,2022-04-30,3.857142857142857
Region V: Bicol Region,6,2022-05-01,4.285714285714286
Region V: Bicol Region,1,2022-05-02,3.857142857142857
Region V: Bicol Region,1,2022-05-03,3.142857142857143
Region V: Bicol Region,0,2022-05-04,2.4285714285714284
Region V: Bicol Region,1,2022-05-05,2.0
Region V: Bicol Region,1,2022-05-06,1.5714285714285714
Region V: Bicol Region,0,2022-05-07,1.4285714285714286
Region V: Bicol Region,0,2022-05-08,0.5714285714285714
Region V: Bicol Region,2,2022-05-09,0.7142857142857143
Region V: Bicol Region,1,2022-05-10,0.7142857142857143
Region V: Bicol Region,1,2022-05-11,0.8571428571428571
Region V: Bicol Region,2,2022-05-12,1.0
Region V: Bicol Region,0,2022-05-13,0.8571428571428571
Region V: Bicol Region,2,2022-05-14,1.1428571428571428
Region V: Bicol Region,5,2022-05-15,1.8571428571428572
Region V: Bicol Region,2,2022-05-16,1.8571428571428572
Region V: Bicol Region,1,2022-05-17,1.8571428571428572
Region V: Bicol Region,2,2022-05-18,2.0
Region V: Bicol Region,3,2022-05-19,2.142857142857143
Region V: Bicol Region,2,2022-05-20,2.4285714285714284
Region V: Bicol Region,8,2022-05-21,3.2857142857142856
Region V: Bicol Region,6,2022-05-22,3.4285714285714284
Region V: Bicol Region,0,2022-05-23,3.142857142857143
Region V: Bicol Region,0,2022-05-24,3.0
Region V: Bicol Region,2,2022-05-25,3.0
Region V: Bicol Region,1,2022-05-26,2.7142857142857144
Region V: Bicol Region,3,2022-05-27,2.857142857142857
Region V: Bicol Region,4,2022-05-28,2.2857142857142856
Region V: Bicol Region,1,2022-05-29,1.5714285714285714
Region V: Bicol Region,1,2022-05-30,1.7142857142857142
Region V: Bicol Region,0,2022-05-31,1.7142857142857142
Region V: Bicol Region,1,2022-06-01,1.5714285714285714
Region V: Bicol Region,0,2022-06-02,1.4285714285714286
Region V: Bicol Region,3,2022-06-03,1.4285714285714286
Region V: Bicol Region,1,2022-06-04,1.0
Region V: Bicol Region,0,2022-06-05,0.8571428571428571
Region V: Bicol Region,3,2022-06-06,1.1428571428571428
Region V: Bicol Region,1,2022-06-07,1.2857142857142858
Region V: Bicol Region,5,2022-06-08,1.8571428571428572
Region V: Bicol Region,3,2022-06-09,2.2857142857142856
Region V: Bicol Region,4,2022-06-10,2.4285714285714284
Region V: Bicol Region,0,2022-06-11,2.2857142857142856
Region V: Bicol Region,2,2022-06-12,2.5714285714285716
Region V: Bicol Region,0,2022-06-13,2.142857142857143
Region V: Bicol Region,1,2022-06-14,2.142857142857143
Region V: Bicol Region,0,2022-06-15,1.4285714285714286
Region V: Bicol Region,2,2022-06-16,1.2857142857142858
Region V: Bicol Region,6,2022-06-17,1.5714285714285714
Region V: Bicol Region,8,2022-06-18,2.7142857142857144
