region,count,date,7DayMA
Region IV-B: MIMAROPA,1,2020-03-21,
Region IV-B: MIMAROPA,0,2020-03-22,
Region IV-B: MIMAROPA,0,2020-03-23,
Region IV-B: MIMAROPA,1,2020-03-24,
Region IV-B: MIMAROPA,1,2020-03-25,
Region IV-B: MIMAROPA,0,2020-03-26,
Region IV-B: MIMAROPA,0,2020-03-27,0.42857142857142855
Region IV-B: MIMAROPA,2,2020-03-28,0.5714285714285714
Region IV-B: MIMAROPA,1,2020-03-29,0.7142857142857143
Region IV-B: MIMAROPA,0,2020-03-30,0.7142857142857143
Region IV-B: MIMAROPA,3,2020-03-31,1.0
Region IV-B: MIMAROPA,0,2020-04-01,0.8571428571428571
Region IV-B: MIMAROPA,1,2020-04-02,1.0
Region IV-B: MIMAROPA,0,2020-04-03,1.0
Region IV-B: MIMAROPA,0,2020-04-04,0.7142857142857143
Region IV-B: MIMAROPA,0,2020-04-05,0.5714285714285714
Region IV-B: MIMAROPA,0,2020-04-06,0.5714285714285714
Region IV-B: MIMAROPA,0,2020-04-07,0.14285714285714285
Region IV-B: MIMAROPA,0,2020-04-08,0.14285714285714285
Region IV-B: MIMAROPA,1,2020-04-09,0.14285714285714285
Region IV-B: MIMAROPA,0,2020-04-10,0.14285714285714285
Region IV-B: MIMAROPA,0,2020-04-11,0.14285714285714285
Region IV-B: MIMAROPA,4,2020-04-12,0.7142857142857143
Region IV-B: MIMAROPA,0,2020-04-13,0.7142857142857143
Region IV-B: MIMAROPA,0,2020-04-14,0.7142857142857143
Region IV-B: MIMAROPA,0,2020-04-15,0.7142857142857143
Region IV-B: MIMAROPA,0,2020-04-16,0.5714285714285714
Region IV-B: MIMAROPA,0,2020-04-17,0.5714285714285714
Region IV-B: MIMAROPA,0,2020-04-18,0.5714285714285714
Region IV-B: MIMAROPA,0,2020-04-19,0.0
Region IV-B: MIMAROPA,0,2020-04-20,0.0
Region IV-B: MIMAROPA,0,2020-04-21,0.0
Region IV-B: MIMAROPA,0,2020-04-22,0.0
Region IV-B: MIMAROPA,1,2020-04-23,0.14285714285714285
Region IV-B: MIMAROPA,0,2020-04-24,0.14285714285714285
Region IV-B: MIMAROPA,0,2020-04-25,0.14285714285714285
Region IV-B: MIMAROPA,3,2020-04-26,0.5714285714285714
Region IV-B: MIMAROPA,2,2020-04-27,0.8571428571428571
Region IV-B: MIMAROPA,0,2020-04-28,0.8571428571428571
Region IV-B: MIMAROPA,0,2020-04-29,0.8571428571428571
Region IV-B: MIMAROPA,0,2020-04-30,0.7142857142857143
Region IV-B: MIMAROPA,1,2020-05-01,0.8571428571428571
Region IV-B: MIMAROPA,0,2020-05-02,0.8571428571428571
Region IV-B: MIMAROPA,1,2020-05-03,0.5714285714285714
Region IV-B: MIMAROPA,1,2020-05-04,0.42857142857142855
Region IV-B: MIMAROPA,0,2020-05-05,0.42857142857142855
Region IV-B: MIMAROPA,4,2020-05-06,1.0
Region IV-B: MIMAROPA,0,2020-05-07,1.0
Region IV-B: MIMAROPA,0,2020-05-08,0.8571428571428571
Region IV-B: MIMAROPA,0,2020-05-09,0.8571428571428571
Region IV-B: MIMAROPA,0,2020-05-10,0.7142857142857143
Region IV-B: MIMAROPA,0,2020-05-11,0.5714285714285714
Region IV-B: MIMAROPA,7,2020-05-12,1.5714285714285714
Region IV-B: MIMAROPA,0,2020-05-13,1.0
Region IV-B: MIMAROPA,1,2020-05-14,1.1428571428571428
Region IV-B: MIMAROPA,0,2020-05-15,1.1428571428571428
Region IV-B: MIMAROPA,1,2020-05-16,1.2857142857142858
Region IV-B: MIMAROPA,0,2020-05-17,1.2857142857142858
Region IV-B: MIMAROPA,0,2020-05-18,1.2857142857142858
Region IV-B: MIMAROPA,0,2020-05-19,0.2857142857142857
Region IV-B: MIMAROPA,0,2020-05-20,0.2857142857142857
Region IV-B: MIMAROPA,0,2020-05-21,0.14285714285714285
Region IV-B: MIMAROPA,1,2020-05-22,0.2857142857142857
Region IV-B: MIMAROPA,0,2020-05-23,0.14285714285714285
Region IV-B: MIMAROPA,0,2020-05-24,0.14285714285714285
Region IV-B: MIMAROPA,0,2020-05-25,0.14285714285714285
Region IV-B: MIMAROPA,0,2020-05-26,0.14285714285714285
Region IV-B: MIMAROPA,0,2020-05-27,0.14285714285714285
Region IV-B: MIMAROPA,0,2020-05-28,0.14285714285714285
Region IV-B: MIMAROPA,0,2020-05-29,0.0
Region IV-B: MIMAROPA,1,2020-05-30,0.14285714285714285
Region IV-B: MIMAROPA,1,2020-05-31,0.2857142857142857
Region IV-B: MIMAROPA,0,2020-06-01,0.2857142857142857
Region IV-B: MIMAROPA,1,2020-06-02,0.42857142857142855
Region IV-B: MIMAROPA,18,2020-06-03,3.0
Region IV-B: MIMAROPA,8,2020-06-04,4.142857142857143
Region IV-B: MIMAROPA,1,2020-06-05,4.285714285714286
Region IV-B: MIMAROPA,1,2020-06-06,4.285714285714286
Region IV-B: MIMAROPA,1,2020-06-07,4.285714285714286
Region IV-B: MIMAROPA,0,2020-06-08,4.285714285714286
Region IV-B: MIMAROPA,0,2020-06-09,4.142857142857143
Region IV-B: MIMAROPA,1,2020-06-10,1.7142857142857142
Region IV-B: MIMAROPA,0,2020-06-11,0.5714285714285714
Region IV-B: MIMAROPA,1,2020-06-12,0.5714285714285714
Region IV-B: MIMAROPA,0,2020-06-13,0.42857142857142855
Region IV-B: MIMAROPA,2,2020-06-14,0.5714285714285714
Region IV-B: MIMAROPA,0,2020-06-15,0.5714285714285714
Region IV-B: MIMAROPA,0,2020-06-16,0.5714285714285714
Region IV-B: MIMAROPA,0,2020-06-17,0.42857142857142855
Region IV-B: MIMAROPA,2,2020-06-18,0.7142857142857143
Region IV-B: MIMAROPA,0,2020-06-19,0.5714285714285714
Region IV-B: MIMAROPA,2,2020-06-20,0.8571428571428571
Region IV-B: MIMAROPA,0,2020-06-21,0.5714285714285714
Region IV-B: MIMAROPA,0,2020-06-22,0.5714285714285714
Region IV-B: MIMAROPA,2,2020-06-23,0.8571428571428571
Region IV-B: MIMAROPA,1,2020-06-24,1.0
Region IV-B: MIMAROPA,0,2020-06-25,0.7142857142857143
Region IV-B: MIMAROPA,1,2020-06-26,0.8571428571428571
Region IV-B: MIMAROPA,7,2020-06-27,1.5714285714285714
Region IV-B: MIMAROPA,0,2020-06-28,1.5714285714285714
Region IV-B: MIMAROPA,0,2020-06-29,1.5714285714285714
Region IV-B: MIMAROPA,2,2020-06-30,1.5714285714285714
Region IV-B: MIMAROPA,0,2020-07-01,1.4285714285714286
Region IV-B: MIMAROPA,1,2020-07-02,1.5714285714285714
Region IV-B: MIMAROPA,1,2020-07-03,1.5714285714285714
Region IV-B: MIMAROPA,9,2020-07-04,1.8571428571428572
Region IV-B: MIMAROPA,5,2020-07-05,2.5714285714285716
Region IV-B: MIMAROPA,4,2020-07-06,3.142857142857143
Region IV-B: MIMAROPA,2,2020-07-07,3.142857142857143
Region IV-B: MIMAROPA,5,2020-07-08,3.857142857142857
Region IV-B: MIMAROPA,3,2020-07-09,4.142857142857143
Region IV-B: MIMAROPA,3,2020-07-10,4.428571428571429
Region IV-B: MIMAROPA,6,2020-07-11,4.0
Region IV-B: MIMAROPA,4,2020-07-12,3.857142857142857
Region IV-B: MIMAROPA,0,2020-07-13,3.2857142857142856
Region IV-B: MIMAROPA,0,2020-07-14,3.0
Region IV-B: MIMAROPA,0,2020-07-15,2.2857142857142856
Region IV-B: MIMAROPA,9,2020-07-16,3.142857142857143
Region IV-B: MIMAROPA,0,2020-07-17,2.7142857142857144
Region IV-B: MIMAROPA,5,2020-07-18,2.5714285714285716
Region IV-B: MIMAROPA,7,2020-07-19,3.0
Region IV-B: MIMAROPA,1,2020-07-20,3.142857142857143
Region IV-B: MIMAROPA,3,2020-07-21,3.5714285714285716
Region IV-B: MIMAROPA,17,2020-07-22,6.0
Region IV-B: MIMAROPA,3,2020-07-23,5.142857142857143
Region IV-B: MIMAROPA,3,2020-07-24,5.571428571428571
Region IV-B: MIMAROPA,0,2020-07-25,4.857142857142857
Region IV-B: MIMAROPA,1,2020-07-26,4.0
Region IV-B: MIMAROPA,7,2020-07-27,4.857142857142857
Region IV-B: MIMAROPA,0,2020-07-28,4.428571428571429
Region IV-B: MIMAROPA,4,2020-07-29,2.5714285714285716
Region IV-B: MIMAROPA,5,2020-07-30,2.857142857142857
Region IV-B: MIMAROPA,13,2020-07-31,4.285714285714286
Region IV-B: MIMAROPA,11,2020-08-01,5.857142857142857
Region IV-B: MIMAROPA,7,2020-08-02,6.714285714285714
Region IV-B: MIMAROPA,1,2020-08-03,5.857142857142857
Region IV-B: MIMAROPA,20,2020-08-04,8.714285714285714
Region IV-B: MIMAROPA,7,2020-08-05,9.142857142857142
Region IV-B: MIMAROPA,10,2020-08-06,9.857142857142858
Region IV-B: MIMAROPA,23,2020-08-07,11.285714285714286
Region IV-B: MIMAROPA,9,2020-08-08,11.0
Region IV-B: MIMAROPA,1,2020-08-09,10.142857142857142
Region IV-B: MIMAROPA,13,2020-08-10,11.857142857142858
Region IV-B: MIMAROPA,13,2020-08-11,10.857142857142858
Region IV-B: MIMAROPA,11,2020-08-12,11.428571428571429
Region IV-B: MIMAROPA,5,2020-08-13,10.714285714285714
Region IV-B: MIMAROPA,21,2020-08-14,10.428571428571429
Region IV-B: MIMAROPA,53,2020-08-15,16.714285714285715
Region IV-B: MIMAROPA,7,2020-08-16,17.571428571428573
Region IV-B: MIMAROPA,9,2020-08-17,17.0
Region IV-B: MIMAROPA,9,2020-08-18,16.428571428571427
Region IV-B: MIMAROPA,8,2020-08-19,16.0
Region IV-B: MIMAROPA,9,2020-08-20,16.571428571428573
Region IV-B: MIMAROPA,15,2020-08-21,15.714285714285714
Region IV-B: MIMAROPA,27,2020-08-22,12.0
Region IV-B: MIMAROPA,4,2020-08-23,11.571428571428571
Region IV-B: MIMAROPA,13,2020-08-24,12.142857142857142
Region IV-B: MIMAROPA,18,2020-08-25,13.428571428571429
Region IV-B: MIMAROPA,20,2020-08-26,15.142857142857142
Region IV-B: MIMAROPA,2,2020-08-27,14.142857142857142
Region IV-B: MIMAROPA,12,2020-08-28,13.714285714285714
Region IV-B: MIMAROPA,0,2020-08-29,9.857142857142858
Region IV-B: MIMAROPA,9,2020-08-30,10.571428571428571
Region IV-B: MIMAROPA,1,2020-08-31,8.857142857142858
Region IV-B: MIMAROPA,4,2020-09-01,6.857142857142857
Region IV-B: MIMAROPA,5,2020-09-02,4.714285714285714
Region IV-B: MIMAROPA,10,2020-09-03,5.857142857142857
Region IV-B: MIMAROPA,16,2020-09-04,6.428571428571429
Region IV-B: MIMAROPA,22,2020-09-05,9.571428571428571
Region IV-B: MIMAROPA,45,2020-09-06,14.714285714285714
Region IV-B: MIMAROPA,21,2020-09-07,17.571428571428573
Region IV-B: MIMAROPA,10,2020-09-08,18.428571428571427
Region IV-B: MIMAROPA,14,2020-09-09,19.714285714285715
Region IV-B: MIMAROPA,32,2020-09-10,22.857142857142858
Region IV-B: MIMAROPA,20,2020-09-11,23.428571428571427
Region IV-B: MIMAROPA,56,2020-09-12,28.285714285714285
Region IV-B: MIMAROPA,41,2020-09-13,27.714285714285715
Region IV-B: MIMAROPA,37,2020-09-14,30.0
Region IV-B: MIMAROPA,17,2020-09-15,31.0
Region IV-B: MIMAROPA,48,2020-09-16,35.857142857142854
Region IV-B: MIMAROPA,16,2020-09-17,33.57142857142857
Region IV-B: MIMAROPA,27,2020-09-18,34.57142857142857
Region IV-B: MIMAROPA,29,2020-09-19,30.714285714285715
Region IV-B: MIMAROPA,34,2020-09-20,29.714285714285715
Region IV-B: MIMAROPA,3,2020-09-21,24.857142857142858
Region IV-B: MIMAROPA,3,2020-09-22,22.857142857142858
Region IV-B: MIMAROPA,23,2020-09-23,19.285714285714285
Region IV-B: MIMAROPA,18,2020-09-24,19.571428571428573
Region IV-B: MIMAROPA,23,2020-09-25,19.0
Region IV-B: MIMAROPA,33,2020-09-26,19.571428571428573
Region IV-B: MIMAROPA,41,2020-09-27,20.571428571428573
Region IV-B: MIMAROPA,68,2020-09-28,29.857142857142858
Region IV-B: MIMAROPA,20,2020-09-29,32.285714285714285
Region IV-B: MIMAROPA,25,2020-09-30,32.57142857142857
Region IV-B: MIMAROPA,38,2020-10-01,35.42857142857143
Region IV-B: MIMAROPA,30,2020-10-02,36.42857142857143
Region IV-B: MIMAROPA,36,2020-10-03,36.857142857142854
Region IV-B: MIMAROPA,26,2020-10-04,34.714285714285715
Region IV-B: MIMAROPA,25,2020-10-05,28.571428571428573
Region IV-B: MIMAROPA,11,2020-10-06,27.285714285714285
Region IV-B: MIMAROPA,30,2020-10-07,28.0
Region IV-B: MIMAROPA,25,2020-10-08,26.142857142857142
Region IV-B: MIMAROPA,42,2020-10-09,27.857142857142858
Region IV-B: MIMAROPA,15,2020-10-10,24.857142857142858
Region IV-B: MIMAROPA,33,2020-10-11,25.857142857142858
Region IV-B: MIMAROPA,9,2020-10-12,23.571428571428573
Region IV-B: MIMAROPA,7,2020-10-13,23.0
Region IV-B: MIMAROPA,9,2020-10-14,20.0
Region IV-B: MIMAROPA,22,2020-10-15,19.571428571428573
Region IV-B: MIMAROPA,21,2020-10-16,16.571428571428573
Region IV-B: MIMAROPA,13,2020-10-17,16.285714285714285
Region IV-B: MIMAROPA,13,2020-10-18,13.428571428571429
Region IV-B: MIMAROPA,14,2020-10-19,14.142857142857142
Region IV-B: MIMAROPA,5,2020-10-20,13.857142857142858
Region IV-B: MIMAROPA,6,2020-10-21,13.428571428571429
Region IV-B: MIMAROPA,11,2020-10-22,11.857142857142858
Region IV-B: MIMAROPA,3,2020-10-23,9.285714285714286
Region IV-B: MIMAROPA,9,2020-10-24,8.714285714285714
Region IV-B: MIMAROPA,9,2020-10-25,8.142857142857142
Region IV-B: MIMAROPA,4,2020-10-26,6.714285714285714
Region IV-B: MIMAROPA,2,2020-10-27,6.285714285714286
Region IV-B: MIMAROPA,4,2020-10-28,6.0
Region IV-B: MIMAROPA,11,2020-10-29,6.0
Region IV-B: MIMAROPA,3,2020-10-30,6.0
Region IV-B: MIMAROPA,10,2020-10-31,6.142857142857143
Region IV-B: MIMAROPA,20,2020-11-01,7.714285714285714
Region IV-B: MIMAROPA,11,2020-11-02,8.714285714285714
Region IV-B: MIMAROPA,2,2020-11-03,8.714285714285714
Region IV-B: MIMAROPA,4,2020-11-04,8.714285714285714
Region IV-B: MIMAROPA,11,2020-11-05,8.714285714285714
Region IV-B: MIMAROPA,8,2020-11-06,9.428571428571429
Region IV-B: MIMAROPA,5,2020-11-07,8.714285714285714
Region IV-B: MIMAROPA,5,2020-11-08,6.571428571428571
Region IV-B: MIMAROPA,19,2020-11-09,7.714285714285714
Region IV-B: MIMAROPA,3,2020-11-10,7.857142857142857
Region IV-B: MIMAROPA,5,2020-11-11,8.0
Region IV-B: MIMAROPA,11,2020-11-12,8.0
Region IV-B: MIMAROPA,7,2020-11-13,7.857142857142857
Region IV-B: MIMAROPA,9,2020-11-14,8.428571428571429
Region IV-B: MIMAROPA,9,2020-11-15,9.0
Region IV-B: MIMAROPA,21,2020-11-16,9.285714285714286
Region IV-B: MIMAROPA,2,2020-11-17,9.142857142857142
Region IV-B: MIMAROPA,17,2020-11-18,10.857142857142858
Region IV-B: MIMAROPA,11,2020-11-19,10.857142857142858
Region IV-B: MIMAROPA,6,2020-11-20,10.714285714285714
Region IV-B: MIMAROPA,8,2020-11-21,10.571428571428571
Region IV-B: MIMAROPA,17,2020-11-22,11.714285714285714
Region IV-B: MIMAROPA,14,2020-11-23,10.714285714285714
Region IV-B: MIMAROPA,2,2020-11-24,10.714285714285714
Region IV-B: MIMAROPA,14,2020-11-25,10.285714285714286
Region IV-B: MIMAROPA,26,2020-11-26,12.428571428571429
Region IV-B: MIMAROPA,11,2020-11-27,13.142857142857142
Region IV-B: MIMAROPA,27,2020-11-28,15.857142857142858
Region IV-B: MIMAROPA,19,2020-11-29,16.142857142857142
Region IV-B: MIMAROPA,16,2020-11-30,16.428571428571427
Region IV-B: MIMAROPA,10,2020-12-01,17.571428571428573
Region IV-B: MIMAROPA,19,2020-12-02,18.285714285714285
Region IV-B: MIMAROPA,26,2020-12-03,18.285714285714285
Region IV-B: MIMAROPA,29,2020-12-04,20.857142857142858
Region IV-B: MIMAROPA,17,2020-12-05,19.428571428571427
Region IV-B: MIMAROPA,32,2020-12-06,21.285714285714285
Region IV-B: MIMAROPA,11,2020-12-07,20.571428571428573
Region IV-B: MIMAROPA,6,2020-12-08,20.0
Region IV-B: MIMAROPA,29,2020-12-09,21.428571428571427
Region IV-B: MIMAROPA,13,2020-12-10,19.571428571428573
Region IV-B: MIMAROPA,12,2020-12-11,17.142857142857142
Region IV-B: MIMAROPA,9,2020-12-12,16.0
Region IV-B: MIMAROPA,0,2020-12-13,11.428571428571429
Region IV-B: MIMAROPA,22,2020-12-14,13.0
Region IV-B: MIMAROPA,5,2020-12-15,12.857142857142858
Region IV-B: MIMAROPA,4,2020-12-16,9.285714285714286
Region IV-B: MIMAROPA,5,2020-12-17,8.142857142857142
Region IV-B: MIMAROPA,11,2020-12-18,8.0
Region IV-B: MIMAROPA,7,2020-12-19,7.714285714285714
Region IV-B: MIMAROPA,19,2020-12-20,10.428571428571429
Region IV-B: MIMAROPA,6,2020-12-21,8.142857142857142
Region IV-B: MIMAROPA,0,2020-12-22,7.428571428571429
Region IV-B: MIMAROPA,8,2020-12-23,8.0
Region IV-B: MIMAROPA,9,2020-12-24,8.571428571428571
Region IV-B: MIMAROPA,8,2020-12-25,8.142857142857142
Region IV-B: MIMAROPA,12,2020-12-26,8.857142857142858
Region IV-B: MIMAROPA,17,2020-12-27,8.571428571428571
Region IV-B: MIMAROPA,5,2020-12-28,8.428571428571429
Region IV-B: MIMAROPA,0,2020-12-29,8.428571428571429
Region IV-B: MIMAROPA,12,2020-12-30,9.0
Region IV-B: MIMAROPA,7,2020-12-31,8.714285714285714
Region IV-B: MIMAROPA,19,2021-01-01,10.285714285714286
Region IV-B: MIMAROPA,14,2021-01-02,10.571428571428571
Region IV-B: MIMAROPA,3,2021-01-03,8.571428571428571
Region IV-B: MIMAROPA,0,2021-01-04,7.857142857142857
Region IV-B: MIMAROPA,0,2021-01-05,7.857142857142857
Region IV-B: MIMAROPA,15,2021-01-06,8.285714285714286
Region IV-B: MIMAROPA,4,2021-01-07,7.857142857142857
Region IV-B: MIMAROPA,10,2021-01-08,6.571428571428571
Region IV-B: MIMAROPA,9,2021-01-09,5.857142857142857
Region IV-B: MIMAROPA,7,2021-01-10,6.428571428571429
Region IV-B: MIMAROPA,6,2021-01-11,7.285714285714286
Region IV-B: MIMAROPA,14,2021-01-12,9.285714285714286
Region IV-B: MIMAROPA,17,2021-01-13,9.571428571428571
Region IV-B: MIMAROPA,14,2021-01-14,11.0
Region IV-B: MIMAROPA,10,2021-01-15,11.0
Region IV-B: MIMAROPA,15,2021-01-16,11.857142857142858
Region IV-B: MIMAROPA,5,2021-01-17,11.571428571428571
Region IV-B: MIMAROPA,7,2021-01-18,11.714285714285714
Region IV-B: MIMAROPA,18,2021-01-19,12.285714285714286
Region IV-B: MIMAROPA,19,2021-01-20,12.571428571428571
Region IV-B: MIMAROPA,19,2021-01-21,13.285714285714286
Region IV-B: MIMAROPA,8,2021-01-22,13.0
Region IV-B: MIMAROPA,4,2021-01-23,11.428571428571429
Region IV-B: MIMAROPA,7,2021-01-24,11.714285714285714
Region IV-B: MIMAROPA,16,2021-01-25,13.0
Region IV-B: MIMAROPA,3,2021-01-26,10.857142857142858
Region IV-B: MIMAROPA,8,2021-01-27,9.285714285714286
Region IV-B: MIMAROPA,5,2021-01-28,7.285714285714286
Region IV-B: MIMAROPA,3,2021-01-29,6.571428571428571
Region IV-B: MIMAROPA,3,2021-01-30,6.428571428571429
Region IV-B: MIMAROPA,18,2021-01-31,8.0
Region IV-B: MIMAROPA,7,2021-02-01,6.714285714285714
Region IV-B: MIMAROPA,3,2021-02-02,6.714285714285714
Region IV-B: MIMAROPA,5,2021-02-03,6.285714285714286
Region IV-B: MIMAROPA,2,2021-02-04,5.857142857142857
Region IV-B: MIMAROPA,2,2021-02-05,5.714285714285714
Region IV-B: MIMAROPA,3,2021-02-06,5.714285714285714
Region IV-B: MIMAROPA,2,2021-02-07,3.4285714285714284
Region IV-B: MIMAROPA,5,2021-02-08,3.142857142857143
Region IV-B: MIMAROPA,2,2021-02-09,3.0
Region IV-B: MIMAROPA,4,2021-02-10,2.857142857142857
Region IV-B: MIMAROPA,2,2021-02-11,2.857142857142857
Region IV-B: MIMAROPA,21,2021-02-12,5.571428571428571
Region IV-B: MIMAROPA,6,2021-02-13,6.0
Region IV-B: MIMAROPA,13,2021-02-14,7.571428571428571
Region IV-B: MIMAROPA,9,2021-02-15,8.142857142857142
Region IV-B: MIMAROPA,0,2021-02-16,7.857142857142857
Region IV-B: MIMAROPA,8,2021-02-17,8.428571428571429
Region IV-B: MIMAROPA,8,2021-02-18,9.285714285714286
Region IV-B: MIMAROPA,10,2021-02-19,7.714285714285714
Region IV-B: MIMAROPA,1,2021-02-20,7.0
Region IV-B: MIMAROPA,2,2021-02-21,5.428571428571429
Region IV-B: MIMAROPA,7,2021-02-22,5.142857142857143
Region IV-B: MIMAROPA,3,2021-02-23,5.571428571428571
Region IV-B: MIMAROPA,4,2021-02-24,5.0
Region IV-B: MIMAROPA,3,2021-02-25,4.285714285714286
Region IV-B: MIMAROPA,18,2021-02-26,5.428571428571429
Region IV-B: MIMAROPA,0,2021-02-27,5.285714285714286
Region IV-B: MIMAROPA,5,2021-02-28,5.714285714285714
Region IV-B: MIMAROPA,3,2021-03-01,5.142857142857143
Region IV-B: MIMAROPA,5,2021-03-02,5.428571428571429
Region IV-B: MIMAROPA,15,2021-03-03,7.0
Region IV-B: MIMAROPA,9,2021-03-04,7.857142857142857
Region IV-B: MIMAROPA,10,2021-03-05,6.714285714285714
Region IV-B: MIMAROPA,14,2021-03-06,8.714285714285714
Region IV-B: MIMAROPA,15,2021-03-07,10.142857142857142
Region IV-B: MIMAROPA,9,2021-03-08,11.0
Region IV-B: MIMAROPA,17,2021-03-09,12.714285714285714
Region IV-B: MIMAROPA,18,2021-03-10,13.142857142857142
Region IV-B: MIMAROPA,12,2021-03-11,13.571428571428571
Region IV-B: MIMAROPA,24,2021-03-12,15.571428571428571
Region IV-B: MIMAROPA,14,2021-03-13,15.571428571428571
Region IV-B: MIMAROPA,21,2021-03-14,16.428571428571427
Region IV-B: MIMAROPA,14,2021-03-15,17.142857142857142
Region IV-B: MIMAROPA,22,2021-03-16,17.857142857142858
Region IV-B: MIMAROPA,30,2021-03-17,19.571428571428573
Region IV-B: MIMAROPA,31,2021-03-18,22.285714285714285
Region IV-B: MIMAROPA,32,2021-03-19,23.428571428571427
Region IV-B: MIMAROPA,26,2021-03-20,25.142857142857142
Region IV-B: MIMAROPA,35,2021-03-21,27.142857142857142
Region IV-B: MIMAROPA,62,2021-03-22,34.0
Region IV-B: MIMAROPA,15,2021-03-23,33.0
Region IV-B: MIMAROPA,24,2021-03-24,32.142857142857146
Region IV-B: MIMAROPA,54,2021-03-25,35.42857142857143
Region IV-B: MIMAROPA,49,2021-03-26,37.857142857142854
Region IV-B: MIMAROPA,40,2021-03-27,39.857142857142854
Region IV-B: MIMAROPA,38,2021-03-28,40.285714285714285
Region IV-B: MIMAROPA,43,2021-03-29,37.57142857142857
Region IV-B: MIMAROPA,95,2021-03-30,49.0
Region IV-B: MIMAROPA,25,2021-03-31,49.142857142857146
Region IV-B: MIMAROPA,61,2021-04-01,50.142857142857146
Region IV-B: MIMAROPA,103,2021-04-02,57.857142857142854
Region IV-B: MIMAROPA,38,2021-04-03,57.57142857142857
Region IV-B: MIMAROPA,55,2021-04-04,60.0
Region IV-B: MIMAROPA,53,2021-04-05,61.42857142857143
Region IV-B: MIMAROPA,36,2021-04-06,53.0
Region IV-B: MIMAROPA,28,2021-04-07,53.42857142857143
Region IV-B: MIMAROPA,47,2021-04-08,51.42857142857143
Region IV-B: MIMAROPA,67,2021-04-09,46.285714285714285
Region IV-B: MIMAROPA,31,2021-04-10,45.285714285714285
Region IV-B: MIMAROPA,28,2021-04-11,41.42857142857143
Region IV-B: MIMAROPA,77,2021-04-12,44.857142857142854
Region IV-B: MIMAROPA,87,2021-04-13,52.142857142857146
Region IV-B: MIMAROPA,60,2021-04-14,56.714285714285715
Region IV-B: MIMAROPA,87,2021-04-15,62.42857142857143
Region IV-B: MIMAROPA,81,2021-04-16,64.42857142857143
Region IV-B: MIMAROPA,58,2021-04-17,68.28571428571429
Region IV-B: MIMAROPA,81,2021-04-18,75.85714285714286
Region IV-B: MIMAROPA,69,2021-04-19,74.71428571428571
Region IV-B: MIMAROPA,67,2021-04-20,71.85714285714286
Region IV-B: MIMAROPA,94,2021-04-21,76.71428571428571
Region IV-B: MIMAROPA,116,2021-04-22,80.85714285714286
Region IV-B: MIMAROPA,93,2021-04-23,82.57142857142857
Region IV-B: MIMAROPA,62,2021-04-24,83.14285714285714
Region IV-B: MIMAROPA,138,2021-04-25,91.28571428571429
Region IV-B: MIMAROPA,94,2021-04-26,94.85714285714286
Region IV-B: MIMAROPA,51,2021-04-27,92.57142857142857
Region IV-B: MIMAROPA,114,2021-04-28,95.42857142857143
Region IV-B: MIMAROPA,105,2021-04-29,93.85714285714286
Region IV-B: MIMAROPA,102,2021-04-30,95.14285714285714
Region IV-B: MIMAROPA,134,2021-05-01,105.42857142857143
Region IV-B: MIMAROPA,136,2021-05-02,105.14285714285714
Region IV-B: MIMAROPA,144,2021-05-03,112.28571428571429
Region IV-B: MIMAROPA,57,2021-05-04,113.14285714285714
Region IV-B: MIMAROPA,113,2021-05-05,113.0
Region IV-B: MIMAROPA,151,2021-05-06,119.57142857142857
Region IV-B: MIMAROPA,163,2021-05-07,128.28571428571428
Region IV-B: MIMAROPA,141,2021-05-08,129.28571428571428
Region IV-B: MIMAROPA,96,2021-05-09,123.57142857142857
Region IV-B: MIMAROPA,206,2021-05-10,132.42857142857142
Region IV-B: MIMAROPA,83,2021-05-11,136.14285714285714
Region IV-B: MIMAROPA,56,2021-05-12,128.0
Region IV-B: MIMAROPA,95,2021-05-13,120.0
Region IV-B: MIMAROPA,50,2021-05-14,103.85714285714286
Region IV-B: MIMAROPA,112,2021-05-15,99.71428571428571
Region IV-B: MIMAROPA,159,2021-05-16,108.71428571428571
Region IV-B: MIMAROPA,214,2021-05-17,109.85714285714286
Region IV-B: MIMAROPA,141,2021-05-18,118.14285714285714
Region IV-B: MIMAROPA,147,2021-05-19,131.14285714285714
Region IV-B: MIMAROPA,254,2021-05-20,153.85714285714286
Region IV-B: MIMAROPA,224,2021-05-21,178.71428571428572
Region IV-B: MIMAROPA,202,2021-05-22,191.57142857142858
Region IV-B: MIMAROPA,103,2021-05-23,183.57142857142858
Region IV-B: MIMAROPA,176,2021-05-24,178.14285714285714
Region IV-B: MIMAROPA,191,2021-05-25,185.28571428571428
Region IV-B: MIMAROPA,114,2021-05-26,180.57142857142858
Region IV-B: MIMAROPA,139,2021-05-27,164.14285714285714
Region IV-B: MIMAROPA,156,2021-05-28,154.42857142857142
Region IV-B: MIMAROPA,199,2021-05-29,154.0
Region IV-B: MIMAROPA,167,2021-05-30,163.14285714285714
Region IV-B: MIMAROPA,159,2021-05-31,160.71428571428572
Region IV-B: MIMAROPA,73,2021-06-01,143.85714285714286
Region IV-B: MIMAROPA,164,2021-06-02,151.0
Region IV-B: MIMAROPA,181,2021-06-03,157.0
Region IV-B: MIMAROPA,136,2021-06-04,154.14285714285714
Region IV-B: MIMAROPA,90,2021-06-05,138.57142857142858
Region IV-B: MIMAROPA,131,2021-06-06,133.42857142857142
Region IV-B: MIMAROPA,151,2021-06-07,132.28571428571428
Region IV-B: MIMAROPA,149,2021-06-08,143.14285714285714
Region IV-B: MIMAROPA,139,2021-06-09,139.57142857142858
Region IV-B: MIMAROPA,93,2021-06-10,127.0
Region IV-B: MIMAROPA,153,2021-06-11,129.42857142857142
Region IV-B: MIMAROPA,111,2021-06-12,132.42857142857142
Region IV-B: MIMAROPA,188,2021-06-13,140.57142857142858
Region IV-B: MIMAROPA,145,2021-06-14,139.71428571428572
Region IV-B: MIMAROPA,134,2021-06-15,137.57142857142858
Region IV-B: MIMAROPA,176,2021-06-16,142.85714285714286
Region IV-B: MIMAROPA,71,2021-06-17,139.71428571428572
Region IV-B: MIMAROPA,162,2021-06-18,141.0
Region IV-B: MIMAROPA,76,2021-06-19,136.0
Region IV-B: MIMAROPA,118,2021-06-20,126.0
Region IV-B: MIMAROPA,79,2021-06-21,116.57142857142857
Region IV-B: MIMAROPA,110,2021-06-22,113.14285714285714
Region IV-B: MIMAROPA,132,2021-06-23,106.85714285714286
Region IV-B: MIMAROPA,78,2021-06-24,107.85714285714286
Region IV-B: MIMAROPA,143,2021-06-25,105.14285714285714
Region IV-B: MIMAROPA,160,2021-06-26,117.14285714285714
Region IV-B: MIMAROPA,91,2021-06-27,113.28571428571429
Region IV-B: MIMAROPA,190,2021-06-28,129.14285714285714
Region IV-B: MIMAROPA,69,2021-06-29,123.28571428571429
Region IV-B: MIMAROPA,129,2021-06-30,122.85714285714286
Region IV-B: MIMAROPA,105,2021-07-01,126.71428571428571
Region IV-B: MIMAROPA,147,2021-07-02,127.28571428571429
Region IV-B: MIMAROPA,166,2021-07-03,128.14285714285714
Region IV-B: MIMAROPA,238,2021-07-04,149.14285714285714
Region IV-B: MIMAROPA,119,2021-07-05,139.0
Region IV-B: MIMAROPA,103,2021-07-06,143.85714285714286
Region IV-B: MIMAROPA,107,2021-07-07,140.71428571428572
Region IV-B: MIMAROPA,121,2021-07-08,143.0
Region IV-B: MIMAROPA,130,2021-07-09,140.57142857142858
Region IV-B: MIMAROPA,83,2021-07-10,128.71428571428572
Region IV-B: MIMAROPA,120,2021-07-11,111.85714285714286
Region IV-B: MIMAROPA,137,2021-07-12,114.42857142857143
Region IV-B: MIMAROPA,121,2021-07-13,117.0
Region IV-B: MIMAROPA,92,2021-07-14,114.85714285714286
Region IV-B: MIMAROPA,101,2021-07-15,112.0
Region IV-B: MIMAROPA,98,2021-07-16,107.42857142857143
Region IV-B: MIMAROPA,157,2021-07-17,118.0
Region IV-B: MIMAROPA,128,2021-07-18,119.14285714285714
Region IV-B: MIMAROPA,138,2021-07-19,119.28571428571429
Region IV-B: MIMAROPA,119,2021-07-20,119.0
Region IV-B: MIMAROPA,68,2021-07-21,115.57142857142857
Region IV-B: MIMAROPA,44,2021-07-22,107.42857142857143
Region IV-B: MIMAROPA,48,2021-07-23,100.28571428571429
Region IV-B: MIMAROPA,144,2021-07-24,98.42857142857143
Region IV-B: MIMAROPA,39,2021-07-25,85.71428571428571
Region IV-B: MIMAROPA,84,2021-07-26,78.0
Region IV-B: MIMAROPA,158,2021-07-27,83.57142857142857
Region IV-B: MIMAROPA,19,2021-07-28,76.57142857142857
Region IV-B: MIMAROPA,38,2021-07-29,75.71428571428571
Region IV-B: MIMAROPA,161,2021-07-30,91.85714285714286
Region IV-B: MIMAROPA,116,2021-07-31,87.85714285714286
Region IV-B: MIMAROPA,68,2021-08-01,92.0
Region IV-B: MIMAROPA,126,2021-08-02,98.0
Region IV-B: MIMAROPA,64,2021-08-03,84.57142857142857
Region IV-B: MIMAROPA,83,2021-08-04,93.71428571428571
Region IV-B: MIMAROPA,54,2021-08-05,96.0
Region IV-B: MIMAROPA,102,2021-08-06,87.57142857142857
Region IV-B: MIMAROPA,99,2021-08-07,85.14285714285714
Region IV-B: MIMAROPA,69,2021-08-08,85.28571428571429
Region IV-B: MIMAROPA,73,2021-08-09,77.71428571428571
Region IV-B: MIMAROPA,77,2021-08-10,79.57142857142857
Region IV-B: MIMAROPA,113,2021-08-11,83.85714285714286
Region IV-B: MIMAROPA,41,2021-08-12,82.0
Region IV-B: MIMAROPA,47,2021-08-13,74.14285714285714
Region IV-B: MIMAROPA,119,2021-08-14,77.0
Region IV-B: MIMAROPA,120,2021-08-15,84.28571428571429
Region IV-B: MIMAROPA,144,2021-08-16,94.42857142857143
Region IV-B: MIMAROPA,78,2021-08-17,94.57142857142857
Region IV-B: MIMAROPA,165,2021-08-18,102.0
Region IV-B: MIMAROPA,67,2021-08-19,105.71428571428571
Region IV-B: MIMAROPA,124,2021-08-20,116.71428571428571
Region IV-B: MIMAROPA,119,2021-08-21,116.71428571428571
Region IV-B: MIMAROPA,82,2021-08-22,111.28571428571429
Region IV-B: MIMAROPA,181,2021-08-23,116.57142857142857
Region IV-B: MIMAROPA,114,2021-08-24,121.71428571428571
Region IV-B: MIMAROPA,178,2021-08-25,123.57142857142857
Region IV-B: MIMAROPA,155,2021-08-26,136.14285714285714
Region IV-B: MIMAROPA,123,2021-08-27,136.0
Region IV-B: MIMAROPA,86,2021-08-28,131.28571428571428
Region IV-B: MIMAROPA,102,2021-08-29,134.14285714285714
Region IV-B: MIMAROPA,316,2021-08-30,153.42857142857142
Region IV-B: MIMAROPA,216,2021-08-31,168.0
Region IV-B: MIMAROPA,131,2021-09-01,161.28571428571428
Region IV-B: MIMAROPA,168,2021-09-02,163.14285714285714
Region IV-B: MIMAROPA,153,2021-09-03,167.42857142857142
Region IV-B: MIMAROPA,177,2021-09-04,180.42857142857142
Region IV-B: MIMAROPA,160,2021-09-05,188.71428571428572
Region IV-B: MIMAROPA,367,2021-09-06,196.0
Region IV-B: MIMAROPA,173,2021-09-07,189.85714285714286
Region IV-B: MIMAROPA,217,2021-09-08,202.14285714285714
Region IV-B: MIMAROPA,127,2021-09-09,196.28571428571428
Region IV-B: MIMAROPA,58,2021-09-10,182.71428571428572
Region IV-B: MIMAROPA,227,2021-09-11,189.85714285714286
Region IV-B: MIMAROPA,112,2021-09-12,183.0
Region IV-B: MIMAROPA,154,2021-09-13,152.57142857142858
Region IV-B: MIMAROPA,55,2021-09-14,135.71428571428572
Region IV-B: MIMAROPA,177,2021-09-15,130.0
Region IV-B: MIMAROPA,265,2021-09-16,149.71428571428572
Region IV-B: MIMAROPA,83,2021-09-17,153.28571428571428
Region IV-B: MIMAROPA,396,2021-09-18,177.42857142857142
Region IV-B: MIMAROPA,221,2021-09-19,193.0
Region IV-B: MIMAROPA,284,2021-09-20,211.57142857142858
Region IV-B: MIMAROPA,254,2021-09-21,240.0
Region IV-B: MIMAROPA,539,2021-09-22,291.7142857142857
Region IV-B: MIMAROPA,394,2021-09-23,310.14285714285717
Region IV-B: MIMAROPA,137,2021-09-24,317.85714285714283
Region IV-B: MIMAROPA,344,2021-09-25,310.42857142857144
Region IV-B: MIMAROPA,377,2021-09-26,332.7142857142857
Region IV-B: MIMAROPA,292,2021-09-27,333.85714285714283
Region IV-B: MIMAROPA,186,2021-09-28,324.14285714285717
Region IV-B: MIMAROPA,238,2021-09-29,281.14285714285717
Region IV-B: MIMAROPA,243,2021-09-30,259.57142857142856
Region IV-B: MIMAROPA,262,2021-10-01,277.42857142857144
Region IV-B: MIMAROPA,332,2021-10-02,275.7142857142857
Region IV-B: MIMAROPA,335,2021-10-03,269.7142857142857
Region IV-B: MIMAROPA,109,2021-10-04,243.57142857142858
Region IV-B: MIMAROPA,352,2021-10-05,267.2857142857143
Region IV-B: MIMAROPA,123,2021-10-06,250.85714285714286
Region IV-B: MIMAROPA,181,2021-10-07,242.0
Region IV-B: MIMAROPA,221,2021-10-08,236.14285714285714
Region IV-B: MIMAROPA,367,2021-10-09,241.14285714285714
Region IV-B: MIMAROPA,221,2021-10-10,224.85714285714286
Region IV-B: MIMAROPA,242,2021-10-11,243.85714285714286
Region IV-B: MIMAROPA,406,2021-10-12,251.57142857142858
Region IV-B: MIMAROPA,276,2021-10-13,273.42857142857144
Region IV-B: MIMAROPA,152,2021-10-14,269.2857142857143
Region IV-B: MIMAROPA,303,2021-10-15,281.0
Region IV-B: MIMAROPA,166,2021-10-16,252.28571428571428
Region IV-B: MIMAROPA,260,2021-10-17,257.85714285714283
Region IV-B: MIMAROPA,296,2021-10-18,265.57142857142856
Region IV-B: MIMAROPA,101,2021-10-19,222.0
Region IV-B: MIMAROPA,56,2021-10-20,190.57142857142858
Region IV-B: MIMAROPA,116,2021-10-21,185.42857142857142
Region IV-B: MIMAROPA,217,2021-10-22,173.14285714285714
Region IV-B: MIMAROPA,151,2021-10-23,171.0
Region IV-B: MIMAROPA,428,2021-10-24,195.0
Region IV-B: MIMAROPA,183,2021-10-25,178.85714285714286
Region IV-B: MIMAROPA,219,2021-10-26,195.71428571428572
Region IV-B: MIMAROPA,208,2021-10-27,217.42857142857142
Region IV-B: MIMAROPA,182,2021-10-28,226.85714285714286
Region IV-B: MIMAROPA,170,2021-10-29,220.14285714285714
Region IV-B: MIMAROPA,245,2021-10-30,233.57142857142858
Region IV-B: MIMAROPA,226,2021-10-31,204.71428571428572
Region IV-B: MIMAROPA,119,2021-11-01,195.57142857142858
Region IV-B: MIMAROPA,123,2021-11-02,181.85714285714286
Region IV-B: MIMAROPA,113,2021-11-03,168.28571428571428
Region IV-B: MIMAROPA,91,2021-11-04,155.28571428571428
Region IV-B: MIMAROPA,93,2021-11-05,144.28571428571428
Region IV-B: MIMAROPA,114,2021-11-06,125.57142857142857
Region IV-B: MIMAROPA,96,2021-11-07,107.0
Region IV-B: MIMAROPA,89,2021-11-08,102.71428571428571
Region IV-B: MIMAROPA,101,2021-11-09,99.57142857142857
Region IV-B: MIMAROPA,177,2021-11-10,108.71428571428571
Region IV-B: MIMAROPA,48,2021-11-11,102.57142857142857
Region IV-B: MIMAROPA,97,2021-11-12,103.14285714285714
Region IV-B: MIMAROPA,85,2021-11-13,99.0
Region IV-B: MIMAROPA,88,2021-11-14,97.85714285714286
Region IV-B: MIMAROPA,92,2021-11-15,98.28571428571429
Region IV-B: MIMAROPA,37,2021-11-16,89.14285714285714
Region IV-B: MIMAROPA,38,2021-11-17,69.28571428571429
Region IV-B: MIMAROPA,39,2021-11-18,68.0
Region IV-B: MIMAROPA,32,2021-11-19,58.714285714285715
Region IV-B: MIMAROPA,64,2021-11-20,55.714285714285715
Region IV-B: MIMAROPA,76,2021-11-21,54.0
Region IV-B: MIMAROPA,42,2021-11-22,46.857142857142854
Region IV-B: MIMAROPA,51,2021-11-23,48.857142857142854
Region IV-B: MIMAROPA,29,2021-11-24,47.57142857142857
Region IV-B: MIMAROPA,32,2021-11-25,46.57142857142857
Region IV-B: MIMAROPA,48,2021-11-26,48.857142857142854
Region IV-B: MIMAROPA,24,2021-11-27,43.142857142857146
Region IV-B: MIMAROPA,44,2021-11-28,38.57142857142857
Region IV-B: MIMAROPA,10,2021-11-29,34.0
Region IV-B: MIMAROPA,6,2021-11-30,27.571428571428573
Region IV-B: MIMAROPA,57,2021-12-01,31.571428571428573
Region IV-B: MIMAROPA,12,2021-12-02,28.714285714285715
Region IV-B: MIMAROPA,22,2021-12-03,25.0
Region IV-B: MIMAROPA,10,2021-12-04,23.0
Region IV-B: MIMAROPA,27,2021-12-05,20.571428571428573
Region IV-B: MIMAROPA,14,2021-12-06,21.142857142857142
Region IV-B: MIMAROPA,10,2021-12-07,21.714285714285715
Region IV-B: MIMAROPA,26,2021-12-08,17.285714285714285
Region IV-B: MIMAROPA,12,2021-12-09,17.285714285714285
Region IV-B: MIMAROPA,19,2021-12-10,16.857142857142858
Region IV-B: MIMAROPA,15,2021-12-11,17.571428571428573
Region IV-B: MIMAROPA,44,2021-12-12,20.0
Region IV-B: MIMAROPA,12,2021-12-13,19.714285714285715
Region IV-B: MIMAROPA,10,2021-12-14,19.714285714285715
Region IV-B: MIMAROPA,11,2021-12-15,17.571428571428573
Region IV-B: MIMAROPA,8,2021-12-16,17.0
Region IV-B: MIMAROPA,18,2021-12-17,16.857142857142858
Region IV-B: MIMAROPA,6,2021-12-18,15.571428571428571
Region IV-B: MIMAROPA,9,2021-12-19,10.571428571428571
Region IV-B: MIMAROPA,2,2021-12-20,9.142857142857142
Region IV-B: MIMAROPA,3,2021-12-21,8.142857142857142
Region IV-B: MIMAROPA,7,2021-12-22,7.571428571428571
Region IV-B: MIMAROPA,15,2021-12-23,8.571428571428571
Region IV-B: MIMAROPA,5,2021-12-24,6.714285714285714
Region IV-B: MIMAROPA,4,2021-12-25,6.428571428571429
Region IV-B: MIMAROPA,21,2021-12-26,8.142857142857142
Region IV-B: MIMAROPA,1,2021-12-27,8.0
Region IV-B: MIMAROPA,2,2021-12-28,7.857142857142857
Region IV-B: MIMAROPA,7,2021-12-29,7.857142857142857
Region IV-B: MIMAROPA,10,2021-12-30,7.142857142857143
Region IV-B: MIMAROPA,10,2021-12-31,7.857142857142857
Region IV-B: MIMAROPA,13,2022-01-01,9.142857142857142
Region IV-B: MIMAROPA,27,2022-01-02,10.0
Region IV-B: MIMAROPA,8,2022-01-03,11.0
Region IV-B: MIMAROPA,16,2022-01-04,13.0
Region IV-B: MIMAROPA,25,2022-01-05,15.571428571428571
Region IV-B: MIMAROPA,42,2022-01-06,20.142857142857142
Region IV-B: MIMAROPA,50,2022-01-07,25.857142857142858
Region IV-B: MIMAROPA,62,2022-01-08,32.857142857142854
Region IV-B: MIMAROPA,78,2022-01-09,40.142857142857146
Region IV-B: MIMAROPA,105,2022-01-10,54.0
Region IV-B: MIMAROPA,132,2022-01-11,70.57142857142857
Region IV-B: MIMAROPA,134,2022-01-12,86.14285714285714
Region IV-B: MIMAROPA,179,2022-01-13,105.71428571428571
Region IV-B: MIMAROPA,188,2022-01-14,125.42857142857143
Region IV-B: MIMAROPA,197,2022-01-15,144.71428571428572
Region IV-B: MIMAROPA,289,2022-01-16,174.85714285714286
Region IV-B: MIMAROPA,193,2022-01-17,187.42857142857142
Region IV-B: MIMAROPA,200,2022-01-18,197.14285714285714
Region IV-B: MIMAROPA,229,2022-01-19,210.71428571428572
Region IV-B: MIMAROPA,246,2022-01-20,220.28571428571428
Region IV-B: MIMAROPA,295,2022-01-21,235.57142857142858
Region IV-B: MIMAROPA,286,2022-01-22,248.28571428571428
Region IV-B: MIMAROPA,287,2022-01-23,248.0
Region IV-B: MIMAROPA,206,2022-01-24,249.85714285714286
Region IV-B: MIMAROPA,167,2022-01-25,245.14285714285714
Region IV-B: MIMAROPA,150,2022-01-26,233.85714285714286
Region IV-B: MIMAROPA,68,2022-01-27,208.42857142857142
Region IV-B: MIMAROPA,233,2022-01-28,199.57142857142858
Region IV-B: MIMAROPA,173,2022-01-29,183.42857142857142
Region IV-B: MIMAROPA,176,2022-01-30,167.57142857142858
Region IV-B: MIMAROPA,125,2022-01-31,156.0
Region IV-B: MIMAROPA,127,2022-02-01,150.28571428571428
Region IV-B: MIMAROPA,23,2022-02-02,132.14285714285714
Region IV-B: MIMAROPA,67,2022-02-03,132.0
Region IV-B: MIMAROPA,106,2022-02-04,113.85714285714286
Region IV-B: MIMAROPA,83,2022-02-05,101.0
Region IV-B: MIMAROPA,84,2022-02-06,87.85714285714286
Region IV-B: MIMAROPA,150,2022-02-07,91.42857142857143
Region IV-B: MIMAROPA,58,2022-02-08,81.57142857142857
Region IV-B: MIMAROPA,50,2022-02-09,85.42857142857143
Region IV-B: MIMAROPA,71,2022-02-10,86.0
Region IV-B: MIMAROPA,42,2022-02-11,76.85714285714286
Region IV-B: MIMAROPA,87,2022-02-12,77.42857142857143
Region IV-B: MIMAROPA,38,2022-02-13,70.85714285714286
Region IV-B: MIMAROPA,16,2022-02-14,51.714285714285715
Region IV-B: MIMAROPA,22,2022-02-15,46.57142857142857
Region IV-B: MIMAROPA,72,2022-02-16,49.714285714285715
Region IV-B: MIMAROPA,39,2022-02-17,45.142857142857146
Region IV-B: MIMAROPA,46,2022-02-18,45.714285714285715
Region IV-B: MIMAROPA,16,2022-02-19,35.57142857142857
Region IV-B: MIMAROPA,31,2022-02-20,34.57142857142857
Region IV-B: MIMAROPA,9,2022-02-21,33.57142857142857
Region IV-B: MIMAROPA,9,2022-02-22,31.714285714285715
Region IV-B: MIMAROPA,32,2022-02-23,26.0
Region IV-B: MIMAROPA,17,2022-02-24,22.857142857142858
Region IV-B: MIMAROPA,30,2022-02-25,20.571428571428573
Region IV-B: MIMAROPA,17,2022-02-26,20.714285714285715
Region IV-B: MIMAROPA,17,2022-02-27,18.714285714285715
Region IV-B: MIMAROPA,12,2022-02-28,19.142857142857142
Region IV-B: MIMAROPA,13,2022-03-01,19.714285714285715
Region IV-B: MIMAROPA,24,2022-03-02,18.571428571428573
Region IV-B: MIMAROPA,15,2022-03-03,18.285714285714285
Region IV-B: MIMAROPA,25,2022-03-04,17.571428571428573
Region IV-B: MIMAROPA,20,2022-03-05,18.0
Region IV-B: MIMAROPA,12,2022-03-06,17.285714285714285
Region IV-B: MIMAROPA,1,2022-03-07,15.714285714285714
Region IV-B: MIMAROPA,6,2022-03-08,14.714285714285714
Region IV-B: MIMAROPA,17,2022-03-09,13.714285714285714
Region IV-B: MIMAROPA,6,2022-03-10,12.428571428571429
Region IV-B: MIMAROPA,9,2022-03-11,10.142857142857142
Region IV-B: MIMAROPA,17,2022-03-12,9.714285714285714
Region IV-B: MIMAROPA,14,2022-03-13,10.0
Region IV-B: MIMAROPA,7,2022-03-14,10.857142857142858
Region IV-B: MIMAROPA,4,2022-03-15,10.571428571428571
Region IV-B: MIMAROPA,6,2022-03-16,9.0
Region IV-B: MIMAROPA,14,2022-03-17,10.142857142857142
Region IV-B: MIMAROPA,9,2022-03-18,10.142857142857142
Region IV-B: MIMAROPA,2,2022-03-19,8.0
Region IV-B: MIMAROPA,9,2022-03-20,7.285714285714286
Region IV-B: MIMAROPA,6,2022-03-21,7.142857142857143
Region IV-B: MIMAROPA,2,2022-03-22,6.857142857142857
Region IV-B: MIMAROPA,5,2022-03-23,6.714285714285714
Region IV-B: MIMAROPA,8,2022-03-24,5.857142857142857
Region IV-B: MIMAROPA,6,2022-03-25,5.428571428571429
Region IV-B: MIMAROPA,9,2022-03-26,6.428571428571429
Region IV-B: MIMAROPA,5,2022-03-27,5.857142857142857
Region IV-B: MIMAROPA,5,2022-03-28,5.714285714285714
Region IV-B: MIMAROPA,3,2022-03-29,5.857142857142857
Region IV-B: MIMAROPA,7,2022-03-30,6.142857142857143
Region IV-B: MIMAROPA,6,2022-03-31,5.857142857142857
Region IV-B: MIMAROPA,2,2022-04-01,5.285714285714286
Region IV-B: MIMAROPA,6,2022-04-02,4.857142857142857
Region IV-B: MIMAROPA,5,2022-04-03,4.857142857142857
Region IV-B: MIMAROPA,5,2022-04-04,4.857142857142857
Region IV-B: MIMAROPA,4,2022-04-05,5.0
Region IV-B: MIMAROPA,0,2022-04-06,4.0
Region IV-B: MIMAROPA,3,2022-04-07,3.5714285714285716
Region IV-B: MIMAROPA,3,2022-04-08,3.7142857142857144
Region IV-B: MIMAROPA,7,2022-04-09,3.857142857142857
Region IV-B: MIMAROPA,5,2022-04-10,3.857142857142857
Region IV-B: MIMAROPA,3,2022-04-11,3.5714285714285716
Region IV-B: MIMAROPA,1,2022-04-12,3.142857142857143
Region IV-B: MIMAROPA,7,2022-04-13,4.142857142857143
Region IV-B: MIMAROPA,6,2022-04-14,4.571428571428571
Region IV-B: MIMAROPA,4,2022-04-15,4.714285714285714
Region IV-B: MIMAROPA,2,2022-04-16,4.0
Region IV-B: MIMAROPA,1,2022-04-17,3.4285714285714284
Region IV-B: MIMAROPA,2,2022-04-18,3.2857142857142856
Region IV-B: MIMAROPA,3,2022-04-19,3.5714285714285716
Region IV-B: MIMAROPA,12,2022-04-20,4.285714285714286
Region IV-B: MIMAROPA,0,2022-04-21,3.4285714285714284
Region IV-B: MIMAROPA,2,2022-04-22,3.142857142857143
Region IV-B: MIMAROPA,6,2022-04-23,3.7142857142857144
Region IV-B: MIMAROPA,2,2022-04-24,3.857142857142857
Region IV-B: MIMAROPA,3,2022-04-25,4.0
Region IV-B: MIMAROPA,1,2022-04-26,3.7142857142857144
Region IV-B: MIMAROPA,2,2022-04-27,2.2857142857142856
Region IV-B: MIMAROPA,6,2022-04-28,3.142857142857143
Region IV-B: MIMAROPA,9,2022-04-29,4.142857142857143
Region IV-B: MIMAROPA,0,2022-04-30,3.2857142857142856
Region IV-B: MIMAROPA,21,2022-05-01,6.0
Region IV-B: MIMAROPA,4,2022-05-02,6.142857142857143
Region IV-B: MIMAROPA,2,2022-05-03,6.285714285714286
Region IV-B: MIMAROPA,1,2022-05-04,6.142857142857143
Region IV-B: MIMAROPA,3,2022-05-05,5.714285714285714
Region IV-B: MIMAROPA,1,2022-05-06,4.571428571428571
Region IV-B: MIMAROPA,4,2022-05-07,5.142857142857143
Region IV-B: MIMAROPA,4,2022-05-08,2.7142857142857144
Region IV-B: MIMAROPA,3,2022-05-09,2.5714285714285716
Region IV-B: MIMAROPA,3,2022-05-10,2.7142857142857144
Region IV-B: MIMAROPA,2,2022-05-11,2.857142857142857
Region IV-B: MIMAROPA,2,2022-05-12,2.7142857142857144
Region IV-B: MIMAROPA,4,2022-05-13,3.142857142857143
Region IV-B: MIMAROPA,3,2022-05-14,3.0
Region IV-B: MIMAROPA,8,2022-05-15,3.5714285714285716
Region IV-B: MIMAROPA,4,2022-05-16,3.7142857142857144
Region IV-B: MIMAROPA,4,2022-05-17,3.857142857142857
Region IV-B: MIMAROPA,3,2022-05-18,4.0
Region IV-B: MIMAROPA,3,2022-05-19,4.142857142857143
Region IV-B: MIMAROPA,9,2022-05-20,4.857142857142857
Region IV-B: MIMAROPA,6,2022-05-21,5.285714285714286
Region IV-B: MIMAROPA,7,2022-05-22,5.142857142857143
Region IV-B: MIMAROPA,2,2022-05-23,4.857142857142857
Region IV-B: MIMAROPA,0,2022-05-24,4.285714285714286
Region IV-B: MIMAROPA,12,2022-05-25,5.571428571428571
Region IV-B: MIMAROPA,3,2022-05-26,5.571428571428571
Region IV-B: MIMAROPA,1,2022-05-27,4.428571428571429
Region IV-B: MIMAROPA,4,2022-05-28,4.142857142857143
Region IV-B: MIMAROPA,1,2022-05-29,3.2857142857142856
Region IV-B: MIMAROPA,1,2022-05-30,3.142857142857143
Region IV-B: MIMAROPA,2,2022-05-31,3.4285714285714284
Region IV-B: MIMAROPA,0,2022-06-01,1.7142857142857142
Region IV-B: MIMAROPA,2,2022-06-02,1.5714285714285714
Region IV-B: MIMAROPA,3,2022-06-03,1.8571428571428572
Region IV-B: MIMAROPA,4,2022-06-04,1.8571428571428572
Region IV-B: MIMAROPA,4,2022-06-05,2.2857142857142856
Region IV-B: MIMAROPA,1,2022-06-06,2.2857142857142856
Region IV-B: MIMAROPA,1,2022-06-07,2.142857142857143
Region IV-B: MIMAROPA,2,2022-06-08,2.4285714285714284
Region IV-B: MIMAROPA,2,2022-06-09,2.4285714285714284
Region IV-B: MIMAROPA,4,2022-06-10,2.5714285714285716
Region IV-B: MIMAROPA,9,2022-06-11,3.2857142857142856
Region IV-B: MIMAROPA,2,2022-06-12,3.0
Region IV-B: MIMAROPA,1,2022-06-13,3.0
Region IV-B: MIMAROPA,1,2022-06-14,3.0
Region IV-B: MIMAROPA,2,2022-06-15,3.0
Region IV-B: MIMAROPA,2,2022-06-16,3.0
Region IV-B: MIMAROPA,12,2022-06-17,4.142857142857143
Region IV-B: MIMAROPA,12,2022-06-18,4.571428571428571
