region,count,date,7DayMA
Region IX: Zamboanga Peninsula,1,2020-03-25,
Region IX: Zamboanga Peninsula,0,2020-03-26,
Region IX: Zamboanga Peninsula,0,2020-03-27,
Region IX: Zamboanga Peninsula,0,2020-03-28,
Region IX: Zamboanga Peninsula,0,2020-03-29,
Region IX: Zamboanga Peninsula,0,2020-03-30,
Region IX: Zamboanga Peninsula,2,2020-03-31,0.42857142857142855
Region IX: Zamboanga Peninsula,0,2020-04-01,0.2857142857142857
Region IX: Zamboanga Peninsula,1,2020-04-02,0.42857142857142855
Region IX: Zamboanga Peninsula,2,2020-04-03,0.7142857142857143
Region IX: Zamboanga Peninsula,0,2020-04-04,0.7142857142857143
Region IX: Zamboanga Peninsula,0,2020-04-05,0.7142857142857143
Region IX: Zamboanga Peninsula,0,2020-04-06,0.7142857142857143
Region IX: Zamboanga Peninsula,1,2020-04-07,0.5714285714285714
Region IX: Zamboanga Peninsula,0,2020-04-08,0.5714285714285714
Region IX: Zamboanga Peninsula,0,2020-04-09,0.42857142857142855
Region IX: Zamboanga Peninsula,0,2020-04-10,0.14285714285714285
Region IX: Zamboanga Peninsula,0,2020-04-11,0.14285714285714285
Region IX: Zamboanga Peninsula,0,2020-04-12,0.14285714285714285
Region IX: Zamboanga Peninsula,1,2020-04-13,0.2857142857142857
Region IX: Zamboanga Peninsula,1,2020-04-14,0.2857142857142857
Region IX: Zamboanga Peninsula,0,2020-04-15,0.2857142857142857
Region IX: Zamboanga Peninsula,0,2020-04-16,0.2857142857142857
Region IX: Zamboanga Peninsula,0,2020-04-17,0.2857142857142857
Region IX: Zamboanga Peninsula,0,2020-04-18,0.2857142857142857
Region IX: Zamboanga Peninsula,0,2020-04-19,0.2857142857142857
Region IX: Zamboanga Peninsula,0,2020-04-20,0.14285714285714285
Region IX: Zamboanga Peninsula,0,2020-04-21,0.0
Region IX: Zamboanga Peninsula,0,2020-04-22,0.0
Region IX: Zamboanga Peninsula,0,2020-04-23,0.0
Region IX: Zamboanga Peninsula,0,2020-04-24,0.0
Region IX: Zamboanga Peninsula,0,2020-04-25,0.0
Region IX: Zamboanga Peninsula,0,2020-04-26,0.0
Region IX: Zamboanga Peninsula,1,2020-04-27,0.14285714285714285
Region IX: Zamboanga Peninsula,0,2020-04-28,0.14285714285714285
Region IX: Zamboanga Peninsula,1,2020-04-29,0.2857142857142857
Region IX: Zamboanga Peninsula,0,2020-04-30,0.2857142857142857
Region IX: Zamboanga Peninsula,0,2020-05-01,0.2857142857142857
Region IX: Zamboanga Peninsula,0,2020-05-02,0.2857142857142857
Region IX: Zamboanga Peninsula,23,2020-05-03,3.5714285714285716
Region IX: Zamboanga Peninsula,14,2020-05-04,5.428571428571429
Region IX: Zamboanga Peninsula,0,2020-05-05,5.428571428571429
Region IX: Zamboanga Peninsula,0,2020-05-06,5.285714285714286
Region IX: Zamboanga Peninsula,1,2020-05-07,5.428571428571429
Region IX: Zamboanga Peninsula,0,2020-05-08,5.428571428571429
Region IX: Zamboanga Peninsula,0,2020-05-09,5.428571428571429
Region IX: Zamboanga Peninsula,0,2020-05-10,2.142857142857143
Region IX: Zamboanga Peninsula,0,2020-05-11,0.14285714285714285
Region IX: Zamboanga Peninsula,0,2020-05-12,0.14285714285714285
Region IX: Zamboanga Peninsula,24,2020-05-13,3.5714285714285716
Region IX: Zamboanga Peninsula,13,2020-05-14,5.285714285714286
Region IX: Zamboanga Peninsula,16,2020-05-15,7.571428571428571
Region IX: Zamboanga Peninsula,25,2020-05-16,11.142857142857142
Region IX: Zamboanga Peninsula,0,2020-05-17,11.142857142857142
Region IX: Zamboanga Peninsula,16,2020-05-18,13.428571428571429
Region IX: Zamboanga Peninsula,0,2020-05-19,13.428571428571429
Region IX: Zamboanga Peninsula,0,2020-05-20,10.0
Region IX: Zamboanga Peninsula,0,2020-05-21,8.142857142857142
Region IX: Zamboanga Peninsula,0,2020-05-22,5.857142857142857
Region IX: Zamboanga Peninsula,0,2020-05-23,2.2857142857142856
Region IX: Zamboanga Peninsula,1,2020-05-24,2.4285714285714284
Region IX: Zamboanga Peninsula,0,2020-05-25,0.14285714285714285
Region IX: Zamboanga Peninsula,3,2020-05-26,0.5714285714285714
Region IX: Zamboanga Peninsula,2,2020-05-27,0.8571428571428571
Region IX: Zamboanga Peninsula,0,2020-05-28,0.8571428571428571
Region IX: Zamboanga Peninsula,0,2020-05-29,0.8571428571428571
Region IX: Zamboanga Peninsula,1,2020-05-30,1.0
Region IX: Zamboanga Peninsula,3,2020-05-31,1.2857142857142858
Region IX: Zamboanga Peninsula,0,2020-06-01,1.2857142857142858
Region IX: Zamboanga Peninsula,3,2020-06-02,1.2857142857142858
Region IX: Zamboanga Peninsula,2,2020-06-03,1.2857142857142858
Region IX: Zamboanga Peninsula,0,2020-06-04,1.2857142857142858
Region IX: Zamboanga Peninsula,5,2020-06-05,2.0
Region IX: Zamboanga Peninsula,0,2020-06-06,1.8571428571428572
Region IX: Zamboanga Peninsula,0,2020-06-07,1.4285714285714286
Region IX: Zamboanga Peninsula,1,2020-06-08,1.5714285714285714
Region IX: Zamboanga Peninsula,1,2020-06-09,1.2857142857142858
Region IX: Zamboanga Peninsula,0,2020-06-10,1.0
Region IX: Zamboanga Peninsula,1,2020-06-11,1.1428571428571428
Region IX: Zamboanga Peninsula,22,2020-06-12,3.5714285714285716
Region IX: Zamboanga Peninsula,1,2020-06-13,3.7142857142857144
Region IX: Zamboanga Peninsula,1,2020-06-14,3.857142857142857
Region IX: Zamboanga Peninsula,1,2020-06-15,3.857142857142857
Region IX: Zamboanga Peninsula,1,2020-06-16,3.857142857142857
Region IX: Zamboanga Peninsula,4,2020-06-17,4.428571428571429
Region IX: Zamboanga Peninsula,0,2020-06-18,4.285714285714286
Region IX: Zamboanga Peninsula,2,2020-06-19,1.4285714285714286
Region IX: Zamboanga Peninsula,2,2020-06-20,1.5714285714285714
Region IX: Zamboanga Peninsula,0,2020-06-21,1.4285714285714286
Region IX: Zamboanga Peninsula,1,2020-06-22,1.4285714285714286
Region IX: Zamboanga Peninsula,2,2020-06-23,1.5714285714285714
Region IX: Zamboanga Peninsula,0,2020-06-24,1.0
Region IX: Zamboanga Peninsula,10,2020-06-25,2.4285714285714284
Region IX: Zamboanga Peninsula,4,2020-06-26,2.7142857142857144
Region IX: Zamboanga Peninsula,7,2020-06-27,3.4285714285714284
Region IX: Zamboanga Peninsula,11,2020-06-28,5.0
Region IX: Zamboanga Peninsula,8,2020-06-29,6.0
Region IX: Zamboanga Peninsula,2,2020-06-30,6.0
Region IX: Zamboanga Peninsula,3,2020-07-01,6.428571428571429
Region IX: Zamboanga Peninsula,2,2020-07-02,5.285714285714286
Region IX: Zamboanga Peninsula,1,2020-07-03,4.857142857142857
Region IX: Zamboanga Peninsula,16,2020-07-04,6.142857142857143
Region IX: Zamboanga Peninsula,4,2020-07-05,5.142857142857143
Region IX: Zamboanga Peninsula,21,2020-07-06,7.0
Region IX: Zamboanga Peninsula,22,2020-07-07,9.857142857142858
Region IX: Zamboanga Peninsula,11,2020-07-08,11.0
Region IX: Zamboanga Peninsula,10,2020-07-09,12.142857142857142
Region IX: Zamboanga Peninsula,12,2020-07-10,13.714285714285714
Region IX: Zamboanga Peninsula,4,2020-07-11,12.0
Region IX: Zamboanga Peninsula,6,2020-07-12,12.285714285714286
Region IX: Zamboanga Peninsula,19,2020-07-13,12.0
Region IX: Zamboanga Peninsula,2,2020-07-14,9.142857142857142
Region IX: Zamboanga Peninsula,40,2020-07-15,13.285714285714286
Region IX: Zamboanga Peninsula,33,2020-07-16,16.571428571428573
Region IX: Zamboanga Peninsula,8,2020-07-17,16.0
Region IX: Zamboanga Peninsula,18,2020-07-18,18.0
Region IX: Zamboanga Peninsula,6,2020-07-19,18.0
Region IX: Zamboanga Peninsula,6,2020-07-20,16.142857142857142
Region IX: Zamboanga Peninsula,9,2020-07-21,17.142857142857142
Region IX: Zamboanga Peninsula,50,2020-07-22,18.571428571428573
Region IX: Zamboanga Peninsula,20,2020-07-23,16.714285714285715
Region IX: Zamboanga Peninsula,22,2020-07-24,18.714285714285715
Region IX: Zamboanga Peninsula,10,2020-07-25,17.571428571428573
Region IX: Zamboanga Peninsula,6,2020-07-26,17.571428571428573
Region IX: Zamboanga Peninsula,0,2020-07-27,16.714285714285715
Region IX: Zamboanga Peninsula,9,2020-07-28,16.714285714285715
Region IX: Zamboanga Peninsula,8,2020-07-29,10.714285714285714
Region IX: Zamboanga Peninsula,52,2020-07-30,15.285714285714286
Region IX: Zamboanga Peninsula,49,2020-07-31,19.142857142857142
Region IX: Zamboanga Peninsula,12,2020-08-01,19.428571428571427
Region IX: Zamboanga Peninsula,5,2020-08-02,19.285714285714285
Region IX: Zamboanga Peninsula,32,2020-08-03,23.857142857142858
Region IX: Zamboanga Peninsula,17,2020-08-04,25.0
Region IX: Zamboanga Peninsula,16,2020-08-05,26.142857142857142
Region IX: Zamboanga Peninsula,43,2020-08-06,24.857142857142858
Region IX: Zamboanga Peninsula,10,2020-08-07,19.285714285714285
Region IX: Zamboanga Peninsula,45,2020-08-08,24.0
Region IX: Zamboanga Peninsula,16,2020-08-09,25.571428571428573
Region IX: Zamboanga Peninsula,38,2020-08-10,26.428571428571427
Region IX: Zamboanga Peninsula,16,2020-08-11,26.285714285714285
Region IX: Zamboanga Peninsula,34,2020-08-12,28.857142857142858
Region IX: Zamboanga Peninsula,22,2020-08-13,25.857142857142858
Region IX: Zamboanga Peninsula,27,2020-08-14,28.285714285714285
Region IX: Zamboanga Peninsula,34,2020-08-15,26.714285714285715
Region IX: Zamboanga Peninsula,14,2020-08-16,26.428571428571427
Region IX: Zamboanga Peninsula,37,2020-08-17,26.285714285714285
Region IX: Zamboanga Peninsula,29,2020-08-18,28.142857142857142
Region IX: Zamboanga Peninsula,16,2020-08-19,25.571428571428573
Region IX: Zamboanga Peninsula,20,2020-08-20,25.285714285714285
Region IX: Zamboanga Peninsula,26,2020-08-21,25.142857142857142
Region IX: Zamboanga Peninsula,26,2020-08-22,24.0
Region IX: Zamboanga Peninsula,32,2020-08-23,26.571428571428573
Region IX: Zamboanga Peninsula,35,2020-08-24,26.285714285714285
Region IX: Zamboanga Peninsula,27,2020-08-25,26.0
Region IX: Zamboanga Peninsula,32,2020-08-26,28.285714285714285
Region IX: Zamboanga Peninsula,13,2020-08-27,27.285714285714285
Region IX: Zamboanga Peninsula,35,2020-08-28,28.571428571428573
Region IX: Zamboanga Peninsula,46,2020-08-29,31.428571428571427
Region IX: Zamboanga Peninsula,20,2020-08-30,29.714285714285715
Region IX: Zamboanga Peninsula,34,2020-08-31,29.571428571428573
Region IX: Zamboanga Peninsula,40,2020-09-01,31.428571428571427
Region IX: Zamboanga Peninsula,11,2020-09-02,28.428571428571427
Region IX: Zamboanga Peninsula,37,2020-09-03,31.857142857142858
Region IX: Zamboanga Peninsula,21,2020-09-04,29.857142857142858
Region IX: Zamboanga Peninsula,19,2020-09-05,26.0
Region IX: Zamboanga Peninsula,21,2020-09-06,26.142857142857142
Region IX: Zamboanga Peninsula,23,2020-09-07,24.571428571428573
Region IX: Zamboanga Peninsula,21,2020-09-08,21.857142857142858
Region IX: Zamboanga Peninsula,22,2020-09-09,23.428571428571427
Region IX: Zamboanga Peninsula,21,2020-09-10,21.142857142857142
Region IX: Zamboanga Peninsula,16,2020-09-11,20.428571428571427
Region IX: Zamboanga Peninsula,29,2020-09-12,21.857142857142858
Region IX: Zamboanga Peninsula,24,2020-09-13,22.285714285714285
Region IX: Zamboanga Peninsula,37,2020-09-14,24.285714285714285
Region IX: Zamboanga Peninsula,36,2020-09-15,26.428571428571427
Region IX: Zamboanga Peninsula,14,2020-09-16,25.285714285714285
Region IX: Zamboanga Peninsula,18,2020-09-17,24.857142857142858
Region IX: Zamboanga Peninsula,29,2020-09-18,26.714285714285715
Region IX: Zamboanga Peninsula,27,2020-09-19,26.428571428571427
Region IX: Zamboanga Peninsula,28,2020-09-20,27.0
Region IX: Zamboanga Peninsula,16,2020-09-21,24.0
Region IX: Zamboanga Peninsula,21,2020-09-22,21.857142857142858
Region IX: Zamboanga Peninsula,25,2020-09-23,23.428571428571427
Region IX: Zamboanga Peninsula,12,2020-09-24,22.571428571428573
Region IX: Zamboanga Peninsula,27,2020-09-25,22.285714285714285
Region IX: Zamboanga Peninsula,31,2020-09-26,22.857142857142858
Region IX: Zamboanga Peninsula,18,2020-09-27,21.428571428571427
Region IX: Zamboanga Peninsula,22,2020-09-28,22.285714285714285
Region IX: Zamboanga Peninsula,20,2020-09-29,22.142857142857142
Region IX: Zamboanga Peninsula,29,2020-09-30,22.714285714285715
Region IX: Zamboanga Peninsula,14,2020-10-01,23.0
Region IX: Zamboanga Peninsula,30,2020-10-02,23.428571428571427
Region IX: Zamboanga Peninsula,24,2020-10-03,22.428571428571427
Region IX: Zamboanga Peninsula,30,2020-10-04,24.142857142857142
Region IX: Zamboanga Peninsula,22,2020-10-05,24.142857142857142
Region IX: Zamboanga Peninsula,32,2020-10-06,25.857142857142858
Region IX: Zamboanga Peninsula,30,2020-10-07,26.0
Region IX: Zamboanga Peninsula,14,2020-10-08,26.0
Region IX: Zamboanga Peninsula,68,2020-10-09,31.428571428571427
Region IX: Zamboanga Peninsula,60,2020-10-10,36.57142857142857
Region IX: Zamboanga Peninsula,65,2020-10-11,41.57142857142857
Region IX: Zamboanga Peninsula,126,2020-10-12,56.42857142857143
Region IX: Zamboanga Peninsula,54,2020-10-13,59.57142857142857
Region IX: Zamboanga Peninsula,73,2020-10-14,65.71428571428571
Region IX: Zamboanga Peninsula,84,2020-10-15,75.71428571428571
Region IX: Zamboanga Peninsula,43,2020-10-16,72.14285714285714
Region IX: Zamboanga Peninsula,68,2020-10-17,73.28571428571429
Region IX: Zamboanga Peninsula,58,2020-10-18,72.28571428571429
Region IX: Zamboanga Peninsula,35,2020-10-19,59.285714285714285
Region IX: Zamboanga Peninsula,32,2020-10-20,56.142857142857146
Region IX: Zamboanga Peninsula,67,2020-10-21,55.285714285714285
Region IX: Zamboanga Peninsula,77,2020-10-22,54.285714285714285
Region IX: Zamboanga Peninsula,50,2020-10-23,55.285714285714285
Region IX: Zamboanga Peninsula,52,2020-10-24,53.0
Region IX: Zamboanga Peninsula,77,2020-10-25,55.714285714285715
Region IX: Zamboanga Peninsula,43,2020-10-26,56.857142857142854
Region IX: Zamboanga Peninsula,77,2020-10-27,63.285714285714285
Region IX: Zamboanga Peninsula,56,2020-10-28,61.714285714285715
Region IX: Zamboanga Peninsula,79,2020-10-29,62.0
Region IX: Zamboanga Peninsula,61,2020-10-30,63.57142857142857
Region IX: Zamboanga Peninsula,86,2020-10-31,68.42857142857143
Region IX: Zamboanga Peninsula,36,2020-11-01,62.57142857142857
Region IX: Zamboanga Peninsula,60,2020-11-02,65.0
Region IX: Zamboanga Peninsula,40,2020-11-03,59.714285714285715
Region IX: Zamboanga Peninsula,35,2020-11-04,56.714285714285715
Region IX: Zamboanga Peninsula,35,2020-11-05,50.42857142857143
Region IX: Zamboanga Peninsula,53,2020-11-06,49.285714285714285
Region IX: Zamboanga Peninsula,26,2020-11-07,40.714285714285715
Region IX: Zamboanga Peninsula,47,2020-11-08,42.285714285714285
Region IX: Zamboanga Peninsula,52,2020-11-09,41.142857142857146
Region IX: Zamboanga Peninsula,50,2020-11-10,42.57142857142857
Region IX: Zamboanga Peninsula,41,2020-11-11,43.42857142857143
Region IX: Zamboanga Peninsula,23,2020-11-12,41.714285714285715
Region IX: Zamboanga Peninsula,44,2020-11-13,40.42857142857143
Region IX: Zamboanga Peninsula,42,2020-11-14,42.714285714285715
Region IX: Zamboanga Peninsula,42,2020-11-15,42.0
Region IX: Zamboanga Peninsula,42,2020-11-16,40.57142857142857
Region IX: Zamboanga Peninsula,72,2020-11-17,43.714285714285715
Region IX: Zamboanga Peninsula,38,2020-11-18,43.285714285714285
Region IX: Zamboanga Peninsula,28,2020-11-19,44.0
Region IX: Zamboanga Peninsula,45,2020-11-20,44.142857142857146
Region IX: Zamboanga Peninsula,41,2020-11-21,44.0
Region IX: Zamboanga Peninsula,48,2020-11-22,44.857142857142854
Region IX: Zamboanga Peninsula,49,2020-11-23,45.857142857142854
Region IX: Zamboanga Peninsula,42,2020-11-24,41.57142857142857
Region IX: Zamboanga Peninsula,18,2020-11-25,38.714285714285715
Region IX: Zamboanga Peninsula,23,2020-11-26,38.0
Region IX: Zamboanga Peninsula,36,2020-11-27,36.714285714285715
Region IX: Zamboanga Peninsula,16,2020-11-28,33.142857142857146
Region IX: Zamboanga Peninsula,63,2020-11-29,35.285714285714285
Region IX: Zamboanga Peninsula,33,2020-11-30,33.0
Region IX: Zamboanga Peninsula,30,2020-12-01,31.285714285714285
Region IX: Zamboanga Peninsula,31,2020-12-02,33.142857142857146
Region IX: Zamboanga Peninsula,27,2020-12-03,33.714285714285715
Region IX: Zamboanga Peninsula,17,2020-12-04,31.0
Region IX: Zamboanga Peninsula,24,2020-12-05,32.142857142857146
Region IX: Zamboanga Peninsula,49,2020-12-06,30.142857142857142
Region IX: Zamboanga Peninsula,43,2020-12-07,31.571428571428573
Region IX: Zamboanga Peninsula,42,2020-12-08,33.285714285714285
Region IX: Zamboanga Peninsula,26,2020-12-09,32.57142857142857
Region IX: Zamboanga Peninsula,28,2020-12-10,32.714285714285715
Region IX: Zamboanga Peninsula,22,2020-12-11,33.42857142857143
Region IX: Zamboanga Peninsula,14,2020-12-12,32.0
Region IX: Zamboanga Peninsula,18,2020-12-13,27.571428571428573
Region IX: Zamboanga Peninsula,11,2020-12-14,23.0
Region IX: Zamboanga Peninsula,17,2020-12-15,19.428571428571427
Region IX: Zamboanga Peninsula,18,2020-12-16,18.285714285714285
Region IX: Zamboanga Peninsula,26,2020-12-17,18.0
Region IX: Zamboanga Peninsula,25,2020-12-18,18.428571428571427
Region IX: Zamboanga Peninsula,12,2020-12-19,18.142857142857142
Region IX: Zamboanga Peninsula,28,2020-12-20,19.571428571428573
Region IX: Zamboanga Peninsula,14,2020-12-21,20.0
Region IX: Zamboanga Peninsula,10,2020-12-22,19.0
Region IX: Zamboanga Peninsula,14,2020-12-23,18.428571428571427
Region IX: Zamboanga Peninsula,18,2020-12-24,17.285714285714285
Region IX: Zamboanga Peninsula,10,2020-12-25,15.142857142857142
Region IX: Zamboanga Peninsula,9,2020-12-26,14.714285714285714
Region IX: Zamboanga Peninsula,17,2020-12-27,13.142857142857142
Region IX: Zamboanga Peninsula,10,2020-12-28,12.571428571428571
Region IX: Zamboanga Peninsula,7,2020-12-29,12.142857142857142
Region IX: Zamboanga Peninsula,21,2020-12-30,13.142857142857142
Region IX: Zamboanga Peninsula,21,2020-12-31,13.571428571428571
Region IX: Zamboanga Peninsula,13,2021-01-01,14.0
Region IX: Zamboanga Peninsula,13,2021-01-02,14.571428571428571
Region IX: Zamboanga Peninsula,17,2021-01-03,14.571428571428571
Region IX: Zamboanga Peninsula,20,2021-01-04,16.0
Region IX: Zamboanga Peninsula,12,2021-01-05,16.714285714285715
Region IX: Zamboanga Peninsula,26,2021-01-06,17.428571428571427
Region IX: Zamboanga Peninsula,25,2021-01-07,18.0
Region IX: Zamboanga Peninsula,32,2021-01-08,20.714285714285715
Region IX: Zamboanga Peninsula,24,2021-01-09,22.285714285714285
Region IX: Zamboanga Peninsula,24,2021-01-10,23.285714285714285
Region IX: Zamboanga Peninsula,44,2021-01-11,26.714285714285715
Region IX: Zamboanga Peninsula,19,2021-01-12,27.714285714285715
Region IX: Zamboanga Peninsula,47,2021-01-13,30.714285714285715
Region IX: Zamboanga Peninsula,24,2021-01-14,30.571428571428573
Region IX: Zamboanga Peninsula,27,2021-01-15,29.857142857142858
Region IX: Zamboanga Peninsula,18,2021-01-16,29.0
Region IX: Zamboanga Peninsula,40,2021-01-17,31.285714285714285
Region IX: Zamboanga Peninsula,28,2021-01-18,29.0
Region IX: Zamboanga Peninsula,34,2021-01-19,31.142857142857142
Region IX: Zamboanga Peninsula,53,2021-01-20,32.0
Region IX: Zamboanga Peninsula,35,2021-01-21,33.57142857142857
Region IX: Zamboanga Peninsula,15,2021-01-22,31.857142857142858
Region IX: Zamboanga Peninsula,31,2021-01-23,33.714285714285715
Region IX: Zamboanga Peninsula,41,2021-01-24,33.857142857142854
Region IX: Zamboanga Peninsula,48,2021-01-25,36.714285714285715
Region IX: Zamboanga Peninsula,10,2021-01-26,33.285714285714285
Region IX: Zamboanga Peninsula,33,2021-01-27,30.428571428571427
Region IX: Zamboanga Peninsula,24,2021-01-28,28.857142857142858
Region IX: Zamboanga Peninsula,29,2021-01-29,30.857142857142858
Region IX: Zamboanga Peninsula,40,2021-01-30,32.142857142857146
Region IX: Zamboanga Peninsula,25,2021-01-31,29.857142857142858
Region IX: Zamboanga Peninsula,35,2021-02-01,28.0
Region IX: Zamboanga Peninsula,31,2021-02-02,31.0
Region IX: Zamboanga Peninsula,31,2021-02-03,30.714285714285715
Region IX: Zamboanga Peninsula,16,2021-02-04,29.571428571428573
Region IX: Zamboanga Peninsula,60,2021-02-05,34.0
Region IX: Zamboanga Peninsula,18,2021-02-06,30.857142857142858
Region IX: Zamboanga Peninsula,25,2021-02-07,30.857142857142858
Region IX: Zamboanga Peninsula,30,2021-02-08,30.142857142857142
Region IX: Zamboanga Peninsula,13,2021-02-09,27.571428571428573
Region IX: Zamboanga Peninsula,6,2021-02-10,24.0
Region IX: Zamboanga Peninsula,22,2021-02-11,24.857142857142858
Region IX: Zamboanga Peninsula,27,2021-02-12,20.142857142857142
Region IX: Zamboanga Peninsula,31,2021-02-13,22.0
Region IX: Zamboanga Peninsula,26,2021-02-14,22.142857142857142
Region IX: Zamboanga Peninsula,44,2021-02-15,24.142857142857142
Region IX: Zamboanga Peninsula,18,2021-02-16,24.857142857142858
Region IX: Zamboanga Peninsula,22,2021-02-17,27.142857142857142
Region IX: Zamboanga Peninsula,12,2021-02-18,25.714285714285715
Region IX: Zamboanga Peninsula,14,2021-02-19,23.857142857142858
Region IX: Zamboanga Peninsula,7,2021-02-20,20.428571428571427
Region IX: Zamboanga Peninsula,24,2021-02-21,20.142857142857142
Region IX: Zamboanga Peninsula,20,2021-02-22,16.714285714285715
Region IX: Zamboanga Peninsula,18,2021-02-23,16.714285714285715
Region IX: Zamboanga Peninsula,11,2021-02-24,15.142857142857142
Region IX: Zamboanga Peninsula,16,2021-02-25,15.714285714285714
Region IX: Zamboanga Peninsula,31,2021-02-26,18.142857142857142
Region IX: Zamboanga Peninsula,27,2021-02-27,21.0
Region IX: Zamboanga Peninsula,17,2021-02-28,20.0
Region IX: Zamboanga Peninsula,12,2021-03-01,18.857142857142858
Region IX: Zamboanga Peninsula,17,2021-03-02,18.714285714285715
Region IX: Zamboanga Peninsula,11,2021-03-03,18.714285714285715
Region IX: Zamboanga Peninsula,19,2021-03-04,19.142857142857142
Region IX: Zamboanga Peninsula,45,2021-03-05,21.142857142857142
Region IX: Zamboanga Peninsula,32,2021-03-06,21.857142857142858
Region IX: Zamboanga Peninsula,34,2021-03-07,24.285714285714285
Region IX: Zamboanga Peninsula,12,2021-03-08,24.285714285714285
Region IX: Zamboanga Peninsula,9,2021-03-09,23.142857142857142
Region IX: Zamboanga Peninsula,12,2021-03-10,23.285714285714285
Region IX: Zamboanga Peninsula,15,2021-03-11,22.714285714285715
Region IX: Zamboanga Peninsula,10,2021-03-12,17.714285714285715
Region IX: Zamboanga Peninsula,10,2021-03-13,14.571428571428571
Region IX: Zamboanga Peninsula,26,2021-03-14,13.428571428571429
Region IX: Zamboanga Peninsula,28,2021-03-15,15.714285714285714
Region IX: Zamboanga Peninsula,14,2021-03-16,16.428571428571427
Region IX: Zamboanga Peninsula,12,2021-03-17,16.428571428571427
Region IX: Zamboanga Peninsula,28,2021-03-18,18.285714285714285
Region IX: Zamboanga Peninsula,29,2021-03-19,21.0
Region IX: Zamboanga Peninsula,17,2021-03-20,22.0
Region IX: Zamboanga Peninsula,29,2021-03-21,22.428571428571427
Region IX: Zamboanga Peninsula,28,2021-03-22,22.428571428571427
Region IX: Zamboanga Peninsula,17,2021-03-23,22.857142857142858
Region IX: Zamboanga Peninsula,21,2021-03-24,24.142857142857142
Region IX: Zamboanga Peninsula,40,2021-03-25,25.857142857142858
Region IX: Zamboanga Peninsula,20,2021-03-26,24.571428571428573
Region IX: Zamboanga Peninsula,33,2021-03-27,26.857142857142858
Region IX: Zamboanga Peninsula,34,2021-03-28,27.571428571428573
Region IX: Zamboanga Peninsula,29,2021-03-29,27.714285714285715
Region IX: Zamboanga Peninsula,25,2021-03-30,28.857142857142858
Region IX: Zamboanga Peninsula,37,2021-03-31,31.142857142857142
Region IX: Zamboanga Peninsula,35,2021-04-01,30.428571428571427
Region IX: Zamboanga Peninsula,47,2021-04-02,34.285714285714285
Region IX: Zamboanga Peninsula,54,2021-04-03,37.285714285714285
Region IX: Zamboanga Peninsula,38,2021-04-04,37.857142857142854
Region IX: Zamboanga Peninsula,25,2021-04-05,37.285714285714285
Region IX: Zamboanga Peninsula,31,2021-04-06,38.142857142857146
Region IX: Zamboanga Peninsula,45,2021-04-07,39.285714285714285
Region IX: Zamboanga Peninsula,93,2021-04-08,47.57142857142857
Region IX: Zamboanga Peninsula,66,2021-04-09,50.285714285714285
Region IX: Zamboanga Peninsula,72,2021-04-10,52.857142857142854
Region IX: Zamboanga Peninsula,113,2021-04-11,63.57142857142857
Region IX: Zamboanga Peninsula,83,2021-04-12,71.85714285714286
Region IX: Zamboanga Peninsula,50,2021-04-13,74.57142857142857
Region IX: Zamboanga Peninsula,58,2021-04-14,76.42857142857143
Region IX: Zamboanga Peninsula,126,2021-04-15,81.14285714285714
Region IX: Zamboanga Peninsula,82,2021-04-16,83.42857142857143
Region IX: Zamboanga Peninsula,131,2021-04-17,91.85714285714286
Region IX: Zamboanga Peninsula,136,2021-04-18,95.14285714285714
Region IX: Zamboanga Peninsula,112,2021-04-19,99.28571428571429
Region IX: Zamboanga Peninsula,108,2021-04-20,107.57142857142857
Region IX: Zamboanga Peninsula,78,2021-04-21,110.42857142857143
Region IX: Zamboanga Peninsula,152,2021-04-22,114.14285714285714
Region IX: Zamboanga Peninsula,179,2021-04-23,128.0
Region IX: Zamboanga Peninsula,215,2021-04-24,140.0
Region IX: Zamboanga Peninsula,222,2021-04-25,152.28571428571428
Region IX: Zamboanga Peninsula,116,2021-04-26,152.85714285714286
Region IX: Zamboanga Peninsula,209,2021-04-27,167.28571428571428
Region IX: Zamboanga Peninsula,99,2021-04-28,170.28571428571428
Region IX: Zamboanga Peninsula,183,2021-04-29,174.71428571428572
Region IX: Zamboanga Peninsula,136,2021-04-30,168.57142857142858
Region IX: Zamboanga Peninsula,211,2021-05-01,168.0
Region IX: Zamboanga Peninsula,239,2021-05-02,170.42857142857142
Region IX: Zamboanga Peninsula,143,2021-05-03,174.28571428571428
Region IX: Zamboanga Peninsula,193,2021-05-04,172.0
Region IX: Zamboanga Peninsula,212,2021-05-05,188.14285714285714
Region IX: Zamboanga Peninsula,97,2021-05-06,175.85714285714286
Region IX: Zamboanga Peninsula,230,2021-05-07,189.28571428571428
Region IX: Zamboanga Peninsula,215,2021-05-08,189.85714285714286
Region IX: Zamboanga Peninsula,429,2021-05-09,217.0
Region IX: Zamboanga Peninsula,212,2021-05-10,226.85714285714286
Region IX: Zamboanga Peninsula,249,2021-05-11,234.85714285714286
Region IX: Zamboanga Peninsula,131,2021-05-12,223.28571428571428
Region IX: Zamboanga Peninsula,254,2021-05-13,245.71428571428572
Region IX: Zamboanga Peninsula,289,2021-05-14,254.14285714285714
Region IX: Zamboanga Peninsula,337,2021-05-15,271.57142857142856
Region IX: Zamboanga Peninsula,192,2021-05-16,237.71428571428572
Region IX: Zamboanga Peninsula,318,2021-05-17,252.85714285714286
Region IX: Zamboanga Peninsula,200,2021-05-18,245.85714285714286
Region IX: Zamboanga Peninsula,213,2021-05-19,257.57142857142856
Region IX: Zamboanga Peninsula,276,2021-05-20,260.7142857142857
Region IX: Zamboanga Peninsula,167,2021-05-21,243.28571428571428
Region IX: Zamboanga Peninsula,366,2021-05-22,247.42857142857142
Region IX: Zamboanga Peninsula,66,2021-05-23,229.42857142857142
Region IX: Zamboanga Peninsula,142,2021-05-24,204.28571428571428
Region IX: Zamboanga Peninsula,270,2021-05-25,214.28571428571428
Region IX: Zamboanga Peninsula,285,2021-05-26,224.57142857142858
Region IX: Zamboanga Peninsula,238,2021-05-27,219.14285714285714
Region IX: Zamboanga Peninsula,362,2021-05-28,247.0
Region IX: Zamboanga Peninsula,345,2021-05-29,244.0
Region IX: Zamboanga Peninsula,285,2021-05-30,275.2857142857143
Region IX: Zamboanga Peninsula,205,2021-05-31,284.2857142857143
Region IX: Zamboanga Peninsula,100,2021-06-01,260.0
Region IX: Zamboanga Peninsula,223,2021-06-02,251.14285714285714
Region IX: Zamboanga Peninsula,387,2021-06-03,272.42857142857144
Region IX: Zamboanga Peninsula,200,2021-06-04,249.28571428571428
Region IX: Zamboanga Peninsula,227,2021-06-05,232.42857142857142
Region IX: Zamboanga Peninsula,285,2021-06-06,232.42857142857142
Region IX: Zamboanga Peninsula,138,2021-06-07,222.85714285714286
Region IX: Zamboanga Peninsula,201,2021-06-08,237.28571428571428
Region IX: Zamboanga Peninsula,254,2021-06-09,241.71428571428572
Region IX: Zamboanga Peninsula,239,2021-06-10,220.57142857142858
Region IX: Zamboanga Peninsula,206,2021-06-11,221.42857142857142
Region IX: Zamboanga Peninsula,236,2021-06-12,222.71428571428572
Region IX: Zamboanga Peninsula,305,2021-06-13,225.57142857142858
Region IX: Zamboanga Peninsula,173,2021-06-14,230.57142857142858
Region IX: Zamboanga Peninsula,133,2021-06-15,220.85714285714286
Region IX: Zamboanga Peninsula,227,2021-06-16,217.0
Region IX: Zamboanga Peninsula,212,2021-06-17,213.14285714285714
Region IX: Zamboanga Peninsula,376,2021-06-18,237.42857142857142
Region IX: Zamboanga Peninsula,342,2021-06-19,252.57142857142858
Region IX: Zamboanga Peninsula,215,2021-06-20,239.71428571428572
Region IX: Zamboanga Peninsula,129,2021-06-21,233.42857142857142
Region IX: Zamboanga Peninsula,63,2021-06-22,223.42857142857142
Region IX: Zamboanga Peninsula,161,2021-06-23,214.0
Region IX: Zamboanga Peninsula,334,2021-06-24,231.42857142857142
Region IX: Zamboanga Peninsula,147,2021-06-25,198.71428571428572
Region IX: Zamboanga Peninsula,273,2021-06-26,188.85714285714286
Region IX: Zamboanga Peninsula,170,2021-06-27,182.42857142857142
Region IX: Zamboanga Peninsula,174,2021-06-28,188.85714285714286
Region IX: Zamboanga Peninsula,57,2021-06-29,188.0
Region IX: Zamboanga Peninsula,164,2021-06-30,188.42857142857142
Region IX: Zamboanga Peninsula,88,2021-07-01,153.28571428571428
Region IX: Zamboanga Peninsula,221,2021-07-02,163.85714285714286
Region IX: Zamboanga Peninsula,111,2021-07-03,140.71428571428572
Region IX: Zamboanga Peninsula,86,2021-07-04,128.71428571428572
Region IX: Zamboanga Peninsula,110,2021-07-05,119.57142857142857
Region IX: Zamboanga Peninsula,60,2021-07-06,120.0
Region IX: Zamboanga Peninsula,143,2021-07-07,117.0
Region IX: Zamboanga Peninsula,126,2021-07-08,122.42857142857143
Region IX: Zamboanga Peninsula,126,2021-07-09,108.85714285714286
Region IX: Zamboanga Peninsula,89,2021-07-10,105.71428571428571
Region IX: Zamboanga Peninsula,119,2021-07-11,110.42857142857143
Region IX: Zamboanga Peninsula,44,2021-07-12,101.0
Region IX: Zamboanga Peninsula,36,2021-07-13,97.57142857142857
Region IX: Zamboanga Peninsula,66,2021-07-14,86.57142857142857
Region IX: Zamboanga Peninsula,151,2021-07-15,90.14285714285714
Region IX: Zamboanga Peninsula,98,2021-07-16,86.14285714285714
Region IX: Zamboanga Peninsula,81,2021-07-17,85.0
Region IX: Zamboanga Peninsula,90,2021-07-18,80.85714285714286
Region IX: Zamboanga Peninsula,36,2021-07-19,79.71428571428571
Region IX: Zamboanga Peninsula,51,2021-07-20,81.85714285714286
Region IX: Zamboanga Peninsula,90,2021-07-21,85.28571428571429
Region IX: Zamboanga Peninsula,90,2021-07-22,76.57142857142857
Region IX: Zamboanga Peninsula,109,2021-07-23,78.14285714285714
Region IX: Zamboanga Peninsula,55,2021-07-24,74.42857142857143
Region IX: Zamboanga Peninsula,67,2021-07-25,71.14285714285714
Region IX: Zamboanga Peninsula,69,2021-07-26,75.85714285714286
Region IX: Zamboanga Peninsula,26,2021-07-27,72.28571428571429
Region IX: Zamboanga Peninsula,38,2021-07-28,64.85714285714286
Region IX: Zamboanga Peninsula,103,2021-07-29,66.71428571428571
Region IX: Zamboanga Peninsula,68,2021-07-30,60.857142857142854
Region IX: Zamboanga Peninsula,105,2021-07-31,68.0
Region IX: Zamboanga Peninsula,64,2021-08-01,67.57142857142857
Region IX: Zamboanga Peninsula,60,2021-08-02,66.28571428571429
Region IX: Zamboanga Peninsula,32,2021-08-03,67.14285714285714
Region IX: Zamboanga Peninsula,77,2021-08-04,72.71428571428571
Region IX: Zamboanga Peninsula,50,2021-08-05,65.14285714285714
Region IX: Zamboanga Peninsula,95,2021-08-06,69.0
Region IX: Zamboanga Peninsula,56,2021-08-07,62.0
Region IX: Zamboanga Peninsula,110,2021-08-08,68.57142857142857
Region IX: Zamboanga Peninsula,57,2021-08-09,68.14285714285714
Region IX: Zamboanga Peninsula,35,2021-08-10,68.57142857142857
Region IX: Zamboanga Peninsula,113,2021-08-11,73.71428571428571
Region IX: Zamboanga Peninsula,137,2021-08-12,86.14285714285714
Region IX: Zamboanga Peninsula,48,2021-08-13,79.42857142857143
Region IX: Zamboanga Peninsula,135,2021-08-14,90.71428571428571
Region IX: Zamboanga Peninsula,216,2021-08-15,105.85714285714286
Region IX: Zamboanga Peninsula,128,2021-08-16,116.0
Region IX: Zamboanga Peninsula,67,2021-08-17,120.57142857142857
Region IX: Zamboanga Peninsula,81,2021-08-18,116.0
Region IX: Zamboanga Peninsula,97,2021-08-19,110.28571428571429
Region IX: Zamboanga Peninsula,171,2021-08-20,127.85714285714286
Region IX: Zamboanga Peninsula,102,2021-08-21,123.14285714285714
Region IX: Zamboanga Peninsula,154,2021-08-22,114.28571428571429
Region IX: Zamboanga Peninsula,116,2021-08-23,112.57142857142857
Region IX: Zamboanga Peninsula,118,2021-08-24,119.85714285714286
Region IX: Zamboanga Peninsula,212,2021-08-25,138.57142857142858
Region IX: Zamboanga Peninsula,166,2021-08-26,148.42857142857142
Region IX: Zamboanga Peninsula,184,2021-08-27,150.28571428571428
Region IX: Zamboanga Peninsula,149,2021-08-28,157.0
Region IX: Zamboanga Peninsula,159,2021-08-29,157.71428571428572
Region IX: Zamboanga Peninsula,204,2021-08-30,170.28571428571428
Region IX: Zamboanga Peninsula,163,2021-08-31,176.71428571428572
Region IX: Zamboanga Peninsula,257,2021-09-01,183.14285714285714
Region IX: Zamboanga Peninsula,231,2021-09-02,192.42857142857142
Region IX: Zamboanga Peninsula,227,2021-09-03,198.57142857142858
Region IX: Zamboanga Peninsula,323,2021-09-04,223.42857142857142
Region IX: Zamboanga Peninsula,283,2021-09-05,241.14285714285714
Region IX: Zamboanga Peninsula,360,2021-09-06,263.42857142857144
Region IX: Zamboanga Peninsula,260,2021-09-07,277.2857142857143
Region IX: Zamboanga Peninsula,468,2021-09-08,307.42857142857144
Region IX: Zamboanga Peninsula,251,2021-09-09,310.2857142857143
Region IX: Zamboanga Peninsula,173,2021-09-10,302.57142857142856
Region IX: Zamboanga Peninsula,346,2021-09-11,305.85714285714283
Region IX: Zamboanga Peninsula,356,2021-09-12,316.2857142857143
Region IX: Zamboanga Peninsula,181,2021-09-13,290.7142857142857
Region IX: Zamboanga Peninsula,288,2021-09-14,294.7142857142857
Region IX: Zamboanga Peninsula,401,2021-09-15,285.14285714285717
Region IX: Zamboanga Peninsula,400,2021-09-16,306.42857142857144
Region IX: Zamboanga Peninsula,356,2021-09-17,332.57142857142856
Region IX: Zamboanga Peninsula,479,2021-09-18,351.57142857142856
Region IX: Zamboanga Peninsula,425,2021-09-19,361.42857142857144
Region IX: Zamboanga Peninsula,255,2021-09-20,372.0
Region IX: Zamboanga Peninsula,264,2021-09-21,368.57142857142856
Region IX: Zamboanga Peninsula,349,2021-09-22,361.14285714285717
Region IX: Zamboanga Peninsula,392,2021-09-23,360.0
Region IX: Zamboanga Peninsula,288,2021-09-24,350.2857142857143
Region IX: Zamboanga Peninsula,268,2021-09-25,320.14285714285717
Region IX: Zamboanga Peninsula,554,2021-09-26,338.57142857142856
Region IX: Zamboanga Peninsula,289,2021-09-27,343.42857142857144
Region IX: Zamboanga Peninsula,431,2021-09-28,367.2857142857143
Region IX: Zamboanga Peninsula,354,2021-09-29,368.0
Region IX: Zamboanga Peninsula,314,2021-09-30,356.85714285714283
Region IX: Zamboanga Peninsula,520,2021-10-01,390.0
Region IX: Zamboanga Peninsula,371,2021-10-02,404.7142857142857
Region IX: Zamboanga Peninsula,313,2021-10-03,370.2857142857143
Region IX: Zamboanga Peninsula,249,2021-10-04,364.57142857142856
Region IX: Zamboanga Peninsula,253,2021-10-05,339.14285714285717
Region IX: Zamboanga Peninsula,421,2021-10-06,348.7142857142857
Region IX: Zamboanga Peninsula,392,2021-10-07,359.85714285714283
Region IX: Zamboanga Peninsula,350,2021-10-08,335.57142857142856
Region IX: Zamboanga Peninsula,364,2021-10-09,334.57142857142856
Region IX: Zamboanga Peninsula,582,2021-10-10,373.0
Region IX: Zamboanga Peninsula,293,2021-10-11,379.2857142857143
Region IX: Zamboanga Peninsula,278,2021-10-12,382.85714285714283
Region IX: Zamboanga Peninsula,327,2021-10-13,369.42857142857144
Region IX: Zamboanga Peninsula,411,2021-10-14,372.14285714285717
Region IX: Zamboanga Peninsula,339,2021-10-15,370.57142857142856
Region IX: Zamboanga Peninsula,329,2021-10-16,365.57142857142856
Region IX: Zamboanga Peninsula,284,2021-10-17,323.0
Region IX: Zamboanga Peninsula,453,2021-10-18,345.85714285714283
Region IX: Zamboanga Peninsula,233,2021-10-19,339.42857142857144
Region IX: Zamboanga Peninsula,290,2021-10-20,334.14285714285717
Region IX: Zamboanga Peninsula,81,2021-10-21,287.0
Region IX: Zamboanga Peninsula,282,2021-10-22,278.85714285714283
Region IX: Zamboanga Peninsula,392,2021-10-23,287.85714285714283
Region IX: Zamboanga Peninsula,269,2021-10-24,285.7142857142857
Region IX: Zamboanga Peninsula,169,2021-10-25,245.14285714285714
Region IX: Zamboanga Peninsula,173,2021-10-26,236.57142857142858
Region IX: Zamboanga Peninsula,165,2021-10-27,218.71428571428572
Region IX: Zamboanga Peninsula,475,2021-10-28,275.0
Region IX: Zamboanga Peninsula,180,2021-10-29,260.42857142857144
Region IX: Zamboanga Peninsula,238,2021-10-30,238.42857142857142
Region IX: Zamboanga Peninsula,198,2021-10-31,228.28571428571428
Region IX: Zamboanga Peninsula,81,2021-11-01,215.71428571428572
Region IX: Zamboanga Peninsula,73,2021-11-02,201.42857142857142
Region IX: Zamboanga Peninsula,78,2021-11-03,189.0
Region IX: Zamboanga Peninsula,116,2021-11-04,137.71428571428572
Region IX: Zamboanga Peninsula,176,2021-11-05,137.14285714285714
Region IX: Zamboanga Peninsula,127,2021-11-06,121.28571428571429
Region IX: Zamboanga Peninsula,164,2021-11-07,116.42857142857143
Region IX: Zamboanga Peninsula,62,2021-11-08,113.71428571428571
Region IX: Zamboanga Peninsula,52,2021-11-09,110.71428571428571
Region IX: Zamboanga Peninsula,73,2021-11-10,110.0
Region IX: Zamboanga Peninsula,106,2021-11-11,108.57142857142857
Region IX: Zamboanga Peninsula,90,2021-11-12,96.28571428571429
Region IX: Zamboanga Peninsula,130,2021-11-13,96.71428571428571
Region IX: Zamboanga Peninsula,98,2021-11-14,87.28571428571429
Region IX: Zamboanga Peninsula,44,2021-11-15,84.71428571428571
Region IX: Zamboanga Peninsula,40,2021-11-16,83.0
Region IX: Zamboanga Peninsula,49,2021-11-17,79.57142857142857
Region IX: Zamboanga Peninsula,74,2021-11-18,75.0
Region IX: Zamboanga Peninsula,79,2021-11-19,73.42857142857143
Region IX: Zamboanga Peninsula,78,2021-11-20,66.0
Region IX: Zamboanga Peninsula,43,2021-11-21,58.142857142857146
Region IX: Zamboanga Peninsula,23,2021-11-22,55.142857142857146
Region IX: Zamboanga Peninsula,51,2021-11-23,56.714285714285715
Region IX: Zamboanga Peninsula,28,2021-11-24,53.714285714285715
Region IX: Zamboanga Peninsula,66,2021-11-25,52.57142857142857
Region IX: Zamboanga Peninsula,51,2021-11-26,48.57142857142857
Region IX: Zamboanga Peninsula,118,2021-11-27,54.285714285714285
Region IX: Zamboanga Peninsula,50,2021-11-28,55.285714285714285
Region IX: Zamboanga Peninsula,54,2021-11-29,59.714285714285715
Region IX: Zamboanga Peninsula,30,2021-11-30,56.714285714285715
Region IX: Zamboanga Peninsula,30,2021-12-01,57.0
Region IX: Zamboanga Peninsula,37,2021-12-02,52.857142857142854
Region IX: Zamboanga Peninsula,79,2021-12-03,56.857142857142854
Region IX: Zamboanga Peninsula,28,2021-12-04,44.0
Region IX: Zamboanga Peninsula,21,2021-12-05,39.857142857142854
Region IX: Zamboanga Peninsula,43,2021-12-06,38.285714285714285
Region IX: Zamboanga Peninsula,19,2021-12-07,36.714285714285715
Region IX: Zamboanga Peninsula,16,2021-12-08,34.714285714285715
Region IX: Zamboanga Peninsula,27,2021-12-09,33.285714285714285
Region IX: Zamboanga Peninsula,10,2021-12-10,23.428571428571427
Region IX: Zamboanga Peninsula,9,2021-12-11,20.714285714285715
Region IX: Zamboanga Peninsula,12,2021-12-12,19.428571428571427
Region IX: Zamboanga Peninsula,19,2021-12-13,16.0
Region IX: Zamboanga Peninsula,10,2021-12-14,14.714285714285714
Region IX: Zamboanga Peninsula,12,2021-12-15,14.142857142857142
Region IX: Zamboanga Peninsula,17,2021-12-16,12.714285714285714
Region IX: Zamboanga Peninsula,8,2021-12-17,12.428571428571429
Region IX: Zamboanga Peninsula,13,2021-12-18,13.0
Region IX: Zamboanga Peninsula,0,2021-12-19,11.285714285714286
Region IX: Zamboanga Peninsula,22,2021-12-20,11.714285714285714
Region IX: Zamboanga Peninsula,6,2021-12-21,11.142857142857142
Region IX: Zamboanga Peninsula,13,2021-12-22,11.285714285714286
Region IX: Zamboanga Peninsula,19,2021-12-23,11.571428571428571
Region IX: Zamboanga Peninsula,5,2021-12-24,11.142857142857142
Region IX: Zamboanga Peninsula,16,2021-12-25,11.571428571428571
Region IX: Zamboanga Peninsula,13,2021-12-26,13.428571428571429
Region IX: Zamboanga Peninsula,9,2021-12-27,11.571428571428571
Region IX: Zamboanga Peninsula,16,2021-12-28,13.0
Region IX: Zamboanga Peninsula,23,2021-12-29,14.428571428571429
Region IX: Zamboanga Peninsula,21,2021-12-30,14.714285714285714
Region IX: Zamboanga Peninsula,12,2021-12-31,15.714285714285714
Region IX: Zamboanga Peninsula,13,2022-01-01,15.285714285714286
Region IX: Zamboanga Peninsula,15,2022-01-02,15.571428571428571
Region IX: Zamboanga Peninsula,13,2022-01-03,16.142857142857142
Region IX: Zamboanga Peninsula,14,2022-01-04,15.857142857142858
Region IX: Zamboanga Peninsula,15,2022-01-05,14.714285714285714
Region IX: Zamboanga Peninsula,39,2022-01-06,17.285714285714285
Region IX: Zamboanga Peninsula,53,2022-01-07,23.142857142857142
Region IX: Zamboanga Peninsula,47,2022-01-08,28.0
Region IX: Zamboanga Peninsula,83,2022-01-09,37.714285714285715
Region IX: Zamboanga Peninsula,79,2022-01-10,47.142857142857146
Region IX: Zamboanga Peninsula,87,2022-01-11,57.57142857142857
Region IX: Zamboanga Peninsula,102,2022-01-12,70.0
Region IX: Zamboanga Peninsula,170,2022-01-13,88.71428571428571
Region IX: Zamboanga Peninsula,165,2022-01-14,104.71428571428571
Region IX: Zamboanga Peninsula,245,2022-01-15,133.0
Region IX: Zamboanga Peninsula,498,2022-01-16,192.28571428571428
Region IX: Zamboanga Peninsula,183,2022-01-17,207.14285714285714
Region IX: Zamboanga Peninsula,286,2022-01-18,235.57142857142858
Region IX: Zamboanga Peninsula,253,2022-01-19,257.14285714285717
Region IX: Zamboanga Peninsula,520,2022-01-20,307.14285714285717
Region IX: Zamboanga Peninsula,574,2022-01-21,365.57142857142856
Region IX: Zamboanga Peninsula,714,2022-01-22,432.57142857142856
Region IX: Zamboanga Peninsula,461,2022-01-23,427.2857142857143
Region IX: Zamboanga Peninsula,604,2022-01-24,487.42857142857144
Region IX: Zamboanga Peninsula,283,2022-01-25,487.0
Region IX: Zamboanga Peninsula,455,2022-01-26,515.8571428571429
Region IX: Zamboanga Peninsula,472,2022-01-27,509.0
Region IX: Zamboanga Peninsula,594,2022-01-28,511.85714285714283
Region IX: Zamboanga Peninsula,390,2022-01-29,465.57142857142856
Region IX: Zamboanga Peninsula,646,2022-01-30,492.0
Region IX: Zamboanga Peninsula,304,2022-01-31,449.14285714285717
Region IX: Zamboanga Peninsula,215,2022-02-01,439.42857142857144
Region IX: Zamboanga Peninsula,146,2022-02-02,395.2857142857143
Region IX: Zamboanga Peninsula,313,2022-02-03,372.57142857142856
Region IX: Zamboanga Peninsula,235,2022-02-04,321.2857142857143
Region IX: Zamboanga Peninsula,224,2022-02-05,297.57142857142856
Region IX: Zamboanga Peninsula,256,2022-02-06,241.85714285714286
Region IX: Zamboanga Peninsula,255,2022-02-07,234.85714285714286
Region IX: Zamboanga Peninsula,104,2022-02-08,219.0
Region IX: Zamboanga Peninsula,151,2022-02-09,219.71428571428572
Region IX: Zamboanga Peninsula,137,2022-02-10,194.57142857142858
Region IX: Zamboanga Peninsula,118,2022-02-11,177.85714285714286
Region IX: Zamboanga Peninsula,149,2022-02-12,167.14285714285714
Region IX: Zamboanga Peninsula,90,2022-02-13,143.42857142857142
Region IX: Zamboanga Peninsula,67,2022-02-14,116.57142857142857
Region IX: Zamboanga Peninsula,63,2022-02-15,110.71428571428571
Region IX: Zamboanga Peninsula,92,2022-02-16,102.28571428571429
Region IX: Zamboanga Peninsula,62,2022-02-17,91.57142857142857
Region IX: Zamboanga Peninsula,76,2022-02-18,85.57142857142857
Region IX: Zamboanga Peninsula,44,2022-02-19,70.57142857142857
Region IX: Zamboanga Peninsula,36,2022-02-20,62.857142857142854
Region IX: Zamboanga Peninsula,31,2022-02-21,57.714285714285715
Region IX: Zamboanga Peninsula,31,2022-02-22,53.142857142857146
Region IX: Zamboanga Peninsula,46,2022-02-23,46.57142857142857
Region IX: Zamboanga Peninsula,41,2022-02-24,43.57142857142857
Region IX: Zamboanga Peninsula,51,2022-02-25,40.0
Region IX: Zamboanga Peninsula,28,2022-02-26,37.714285714285715
Region IX: Zamboanga Peninsula,27,2022-02-27,36.42857142857143
Region IX: Zamboanga Peninsula,14,2022-02-28,34.0
Region IX: Zamboanga Peninsula,28,2022-03-01,33.57142857142857
Region IX: Zamboanga Peninsula,13,2022-03-02,28.857142857142858
Region IX: Zamboanga Peninsula,26,2022-03-03,26.714285714285715
Region IX: Zamboanga Peninsula,13,2022-03-04,21.285714285714285
Region IX: Zamboanga Peninsula,23,2022-03-05,20.571428571428573
Region IX: Zamboanga Peninsula,22,2022-03-06,19.857142857142858
Region IX: Zamboanga Peninsula,12,2022-03-07,19.571428571428573
Region IX: Zamboanga Peninsula,4,2022-03-08,16.142857142857142
Region IX: Zamboanga Peninsula,8,2022-03-09,15.428571428571429
Region IX: Zamboanga Peninsula,7,2022-03-10,12.714285714285714
Region IX: Zamboanga Peninsula,14,2022-03-11,12.857142857142858
Region IX: Zamboanga Peninsula,14,2022-03-12,11.571428571428571
Region IX: Zamboanga Peninsula,12,2022-03-13,10.142857142857142
Region IX: Zamboanga Peninsula,9,2022-03-14,9.714285714285714
Region IX: Zamboanga Peninsula,6,2022-03-15,10.0
Region IX: Zamboanga Peninsula,7,2022-03-16,9.857142857142858
Region IX: Zamboanga Peninsula,20,2022-03-17,11.714285714285714
Region IX: Zamboanga Peninsula,12,2022-03-18,11.428571428571429
Region IX: Zamboanga Peninsula,17,2022-03-19,11.857142857142858
Region IX: Zamboanga Peninsula,27,2022-03-20,14.0
Region IX: Zamboanga Peninsula,12,2022-03-21,14.428571428571429
Region IX: Zamboanga Peninsula,17,2022-03-22,16.0
Region IX: Zamboanga Peninsula,10,2022-03-23,16.428571428571427
Region IX: Zamboanga Peninsula,12,2022-03-24,15.285714285714286
Region IX: Zamboanga Peninsula,14,2022-03-25,15.571428571428571
Region IX: Zamboanga Peninsula,8,2022-03-26,14.285714285714286
Region IX: Zamboanga Peninsula,12,2022-03-27,12.142857142857142
Region IX: Zamboanga Peninsula,6,2022-03-28,11.285714285714286
Region IX: Zamboanga Peninsula,5,2022-03-29,9.571428571428571
Region IX: Zamboanga Peninsula,5,2022-03-30,8.857142857142858
Region IX: Zamboanga Peninsula,10,2022-03-31,8.571428571428571
Region IX: Zamboanga Peninsula,5,2022-04-01,7.285714285714286
Region IX: Zamboanga Peninsula,10,2022-04-02,7.571428571428571
Region IX: Zamboanga Peninsula,9,2022-04-03,7.142857142857143
Region IX: Zamboanga Peninsula,2,2022-04-04,6.571428571428571
Region IX: Zamboanga Peninsula,5,2022-04-05,6.571428571428571
Region IX: Zamboanga Peninsula,6,2022-04-06,6.714285714285714
Region IX: Zamboanga Peninsula,6,2022-04-07,6.142857142857143
Region IX: Zamboanga Peninsula,6,2022-04-08,6.285714285714286
Region IX: Zamboanga Peninsula,10,2022-04-09,6.285714285714286
Region IX: Zamboanga Peninsula,9,2022-04-10,6.285714285714286
Region IX: Zamboanga Peninsula,4,2022-04-11,6.571428571428571
Region IX: Zamboanga Peninsula,1,2022-04-12,6.0
Region IX: Zamboanga Peninsula,4,2022-04-13,5.714285714285714
Region IX: Zamboanga Peninsula,2,2022-04-14,5.142857142857143
Region IX: Zamboanga Peninsula,5,2022-04-15,5.0
Region IX: Zamboanga Peninsula,5,2022-04-16,4.285714285714286
Region IX: Zamboanga Peninsula,8,2022-04-17,4.142857142857143
Region IX: Zamboanga Peninsula,3,2022-04-18,4.0
Region IX: Zamboanga Peninsula,8,2022-04-19,5.0
Region IX: Zamboanga Peninsula,15,2022-04-20,6.571428571428571
Region IX: Zamboanga Peninsula,0,2022-04-21,6.285714285714286
Region IX: Zamboanga Peninsula,4,2022-04-22,6.142857142857143
Region IX: Zamboanga Peninsula,6,2022-04-23,6.285714285714286
Region IX: Zamboanga Peninsula,4,2022-04-24,5.714285714285714
Region IX: Zamboanga Peninsula,2,2022-04-25,5.571428571428571
Region IX: Zamboanga Peninsula,5,2022-04-26,5.142857142857143
Region IX: Zamboanga Peninsula,3,2022-04-27,3.4285714285714284
Region IX: Zamboanga Peninsula,4,2022-04-28,4.0
Region IX: Zamboanga Peninsula,7,2022-04-29,4.428571428571429
Region IX: Zamboanga Peninsula,6,2022-04-30,4.428571428571429
Region IX: Zamboanga Peninsula,2,2022-05-01,4.142857142857143
Region IX: Zamboanga Peninsula,5,2022-05-02,4.571428571428571
Region IX: Zamboanga Peninsula,3,2022-05-03,4.285714285714286
Region IX: Zamboanga Peninsula,5,2022-05-04,4.571428571428571
Region IX: Zamboanga Peninsula,4,2022-05-05,4.571428571428571
Region IX: Zamboanga Peninsula,4,2022-05-06,4.142857142857143
Region IX: Zamboanga Peninsula,1,2022-05-07,3.4285714285714284
Region IX: Zamboanga Peninsula,4,2022-05-08,3.7142857142857144
Region IX: Zamboanga Peninsula,6,2022-05-09,3.857142857142857
Region IX: Zamboanga Peninsula,5,2022-05-10,4.142857142857143
Region IX: Zamboanga Peninsula,1,2022-05-11,3.5714285714285716
Region IX: Zamboanga Peninsula,9,2022-05-12,4.285714285714286
Region IX: Zamboanga Peninsula,1,2022-05-13,3.857142857142857
Region IX: Zamboanga Peninsula,4,2022-05-14,4.285714285714286
Region IX: Zamboanga Peninsula,0,2022-05-15,3.7142857142857144
Region IX: Zamboanga Peninsula,6,2022-05-16,3.7142857142857144
Region IX: Zamboanga Peninsula,1,2022-05-17,3.142857142857143
Region IX: Zamboanga Peninsula,3,2022-05-18,3.4285714285714284
Region IX: Zamboanga Peninsula,10,2022-05-19,3.5714285714285716
Region IX: Zamboanga Peninsula,5,2022-05-20,4.142857142857143
Region IX: Zamboanga Peninsula,4,2022-05-21,4.142857142857143
Region IX: Zamboanga Peninsula,5,2022-05-22,4.857142857142857
Region IX: Zamboanga Peninsula,3,2022-05-23,4.428571428571429
Region IX: Zamboanga Peninsula,2,2022-05-24,4.571428571428571
Region IX: Zamboanga Peninsula,3,2022-05-25,4.571428571428571
Region IX: Zamboanga Peninsula,6,2022-05-26,4.0
Region IX: Zamboanga Peninsula,7,2022-05-27,4.285714285714286
Region IX: Zamboanga Peninsula,3,2022-05-28,4.142857142857143
Region IX: Zamboanga Peninsula,8,2022-05-29,4.571428571428571
Region IX: Zamboanga Peninsula,5,2022-05-30,4.857142857142857
Region IX: Zamboanga Peninsula,2,2022-05-31,4.857142857142857
Region IX: Zamboanga Peninsula,5,2022-06-01,5.142857142857143
Region IX: Zamboanga Peninsula,2,2022-06-02,4.571428571428571
Region IX: Zamboanga Peninsula,5,2022-06-03,4.285714285714286
Region IX: Zamboanga Peninsula,7,2022-06-04,4.857142857142857
Region IX: Zamboanga Peninsula,4,2022-06-05,4.285714285714286
Region IX: Zamboanga Peninsula,7,2022-06-06,4.571428571428571
Region IX: Zamboanga Peninsula,3,2022-06-07,4.714285714285714
Region IX: Zamboanga Peninsula,3,2022-06-08,4.428571428571429
Region IX: Zamboanga Peninsula,4,2022-06-09,4.714285714285714
Region IX: Zamboanga Peninsula,5,2022-06-10,4.714285714285714
Region IX: Zamboanga Peninsula,1,2022-06-11,3.857142857142857
Region IX: Zamboanga Peninsula,9,2022-06-12,4.571428571428571
Region IX: Zamboanga Peninsula,4,2022-06-13,4.142857142857143
Region IX: Zamboanga Peninsula,6,2022-06-14,4.571428571428571
Region IX: Zamboanga Peninsula,2,2022-06-15,4.428571428571429
Region IX: Zamboanga Peninsula,3,2022-06-16,4.285714285714286
Region IX: Zamboanga Peninsula,4,2022-06-17,4.142857142857143
Region IX: Zamboanga Peninsula,5,2022-06-18,4.714285714285714
