region,count,date,7DayMA
Region VI: Western Visayas,2,2020-03-21,
Region VI: Western Visayas,0,2020-03-22,
Region VI: Western Visayas,0,2020-03-23,
Region VI: Western Visayas,0,2020-03-24,
Region VI: Western Visayas,1,2020-03-25,
Region VI: Western Visayas,0,2020-03-26,
Region VI: Western Visayas,3,2020-03-27,0.8571428571428571
Region VI: Western Visayas,6,2020-03-28,1.4285714285714286
Region VI: Western Visayas,4,2020-03-29,2.0
Region VI: Western Visayas,0,2020-03-30,2.0
Region VI: Western Visayas,1,2020-03-31,2.142857142857143
Region VI: Western Visayas,0,2020-04-01,2.0
Region VI: Western Visayas,2,2020-04-02,2.2857142857142856
Region VI: Western Visayas,4,2020-04-03,2.4285714285714284
Region VI: Western Visayas,5,2020-04-04,2.2857142857142856
Region VI: Western Visayas,0,2020-04-05,1.7142857142857142
Region VI: Western Visayas,0,2020-04-06,1.7142857142857142
Region VI: Western Visayas,0,2020-04-07,1.5714285714285714
Region VI: Western Visayas,0,2020-04-08,1.5714285714285714
Region VI: Western Visayas,0,2020-04-09,1.2857142857142858
Region VI: Western Visayas,9,2020-04-10,2.0
Region VI: Western Visayas,0,2020-04-11,1.2857142857142858
Region VI: Western Visayas,0,2020-04-12,1.2857142857142858
Region VI: Western Visayas,0,2020-04-13,1.2857142857142858
Region VI: Western Visayas,0,2020-04-14,1.2857142857142858
Region VI: Western Visayas,1,2020-04-15,1.4285714285714286
Region VI: Western Visayas,1,2020-04-16,1.5714285714285714
Region VI: Western Visayas,2,2020-04-17,0.5714285714285714
Region VI: Western Visayas,4,2020-04-18,1.1428571428571428
Region VI: Western Visayas,1,2020-04-19,1.2857142857142858
Region VI: Western Visayas,3,2020-04-20,1.7142857142857142
Region VI: Western Visayas,0,2020-04-21,1.7142857142857142
Region VI: Western Visayas,2,2020-04-22,1.8571428571428572
Region VI: Western Visayas,0,2020-04-23,1.7142857142857142
Region VI: Western Visayas,0,2020-04-24,1.4285714285714286
Region VI: Western Visayas,0,2020-04-25,0.8571428571428571
Region VI: Western Visayas,2,2020-04-26,1.0
Region VI: Western Visayas,4,2020-04-27,1.1428571428571428
Region VI: Western Visayas,1,2020-04-28,1.2857142857142858
Region VI: Western Visayas,0,2020-04-29,1.0
Region VI: Western Visayas,1,2020-04-30,1.1428571428571428
Region VI: Western Visayas,2,2020-05-01,1.4285714285714286
Region VI: Western Visayas,0,2020-05-02,1.4285714285714286
Region VI: Western Visayas,1,2020-05-03,1.2857142857142858
Region VI: Western Visayas,1,2020-05-04,0.8571428571428571
Region VI: Western Visayas,0,2020-05-05,0.7142857142857143
Region VI: Western Visayas,5,2020-05-06,1.4285714285714286
Region VI: Western Visayas,0,2020-05-07,1.2857142857142858
Region VI: Western Visayas,0,2020-05-08,1.0
Region VI: Western Visayas,2,2020-05-09,1.2857142857142858
Region VI: Western Visayas,0,2020-05-10,1.1428571428571428
Region VI: Western Visayas,0,2020-05-11,1.0
Region VI: Western Visayas,1,2020-05-12,1.1428571428571428
Region VI: Western Visayas,0,2020-05-13,0.42857142857142855
Region VI: Western Visayas,2,2020-05-14,0.7142857142857143
Region VI: Western Visayas,1,2020-05-15,0.8571428571428571
Region VI: Western Visayas,0,2020-05-16,0.5714285714285714
Region VI: Western Visayas,0,2020-05-17,0.5714285714285714
Region VI: Western Visayas,0,2020-05-18,0.5714285714285714
Region VI: Western Visayas,0,2020-05-19,0.42857142857142855
Region VI: Western Visayas,1,2020-05-20,0.5714285714285714
Region VI: Western Visayas,0,2020-05-21,0.2857142857142857
Region VI: Western Visayas,0,2020-05-22,0.14285714285714285
Region VI: Western Visayas,2,2020-05-23,0.42857142857142855
Region VI: Western Visayas,0,2020-05-24,0.42857142857142855
Region VI: Western Visayas,0,2020-05-25,0.42857142857142855
Region VI: Western Visayas,0,2020-05-26,0.42857142857142855
Region VI: Western Visayas,0,2020-05-27,0.2857142857142857
Region VI: Western Visayas,2,2020-05-28,0.5714285714285714
Region VI: Western Visayas,1,2020-05-29,0.7142857142857143
Region VI: Western Visayas,0,2020-05-30,0.42857142857142855
Region VI: Western Visayas,2,2020-05-31,0.7142857142857143
Region VI: Western Visayas,3,2020-06-01,1.1428571428571428
Region VI: Western Visayas,1,2020-06-02,1.2857142857142858
Region VI: Western Visayas,3,2020-06-03,1.7142857142857142
Region VI: Western Visayas,1,2020-06-04,1.5714285714285714
Region VI: Western Visayas,0,2020-06-05,1.4285714285714286
Region VI: Western Visayas,3,2020-06-06,1.8571428571428572
Region VI: Western Visayas,0,2020-06-07,1.5714285714285714
Region VI: Western Visayas,1,2020-06-08,1.2857142857142858
Region VI: Western Visayas,1,2020-06-09,1.2857142857142858
Region VI: Western Visayas,0,2020-06-10,0.8571428571428571
Region VI: Western Visayas,2,2020-06-11,1.0
Region VI: Western Visayas,3,2020-06-12,1.4285714285714286
Region VI: Western Visayas,3,2020-06-13,1.4285714285714286
Region VI: Western Visayas,3,2020-06-14,1.8571428571428572
Region VI: Western Visayas,0,2020-06-15,1.7142857142857142
Region VI: Western Visayas,1,2020-06-16,1.7142857142857142
Region VI: Western Visayas,6,2020-06-17,2.5714285714285716
Region VI: Western Visayas,4,2020-06-18,2.857142857142857
Region VI: Western Visayas,4,2020-06-19,3.0
Region VI: Western Visayas,5,2020-06-20,3.2857142857142856
Region VI: Western Visayas,1,2020-06-21,3.0
Region VI: Western Visayas,12,2020-06-22,4.714285714285714
Region VI: Western Visayas,11,2020-06-23,6.142857142857143
Region VI: Western Visayas,11,2020-06-24,6.857142857142857
Region VI: Western Visayas,9,2020-06-25,7.571428571428571
Region VI: Western Visayas,34,2020-06-26,11.857142857142858
Region VI: Western Visayas,1,2020-06-27,11.285714285714286
Region VI: Western Visayas,5,2020-06-28,11.857142857142858
Region VI: Western Visayas,8,2020-06-29,11.285714285714286
Region VI: Western Visayas,18,2020-06-30,12.285714285714286
Region VI: Western Visayas,28,2020-07-01,14.714285714285714
Region VI: Western Visayas,2,2020-07-02,13.714285714285714
Region VI: Western Visayas,3,2020-07-03,9.285714285714286
Region VI: Western Visayas,45,2020-07-04,15.571428571428571
Region VI: Western Visayas,21,2020-07-05,17.857142857142858
Region VI: Western Visayas,22,2020-07-06,19.857142857142858
Region VI: Western Visayas,17,2020-07-07,19.714285714285715
Region VI: Western Visayas,11,2020-07-08,17.285714285714285
Region VI: Western Visayas,3,2020-07-09,17.428571428571427
Region VI: Western Visayas,16,2020-07-10,19.285714285714285
Region VI: Western Visayas,20,2020-07-11,15.714285714285714
Region VI: Western Visayas,32,2020-07-12,17.285714285714285
Region VI: Western Visayas,3,2020-07-13,14.571428571428571
Region VI: Western Visayas,1,2020-07-14,12.285714285714286
Region VI: Western Visayas,122,2020-07-15,28.142857142857142
Region VI: Western Visayas,41,2020-07-16,33.57142857142857
Region VI: Western Visayas,54,2020-07-17,39.0
Region VI: Western Visayas,22,2020-07-18,39.285714285714285
Region VI: Western Visayas,24,2020-07-19,38.142857142857146
Region VI: Western Visayas,3,2020-07-20,38.142857142857146
Region VI: Western Visayas,29,2020-07-21,42.142857142857146
Region VI: Western Visayas,38,2020-07-22,30.142857142857142
Region VI: Western Visayas,19,2020-07-23,27.0
Region VI: Western Visayas,61,2020-07-24,28.0
Region VI: Western Visayas,32,2020-07-25,29.428571428571427
Region VI: Western Visayas,71,2020-07-26,36.142857142857146
Region VI: Western Visayas,3,2020-07-27,36.142857142857146
Region VI: Western Visayas,23,2020-07-28,35.285714285714285
Region VI: Western Visayas,136,2020-07-29,49.285714285714285
Region VI: Western Visayas,31,2020-07-30,51.0
Region VI: Western Visayas,105,2020-07-31,57.285714285714285
Region VI: Western Visayas,48,2020-08-01,59.57142857142857
Region VI: Western Visayas,78,2020-08-02,60.57142857142857
Region VI: Western Visayas,60,2020-08-03,68.71428571428571
Region VI: Western Visayas,66,2020-08-04,74.85714285714286
Region VI: Western Visayas,77,2020-08-05,66.42857142857143
Region VI: Western Visayas,128,2020-08-06,80.28571428571429
Region VI: Western Visayas,20,2020-08-07,68.14285714285714
Region VI: Western Visayas,95,2020-08-08,74.85714285714286
Region VI: Western Visayas,98,2020-08-09,77.71428571428571
Region VI: Western Visayas,194,2020-08-10,96.85714285714286
Region VI: Western Visayas,160,2020-08-11,110.28571428571429
Region VI: Western Visayas,132,2020-08-12,118.14285714285714
Region VI: Western Visayas,119,2020-08-13,116.85714285714286
Region VI: Western Visayas,112,2020-08-14,130.0
Region VI: Western Visayas,149,2020-08-15,137.71428571428572
Region VI: Western Visayas,86,2020-08-16,136.0
Region VI: Western Visayas,46,2020-08-17,114.85714285714286
Region VI: Western Visayas,115,2020-08-18,108.42857142857143
Region VI: Western Visayas,161,2020-08-19,112.57142857142857
Region VI: Western Visayas,107,2020-08-20,110.85714285714286
Region VI: Western Visayas,121,2020-08-21,112.14285714285714
Region VI: Western Visayas,156,2020-08-22,113.14285714285714
Region VI: Western Visayas,147,2020-08-23,121.85714285714286
Region VI: Western Visayas,110,2020-08-24,131.0
Region VI: Western Visayas,259,2020-08-25,151.57142857142858
Region VI: Western Visayas,349,2020-08-26,178.42857142857142
Region VI: Western Visayas,207,2020-08-27,192.71428571428572
Region VI: Western Visayas,209,2020-08-28,205.28571428571428
Region VI: Western Visayas,151,2020-08-29,204.57142857142858
Region VI: Western Visayas,122,2020-08-30,201.0
Region VI: Western Visayas,160,2020-08-31,208.14285714285714
Region VI: Western Visayas,161,2020-09-01,194.14285714285714
Region VI: Western Visayas,181,2020-09-02,170.14285714285714
Region VI: Western Visayas,164,2020-09-03,164.0
Region VI: Western Visayas,440,2020-09-04,197.0
Region VI: Western Visayas,268,2020-09-05,213.71428571428572
Region VI: Western Visayas,271,2020-09-06,235.0
Region VI: Western Visayas,114,2020-09-07,228.42857142857142
Region VI: Western Visayas,215,2020-09-08,236.14285714285714
Region VI: Western Visayas,225,2020-09-09,242.42857142857142
Region VI: Western Visayas,151,2020-09-10,240.57142857142858
Region VI: Western Visayas,182,2020-09-11,203.71428571428572
Region VI: Western Visayas,278,2020-09-12,205.14285714285714
Region VI: Western Visayas,286,2020-09-13,207.28571428571428
Region VI: Western Visayas,112,2020-09-14,207.0
Region VI: Western Visayas,271,2020-09-15,215.0
Region VI: Western Visayas,144,2020-09-16,203.42857142857142
Region VI: Western Visayas,256,2020-09-17,218.42857142857142
Region VI: Western Visayas,243,2020-09-18,227.14285714285714
Region VI: Western Visayas,252,2020-09-19,223.42857142857142
Region VI: Western Visayas,299,2020-09-20,225.28571428571428
Region VI: Western Visayas,123,2020-09-21,226.85714285714286
Region VI: Western Visayas,156,2020-09-22,210.42857142857142
Region VI: Western Visayas,321,2020-09-23,235.71428571428572
Region VI: Western Visayas,157,2020-09-24,221.57142857142858
Region VI: Western Visayas,170,2020-09-25,211.14285714285714
Region VI: Western Visayas,229,2020-09-26,207.85714285714286
Region VI: Western Visayas,193,2020-09-27,192.71428571428572
Region VI: Western Visayas,279,2020-09-28,215.0
Region VI: Western Visayas,229,2020-09-29,225.42857142857142
Region VI: Western Visayas,137,2020-09-30,199.14285714285714
Region VI: Western Visayas,127,2020-10-01,194.85714285714286
Region VI: Western Visayas,268,2020-10-02,208.85714285714286
Region VI: Western Visayas,146,2020-10-03,197.0
Region VI: Western Visayas,198,2020-10-04,197.71428571428572
Region VI: Western Visayas,173,2020-10-05,182.57142857142858
Region VI: Western Visayas,237,2020-10-06,183.71428571428572
Region VI: Western Visayas,118,2020-10-07,181.0
Region VI: Western Visayas,60,2020-10-08,171.42857142857142
Region VI: Western Visayas,284,2020-10-09,173.71428571428572
Region VI: Western Visayas,278,2020-10-10,192.57142857142858
Region VI: Western Visayas,157,2020-10-11,186.71428571428572
Region VI: Western Visayas,354,2020-10-12,212.57142857142858
Region VI: Western Visayas,154,2020-10-13,200.71428571428572
Region VI: Western Visayas,131,2020-10-14,202.57142857142858
Region VI: Western Visayas,140,2020-10-15,214.0
Region VI: Western Visayas,225,2020-10-16,205.57142857142858
Region VI: Western Visayas,137,2020-10-17,185.42857142857142
Region VI: Western Visayas,171,2020-10-18,187.42857142857142
Region VI: Western Visayas,196,2020-10-19,164.85714285714286
Region VI: Western Visayas,112,2020-10-20,158.85714285714286
Region VI: Western Visayas,129,2020-10-21,158.57142857142858
Region VI: Western Visayas,169,2020-10-22,162.71428571428572
Region VI: Western Visayas,212,2020-10-23,160.85714285714286
Region VI: Western Visayas,128,2020-10-24,159.57142857142858
Region VI: Western Visayas,164,2020-10-25,158.57142857142858
Region VI: Western Visayas,217,2020-10-26,161.57142857142858
Region VI: Western Visayas,224,2020-10-27,177.57142857142858
Region VI: Western Visayas,196,2020-10-28,187.14285714285714
Region VI: Western Visayas,139,2020-10-29,182.85714285714286
Region VI: Western Visayas,173,2020-10-30,177.28571428571428
Region VI: Western Visayas,132,2020-10-31,177.85714285714286
Region VI: Western Visayas,131,2020-11-01,173.14285714285714
Region VI: Western Visayas,117,2020-11-02,158.85714285714286
Region VI: Western Visayas,130,2020-11-03,145.42857142857142
Region VI: Western Visayas,150,2020-11-04,138.85714285714286
Region VI: Western Visayas,98,2020-11-05,133.0
Region VI: Western Visayas,75,2020-11-06,119.0
Region VI: Western Visayas,169,2020-11-07,124.28571428571429
Region VI: Western Visayas,118,2020-11-08,122.42857142857143
Region VI: Western Visayas,168,2020-11-09,129.71428571428572
Region VI: Western Visayas,106,2020-11-10,126.28571428571429
Region VI: Western Visayas,99,2020-11-11,119.0
Region VI: Western Visayas,55,2020-11-12,112.85714285714286
Region VI: Western Visayas,93,2020-11-13,115.42857142857143
Region VI: Western Visayas,113,2020-11-14,107.42857142857143
Region VI: Western Visayas,66,2020-11-15,100.0
Region VI: Western Visayas,134,2020-11-16,95.14285714285714
Region VI: Western Visayas,74,2020-11-17,90.57142857142857
Region VI: Western Visayas,99,2020-11-18,90.57142857142857
Region VI: Western Visayas,66,2020-11-19,92.14285714285714
Region VI: Western Visayas,105,2020-11-20,93.85714285714286
Region VI: Western Visayas,146,2020-11-21,98.57142857142857
Region VI: Western Visayas,132,2020-11-22,108.0
Region VI: Western Visayas,98,2020-11-23,102.85714285714286
Region VI: Western Visayas,96,2020-11-24,106.0
Region VI: Western Visayas,71,2020-11-25,102.0
Region VI: Western Visayas,70,2020-11-26,102.57142857142857
Region VI: Western Visayas,93,2020-11-27,100.85714285714286
Region VI: Western Visayas,154,2020-11-28,102.0
Region VI: Western Visayas,114,2020-11-29,99.42857142857143
Region VI: Western Visayas,161,2020-11-30,108.42857142857143
Region VI: Western Visayas,82,2020-12-01,106.42857142857143
Region VI: Western Visayas,103,2020-12-02,111.0
Region VI: Western Visayas,25,2020-12-03,104.57142857142857
Region VI: Western Visayas,86,2020-12-04,103.57142857142857
Region VI: Western Visayas,64,2020-12-05,90.71428571428571
Region VI: Western Visayas,65,2020-12-06,83.71428571428571
Region VI: Western Visayas,82,2020-12-07,72.42857142857143
Region VI: Western Visayas,86,2020-12-08,73.0
Region VI: Western Visayas,60,2020-12-09,66.85714285714286
Region VI: Western Visayas,72,2020-12-10,73.57142857142857
Region VI: Western Visayas,61,2020-12-11,70.0
Region VI: Western Visayas,55,2020-12-12,68.71428571428571
Region VI: Western Visayas,22,2020-12-13,62.57142857142857
Region VI: Western Visayas,26,2020-12-14,54.57142857142857
Region VI: Western Visayas,87,2020-12-15,54.714285714285715
Region VI: Western Visayas,47,2020-12-16,52.857142857142854
Region VI: Western Visayas,95,2020-12-17,56.142857142857146
Region VI: Western Visayas,85,2020-12-18,59.57142857142857
Region VI: Western Visayas,44,2020-12-19,58.0
Region VI: Western Visayas,67,2020-12-20,64.42857142857143
Region VI: Western Visayas,36,2020-12-21,65.85714285714286
Region VI: Western Visayas,58,2020-12-22,61.714285714285715
Region VI: Western Visayas,43,2020-12-23,61.142857142857146
Region VI: Western Visayas,54,2020-12-24,55.285714285714285
Region VI: Western Visayas,65,2020-12-25,52.42857142857143
Region VI: Western Visayas,59,2020-12-26,54.57142857142857
Region VI: Western Visayas,42,2020-12-27,51.0
Region VI: Western Visayas,20,2020-12-28,48.714285714285715
Region VI: Western Visayas,69,2020-12-29,50.285714285714285
Region VI: Western Visayas,43,2020-12-30,50.285714285714285
Region VI: Western Visayas,50,2020-12-31,49.714285714285715
Region VI: Western Visayas,67,2021-01-01,50.0
Region VI: Western Visayas,35,2021-01-02,46.57142857142857
Region VI: Western Visayas,19,2021-01-03,43.285714285714285
Region VI: Western Visayas,28,2021-01-04,44.42857142857143
Region VI: Western Visayas,39,2021-01-05,40.142857142857146
Region VI: Western Visayas,31,2021-01-06,38.42857142857143
Region VI: Western Visayas,28,2021-01-07,35.285714285714285
Region VI: Western Visayas,54,2021-01-08,33.42857142857143
Region VI: Western Visayas,65,2021-01-09,37.714285714285715
Region VI: Western Visayas,45,2021-01-10,41.42857142857143
Region VI: Western Visayas,54,2021-01-11,45.142857142857146
Region VI: Western Visayas,29,2021-01-12,43.714285714285715
Region VI: Western Visayas,39,2021-01-13,44.857142857142854
Region VI: Western Visayas,82,2021-01-14,52.57142857142857
Region VI: Western Visayas,69,2021-01-15,54.714285714285715
Region VI: Western Visayas,61,2021-01-16,54.142857142857146
Region VI: Western Visayas,50,2021-01-17,54.857142857142854
Region VI: Western Visayas,66,2021-01-18,56.57142857142857
Region VI: Western Visayas,35,2021-01-19,57.42857142857143
Region VI: Western Visayas,46,2021-01-20,58.42857142857143
Region VI: Western Visayas,75,2021-01-21,57.42857142857143
Region VI: Western Visayas,90,2021-01-22,60.42857142857143
Region VI: Western Visayas,79,2021-01-23,63.0
Region VI: Western Visayas,68,2021-01-24,65.57142857142857
Region VI: Western Visayas,46,2021-01-25,62.714285714285715
Region VI: Western Visayas,32,2021-01-26,62.285714285714285
Region VI: Western Visayas,61,2021-01-27,64.42857142857143
Region VI: Western Visayas,64,2021-01-28,62.857142857142854
Region VI: Western Visayas,137,2021-01-29,69.57142857142857
Region VI: Western Visayas,148,2021-01-30,79.42857142857143
Region VI: Western Visayas,44,2021-01-31,76.0
Region VI: Western Visayas,73,2021-02-01,79.85714285714286
Region VI: Western Visayas,42,2021-02-02,81.28571428571429
Region VI: Western Visayas,41,2021-02-03,78.42857142857143
Region VI: Western Visayas,34,2021-02-04,74.14285714285714
Region VI: Western Visayas,168,2021-02-05,78.57142857142857
Region VI: Western Visayas,67,2021-02-06,67.0
Region VI: Western Visayas,19,2021-02-07,63.42857142857143
Region VI: Western Visayas,74,2021-02-08,63.57142857142857
Region VI: Western Visayas,27,2021-02-09,61.42857142857143
Region VI: Western Visayas,35,2021-02-10,60.57142857142857
Region VI: Western Visayas,73,2021-02-11,66.14285714285714
Region VI: Western Visayas,84,2021-02-12,54.142857142857146
Region VI: Western Visayas,61,2021-02-13,53.285714285714285
Region VI: Western Visayas,58,2021-02-14,58.857142857142854
Region VI: Western Visayas,73,2021-02-15,58.714285714285715
Region VI: Western Visayas,30,2021-02-16,59.142857142857146
Region VI: Western Visayas,30,2021-02-17,58.42857142857143
Region VI: Western Visayas,82,2021-02-18,59.714285714285715
Region VI: Western Visayas,64,2021-02-19,56.857142857142854
Region VI: Western Visayas,128,2021-02-20,66.42857142857143
Region VI: Western Visayas,93,2021-02-21,71.42857142857143
Region VI: Western Visayas,70,2021-02-22,71.0
Region VI: Western Visayas,52,2021-02-23,74.14285714285714
Region VI: Western Visayas,69,2021-02-24,79.71428571428571
Region VI: Western Visayas,95,2021-02-25,81.57142857142857
Region VI: Western Visayas,106,2021-02-26,87.57142857142857
Region VI: Western Visayas,90,2021-02-27,82.14285714285714
Region VI: Western Visayas,75,2021-02-28,79.57142857142857
Region VI: Western Visayas,91,2021-03-01,82.57142857142857
Region VI: Western Visayas,46,2021-03-02,81.71428571428571
Region VI: Western Visayas,42,2021-03-03,77.85714285714286
Region VI: Western Visayas,141,2021-03-04,84.42857142857143
Region VI: Western Visayas,65,2021-03-05,78.57142857142857
Region VI: Western Visayas,72,2021-03-06,76.0
Region VI: Western Visayas,63,2021-03-07,74.28571428571429
Region VI: Western Visayas,74,2021-03-08,71.85714285714286
Region VI: Western Visayas,55,2021-03-09,73.14285714285714
Region VI: Western Visayas,67,2021-03-10,76.71428571428571
Region VI: Western Visayas,120,2021-03-11,73.71428571428571
Region VI: Western Visayas,53,2021-03-12,72.0
Region VI: Western Visayas,105,2021-03-13,76.71428571428571
Region VI: Western Visayas,92,2021-03-14,80.85714285714286
Region VI: Western Visayas,129,2021-03-15,88.71428571428571
Region VI: Western Visayas,59,2021-03-16,89.28571428571429
Region VI: Western Visayas,79,2021-03-17,91.0
Region VI: Western Visayas,98,2021-03-18,87.85714285714286
Region VI: Western Visayas,225,2021-03-19,112.42857142857143
Region VI: Western Visayas,149,2021-03-20,118.71428571428571
Region VI: Western Visayas,131,2021-03-21,124.28571428571429
Region VI: Western Visayas,221,2021-03-22,137.42857142857142
Region VI: Western Visayas,68,2021-03-23,138.71428571428572
Region VI: Western Visayas,67,2021-03-24,137.0
Region VI: Western Visayas,143,2021-03-25,143.42857142857142
Region VI: Western Visayas,114,2021-03-26,127.57142857142857
Region VI: Western Visayas,143,2021-03-27,126.71428571428571
Region VI: Western Visayas,127,2021-03-28,126.14285714285714
Region VI: Western Visayas,142,2021-03-29,114.85714285714286
Region VI: Western Visayas,136,2021-03-30,124.57142857142857
Region VI: Western Visayas,101,2021-03-31,129.42857142857142
Region VI: Western Visayas,136,2021-04-01,128.42857142857142
Region VI: Western Visayas,239,2021-04-02,146.28571428571428
Region VI: Western Visayas,240,2021-04-03,160.14285714285714
Region VI: Western Visayas,128,2021-04-04,160.28571428571428
Region VI: Western Visayas,134,2021-04-05,159.14285714285714
Region VI: Western Visayas,214,2021-04-06,170.28571428571428
Region VI: Western Visayas,142,2021-04-07,176.14285714285714
Region VI: Western Visayas,300,2021-04-08,199.57142857142858
Region VI: Western Visayas,369,2021-04-09,218.14285714285714
Region VI: Western Visayas,483,2021-04-10,252.85714285714286
Region VI: Western Visayas,346,2021-04-11,284.0
Region VI: Western Visayas,446,2021-04-12,328.57142857142856
Region VI: Western Visayas,245,2021-04-13,333.0
Region VI: Western Visayas,332,2021-04-14,360.14285714285717
Region VI: Western Visayas,515,2021-04-15,390.85714285714283
Region VI: Western Visayas,308,2021-04-16,382.14285714285717
Region VI: Western Visayas,364,2021-04-17,365.14285714285717
Region VI: Western Visayas,267,2021-04-18,353.85714285714283
Region VI: Western Visayas,305,2021-04-19,333.7142857142857
Region VI: Western Visayas,240,2021-04-20,333.0
Region VI: Western Visayas,219,2021-04-21,316.85714285714283
Region VI: Western Visayas,292,2021-04-22,285.0
Region VI: Western Visayas,225,2021-04-23,273.14285714285717
Region VI: Western Visayas,379,2021-04-24,275.2857142857143
Region VI: Western Visayas,310,2021-04-25,281.42857142857144
Region VI: Western Visayas,341,2021-04-26,286.57142857142856
Region VI: Western Visayas,355,2021-04-27,303.0
Region VI: Western Visayas,146,2021-04-28,292.57142857142856
Region VI: Western Visayas,313,2021-04-29,295.57142857142856
Region VI: Western Visayas,325,2021-04-30,309.85714285714283
Region VI: Western Visayas,457,2021-05-01,321.0
Region VI: Western Visayas,385,2021-05-02,331.7142857142857
Region VI: Western Visayas,470,2021-05-03,350.14285714285717
Region VI: Western Visayas,308,2021-05-04,343.42857142857144
Region VI: Western Visayas,296,2021-05-05,364.85714285714283
Region VI: Western Visayas,478,2021-05-06,388.42857142857144
Region VI: Western Visayas,249,2021-05-07,377.57142857142856
Region VI: Western Visayas,237,2021-05-08,346.14285714285717
Region VI: Western Visayas,182,2021-05-09,317.14285714285717
Region VI: Western Visayas,557,2021-05-10,329.57142857142856
Region VI: Western Visayas,279,2021-05-11,325.42857142857144
Region VI: Western Visayas,280,2021-05-12,323.14285714285717
Region VI: Western Visayas,380,2021-05-13,309.14285714285717
Region VI: Western Visayas,276,2021-05-14,313.0
Region VI: Western Visayas,541,2021-05-15,356.42857142857144
Region VI: Western Visayas,291,2021-05-16,372.0
Region VI: Western Visayas,410,2021-05-17,351.0
Region VI: Western Visayas,211,2021-05-18,341.2857142857143
Region VI: Western Visayas,261,2021-05-19,338.57142857142856
Region VI: Western Visayas,484,2021-05-20,353.42857142857144
Region VI: Western Visayas,496,2021-05-21,384.85714285714283
Region VI: Western Visayas,437,2021-05-22,370.0
Region VI: Western Visayas,269,2021-05-23,366.85714285714283
Region VI: Western Visayas,387,2021-05-24,363.57142857142856
Region VI: Western Visayas,233,2021-05-25,366.7142857142857
Region VI: Western Visayas,251,2021-05-26,365.2857142857143
Region VI: Western Visayas,588,2021-05-27,380.14285714285717
Region VI: Western Visayas,533,2021-05-28,385.42857142857144
Region VI: Western Visayas,678,2021-05-29,419.85714285714283
Region VI: Western Visayas,464,2021-05-30,447.7142857142857
Region VI: Western Visayas,679,2021-05-31,489.42857142857144
Region VI: Western Visayas,402,2021-06-01,513.5714285714286
Region VI: Western Visayas,379,2021-06-02,531.8571428571429
Region VI: Western Visayas,846,2021-06-03,568.7142857142857
Region VI: Western Visayas,690,2021-06-04,591.1428571428571
Region VI: Western Visayas,567,2021-06-05,575.2857142857143
Region VI: Western Visayas,750,2021-06-06,616.1428571428571
Region VI: Western Visayas,682,2021-06-07,616.5714285714286
Region VI: Western Visayas,434,2021-06-08,621.1428571428571
Region VI: Western Visayas,562,2021-06-09,647.2857142857143
Region VI: Western Visayas,824,2021-06-10,644.1428571428571
Region VI: Western Visayas,661,2021-06-11,640.0
Region VI: Western Visayas,1029,2021-06-12,706.0
Region VI: Western Visayas,934,2021-06-13,732.2857142857143
Region VI: Western Visayas,678,2021-06-14,731.7142857142857
Region VI: Western Visayas,421,2021-06-15,729.8571428571429
Region VI: Western Visayas,449,2021-06-16,713.7142857142857
Region VI: Western Visayas,885,2021-06-17,722.4285714285714
Region VI: Western Visayas,656,2021-06-18,721.7142857142857
Region VI: Western Visayas,793,2021-06-19,688.0
Region VI: Western Visayas,670,2021-06-20,650.2857142857143
Region VI: Western Visayas,506,2021-06-21,625.7142857142857
Region VI: Western Visayas,314,2021-06-22,610.4285714285714
Region VI: Western Visayas,462,2021-06-23,612.2857142857143
Region VI: Western Visayas,757,2021-06-24,594.0
Region VI: Western Visayas,670,2021-06-25,596.0
Region VI: Western Visayas,794,2021-06-26,596.1428571428571
Region VI: Western Visayas,607,2021-06-27,587.1428571428571
Region VI: Western Visayas,664,2021-06-28,609.7142857142857
Region VI: Western Visayas,520,2021-06-29,639.1428571428571
Region VI: Western Visayas,469,2021-06-30,640.1428571428571
Region VI: Western Visayas,844,2021-07-01,652.5714285714286
Region VI: Western Visayas,827,2021-07-02,675.0
Region VI: Western Visayas,617,2021-07-03,649.7142857142857
Region VI: Western Visayas,781,2021-07-04,674.5714285714286
Region VI: Western Visayas,467,2021-07-05,646.4285714285714
Region VI: Western Visayas,501,2021-07-06,643.7142857142857
Region VI: Western Visayas,545,2021-07-07,654.5714285714286
Region VI: Western Visayas,682,2021-07-08,631.4285714285714
Region VI: Western Visayas,689,2021-07-09,611.7142857142857
Region VI: Western Visayas,935,2021-07-10,657.1428571428571
Region VI: Western Visayas,685,2021-07-11,643.4285714285714
Region VI: Western Visayas,552,2021-07-12,655.5714285714286
Region VI: Western Visayas,321,2021-07-13,629.8571428571429
Region VI: Western Visayas,617,2021-07-14,640.1428571428571
Region VI: Western Visayas,672,2021-07-15,638.7142857142857
Region VI: Western Visayas,485,2021-07-16,609.5714285714286
Region VI: Western Visayas,872,2021-07-17,600.5714285714286
Region VI: Western Visayas,496,2021-07-18,573.5714285714286
Region VI: Western Visayas,758,2021-07-19,603.0
Region VI: Western Visayas,330,2021-07-20,604.2857142857143
Region VI: Western Visayas,760,2021-07-21,624.7142857142857
Region VI: Western Visayas,622,2021-07-22,617.5714285714286
Region VI: Western Visayas,637,2021-07-23,639.2857142857143
Region VI: Western Visayas,615,2021-07-24,602.5714285714286
Region VI: Western Visayas,542,2021-07-25,609.1428571428571
Region VI: Western Visayas,525,2021-07-26,575.8571428571429
Region VI: Western Visayas,286,2021-07-27,569.5714285714286
Region VI: Western Visayas,505,2021-07-28,533.1428571428571
Region VI: Western Visayas,514,2021-07-29,517.7142857142857
Region VI: Western Visayas,497,2021-07-30,497.7142857142857
Region VI: Western Visayas,624,2021-07-31,499.0
Region VI: Western Visayas,530,2021-08-01,497.2857142857143
Region VI: Western Visayas,544,2021-08-02,500.0
Region VI: Western Visayas,522,2021-08-03,533.7142857142857
Region VI: Western Visayas,553,2021-08-04,540.5714285714286
Region VI: Western Visayas,697,2021-08-05,566.7142857142857
Region VI: Western Visayas,617,2021-08-06,583.8571428571429
Region VI: Western Visayas,742,2021-08-07,600.7142857142857
Region VI: Western Visayas,558,2021-08-08,604.7142857142857
Region VI: Western Visayas,546,2021-08-09,605.0
Region VI: Western Visayas,504,2021-08-10,602.4285714285714
Region VI: Western Visayas,732,2021-08-11,628.0
Region VI: Western Visayas,666,2021-08-12,623.5714285714286
Region VI: Western Visayas,691,2021-08-13,634.1428571428571
Region VI: Western Visayas,810,2021-08-14,643.8571428571429
Region VI: Western Visayas,712,2021-08-15,665.8571428571429
Region VI: Western Visayas,522,2021-08-16,662.4285714285714
Region VI: Western Visayas,476,2021-08-17,658.4285714285714
Region VI: Western Visayas,449,2021-08-18,618.0
Region VI: Western Visayas,693,2021-08-19,621.8571428571429
Region VI: Western Visayas,552,2021-08-20,602.0
Region VI: Western Visayas,878,2021-08-21,611.7142857142857
Region VI: Western Visayas,709,2021-08-22,611.2857142857143
Region VI: Western Visayas,779,2021-08-23,648.0
Region VI: Western Visayas,386,2021-08-24,635.1428571428571
Region VI: Western Visayas,651,2021-08-25,664.0
Region VI: Western Visayas,680,2021-08-26,662.1428571428571
Region VI: Western Visayas,770,2021-08-27,693.2857142857143
Region VI: Western Visayas,841,2021-08-28,688.0
Region VI: Western Visayas,895,2021-08-29,714.5714285714286
Region VI: Western Visayas,1124,2021-08-30,763.8571428571429
Region VI: Western Visayas,562,2021-08-31,789.0
Region VI: Western Visayas,574,2021-09-01,778.0
Region VI: Western Visayas,666,2021-09-02,776.0
Region VI: Western Visayas,941,2021-09-03,800.4285714285714
Region VI: Western Visayas,1174,2021-09-04,848.0
Region VI: Western Visayas,570,2021-09-05,801.5714285714286
Region VI: Western Visayas,790,2021-09-06,753.8571428571429
Region VI: Western Visayas,784,2021-09-07,785.5714285714286
Region VI: Western Visayas,663,2021-09-08,798.2857142857143
Region VI: Western Visayas,832,2021-09-09,822.0
Region VI: Western Visayas,830,2021-09-10,806.1428571428571
Region VI: Western Visayas,1701,2021-09-11,881.4285714285714
Region VI: Western Visayas,927,2021-09-12,932.4285714285714
Region VI: Western Visayas,863,2021-09-13,942.8571428571429
Region VI: Western Visayas,827,2021-09-14,949.0
Region VI: Western Visayas,716,2021-09-15,956.5714285714286
Region VI: Western Visayas,1264,2021-09-16,1018.2857142857143
Region VI: Western Visayas,1014,2021-09-17,1044.5714285714287
Region VI: Western Visayas,966,2021-09-18,939.5714285714286
Region VI: Western Visayas,797,2021-09-19,921.0
Region VI: Western Visayas,918,2021-09-20,928.8571428571429
Region VI: Western Visayas,492,2021-09-21,881.0
Region VI: Western Visayas,673,2021-09-22,874.8571428571429
Region VI: Western Visayas,1122,2021-09-23,854.5714285714286
Region VI: Western Visayas,844,2021-09-24,830.2857142857143
Region VI: Western Visayas,67,2021-09-25,701.8571428571429
Region VI: Western Visayas,977,2021-09-26,727.5714285714286
Region VI: Western Visayas,1648,2021-09-27,831.8571428571429
Region VI: Western Visayas,578,2021-09-28,844.1428571428571
Region VI: Western Visayas,982,2021-09-29,888.2857142857143
Region VI: Western Visayas,766,2021-09-30,837.4285714285714
Region VI: Western Visayas,897,2021-10-01,845.0
Region VI: Western Visayas,762,2021-10-02,944.2857142857143
Region VI: Western Visayas,707,2021-10-03,905.7142857142857
Region VI: Western Visayas,411,2021-10-04,729.0
Region VI: Western Visayas,347,2021-10-05,696.0
Region VI: Western Visayas,689,2021-10-06,654.1428571428571
Region VI: Western Visayas,598,2021-10-07,630.1428571428571
Region VI: Western Visayas,438,2021-10-08,564.5714285714286
Region VI: Western Visayas,440,2021-10-09,518.5714285714286
Region VI: Western Visayas,865,2021-10-10,541.1428571428571
Region VI: Western Visayas,565,2021-10-11,563.1428571428571
Region VI: Western Visayas,448,2021-10-12,577.5714285714286
Region VI: Western Visayas,586,2021-10-13,562.8571428571429
Region VI: Western Visayas,491,2021-10-14,547.5714285714286
Region VI: Western Visayas,600,2021-10-15,570.7142857142857
Region VI: Western Visayas,316,2021-10-16,553.0
Region VI: Western Visayas,409,2021-10-17,487.85714285714283
Region VI: Western Visayas,560,2021-10-18,487.14285714285717
Region VI: Western Visayas,361,2021-10-19,474.7142857142857
Region VI: Western Visayas,226,2021-10-20,423.2857142857143
Region VI: Western Visayas,284,2021-10-21,393.7142857142857
Region VI: Western Visayas,109,2021-10-22,323.57142857142856
Region VI: Western Visayas,482,2021-10-23,347.2857142857143
Region VI: Western Visayas,284,2021-10-24,329.42857142857144
Region VI: Western Visayas,277,2021-10-25,289.0
Region VI: Western Visayas,189,2021-10-26,264.42857142857144
Region VI: Western Visayas,144,2021-10-27,252.71428571428572
Region VI: Western Visayas,441,2021-10-28,275.14285714285717
Region VI: Western Visayas,267,2021-10-29,297.7142857142857
Region VI: Western Visayas,224,2021-10-30,260.85714285714283
Region VI: Western Visayas,195,2021-10-31,248.14285714285714
Region VI: Western Visayas,182,2021-11-01,234.57142857142858
Region VI: Western Visayas,139,2021-11-02,227.42857142857142
Region VI: Western Visayas,62,2021-11-03,215.71428571428572
Region VI: Western Visayas,131,2021-11-04,171.42857142857142
Region VI: Western Visayas,187,2021-11-05,160.0
Region VI: Western Visayas,149,2021-11-06,149.28571428571428
Region VI: Western Visayas,152,2021-11-07,143.14285714285714
Region VI: Western Visayas,117,2021-11-08,133.85714285714286
Region VI: Western Visayas,56,2021-11-09,122.0
Region VI: Western Visayas,151,2021-11-10,134.71428571428572
Region VI: Western Visayas,130,2021-11-11,134.57142857142858
Region VI: Western Visayas,97,2021-11-12,121.71428571428571
Region VI: Western Visayas,110,2021-11-13,116.14285714285714
Region VI: Western Visayas,86,2021-11-14,106.71428571428571
Region VI: Western Visayas,106,2021-11-15,105.14285714285714
Region VI: Western Visayas,29,2021-11-16,101.28571428571429
Region VI: Western Visayas,84,2021-11-17,91.71428571428571
Region VI: Western Visayas,137,2021-11-18,92.71428571428571
Region VI: Western Visayas,60,2021-11-19,87.42857142857143
Region VI: Western Visayas,83,2021-11-20,83.57142857142857
Region VI: Western Visayas,79,2021-11-21,82.57142857142857
Region VI: Western Visayas,67,2021-11-22,77.0
Region VI: Western Visayas,84,2021-11-23,84.85714285714286
Region VI: Western Visayas,61,2021-11-24,81.57142857142857
Region VI: Western Visayas,69,2021-11-25,71.85714285714286
Region VI: Western Visayas,52,2021-11-26,70.71428571428571
Region VI: Western Visayas,70,2021-11-27,68.85714285714286
Region VI: Western Visayas,47,2021-11-28,64.28571428571429
Region VI: Western Visayas,70,2021-11-29,64.71428571428571
Region VI: Western Visayas,26,2021-11-30,56.42857142857143
Region VI: Western Visayas,36,2021-12-01,52.857142857142854
Region VI: Western Visayas,50,2021-12-02,50.142857142857146
Region VI: Western Visayas,43,2021-12-03,48.857142857142854
Region VI: Western Visayas,42,2021-12-04,44.857142857142854
Region VI: Western Visayas,55,2021-12-05,46.0
Region VI: Western Visayas,30,2021-12-06,40.285714285714285
Region VI: Western Visayas,31,2021-12-07,41.0
Region VI: Western Visayas,36,2021-12-08,41.0
Region VI: Western Visayas,41,2021-12-09,39.714285714285715
Region VI: Western Visayas,23,2021-12-10,36.857142857142854
Region VI: Western Visayas,30,2021-12-11,35.142857142857146
Region VI: Western Visayas,28,2021-12-12,31.285714285714285
Region VI: Western Visayas,32,2021-12-13,31.571428571428573
Region VI: Western Visayas,14,2021-12-14,29.142857142857142
Region VI: Western Visayas,20,2021-12-15,26.857142857142858
Region VI: Western Visayas,20,2021-12-16,23.857142857142858
Region VI: Western Visayas,26,2021-12-17,24.285714285714285
Region VI: Western Visayas,44,2021-12-18,26.285714285714285
Region VI: Western Visayas,23,2021-12-19,25.571428571428573
Region VI: Western Visayas,10,2021-12-20,22.428571428571427
Region VI: Western Visayas,16,2021-12-21,22.714285714285715
Region VI: Western Visayas,18,2021-12-22,22.428571428571427
Region VI: Western Visayas,36,2021-12-23,24.714285714285715
Region VI: Western Visayas,19,2021-12-24,23.714285714285715
Region VI: Western Visayas,31,2021-12-25,21.857142857142858
Region VI: Western Visayas,7,2021-12-26,19.571428571428573
Region VI: Western Visayas,11,2021-12-27,19.714285714285715
Region VI: Western Visayas,17,2021-12-28,19.857142857142858
Region VI: Western Visayas,30,2021-12-29,21.571428571428573
Region VI: Western Visayas,48,2021-12-30,23.285714285714285
Region VI: Western Visayas,46,2021-12-31,27.142857142857142
Region VI: Western Visayas,40,2022-01-01,28.428571428571427
Region VI: Western Visayas,11,2022-01-02,29.0
Region VI: Western Visayas,51,2022-01-03,34.714285714285715
Region VI: Western Visayas,40,2022-01-04,38.0
Region VI: Western Visayas,93,2022-01-05,47.0
Region VI: Western Visayas,177,2022-01-06,65.42857142857143
Region VI: Western Visayas,177,2022-01-07,84.14285714285714
Region VI: Western Visayas,240,2022-01-08,112.71428571428571
Region VI: Western Visayas,400,2022-01-09,168.28571428571428
Region VI: Western Visayas,535,2022-01-10,237.42857142857142
Region VI: Western Visayas,323,2022-01-11,277.85714285714283
Region VI: Western Visayas,718,2022-01-12,367.14285714285717
Region VI: Western Visayas,772,2022-01-13,452.14285714285717
Region VI: Western Visayas,798,2022-01-14,540.8571428571429
Region VI: Western Visayas,980,2022-01-15,646.5714285714286
Region VI: Western Visayas,1100,2022-01-16,746.5714285714286
Region VI: Western Visayas,1199,2022-01-17,841.4285714285714
Region VI: Western Visayas,752,2022-01-18,902.7142857142857
Region VI: Western Visayas,1114,2022-01-19,959.2857142857143
Region VI: Western Visayas,1733,2022-01-20,1096.5714285714287
Region VI: Western Visayas,1754,2022-01-21,1233.142857142857
Region VI: Western Visayas,1960,2022-01-22,1373.142857142857
Region VI: Western Visayas,2537,2022-01-23,1578.4285714285713
Region VI: Western Visayas,1445,2022-01-24,1613.5714285714287
Region VI: Western Visayas,1293,2022-01-25,1690.857142857143
Region VI: Western Visayas,1338,2022-01-26,1722.857142857143
Region VI: Western Visayas,1571,2022-01-27,1699.7142857142858
Region VI: Western Visayas,1958,2022-01-28,1728.857142857143
Region VI: Western Visayas,1214,2022-01-29,1622.2857142857142
Region VI: Western Visayas,1945,2022-01-30,1537.7142857142858
Region VI: Western Visayas,790,2022-01-31,1444.142857142857
Region VI: Western Visayas,558,2022-02-01,1339.142857142857
Region VI: Western Visayas,857,2022-02-02,1270.4285714285713
Region VI: Western Visayas,1013,2022-02-03,1190.7142857142858
Region VI: Western Visayas,820,2022-02-04,1028.142857142857
Region VI: Western Visayas,742,2022-02-05,960.7142857142857
Region VI: Western Visayas,700,2022-02-06,782.8571428571429
Region VI: Western Visayas,797,2022-02-07,783.8571428571429
Region VI: Western Visayas,330,2022-02-08,751.2857142857143
Region VI: Western Visayas,506,2022-02-09,701.1428571428571
Region VI: Western Visayas,551,2022-02-10,635.1428571428571
Region VI: Western Visayas,452,2022-02-11,582.5714285714286
Region VI: Western Visayas,384,2022-02-12,531.4285714285714
Region VI: Western Visayas,358,2022-02-13,482.57142857142856
Region VI: Western Visayas,246,2022-02-14,403.85714285714283
Region VI: Western Visayas,200,2022-02-15,385.2857142857143
Region VI: Western Visayas,213,2022-02-16,343.42857142857144
Region VI: Western Visayas,289,2022-02-17,306.0
Region VI: Western Visayas,164,2022-02-18,264.85714285714283
Region VI: Western Visayas,156,2022-02-19,232.28571428571428
Region VI: Western Visayas,170,2022-02-20,205.42857142857142
Region VI: Western Visayas,145,2022-02-21,191.0
Region VI: Western Visayas,63,2022-02-22,171.42857142857142
Region VI: Western Visayas,152,2022-02-23,162.71428571428572
Region VI: Western Visayas,210,2022-02-24,151.42857142857142
Region VI: Western Visayas,146,2022-02-25,148.85714285714286
Region VI: Western Visayas,157,2022-02-26,149.0
Region VI: Western Visayas,128,2022-02-27,143.0
Region VI: Western Visayas,86,2022-02-28,134.57142857142858
Region VI: Western Visayas,125,2022-03-01,143.42857142857142
Region VI: Western Visayas,162,2022-03-02,144.85714285714286
Region VI: Western Visayas,120,2022-03-03,132.0
Region VI: Western Visayas,88,2022-03-04,123.71428571428571
Region VI: Western Visayas,112,2022-03-05,117.28571428571429
Region VI: Western Visayas,85,2022-03-06,111.14285714285714
Region VI: Western Visayas,54,2022-03-07,106.57142857142857
Region VI: Western Visayas,35,2022-03-08,93.71428571428571
Region VI: Western Visayas,76,2022-03-09,81.42857142857143
Region VI: Western Visayas,54,2022-03-10,72.0
Region VI: Western Visayas,61,2022-03-11,68.14285714285714
Region VI: Western Visayas,79,2022-03-12,63.42857142857143
Region VI: Western Visayas,41,2022-03-13,57.142857142857146
Region VI: Western Visayas,80,2022-03-14,60.857142857142854
Region VI: Western Visayas,31,2022-03-15,60.285714285714285
Region VI: Western Visayas,62,2022-03-16,58.285714285714285
Region VI: Western Visayas,34,2022-03-17,55.42857142857143
Region VI: Western Visayas,78,2022-03-18,57.857142857142854
Region VI: Western Visayas,43,2022-03-19,52.714285714285715
Region VI: Western Visayas,60,2022-03-20,55.42857142857143
Region VI: Western Visayas,41,2022-03-21,49.857142857142854
Region VI: Western Visayas,18,2022-03-22,48.0
Region VI: Western Visayas,39,2022-03-23,44.714285714285715
Region VI: Western Visayas,42,2022-03-24,45.857142857142854
Region VI: Western Visayas,49,2022-03-25,41.714285714285715
Region VI: Western Visayas,39,2022-03-26,41.142857142857146
Region VI: Western Visayas,39,2022-03-27,38.142857142857146
Region VI: Western Visayas,28,2022-03-28,36.285714285714285
Region VI: Western Visayas,23,2022-03-29,37.0
Region VI: Western Visayas,27,2022-03-30,35.285714285714285
Region VI: Western Visayas,33,2022-03-31,34.0
Region VI: Western Visayas,18,2022-04-01,29.571428571428573
Region VI: Western Visayas,37,2022-04-02,29.285714285714285
Region VI: Western Visayas,37,2022-04-03,29.0
Region VI: Western Visayas,13,2022-04-04,26.857142857142858
Region VI: Western Visayas,17,2022-04-05,26.0
Region VI: Western Visayas,24,2022-04-06,25.571428571428573
Region VI: Western Visayas,29,2022-04-07,25.0
Region VI: Western Visayas,26,2022-04-08,26.142857142857142
Region VI: Western Visayas,20,2022-04-09,23.714285714285715
Region VI: Western Visayas,16,2022-04-10,20.714285714285715
Region VI: Western Visayas,7,2022-04-11,19.857142857142858
Region VI: Western Visayas,17,2022-04-12,19.857142857142858
Region VI: Western Visayas,24,2022-04-13,19.857142857142858
Region VI: Western Visayas,11,2022-04-14,17.285714285714285
Region VI: Western Visayas,22,2022-04-15,16.714285714285715
Region VI: Western Visayas,9,2022-04-16,15.142857142857142
Region VI: Western Visayas,3,2022-04-17,13.285714285714286
Region VI: Western Visayas,14,2022-04-18,14.285714285714286
Region VI: Western Visayas,8,2022-04-19,13.0
Region VI: Western Visayas,23,2022-04-20,12.857142857142858
Region VI: Western Visayas,4,2022-04-21,11.857142857142858
Region VI: Western Visayas,8,2022-04-22,9.857142857142858
Region VI: Western Visayas,7,2022-04-23,9.571428571428571
Region VI: Western Visayas,7,2022-04-24,10.142857142857142
Region VI: Western Visayas,14,2022-04-25,10.142857142857142
Region VI: Western Visayas,5,2022-04-26,9.714285714285714
Region VI: Western Visayas,9,2022-04-27,7.714285714285714
Region VI: Western Visayas,4,2022-04-28,7.714285714285714
Region VI: Western Visayas,11,2022-04-29,8.142857142857142
Region VI: Western Visayas,7,2022-04-30,8.142857142857142
Region VI: Western Visayas,12,2022-05-01,8.857142857142858
Region VI: Western Visayas,20,2022-05-02,9.714285714285714
Region VI: Western Visayas,10,2022-05-03,10.428571428571429
Region VI: Western Visayas,8,2022-05-04,10.285714285714286
Region VI: Western Visayas,10,2022-05-05,11.142857142857142
Region VI: Western Visayas,7,2022-05-06,10.571428571428571
Region VI: Western Visayas,5,2022-05-07,10.285714285714286
Region VI: Western Visayas,10,2022-05-08,10.0
Region VI: Western Visayas,6,2022-05-09,8.0
Region VI: Western Visayas,8,2022-05-10,7.714285714285714
Region VI: Western Visayas,14,2022-05-11,8.571428571428571
Region VI: Western Visayas,10,2022-05-12,8.571428571428571
Region VI: Western Visayas,14,2022-05-13,9.571428571428571
Region VI: Western Visayas,5,2022-05-14,9.571428571428571
Region VI: Western Visayas,12,2022-05-15,9.857142857142858
Region VI: Western Visayas,11,2022-05-16,10.571428571428571
Region VI: Western Visayas,3,2022-05-17,9.857142857142858
Region VI: Western Visayas,2,2022-05-18,8.142857142857142
Region VI: Western Visayas,11,2022-05-19,8.285714285714286
Region VI: Western Visayas,6,2022-05-20,7.142857142857143
Region VI: Western Visayas,8,2022-05-21,7.571428571428571
Region VI: Western Visayas,9,2022-05-22,7.142857142857143
Region VI: Western Visayas,7,2022-05-23,6.571428571428571
Region VI: Western Visayas,7,2022-05-24,7.142857142857143
Region VI: Western Visayas,10,2022-05-25,8.285714285714286
Region VI: Western Visayas,21,2022-05-26,9.714285714285714
Region VI: Western Visayas,7,2022-05-27,9.857142857142858
Region VI: Western Visayas,7,2022-05-28,9.714285714285714
Region VI: Western Visayas,10,2022-05-29,9.857142857142858
Region VI: Western Visayas,7,2022-05-30,9.857142857142858
Region VI: Western Visayas,8,2022-05-31,10.0
Region VI: Western Visayas,5,2022-06-01,9.285714285714286
Region VI: Western Visayas,16,2022-06-02,8.571428571428571
Region VI: Western Visayas,10,2022-06-03,9.0
Region VI: Western Visayas,16,2022-06-04,10.285714285714286
Region VI: Western Visayas,17,2022-06-05,11.285714285714286
Region VI: Western Visayas,13,2022-06-06,12.142857142857142
Region VI: Western Visayas,12,2022-06-07,12.714285714285714
Region VI: Western Visayas,12,2022-06-08,13.714285714285714
Region VI: Western Visayas,9,2022-06-09,12.714285714285714
Region VI: Western Visayas,25,2022-06-10,14.857142857142858
Region VI: Western Visayas,15,2022-06-11,14.714285714285714
Region VI: Western Visayas,25,2022-06-12,15.857142857142858
Region VI: Western Visayas,24,2022-06-13,17.428571428571427
Region VI: Western Visayas,18,2022-06-14,18.285714285714285
Region VI: Western Visayas,29,2022-06-15,20.714285714285715
Region VI: Western Visayas,41,2022-06-16,25.285714285714285
Region VI: Western Visayas,51,2022-06-17,29.0
Region VI: Western Visayas,46,2022-06-18,33.42857142857143
