region,count,date,7DayMA
Region II: Cagayan Valley,1,2020-03-21,
Region II: Cagayan Valley,0,2020-03-22,
Region II: Cagayan Valley,0,2020-03-23,
Region II: Cagayan Valley,0,2020-03-24,
Region II: Cagayan Valley,0,2020-03-25,
Region II: Cagayan Valley,2,2020-03-26,
Region II: Cagayan Valley,2,2020-03-27,0.7142857142857143
Region II: Cagayan Valley,6,2020-03-28,1.4285714285714286
Region II: Cagayan Valley,4,2020-03-29,2.0
Region II: Cagayan Valley,0,2020-03-30,2.0
Region II: Cagayan Valley,1,2020-03-31,2.142857142857143
Region II: Cagayan Valley,3,2020-04-01,2.5714285714285716
Region II: Cagayan Valley,2,2020-04-02,2.5714285714285716
Region II: Cagayan Valley,1,2020-04-03,2.4285714285714284
Region II: Cagayan Valley,0,2020-04-04,1.5714285714285714
Region II: Cagayan Valley,1,2020-04-05,1.1428571428571428
Region II: Cagayan Valley,0,2020-04-06,1.1428571428571428
Region II: Cagayan Valley,1,2020-04-07,1.1428571428571428
Region II: Cagayan Valley,1,2020-04-08,0.8571428571428571
Region II: Cagayan Valley,1,2020-04-09,0.7142857142857143
Region II: Cagayan Valley,0,2020-04-10,0.5714285714285714
Region II: Cagayan Valley,1,2020-04-11,0.7142857142857143
Region II: Cagayan Valley,0,2020-04-12,0.5714285714285714
Region II: Cagayan Valley,1,2020-04-13,0.7142857142857143
Region II: Cagayan Valley,0,2020-04-14,0.5714285714285714
Region II: Cagayan Valley,0,2020-04-15,0.42857142857142855
Region II: Cagayan Valley,0,2020-04-16,0.2857142857142857
Region II: Cagayan Valley,0,2020-04-17,0.2857142857142857
Region II: Cagayan Valley,0,2020-04-18,0.14285714285714285
Region II: Cagayan Valley,1,2020-04-19,0.2857142857142857
Region II: Cagayan Valley,0,2020-04-20,0.14285714285714285
Region II: Cagayan Valley,0,2020-04-21,0.14285714285714285
Region II: Cagayan Valley,0,2020-04-22,0.14285714285714285
Region II: Cagayan Valley,0,2020-04-23,0.14285714285714285
Region II: Cagayan Valley,0,2020-04-24,0.14285714285714285
Region II: Cagayan Valley,2,2020-04-25,0.42857142857142855
Region II: Cagayan Valley,1,2020-04-26,0.42857142857142855
Region II: Cagayan Valley,0,2020-04-27,0.42857142857142855
Region II: Cagayan Valley,1,2020-04-28,0.5714285714285714
Region II: Cagayan Valley,0,2020-04-29,0.5714285714285714
Region II: Cagayan Valley,0,2020-04-30,0.5714285714285714
Region II: Cagayan Valley,3,2020-05-01,1.0
Region II: Cagayan Valley,0,2020-05-02,0.7142857142857143
Region II: Cagayan Valley,0,2020-05-03,0.5714285714285714
Region II: Cagayan Valley,0,2020-05-04,0.5714285714285714
Region II: Cagayan Valley,0,2020-05-05,0.42857142857142855
Region II: Cagayan Valley,0,2020-05-06,0.42857142857142855
Region II: Cagayan Valley,0,2020-05-07,0.42857142857142855
Region II: Cagayan Valley,0,2020-05-08,0.0
Region II: Cagayan Valley,0,2020-05-09,0.0
Region II: Cagayan Valley,0,2020-05-10,0.0
Region II: Cagayan Valley,0,2020-05-11,0.0
Region II: Cagayan Valley,0,2020-05-12,0.0
Region II: Cagayan Valley,0,2020-05-13,0.0
Region II: Cagayan Valley,0,2020-05-14,0.0
Region II: Cagayan Valley,0,2020-05-15,0.0
Region II: Cagayan Valley,0,2020-05-16,0.0
Region II: Cagayan Valley,0,2020-05-17,0.0
Region II: Cagayan Valley,0,2020-05-18,0.0
Region II: Cagayan Valley,1,2020-05-19,0.14285714285714285
Region II: Cagayan Valley,0,2020-05-20,0.14285714285714285
Region II: Cagayan Valley,0,2020-05-21,0.14285714285714285
Region II: Cagayan Valley,0,2020-05-22,0.14285714285714285
Region II: Cagayan Valley,0,2020-05-23,0.14285714285714285
Region II: Cagayan Valley,0,2020-05-24,0.14285714285714285
Region II: Cagayan Valley,0,2020-05-25,0.14285714285714285
Region II: Cagayan Valley,0,2020-05-26,0.0
Region II: Cagayan Valley,0,2020-05-27,0.0
Region II: Cagayan Valley,1,2020-05-28,0.14285714285714285
Region II: Cagayan Valley,0,2020-05-29,0.14285714285714285
Region II: Cagayan Valley,1,2020-05-30,0.2857142857142857
Region II: Cagayan Valley,0,2020-05-31,0.2857142857142857
Region II: Cagayan Valley,0,2020-06-01,0.2857142857142857
Region II: Cagayan Valley,1,2020-06-02,0.42857142857142855
Region II: Cagayan Valley,0,2020-06-03,0.42857142857142855
Region II: Cagayan Valley,0,2020-06-04,0.2857142857142857
Region II: Cagayan Valley,0,2020-06-05,0.2857142857142857
Region II: Cagayan Valley,0,2020-06-06,0.14285714285714285
Region II: Cagayan Valley,1,2020-06-07,0.2857142857142857
Region II: Cagayan Valley,0,2020-06-08,0.2857142857142857
Region II: Cagayan Valley,1,2020-06-09,0.2857142857142857
Region II: Cagayan Valley,2,2020-06-10,0.5714285714285714
Region II: Cagayan Valley,1,2020-06-11,0.7142857142857143
Region II: Cagayan Valley,2,2020-06-12,1.0
Region II: Cagayan Valley,2,2020-06-13,1.2857142857142858
Region II: Cagayan Valley,3,2020-06-14,1.5714285714285714
Region II: Cagayan Valley,1,2020-06-15,1.7142857142857142
Region II: Cagayan Valley,1,2020-06-16,1.7142857142857142
Region II: Cagayan Valley,2,2020-06-17,1.7142857142857142
Region II: Cagayan Valley,0,2020-06-18,1.5714285714285714
Region II: Cagayan Valley,0,2020-06-19,1.2857142857142858
Region II: Cagayan Valley,0,2020-06-20,1.0
Region II: Cagayan Valley,0,2020-06-21,0.5714285714285714
Region II: Cagayan Valley,3,2020-06-22,0.8571428571428571
Region II: Cagayan Valley,0,2020-06-23,0.7142857142857143
Region II: Cagayan Valley,0,2020-06-24,0.42857142857142855
Region II: Cagayan Valley,2,2020-06-25,0.7142857142857143
Region II: Cagayan Valley,5,2020-06-26,1.4285714285714286
Region II: Cagayan Valley,0,2020-06-27,1.4285714285714286
Region II: Cagayan Valley,4,2020-06-28,2.0
Region II: Cagayan Valley,4,2020-06-29,2.142857142857143
Region II: Cagayan Valley,3,2020-06-30,2.5714285714285716
Region II: Cagayan Valley,0,2020-07-01,2.5714285714285716
Region II: Cagayan Valley,0,2020-07-02,2.2857142857142856
Region II: Cagayan Valley,8,2020-07-03,2.7142857142857144
Region II: Cagayan Valley,1,2020-07-04,2.857142857142857
Region II: Cagayan Valley,3,2020-07-05,2.7142857142857144
Region II: Cagayan Valley,9,2020-07-06,3.4285714285714284
Region II: Cagayan Valley,12,2020-07-07,4.714285714285714
Region II: Cagayan Valley,10,2020-07-08,6.142857142857143
Region II: Cagayan Valley,7,2020-07-09,7.142857142857143
Region II: Cagayan Valley,5,2020-07-10,6.714285714285714
Region II: Cagayan Valley,11,2020-07-11,8.142857142857142
Region II: Cagayan Valley,6,2020-07-12,8.571428571428571
Region II: Cagayan Valley,1,2020-07-13,7.428571428571429
Region II: Cagayan Valley,7,2020-07-14,6.714285714285714
Region II: Cagayan Valley,0,2020-07-15,5.285714285714286
Region II: Cagayan Valley,2,2020-07-16,4.571428571428571
Region II: Cagayan Valley,9,2020-07-17,5.142857142857143
Region II: Cagayan Valley,12,2020-07-18,5.285714285714286
Region II: Cagayan Valley,16,2020-07-19,6.714285714285714
Region II: Cagayan Valley,6,2020-07-20,7.428571428571429
Region II: Cagayan Valley,1,2020-07-21,6.571428571428571
Region II: Cagayan Valley,15,2020-07-22,8.714285714285714
Region II: Cagayan Valley,3,2020-07-23,8.857142857142858
Region II: Cagayan Valley,4,2020-07-24,8.142857142857142
Region II: Cagayan Valley,7,2020-07-25,7.428571428571429
Region II: Cagayan Valley,7,2020-07-26,6.142857142857143
Region II: Cagayan Valley,1,2020-07-27,5.428571428571429
Region II: Cagayan Valley,2,2020-07-28,5.571428571428571
Region II: Cagayan Valley,0,2020-07-29,3.4285714285714284
Region II: Cagayan Valley,4,2020-07-30,3.5714285714285716
Region II: Cagayan Valley,8,2020-07-31,4.142857142857143
Region II: Cagayan Valley,14,2020-08-01,5.142857142857143
Region II: Cagayan Valley,38,2020-08-02,9.571428571428571
Region II: Cagayan Valley,9,2020-08-03,10.714285714285714
Region II: Cagayan Valley,19,2020-08-04,13.142857142857142
Region II: Cagayan Valley,18,2020-08-05,15.714285714285714
Region II: Cagayan Valley,14,2020-08-06,17.142857142857142
Region II: Cagayan Valley,27,2020-08-07,19.857142857142858
Region II: Cagayan Valley,35,2020-08-08,22.857142857142858
Region II: Cagayan Valley,5,2020-08-09,18.142857142857142
Region II: Cagayan Valley,11,2020-08-10,18.428571428571427
Region II: Cagayan Valley,36,2020-08-11,20.857142857142858
Region II: Cagayan Valley,36,2020-08-12,23.428571428571427
Region II: Cagayan Valley,19,2020-08-13,24.142857142857142
Region II: Cagayan Valley,14,2020-08-14,22.285714285714285
Region II: Cagayan Valley,10,2020-08-15,18.714285714285715
Region II: Cagayan Valley,9,2020-08-16,19.285714285714285
Region II: Cagayan Valley,12,2020-08-17,19.428571428571427
Region II: Cagayan Valley,16,2020-08-18,16.571428571428573
Region II: Cagayan Valley,7,2020-08-19,12.428571428571429
Region II: Cagayan Valley,23,2020-08-20,13.0
Region II: Cagayan Valley,14,2020-08-21,13.0
Region II: Cagayan Valley,31,2020-08-22,16.0
Region II: Cagayan Valley,19,2020-08-23,17.428571428571427
Region II: Cagayan Valley,11,2020-08-24,17.285714285714285
Region II: Cagayan Valley,13,2020-08-25,16.857142857142858
Region II: Cagayan Valley,22,2020-08-26,19.0
Region II: Cagayan Valley,21,2020-08-27,18.714285714285715
Region II: Cagayan Valley,30,2020-08-28,21.0
Region II: Cagayan Valley,59,2020-08-29,25.0
Region II: Cagayan Valley,33,2020-08-30,27.0
Region II: Cagayan Valley,11,2020-08-31,27.0
Region II: Cagayan Valley,46,2020-09-01,31.714285714285715
Region II: Cagayan Valley,13,2020-09-02,30.428571428571427
Region II: Cagayan Valley,9,2020-09-03,28.714285714285715
Region II: Cagayan Valley,19,2020-09-04,27.142857142857142
Region II: Cagayan Valley,48,2020-09-05,25.571428571428573
Region II: Cagayan Valley,35,2020-09-06,25.857142857142858
Region II: Cagayan Valley,26,2020-09-07,28.0
Region II: Cagayan Valley,34,2020-09-08,26.285714285714285
Region II: Cagayan Valley,7,2020-09-09,25.428571428571427
Region II: Cagayan Valley,7,2020-09-10,25.142857142857142
Region II: Cagayan Valley,76,2020-09-11,33.285714285714285
Region II: Cagayan Valley,41,2020-09-12,32.285714285714285
Region II: Cagayan Valley,46,2020-09-13,33.857142857142854
Region II: Cagayan Valley,35,2020-09-14,35.142857142857146
Region II: Cagayan Valley,79,2020-09-15,41.57142857142857
Region II: Cagayan Valley,35,2020-09-16,45.57142857142857
Region II: Cagayan Valley,26,2020-09-17,48.285714285714285
Region II: Cagayan Valley,39,2020-09-18,43.0
Region II: Cagayan Valley,59,2020-09-19,45.57142857142857
Region II: Cagayan Valley,24,2020-09-20,42.42857142857143
Region II: Cagayan Valley,52,2020-09-21,44.857142857142854
Region II: Cagayan Valley,45,2020-09-22,40.0
Region II: Cagayan Valley,23,2020-09-23,38.285714285714285
Region II: Cagayan Valley,22,2020-09-24,37.714285714285715
Region II: Cagayan Valley,9,2020-09-25,33.42857142857143
Region II: Cagayan Valley,23,2020-09-26,28.285714285714285
Region II: Cagayan Valley,51,2020-09-27,32.142857142857146
Region II: Cagayan Valley,42,2020-09-28,30.714285714285715
Region II: Cagayan Valley,11,2020-09-29,25.857142857142858
Region II: Cagayan Valley,17,2020-09-30,25.0
Region II: Cagayan Valley,24,2020-10-01,25.285714285714285
Region II: Cagayan Valley,17,2020-10-02,26.428571428571427
Region II: Cagayan Valley,15,2020-10-03,25.285714285714285
Region II: Cagayan Valley,56,2020-10-04,26.0
Region II: Cagayan Valley,21,2020-10-05,23.0
Region II: Cagayan Valley,34,2020-10-06,26.285714285714285
Region II: Cagayan Valley,43,2020-10-07,30.0
Region II: Cagayan Valley,35,2020-10-08,31.571428571428573
Region II: Cagayan Valley,41,2020-10-09,35.0
Region II: Cagayan Valley,37,2020-10-10,38.142857142857146
Region II: Cagayan Valley,32,2020-10-11,34.714285714285715
Region II: Cagayan Valley,32,2020-10-12,36.285714285714285
Region II: Cagayan Valley,82,2020-10-13,43.142857142857146
Region II: Cagayan Valley,13,2020-10-14,38.857142857142854
Region II: Cagayan Valley,76,2020-10-15,44.714285714285715
Region II: Cagayan Valley,25,2020-10-16,42.42857142857143
Region II: Cagayan Valley,61,2020-10-17,45.857142857142854
Region II: Cagayan Valley,33,2020-10-18,46.0
Region II: Cagayan Valley,37,2020-10-19,46.714285714285715
Region II: Cagayan Valley,83,2020-10-20,46.857142857142854
Region II: Cagayan Valley,17,2020-10-21,47.42857142857143
Region II: Cagayan Valley,35,2020-10-22,41.57142857142857
Region II: Cagayan Valley,21,2020-10-23,41.0
Region II: Cagayan Valley,46,2020-10-24,38.857142857142854
Region II: Cagayan Valley,24,2020-10-25,37.57142857142857
Region II: Cagayan Valley,25,2020-10-26,35.857142857142854
Region II: Cagayan Valley,15,2020-10-27,26.142857142857142
Region II: Cagayan Valley,29,2020-10-28,27.857142857142858
Region II: Cagayan Valley,36,2020-10-29,28.0
Region II: Cagayan Valley,16,2020-10-30,27.285714285714285
Region II: Cagayan Valley,48,2020-10-31,27.571428571428573
Region II: Cagayan Valley,45,2020-11-01,30.571428571428573
Region II: Cagayan Valley,49,2020-11-02,34.0
Region II: Cagayan Valley,44,2020-11-03,38.142857142857146
Region II: Cagayan Valley,6,2020-11-04,34.857142857142854
Region II: Cagayan Valley,9,2020-11-05,31.0
Region II: Cagayan Valley,25,2020-11-06,32.285714285714285
Region II: Cagayan Valley,26,2020-11-07,29.142857142857142
Region II: Cagayan Valley,31,2020-11-08,27.142857142857142
Region II: Cagayan Valley,22,2020-11-09,23.285714285714285
Region II: Cagayan Valley,44,2020-11-10,23.285714285714285
Region II: Cagayan Valley,21,2020-11-11,25.428571428571427
Region II: Cagayan Valley,50,2020-11-12,31.285714285714285
Region II: Cagayan Valley,92,2020-11-13,40.857142857142854
Region II: Cagayan Valley,92,2020-11-14,50.285714285714285
Region II: Cagayan Valley,29,2020-11-15,50.0
Region II: Cagayan Valley,24,2020-11-16,50.285714285714285
Region II: Cagayan Valley,37,2020-11-17,49.285714285714285
Region II: Cagayan Valley,19,2020-11-18,49.0
Region II: Cagayan Valley,13,2020-11-19,43.714285714285715
Region II: Cagayan Valley,21,2020-11-20,33.57142857142857
Region II: Cagayan Valley,24,2020-11-21,23.857142857142858
Region II: Cagayan Valley,30,2020-11-22,24.0
Region II: Cagayan Valley,28,2020-11-23,24.571428571428573
Region II: Cagayan Valley,17,2020-11-24,21.714285714285715
Region II: Cagayan Valley,26,2020-11-25,22.714285714285715
Region II: Cagayan Valley,28,2020-11-26,24.857142857142858
Region II: Cagayan Valley,23,2020-11-27,25.142857142857142
Region II: Cagayan Valley,9,2020-11-28,23.0
Region II: Cagayan Valley,44,2020-11-29,25.0
Region II: Cagayan Valley,3,2020-11-30,21.428571428571427
Region II: Cagayan Valley,51,2020-12-01,26.285714285714285
Region II: Cagayan Valley,33,2020-12-02,27.285714285714285
Region II: Cagayan Valley,14,2020-12-03,25.285714285714285
Region II: Cagayan Valley,48,2020-12-04,28.857142857142858
Region II: Cagayan Valley,113,2020-12-05,43.714285714285715
Region II: Cagayan Valley,63,2020-12-06,46.42857142857143
Region II: Cagayan Valley,22,2020-12-07,49.142857142857146
Region II: Cagayan Valley,31,2020-12-08,46.285714285714285
Region II: Cagayan Valley,69,2020-12-09,51.42857142857143
Region II: Cagayan Valley,67,2020-12-10,59.0
Region II: Cagayan Valley,132,2020-12-11,71.0
Region II: Cagayan Valley,29,2020-12-12,59.0
Region II: Cagayan Valley,53,2020-12-13,57.57142857142857
Region II: Cagayan Valley,38,2020-12-14,59.857142857142854
Region II: Cagayan Valley,65,2020-12-15,64.71428571428571
Region II: Cagayan Valley,41,2020-12-16,60.714285714285715
Region II: Cagayan Valley,93,2020-12-17,64.42857142857143
Region II: Cagayan Valley,116,2020-12-18,62.142857142857146
Region II: Cagayan Valley,42,2020-12-19,64.0
Region II: Cagayan Valley,34,2020-12-20,61.285714285714285
Region II: Cagayan Valley,32,2020-12-21,60.42857142857143
Region II: Cagayan Valley,39,2020-12-22,56.714285714285715
Region II: Cagayan Valley,54,2020-12-23,58.57142857142857
Region II: Cagayan Valley,37,2020-12-24,50.57142857142857
Region II: Cagayan Valley,48,2020-12-25,40.857142857142854
Region II: Cagayan Valley,25,2020-12-26,38.42857142857143
Region II: Cagayan Valley,28,2020-12-27,37.57142857142857
Region II: Cagayan Valley,20,2020-12-28,35.857142857142854
Region II: Cagayan Valley,11,2020-12-29,31.857142857142858
Region II: Cagayan Valley,22,2020-12-30,27.285714285714285
Region II: Cagayan Valley,77,2020-12-31,33.0
Region II: Cagayan Valley,41,2021-01-01,32.0
Region II: Cagayan Valley,42,2021-01-02,34.42857142857143
Region II: Cagayan Valley,61,2021-01-03,39.142857142857146
Region II: Cagayan Valley,27,2021-01-04,40.142857142857146
Region II: Cagayan Valley,79,2021-01-05,49.857142857142854
Region II: Cagayan Valley,32,2021-01-06,51.285714285714285
Region II: Cagayan Valley,44,2021-01-07,46.57142857142857
Region II: Cagayan Valley,88,2021-01-08,53.285714285714285
Region II: Cagayan Valley,79,2021-01-09,58.57142857142857
Region II: Cagayan Valley,55,2021-01-10,57.714285714285715
Region II: Cagayan Valley,97,2021-01-11,67.71428571428571
Region II: Cagayan Valley,40,2021-01-12,62.142857142857146
Region II: Cagayan Valley,40,2021-01-13,63.285714285714285
Region II: Cagayan Valley,57,2021-01-14,65.14285714285714
Region II: Cagayan Valley,118,2021-01-15,69.42857142857143
Region II: Cagayan Valley,56,2021-01-16,66.14285714285714
Region II: Cagayan Valley,90,2021-01-17,71.14285714285714
Region II: Cagayan Valley,152,2021-01-18,79.0
Region II: Cagayan Valley,29,2021-01-19,77.42857142857143
Region II: Cagayan Valley,34,2021-01-20,76.57142857142857
Region II: Cagayan Valley,46,2021-01-21,75.0
Region II: Cagayan Valley,69,2021-01-22,68.0
Region II: Cagayan Valley,96,2021-01-23,73.71428571428571
Region II: Cagayan Valley,67,2021-01-24,70.42857142857143
Region II: Cagayan Valley,49,2021-01-25,55.714285714285715
Region II: Cagayan Valley,65,2021-01-26,60.857142857142854
Region II: Cagayan Valley,83,2021-01-27,67.85714285714286
Region II: Cagayan Valley,84,2021-01-28,73.28571428571429
Region II: Cagayan Valley,74,2021-01-29,74.0
Region II: Cagayan Valley,103,2021-01-30,75.0
Region II: Cagayan Valley,124,2021-01-31,83.14285714285714
Region II: Cagayan Valley,27,2021-02-01,80.0
Region II: Cagayan Valley,29,2021-02-02,74.85714285714286
Region II: Cagayan Valley,28,2021-02-03,67.0
Region II: Cagayan Valley,184,2021-02-04,81.28571428571429
Region II: Cagayan Valley,116,2021-02-05,87.28571428571429
Region II: Cagayan Valley,64,2021-02-06,81.71428571428571
Region II: Cagayan Valley,43,2021-02-07,70.14285714285714
Region II: Cagayan Valley,40,2021-02-08,72.0
Region II: Cagayan Valley,59,2021-02-09,76.28571428571429
Region II: Cagayan Valley,36,2021-02-10,77.42857142857143
Region II: Cagayan Valley,34,2021-02-11,56.0
Region II: Cagayan Valley,28,2021-02-12,43.42857142857143
Region II: Cagayan Valley,34,2021-02-13,39.142857142857146
Region II: Cagayan Valley,62,2021-02-14,41.857142857142854
Region II: Cagayan Valley,72,2021-02-15,46.42857142857143
Region II: Cagayan Valley,53,2021-02-16,45.57142857142857
Region II: Cagayan Valley,8,2021-02-17,41.57142857142857
Region II: Cagayan Valley,68,2021-02-18,46.42857142857143
Region II: Cagayan Valley,47,2021-02-19,49.142857142857146
Region II: Cagayan Valley,27,2021-02-20,48.142857142857146
Region II: Cagayan Valley,46,2021-02-21,45.857142857142854
Region II: Cagayan Valley,58,2021-02-22,43.857142857142854
Region II: Cagayan Valley,41,2021-02-23,42.142857142857146
Region II: Cagayan Valley,26,2021-02-24,44.714285714285715
Region II: Cagayan Valley,27,2021-02-25,38.857142857142854
Region II: Cagayan Valley,64,2021-02-26,41.285714285714285
Region II: Cagayan Valley,190,2021-02-27,64.57142857142857
Region II: Cagayan Valley,78,2021-02-28,69.14285714285714
Region II: Cagayan Valley,49,2021-03-01,67.85714285714286
Region II: Cagayan Valley,53,2021-03-02,69.57142857142857
Region II: Cagayan Valley,5,2021-03-03,66.57142857142857
Region II: Cagayan Valley,8,2021-03-04,63.857142857142854
Region II: Cagayan Valley,72,2021-03-05,65.0
Region II: Cagayan Valley,54,2021-03-06,45.57142857142857
Region II: Cagayan Valley,26,2021-03-07,38.142857142857146
Region II: Cagayan Valley,43,2021-03-08,37.285714285714285
Region II: Cagayan Valley,70,2021-03-09,39.714285714285715
Region II: Cagayan Valley,76,2021-03-10,49.857142857142854
Region II: Cagayan Valley,144,2021-03-11,69.28571428571429
Region II: Cagayan Valley,180,2021-03-12,84.71428571428571
Region II: Cagayan Valley,187,2021-03-13,103.71428571428571
Region II: Cagayan Valley,141,2021-03-14,120.14285714285714
Region II: Cagayan Valley,125,2021-03-15,131.85714285714286
Region II: Cagayan Valley,110,2021-03-16,137.57142857142858
Region II: Cagayan Valley,191,2021-03-17,154.0
Region II: Cagayan Valley,155,2021-03-18,155.57142857142858
Region II: Cagayan Valley,140,2021-03-19,149.85714285714286
Region II: Cagayan Valley,343,2021-03-20,172.14285714285714
Region II: Cagayan Valley,298,2021-03-21,194.57142857142858
Region II: Cagayan Valley,266,2021-03-22,214.71428571428572
Region II: Cagayan Valley,143,2021-03-23,219.42857142857142
Region II: Cagayan Valley,179,2021-03-24,217.71428571428572
Region II: Cagayan Valley,403,2021-03-25,253.14285714285714
Region II: Cagayan Valley,454,2021-03-26,298.0
Region II: Cagayan Valley,338,2021-03-27,297.2857142857143
Region II: Cagayan Valley,410,2021-03-28,313.2857142857143
Region II: Cagayan Valley,493,2021-03-29,345.7142857142857
Region II: Cagayan Valley,632,2021-03-30,415.57142857142856
Region II: Cagayan Valley,418,2021-03-31,449.7142857142857
Region II: Cagayan Valley,315,2021-04-01,437.14285714285717
Region II: Cagayan Valley,631,2021-04-02,462.42857142857144
Region II: Cagayan Valley,478,2021-04-03,482.42857142857144
Region II: Cagayan Valley,541,2021-04-04,501.14285714285717
Region II: Cagayan Valley,654,2021-04-05,524.1428571428571
Region II: Cagayan Valley,934,2021-04-06,567.2857142857143
Region II: Cagayan Valley,450,2021-04-07,571.8571428571429
Region II: Cagayan Valley,580,2021-04-08,609.7142857142857
Region II: Cagayan Valley,590,2021-04-09,603.8571428571429
Region II: Cagayan Valley,495,2021-04-10,606.2857142857143
Region II: Cagayan Valley,697,2021-04-11,628.5714285714286
Region II: Cagayan Valley,579,2021-04-12,617.8571428571429
Region II: Cagayan Valley,557,2021-04-13,564.0
Region II: Cagayan Valley,285,2021-04-14,540.4285714285714
Region II: Cagayan Valley,460,2021-04-15,523.2857142857143
Region II: Cagayan Valley,432,2021-04-16,500.7142857142857
Region II: Cagayan Valley,716,2021-04-17,532.2857142857143
Region II: Cagayan Valley,386,2021-04-18,487.85714285714283
Region II: Cagayan Valley,559,2021-04-19,485.0
Region II: Cagayan Valley,730,2021-04-20,509.7142857142857
Region II: Cagayan Valley,688,2021-04-21,567.2857142857143
Region II: Cagayan Valley,368,2021-04-22,554.1428571428571
Region II: Cagayan Valley,272,2021-04-23,531.2857142857143
Region II: Cagayan Valley,640,2021-04-24,520.4285714285714
Region II: Cagayan Valley,623,2021-04-25,554.2857142857143
Region II: Cagayan Valley,675,2021-04-26,570.8571428571429
Region II: Cagayan Valley,334,2021-04-27,514.2857142857143
Region II: Cagayan Valley,381,2021-04-28,470.42857142857144
Region II: Cagayan Valley,384,2021-04-29,472.7142857142857
Region II: Cagayan Valley,622,2021-04-30,522.7142857142857
Region II: Cagayan Valley,508,2021-05-01,503.85714285714283
Region II: Cagayan Valley,493,2021-05-02,485.2857142857143
Region II: Cagayan Valley,520,2021-05-03,463.14285714285717
Region II: Cagayan Valley,449,2021-05-04,479.57142857142856
Region II: Cagayan Valley,368,2021-05-05,477.7142857142857
Region II: Cagayan Valley,327,2021-05-06,469.57142857142856
Region II: Cagayan Valley,668,2021-05-07,476.14285714285717
Region II: Cagayan Valley,763,2021-05-08,512.5714285714286
Region II: Cagayan Valley,701,2021-05-09,542.2857142857143
Region II: Cagayan Valley,341,2021-05-10,516.7142857142857
Region II: Cagayan Valley,342,2021-05-11,501.42857142857144
Region II: Cagayan Valley,334,2021-05-12,496.57142857142856
Region II: Cagayan Valley,521,2021-05-13,524.2857142857143
Region II: Cagayan Valley,454,2021-05-14,493.7142857142857
Region II: Cagayan Valley,525,2021-05-15,459.7142857142857
Region II: Cagayan Valley,340,2021-05-16,408.14285714285717
Region II: Cagayan Valley,160,2021-05-17,382.2857142857143
Region II: Cagayan Valley,230,2021-05-18,366.2857142857143
Region II: Cagayan Valley,223,2021-05-19,350.42857142857144
Region II: Cagayan Valley,392,2021-05-20,332.0
Region II: Cagayan Valley,240,2021-05-21,301.42857142857144
Region II: Cagayan Valley,138,2021-05-22,246.14285714285714
Region II: Cagayan Valley,4,2021-05-23,198.14285714285714
Region II: Cagayan Valley,222,2021-05-24,207.0
Region II: Cagayan Valley,222,2021-05-25,205.85714285714286
Region II: Cagayan Valley,252,2021-05-26,210.0
Region II: Cagayan Valley,624,2021-05-27,243.14285714285714
Region II: Cagayan Valley,884,2021-05-28,335.14285714285717
Region II: Cagayan Valley,588,2021-05-29,399.42857142857144
Region II: Cagayan Valley,572,2021-05-30,480.57142857142856
Region II: Cagayan Valley,247,2021-05-31,484.14285714285717
Region II: Cagayan Valley,565,2021-06-01,533.1428571428571
Region II: Cagayan Valley,251,2021-06-02,533.0
Region II: Cagayan Valley,403,2021-06-03,501.42857142857144
Region II: Cagayan Valley,513,2021-06-04,448.42857142857144
Region II: Cagayan Valley,279,2021-06-05,404.2857142857143
Region II: Cagayan Valley,434,2021-06-06,384.57142857142856
Region II: Cagayan Valley,420,2021-06-07,409.2857142857143
Region II: Cagayan Valley,213,2021-06-08,359.0
Region II: Cagayan Valley,192,2021-06-09,350.57142857142856
Region II: Cagayan Valley,491,2021-06-10,363.14285714285717
Region II: Cagayan Valley,309,2021-06-11,334.0
Region II: Cagayan Valley,429,2021-06-12,355.42857142857144
Region II: Cagayan Valley,365,2021-06-13,345.57142857142856
Region II: Cagayan Valley,228,2021-06-14,318.14285714285717
Region II: Cagayan Valley,283,2021-06-15,328.14285714285717
Region II: Cagayan Valley,226,2021-06-16,333.0
Region II: Cagayan Valley,150,2021-06-17,284.2857142857143
Region II: Cagayan Valley,355,2021-06-18,290.85714285714283
Region II: Cagayan Valley,324,2021-06-19,275.85714285714283
Region II: Cagayan Valley,238,2021-06-20,257.7142857142857
Region II: Cagayan Valley,257,2021-06-21,261.85714285714283
Region II: Cagayan Valley,168,2021-06-22,245.42857142857142
Region II: Cagayan Valley,141,2021-06-23,233.28571428571428
Region II: Cagayan Valley,212,2021-06-24,242.14285714285714
Region II: Cagayan Valley,257,2021-06-25,228.14285714285714
Region II: Cagayan Valley,370,2021-06-26,234.71428571428572
Region II: Cagayan Valley,286,2021-06-27,241.57142857142858
Region II: Cagayan Valley,172,2021-06-28,229.42857142857142
Region II: Cagayan Valley,34,2021-06-29,210.28571428571428
Region II: Cagayan Valley,141,2021-06-30,210.28571428571428
Region II: Cagayan Valley,226,2021-07-01,212.28571428571428
Region II: Cagayan Valley,248,2021-07-02,211.0
Region II: Cagayan Valley,259,2021-07-03,195.14285714285714
Region II: Cagayan Valley,189,2021-07-04,181.28571428571428
Region II: Cagayan Valley,202,2021-07-05,185.57142857142858
Region II: Cagayan Valley,67,2021-07-06,190.28571428571428
Region II: Cagayan Valley,133,2021-07-07,189.14285714285714
Region II: Cagayan Valley,326,2021-07-08,203.42857142857142
Region II: Cagayan Valley,165,2021-07-09,191.57142857142858
Region II: Cagayan Valley,119,2021-07-10,171.57142857142858
Region II: Cagayan Valley,233,2021-07-11,177.85714285714286
Region II: Cagayan Valley,184,2021-07-12,175.28571428571428
Region II: Cagayan Valley,91,2021-07-13,178.71428571428572
Region II: Cagayan Valley,132,2021-07-14,178.57142857142858
Region II: Cagayan Valley,323,2021-07-15,178.14285714285714
Region II: Cagayan Valley,317,2021-07-16,199.85714285714286
Region II: Cagayan Valley,191,2021-07-17,210.14285714285714
Region II: Cagayan Valley,175,2021-07-18,201.85714285714286
Region II: Cagayan Valley,159,2021-07-19,198.28571428571428
Region II: Cagayan Valley,137,2021-07-20,204.85714285714286
Region II: Cagayan Valley,167,2021-07-21,209.85714285714286
Region II: Cagayan Valley,30,2021-07-22,168.0
Region II: Cagayan Valley,130,2021-07-23,141.28571428571428
Region II: Cagayan Valley,389,2021-07-24,169.57142857142858
Region II: Cagayan Valley,150,2021-07-25,166.0
Region II: Cagayan Valley,205,2021-07-26,172.57142857142858
Region II: Cagayan Valley,174,2021-07-27,177.85714285714286
Region II: Cagayan Valley,264,2021-07-28,191.71428571428572
Region II: Cagayan Valley,201,2021-07-29,216.14285714285714
Region II: Cagayan Valley,494,2021-07-30,268.14285714285717
Region II: Cagayan Valley,283,2021-07-31,253.0
Region II: Cagayan Valley,294,2021-08-01,273.57142857142856
Region II: Cagayan Valley,314,2021-08-02,289.14285714285717
Region II: Cagayan Valley,161,2021-08-03,287.2857142857143
Region II: Cagayan Valley,156,2021-08-04,271.85714285714283
Region II: Cagayan Valley,315,2021-08-05,288.14285714285717
Region II: Cagayan Valley,313,2021-08-06,262.2857142857143
Region II: Cagayan Valley,338,2021-08-07,270.14285714285717
Region II: Cagayan Valley,409,2021-08-08,286.57142857142856
Region II: Cagayan Valley,175,2021-08-09,266.7142857142857
Region II: Cagayan Valley,252,2021-08-10,279.7142857142857
Region II: Cagayan Valley,388,2021-08-11,312.85714285714283
Region II: Cagayan Valley,440,2021-08-12,330.7142857142857
Region II: Cagayan Valley,434,2021-08-13,348.0
Region II: Cagayan Valley,372,2021-08-14,352.85714285714283
Region II: Cagayan Valley,627,2021-08-15,384.0
Region II: Cagayan Valley,462,2021-08-16,425.0
Region II: Cagayan Valley,513,2021-08-17,462.2857142857143
Region II: Cagayan Valley,352,2021-08-18,457.14285714285717
Region II: Cagayan Valley,613,2021-08-19,481.85714285714283
Region II: Cagayan Valley,823,2021-08-20,537.4285714285714
Region II: Cagayan Valley,174,2021-08-21,509.14285714285717
Region II: Cagayan Valley,349,2021-08-22,469.42857142857144
Region II: Cagayan Valley,1559,2021-08-23,626.1428571428571
Region II: Cagayan Valley,707,2021-08-24,653.8571428571429
Region II: Cagayan Valley,424,2021-08-25,664.1428571428571
Region II: Cagayan Valley,616,2021-08-26,664.5714285714286
Region II: Cagayan Valley,609,2021-08-27,634.0
Region II: Cagayan Valley,540,2021-08-28,686.2857142857143
Region II: Cagayan Valley,819,2021-08-29,753.4285714285714
Region II: Cagayan Valley,1131,2021-08-30,692.2857142857143
Region II: Cagayan Valley,753,2021-08-31,698.8571428571429
Region II: Cagayan Valley,564,2021-09-01,718.8571428571429
Region II: Cagayan Valley,765,2021-09-02,740.1428571428571
Region II: Cagayan Valley,838,2021-09-03,772.8571428571429
Region II: Cagayan Valley,898,2021-09-04,824.0
Region II: Cagayan Valley,858,2021-09-05,829.5714285714286
Region II: Cagayan Valley,1121,2021-09-06,828.1428571428571
Region II: Cagayan Valley,708,2021-09-07,821.7142857142857
Region II: Cagayan Valley,665,2021-09-08,836.1428571428571
Region II: Cagayan Valley,1004,2021-09-09,870.2857142857143
Region II: Cagayan Valley,855,2021-09-10,872.7142857142857
Region II: Cagayan Valley,633,2021-09-11,834.8571428571429
Region II: Cagayan Valley,799,2021-09-12,826.4285714285714
Region II: Cagayan Valley,849,2021-09-13,787.5714285714286
Region II: Cagayan Valley,1064,2021-09-14,838.4285714285714
Region II: Cagayan Valley,977,2021-09-15,883.0
Region II: Cagayan Valley,822,2021-09-16,857.0
Region II: Cagayan Valley,1216,2021-09-17,908.5714285714286
Region II: Cagayan Valley,2903,2021-09-18,1232.857142857143
Region II: Cagayan Valley,835,2021-09-19,1238.0
Region II: Cagayan Valley,1268,2021-09-20,1297.857142857143
Region II: Cagayan Valley,1580,2021-09-21,1371.5714285714287
Region II: Cagayan Valley,1149,2021-09-22,1396.142857142857
Region II: Cagayan Valley,1582,2021-09-23,1504.7142857142858
Region II: Cagayan Valley,1121,2021-09-24,1491.142857142857
Region II: Cagayan Valley,927,2021-09-25,1208.857142857143
Region II: Cagayan Valley,1021,2021-09-26,1235.4285714285713
Region II: Cagayan Valley,1397,2021-09-27,1253.857142857143
Region II: Cagayan Valley,2064,2021-09-28,1323.0
Region II: Cagayan Valley,1060,2021-09-29,1310.2857142857142
Region II: Cagayan Valley,1408,2021-09-30,1285.4285714285713
Region II: Cagayan Valley,836,2021-10-01,1244.7142857142858
Region II: Cagayan Valley,1016,2021-10-02,1257.4285714285713
Region II: Cagayan Valley,1224,2021-10-03,1286.4285714285713
Region II: Cagayan Valley,1446,2021-10-04,1293.4285714285713
Region II: Cagayan Valley,1280,2021-10-05,1181.4285714285713
Region II: Cagayan Valley,1493,2021-10-06,1243.2857142857142
Region II: Cagayan Valley,1009,2021-10-07,1186.2857142857142
Region II: Cagayan Valley,1122,2021-10-08,1227.142857142857
Region II: Cagayan Valley,1746,2021-10-09,1331.4285714285713
Region II: Cagayan Valley,964,2021-10-10,1294.2857142857142
Region II: Cagayan Valley,970,2021-10-11,1226.2857142857142
Region II: Cagayan Valley,482,2021-10-12,1112.2857142857142
Region II: Cagayan Valley,697,2021-10-13,998.5714285714286
Region II: Cagayan Valley,483,2021-10-14,923.4285714285714
Region II: Cagayan Valley,741,2021-10-15,869.0
Region II: Cagayan Valley,930,2021-10-16,752.4285714285714
Region II: Cagayan Valley,618,2021-10-17,703.0
Region II: Cagayan Valley,689,2021-10-18,662.8571428571429
Region II: Cagayan Valley,453,2021-10-19,658.7142857142857
Region II: Cagayan Valley,383,2021-10-20,613.8571428571429
Region II: Cagayan Valley,946,2021-10-21,680.0
Region II: Cagayan Valley,848,2021-10-22,695.2857142857143
Region II: Cagayan Valley,589,2021-10-23,646.5714285714286
Region II: Cagayan Valley,644,2021-10-24,650.2857142857143
Region II: Cagayan Valley,517,2021-10-25,625.7142857142857
Region II: Cagayan Valley,332,2021-10-26,608.4285714285714
Region II: Cagayan Valley,363,2021-10-27,605.5714285714286
Region II: Cagayan Valley,301,2021-10-28,513.4285714285714
Region II: Cagayan Valley,260,2021-10-29,429.42857142857144
Region II: Cagayan Valley,593,2021-10-30,430.0
Region II: Cagayan Valley,324,2021-10-31,384.2857142857143
Region II: Cagayan Valley,402,2021-11-01,367.85714285714283
Region II: Cagayan Valley,230,2021-11-02,353.2857142857143
Region II: Cagayan Valley,151,2021-11-03,323.0
Region II: Cagayan Valley,195,2021-11-04,307.85714285714283
Region II: Cagayan Valley,193,2021-11-05,298.2857142857143
Region II: Cagayan Valley,311,2021-11-06,258.0
Region II: Cagayan Valley,284,2021-11-07,252.28571428571428
Region II: Cagayan Valley,225,2021-11-08,227.0
Region II: Cagayan Valley,36,2021-11-09,199.28571428571428
Region II: Cagayan Valley,131,2021-11-10,196.42857142857142
Region II: Cagayan Valley,91,2021-11-11,181.57142857142858
Region II: Cagayan Valley,216,2021-11-12,184.85714285714286
Region II: Cagayan Valley,146,2021-11-13,161.28571428571428
Region II: Cagayan Valley,231,2021-11-14,153.71428571428572
Region II: Cagayan Valley,153,2021-11-15,143.42857142857142
Region II: Cagayan Valley,112,2021-11-16,154.28571428571428
Region II: Cagayan Valley,64,2021-11-17,144.71428571428572
Region II: Cagayan Valley,117,2021-11-18,148.42857142857142
Region II: Cagayan Valley,140,2021-11-19,137.57142857142858
Region II: Cagayan Valley,355,2021-11-20,167.42857142857142
Region II: Cagayan Valley,209,2021-11-21,164.28571428571428
Region II: Cagayan Valley,140,2021-11-22,162.42857142857142
Region II: Cagayan Valley,84,2021-11-23,158.42857142857142
Region II: Cagayan Valley,58,2021-11-24,157.57142857142858
Region II: Cagayan Valley,48,2021-11-25,147.71428571428572
Region II: Cagayan Valley,99,2021-11-26,141.85714285714286
Region II: Cagayan Valley,76,2021-11-27,102.0
Region II: Cagayan Valley,72,2021-11-28,82.42857142857143
Region II: Cagayan Valley,75,2021-11-29,73.14285714285714
Region II: Cagayan Valley,48,2021-11-30,68.0
Region II: Cagayan Valley,57,2021-12-01,67.85714285714286
Region II: Cagayan Valley,33,2021-12-02,65.71428571428571
Region II: Cagayan Valley,42,2021-12-03,57.57142857142857
Region II: Cagayan Valley,23,2021-12-04,50.0
Region II: Cagayan Valley,53,2021-12-05,47.285714285714285
Region II: Cagayan Valley,69,2021-12-06,46.42857142857143
Region II: Cagayan Valley,26,2021-12-07,43.285714285714285
Region II: Cagayan Valley,10,2021-12-08,36.57142857142857
Region II: Cagayan Valley,22,2021-12-09,35.0
Region II: Cagayan Valley,35,2021-12-10,34.0
Region II: Cagayan Valley,22,2021-12-11,33.857142857142854
Region II: Cagayan Valley,17,2021-12-12,28.714285714285715
Region II: Cagayan Valley,13,2021-12-13,20.714285714285715
Region II: Cagayan Valley,9,2021-12-14,18.285714285714285
Region II: Cagayan Valley,5,2021-12-15,17.571428571428573
Region II: Cagayan Valley,15,2021-12-16,16.571428571428573
Region II: Cagayan Valley,16,2021-12-17,13.857142857142858
Region II: Cagayan Valley,20,2021-12-18,13.571428571428571
Region II: Cagayan Valley,17,2021-12-19,13.571428571428571
Region II: Cagayan Valley,6,2021-12-20,12.571428571428571
Region II: Cagayan Valley,6,2021-12-21,12.142857142857142
Region II: Cagayan Valley,12,2021-12-22,13.142857142857142
Region II: Cagayan Valley,10,2021-12-23,12.428571428571429
Region II: Cagayan Valley,12,2021-12-24,11.857142857142858
Region II: Cagayan Valley,8,2021-12-25,10.142857142857142
Region II: Cagayan Valley,16,2021-12-26,10.0
Region II: Cagayan Valley,4,2021-12-27,9.714285714285714
Region II: Cagayan Valley,11,2021-12-28,10.428571428571429
Region II: Cagayan Valley,6,2021-12-29,9.571428571428571
Region II: Cagayan Valley,17,2021-12-30,10.571428571428571
Region II: Cagayan Valley,20,2021-12-31,11.714285714285714
Region II: Cagayan Valley,17,2022-01-01,13.0
Region II: Cagayan Valley,30,2022-01-02,15.0
Region II: Cagayan Valley,20,2022-01-03,17.285714285714285
Region II: Cagayan Valley,52,2022-01-04,23.142857142857142
Region II: Cagayan Valley,67,2022-01-05,31.857142857142858
Region II: Cagayan Valley,104,2022-01-06,44.285714285714285
Region II: Cagayan Valley,236,2022-01-07,75.14285714285714
Region II: Cagayan Valley,404,2022-01-08,130.42857142857142
Region II: Cagayan Valley,318,2022-01-09,171.57142857142858
Region II: Cagayan Valley,412,2022-01-10,227.57142857142858
Region II: Cagayan Valley,452,2022-01-11,284.7142857142857
Region II: Cagayan Valley,353,2022-01-12,325.57142857142856
Region II: Cagayan Valley,618,2022-01-13,399.0
Region II: Cagayan Valley,1105,2022-01-14,523.1428571428571
Region II: Cagayan Valley,993,2022-01-15,607.2857142857143
Region II: Cagayan Valley,909,2022-01-16,691.7142857142857
Region II: Cagayan Valley,837,2022-01-17,752.4285714285714
Region II: Cagayan Valley,1182,2022-01-18,856.7142857142857
Region II: Cagayan Valley,624,2022-01-19,895.4285714285714
Region II: Cagayan Valley,993,2022-01-20,949.0
Region II: Cagayan Valley,1052,2022-01-21,941.4285714285714
Region II: Cagayan Valley,1126,2022-01-22,960.4285714285714
Region II: Cagayan Valley,937,2022-01-23,964.4285714285714
Region II: Cagayan Valley,1637,2022-01-24,1078.7142857142858
Region II: Cagayan Valley,727,2022-01-25,1013.7142857142857
Region II: Cagayan Valley,796,2022-01-26,1038.2857142857142
Region II: Cagayan Valley,911,2022-01-27,1026.5714285714287
Region II: Cagayan Valley,588,2022-01-28,960.2857142857143
Region II: Cagayan Valley,699,2022-01-29,899.2857142857143
Region II: Cagayan Valley,568,2022-01-30,846.5714285714286
Region II: Cagayan Valley,589,2022-01-31,696.8571428571429
Region II: Cagayan Valley,388,2022-02-01,648.4285714285714
Region II: Cagayan Valley,211,2022-02-02,564.8571428571429
Region II: Cagayan Valley,407,2022-02-03,492.85714285714283
Region II: Cagayan Valley,294,2022-02-04,450.85714285714283
Region II: Cagayan Valley,350,2022-02-05,401.0
Region II: Cagayan Valley,410,2022-02-06,378.42857142857144
Region II: Cagayan Valley,357,2022-02-07,345.2857142857143
Region II: Cagayan Valley,69,2022-02-08,299.7142857142857
Region II: Cagayan Valley,88,2022-02-09,282.14285714285717
Region II: Cagayan Valley,177,2022-02-10,249.28571428571428
Region II: Cagayan Valley,167,2022-02-11,231.14285714285714
Region II: Cagayan Valley,210,2022-02-12,211.14285714285714
Region II: Cagayan Valley,111,2022-02-13,168.42857142857142
Region II: Cagayan Valley,87,2022-02-14,129.85714285714286
Region II: Cagayan Valley,81,2022-02-15,131.57142857142858
Region II: Cagayan Valley,33,2022-02-16,123.71428571428571
Region II: Cagayan Valley,63,2022-02-17,107.42857142857143
Region II: Cagayan Valley,116,2022-02-18,100.14285714285714
Region II: Cagayan Valley,82,2022-02-19,81.85714285714286
Region II: Cagayan Valley,48,2022-02-20,72.85714285714286
Region II: Cagayan Valley,78,2022-02-21,71.57142857142857
Region II: Cagayan Valley,30,2022-02-22,64.28571428571429
Region II: Cagayan Valley,32,2022-02-23,64.14285714285714
Region II: Cagayan Valley,66,2022-02-24,64.57142857142857
Region II: Cagayan Valley,52,2022-02-25,55.42857142857143
Region II: Cagayan Valley,35,2022-02-26,48.714285714285715
Region II: Cagayan Valley,28,2022-02-27,45.857142857142854
Region II: Cagayan Valley,23,2022-02-28,38.0
Region II: Cagayan Valley,25,2022-03-01,37.285714285714285
Region II: Cagayan Valley,24,2022-03-02,36.142857142857146
Region II: Cagayan Valley,17,2022-03-03,29.142857142857142
Region II: Cagayan Valley,17,2022-03-04,24.142857142857142
Region II: Cagayan Valley,49,2022-03-05,26.142857142857142
Region II: Cagayan Valley,23,2022-03-06,25.428571428571427
Region II: Cagayan Valley,19,2022-03-07,24.857142857142858
Region II: Cagayan Valley,9,2022-03-08,22.571428571428573
Region II: Cagayan Valley,12,2022-03-09,20.857142857142858
Region II: Cagayan Valley,14,2022-03-10,20.428571428571427
Region II: Cagayan Valley,11,2022-03-11,19.571428571428573
Region II: Cagayan Valley,10,2022-03-12,14.0
Region II: Cagayan Valley,7,2022-03-13,11.714285714285714
Region II: Cagayan Valley,8,2022-03-14,10.142857142857142
Region II: Cagayan Valley,10,2022-03-15,10.285714285714286
Region II: Cagayan Valley,8,2022-03-16,9.714285714285714
Region II: Cagayan Valley,11,2022-03-17,9.285714285714286
Region II: Cagayan Valley,11,2022-03-18,9.285714285714286
Region II: Cagayan Valley,15,2022-03-19,10.0
Region II: Cagayan Valley,9,2022-03-20,10.285714285714286
Region II: Cagayan Valley,3,2022-03-21,9.571428571428571
Region II: Cagayan Valley,10,2022-03-22,9.571428571428571
Region II: Cagayan Valley,10,2022-03-23,9.857142857142858
Region II: Cagayan Valley,11,2022-03-24,9.857142857142858
Region II: Cagayan Valley,5,2022-03-25,9.0
Region II: Cagayan Valley,7,2022-03-26,7.857142857142857
Region II: Cagayan Valley,8,2022-03-27,7.714285714285714
Region II: Cagayan Valley,5,2022-03-28,8.0
Region II: Cagayan Valley,3,2022-03-29,7.0
Region II: Cagayan Valley,7,2022-03-30,6.571428571428571
Region II: Cagayan Valley,3,2022-03-31,5.428571428571429
Region II: Cagayan Valley,5,2022-04-01,5.428571428571429
Region II: Cagayan Valley,10,2022-04-02,5.857142857142857
Region II: Cagayan Valley,18,2022-04-03,7.285714285714286
Region II: Cagayan Valley,5,2022-04-04,7.285714285714286
Region II: Cagayan Valley,4,2022-04-05,7.428571428571429
Region II: Cagayan Valley,9,2022-04-06,7.714285714285714
Region II: Cagayan Valley,6,2022-04-07,8.142857142857142
Region II: Cagayan Valley,10,2022-04-08,8.857142857142858
Region II: Cagayan Valley,8,2022-04-09,8.571428571428571
Region II: Cagayan Valley,3,2022-04-10,6.428571428571429
Region II: Cagayan Valley,1,2022-04-11,5.857142857142857
Region II: Cagayan Valley,1,2022-04-12,5.428571428571429
Region II: Cagayan Valley,2,2022-04-13,4.428571428571429
Region II: Cagayan Valley,4,2022-04-14,4.142857142857143
Region II: Cagayan Valley,1,2022-04-15,2.857142857142857
Region II: Cagayan Valley,2,2022-04-16,2.0
Region II: Cagayan Valley,3,2022-04-17,2.0
Region II: Cagayan Valley,2,2022-04-18,2.142857142857143
Region II: Cagayan Valley,2,2022-04-19,2.2857142857142856
Region II: Cagayan Valley,10,2022-04-20,3.4285714285714284
Region II: Cagayan Valley,2,2022-04-21,3.142857142857143
Region II: Cagayan Valley,4,2022-04-22,3.5714285714285716
Region II: Cagayan Valley,2,2022-04-23,3.5714285714285716
Region II: Cagayan Valley,1,2022-04-24,3.2857142857142856
Region II: Cagayan Valley,4,2022-04-25,3.5714285714285716
Region II: Cagayan Valley,4,2022-04-26,3.857142857142857
Region II: Cagayan Valley,1,2022-04-27,2.5714285714285716
Region II: Cagayan Valley,3,2022-04-28,2.7142857142857144
Region II: Cagayan Valley,6,2022-04-29,3.0
Region II: Cagayan Valley,3,2022-04-30,3.142857142857143
Region II: Cagayan Valley,6,2022-05-01,3.857142857142857
Region II: Cagayan Valley,6,2022-05-02,4.142857142857143
Region II: Cagayan Valley,1,2022-05-03,3.7142857142857144
Region II: Cagayan Valley,17,2022-05-04,6.0
Region II: Cagayan Valley,3,2022-05-05,6.0
Region II: Cagayan Valley,2,2022-05-06,5.428571428571429
Region II: Cagayan Valley,2,2022-05-07,5.285714285714286
Region II: Cagayan Valley,9,2022-05-08,5.714285714285714
Region II: Cagayan Valley,2,2022-05-09,5.142857142857143
Region II: Cagayan Valley,4,2022-05-10,5.571428571428571
Region II: Cagayan Valley,2,2022-05-11,3.4285714285714284
Region II: Cagayan Valley,2,2022-05-12,3.2857142857142856
Region II: Cagayan Valley,1,2022-05-13,3.142857142857143
Region II: Cagayan Valley,0,2022-05-14,2.857142857142857
Region II: Cagayan Valley,3,2022-05-15,2.0
Region II: Cagayan Valley,1,2022-05-16,1.8571428571428572
Region II: Cagayan Valley,1,2022-05-17,1.4285714285714286
Region II: Cagayan Valley,0,2022-05-18,1.1428571428571428
Region II: Cagayan Valley,1,2022-05-19,1.0
Region II: Cagayan Valley,3,2022-05-20,1.2857142857142858
Region II: Cagayan Valley,10,2022-05-21,2.7142857142857144
Region II: Cagayan Valley,6,2022-05-22,3.142857142857143
Region II: Cagayan Valley,4,2022-05-23,3.5714285714285716
Region II: Cagayan Valley,3,2022-05-24,3.857142857142857
Region II: Cagayan Valley,2,2022-05-25,4.142857142857143
Region II: Cagayan Valley,6,2022-05-26,4.857142857142857
Region II: Cagayan Valley,3,2022-05-27,4.857142857142857
Region II: Cagayan Valley,1,2022-05-28,3.5714285714285716
Region II: Cagayan Valley,4,2022-05-29,3.2857142857142856
Region II: Cagayan Valley,2,2022-05-30,3.0
Region II: Cagayan Valley,3,2022-05-31,3.0
Region II: Cagayan Valley,1,2022-06-01,2.857142857142857
Region II: Cagayan Valley,3,2022-06-02,2.4285714285714284
Region II: Cagayan Valley,4,2022-06-03,2.5714285714285716
Region II: Cagayan Valley,2,2022-06-04,2.7142857142857144
Region II: Cagayan Valley,8,2022-06-05,3.2857142857142856
Region II: Cagayan Valley,4,2022-06-06,3.5714285714285716
Region II: Cagayan Valley,6,2022-06-07,4.0
Region II: Cagayan Valley,2,2022-06-08,4.142857142857143
Region II: Cagayan Valley,5,2022-06-09,4.428571428571429
Region II: Cagayan Valley,1,2022-06-10,4.0
Region II: Cagayan Valley,1,2022-06-11,3.857142857142857
Region II: Cagayan Valley,0,2022-06-12,2.7142857142857144
Region II: Cagayan Valley,9,2022-06-13,3.4285714285714284
Region II: Cagayan Valley,1,2022-06-14,2.7142857142857144
Region II: Cagayan Valley,3,2022-06-15,2.857142857142857
Region II: Cagayan Valley,8,2022-06-16,3.2857142857142856
Region II: Cagayan Valley,8,2022-06-17,4.285714285714286
Region II: Cagayan Valley,5,2022-06-18,4.857142857142857
