region,count,date,7DayMA
Region XI: Davao Region,2,2020-03-21,
Region XI: Davao Region,0,2020-03-22,
Region XI: Davao Region,2,2020-03-23,
Region XI: Davao Region,0,2020-03-24,
Region XI: Davao Region,0,2020-03-25,
Region XI: Davao Region,0,2020-03-26,
Region XI: Davao Region,2,2020-03-27,0.8571428571428571
Region XI: Davao Region,1,2020-03-28,0.7142857142857143
Region XI: Davao Region,16,2020-03-29,3.0
Region XI: Davao Region,20,2020-03-30,5.571428571428571
Region XI: Davao Region,1,2020-03-31,5.714285714285714
Region XI: Davao Region,13,2020-04-01,7.571428571428571
Region XI: Davao Region,0,2020-04-02,7.571428571428571
Region XI: Davao Region,2,2020-04-03,7.571428571428571
Region XI: Davao Region,5,2020-04-04,8.142857142857142
Region XI: Davao Region,8,2020-04-05,7.0
Region XI: Davao Region,0,2020-04-06,4.142857142857143
Region XI: Davao Region,4,2020-04-07,4.571428571428571
Region XI: Davao Region,3,2020-04-08,3.142857142857143
Region XI: Davao Region,3,2020-04-09,3.5714285714285716
Region XI: Davao Region,0,2020-04-10,3.2857142857142856
Region XI: Davao Region,0,2020-04-11,2.5714285714285716
Region XI: Davao Region,0,2020-04-12,1.4285714285714286
Region XI: Davao Region,0,2020-04-13,1.4285714285714286
Region XI: Davao Region,3,2020-04-14,1.2857142857142858
Region XI: Davao Region,3,2020-04-15,1.2857142857142858
Region XI: Davao Region,2,2020-04-16,1.1428571428571428
Region XI: Davao Region,2,2020-04-17,1.4285714285714286
Region XI: Davao Region,3,2020-04-18,1.8571428571428572
Region XI: Davao Region,1,2020-04-19,2.0
Region XI: Davao Region,6,2020-04-20,2.857142857142857
Region XI: Davao Region,3,2020-04-21,2.857142857142857
Region XI: Davao Region,5,2020-04-22,3.142857142857143
Region XI: Davao Region,1,2020-04-23,3.0
Region XI: Davao Region,0,2020-04-24,2.7142857142857144
Region XI: Davao Region,1,2020-04-25,2.4285714285714284
Region XI: Davao Region,5,2020-04-26,3.0
Region XI: Davao Region,0,2020-04-27,2.142857142857143
Region XI: Davao Region,6,2020-04-28,2.5714285714285716
Region XI: Davao Region,2,2020-04-29,2.142857142857143
Region XI: Davao Region,0,2020-04-30,2.0
Region XI: Davao Region,0,2020-05-01,2.0
Region XI: Davao Region,0,2020-05-02,1.8571428571428572
Region XI: Davao Region,12,2020-05-03,2.857142857142857
Region XI: Davao Region,1,2020-05-04,3.0
Region XI: Davao Region,0,2020-05-05,2.142857142857143
Region XI: Davao Region,11,2020-05-06,3.4285714285714284
Region XI: Davao Region,5,2020-05-07,4.142857142857143
Region XI: Davao Region,1,2020-05-08,4.285714285714286
Region XI: Davao Region,9,2020-05-09,5.571428571428571
Region XI: Davao Region,0,2020-05-10,3.857142857142857
Region XI: Davao Region,0,2020-05-11,3.7142857142857144
Region XI: Davao Region,1,2020-05-12,3.857142857142857
Region XI: Davao Region,0,2020-05-13,2.2857142857142856
Region XI: Davao Region,6,2020-05-14,2.4285714285714284
Region XI: Davao Region,9,2020-05-15,3.5714285714285716
Region XI: Davao Region,7,2020-05-16,3.2857142857142856
Region XI: Davao Region,0,2020-05-17,3.2857142857142856
Region XI: Davao Region,0,2020-05-18,3.2857142857142856
Region XI: Davao Region,0,2020-05-19,3.142857142857143
Region XI: Davao Region,0,2020-05-20,3.142857142857143
Region XI: Davao Region,0,2020-05-21,2.2857142857142856
Region XI: Davao Region,0,2020-05-22,1.0
Region XI: Davao Region,38,2020-05-23,5.428571428571429
Region XI: Davao Region,5,2020-05-24,6.142857142857143
Region XI: Davao Region,0,2020-05-25,6.142857142857143
Region XI: Davao Region,8,2020-05-26,7.285714285714286
Region XI: Davao Region,5,2020-05-27,8.0
Region XI: Davao Region,21,2020-05-28,11.0
Region XI: Davao Region,1,2020-05-29,11.142857142857142
Region XI: Davao Region,0,2020-05-30,5.714285714285714
Region XI: Davao Region,34,2020-05-31,9.857142857142858
Region XI: Davao Region,9,2020-06-01,11.142857142857142
Region XI: Davao Region,1,2020-06-02,10.142857142857142
Region XI: Davao Region,8,2020-06-03,10.571428571428571
Region XI: Davao Region,16,2020-06-04,9.857142857142858
Region XI: Davao Region,2,2020-06-05,10.0
Region XI: Davao Region,2,2020-06-06,10.285714285714286
Region XI: Davao Region,1,2020-06-07,5.571428571428571
Region XI: Davao Region,0,2020-06-08,4.285714285714286
Region XI: Davao Region,3,2020-06-09,4.571428571428571
Region XI: Davao Region,2,2020-06-10,3.7142857142857144
Region XI: Davao Region,5,2020-06-11,2.142857142857143
Region XI: Davao Region,10,2020-06-12,3.2857142857142856
Region XI: Davao Region,28,2020-06-13,7.0
Region XI: Davao Region,1,2020-06-14,7.0
Region XI: Davao Region,13,2020-06-15,8.857142857142858
Region XI: Davao Region,9,2020-06-16,9.714285714285714
Region XI: Davao Region,0,2020-06-17,9.428571428571429
Region XI: Davao Region,1,2020-06-18,8.857142857142858
Region XI: Davao Region,6,2020-06-19,8.285714285714286
Region XI: Davao Region,0,2020-06-20,4.285714285714286
Region XI: Davao Region,6,2020-06-21,5.0
Region XI: Davao Region,0,2020-06-22,3.142857142857143
Region XI: Davao Region,30,2020-06-23,6.142857142857143
Region XI: Davao Region,1,2020-06-24,6.285714285714286
Region XI: Davao Region,1,2020-06-25,6.285714285714286
Region XI: Davao Region,14,2020-06-26,7.428571428571429
Region XI: Davao Region,8,2020-06-27,8.571428571428571
Region XI: Davao Region,5,2020-06-28,8.428571428571429
Region XI: Davao Region,1,2020-06-29,8.571428571428571
Region XI: Davao Region,16,2020-06-30,6.571428571428571
Region XI: Davao Region,3,2020-07-01,6.857142857142857
Region XI: Davao Region,0,2020-07-02,6.714285714285714
Region XI: Davao Region,5,2020-07-03,5.428571428571429
Region XI: Davao Region,47,2020-07-04,11.0
Region XI: Davao Region,22,2020-07-05,13.428571428571429
Region XI: Davao Region,8,2020-07-06,14.428571428571429
Region XI: Davao Region,11,2020-07-07,13.714285714285714
Region XI: Davao Region,1,2020-07-08,13.428571428571429
Region XI: Davao Region,22,2020-07-09,16.571428571428573
Region XI: Davao Region,13,2020-07-10,17.714285714285715
Region XI: Davao Region,37,2020-07-11,16.285714285714285
Region XI: Davao Region,22,2020-07-12,16.285714285714285
Region XI: Davao Region,20,2020-07-13,18.0
Region XI: Davao Region,15,2020-07-14,18.571428571428573
Region XI: Davao Region,18,2020-07-15,21.0
Region XI: Davao Region,43,2020-07-16,24.0
Region XI: Davao Region,16,2020-07-17,24.428571428571427
Region XI: Davao Region,29,2020-07-18,23.285714285714285
Region XI: Davao Region,32,2020-07-19,24.714285714285715
Region XI: Davao Region,28,2020-07-20,25.857142857142858
Region XI: Davao Region,28,2020-07-21,27.714285714285715
Region XI: Davao Region,1,2020-07-22,25.285714285714285
Region XI: Davao Region,20,2020-07-23,22.0
Region XI: Davao Region,18,2020-07-24,22.285714285714285
Region XI: Davao Region,44,2020-07-25,24.428571428571427
Region XI: Davao Region,37,2020-07-26,25.142857142857142
Region XI: Davao Region,25,2020-07-27,24.714285714285715
Region XI: Davao Region,25,2020-07-28,24.285714285714285
Region XI: Davao Region,4,2020-07-29,24.714285714285715
Region XI: Davao Region,32,2020-07-30,26.428571428571427
Region XI: Davao Region,54,2020-07-31,31.571428571428573
Region XI: Davao Region,47,2020-08-01,32.0
Region XI: Davao Region,40,2020-08-02,32.42857142857143
Region XI: Davao Region,59,2020-08-03,37.285714285714285
Region XI: Davao Region,19,2020-08-04,36.42857142857143
Region XI: Davao Region,12,2020-08-05,37.57142857142857
Region XI: Davao Region,40,2020-08-06,38.714285714285715
Region XI: Davao Region,12,2020-08-07,32.714285714285715
Region XI: Davao Region,17,2020-08-08,28.428571428571427
Region XI: Davao Region,24,2020-08-09,26.142857142857142
Region XI: Davao Region,69,2020-08-10,27.571428571428573
Region XI: Davao Region,17,2020-08-11,27.285714285714285
Region XI: Davao Region,46,2020-08-12,32.142857142857146
Region XI: Davao Region,39,2020-08-13,32.0
Region XI: Davao Region,61,2020-08-14,39.0
Region XI: Davao Region,34,2020-08-15,41.42857142857143
Region XI: Davao Region,28,2020-08-16,42.0
Region XI: Davao Region,14,2020-08-17,34.142857142857146
Region XI: Davao Region,47,2020-08-18,38.42857142857143
Region XI: Davao Region,50,2020-08-19,39.0
Region XI: Davao Region,27,2020-08-20,37.285714285714285
Region XI: Davao Region,30,2020-08-21,32.857142857142854
Region XI: Davao Region,27,2020-08-22,31.857142857142858
Region XI: Davao Region,18,2020-08-23,30.428571428571427
Region XI: Davao Region,37,2020-08-24,33.714285714285715
Region XI: Davao Region,13,2020-08-25,28.857142857142858
Region XI: Davao Region,19,2020-08-26,24.428571428571427
Region XI: Davao Region,24,2020-08-27,24.0
Region XI: Davao Region,8,2020-08-28,20.857142857142858
Region XI: Davao Region,37,2020-08-29,22.285714285714285
Region XI: Davao Region,52,2020-08-30,27.142857142857142
Region XI: Davao Region,32,2020-08-31,26.428571428571427
Region XI: Davao Region,37,2020-09-01,29.857142857142858
Region XI: Davao Region,35,2020-09-02,32.142857142857146
Region XI: Davao Region,22,2020-09-03,31.857142857142858
Region XI: Davao Region,43,2020-09-04,36.857142857142854
Region XI: Davao Region,26,2020-09-05,35.285714285714285
Region XI: Davao Region,26,2020-09-06,31.571428571428573
Region XI: Davao Region,24,2020-09-07,30.428571428571427
Region XI: Davao Region,23,2020-09-08,28.428571428571427
Region XI: Davao Region,29,2020-09-09,27.571428571428573
Region XI: Davao Region,19,2020-09-10,27.142857142857142
Region XI: Davao Region,19,2020-09-11,23.714285714285715
Region XI: Davao Region,25,2020-09-12,23.571428571428573
Region XI: Davao Region,30,2020-09-13,24.142857142857142
Region XI: Davao Region,27,2020-09-14,24.571428571428573
Region XI: Davao Region,32,2020-09-15,25.857142857142858
Region XI: Davao Region,38,2020-09-16,27.142857142857142
Region XI: Davao Region,30,2020-09-17,28.714285714285715
Region XI: Davao Region,44,2020-09-18,32.285714285714285
Region XI: Davao Region,27,2020-09-19,32.57142857142857
Region XI: Davao Region,27,2020-09-20,32.142857142857146
Region XI: Davao Region,15,2020-09-21,30.428571428571427
Region XI: Davao Region,28,2020-09-22,29.857142857142858
Region XI: Davao Region,29,2020-09-23,28.571428571428573
Region XI: Davao Region,29,2020-09-24,28.428571428571427
Region XI: Davao Region,25,2020-09-25,25.714285714285715
Region XI: Davao Region,62,2020-09-26,30.714285714285715
Region XI: Davao Region,80,2020-09-27,38.285714285714285
Region XI: Davao Region,44,2020-09-28,42.42857142857143
Region XI: Davao Region,30,2020-09-29,42.714285714285715
Region XI: Davao Region,51,2020-09-30,45.857142857142854
Region XI: Davao Region,76,2020-10-01,52.57142857142857
Region XI: Davao Region,26,2020-10-02,52.714285714285715
Region XI: Davao Region,27,2020-10-03,47.714285714285715
Region XI: Davao Region,43,2020-10-04,42.42857142857143
Region XI: Davao Region,67,2020-10-05,45.714285714285715
Region XI: Davao Region,36,2020-10-06,46.57142857142857
Region XI: Davao Region,63,2020-10-07,48.285714285714285
Region XI: Davao Region,48,2020-10-08,44.285714285714285
Region XI: Davao Region,40,2020-10-09,46.285714285714285
Region XI: Davao Region,70,2020-10-10,52.42857142857143
Region XI: Davao Region,41,2020-10-11,52.142857142857146
Region XI: Davao Region,54,2020-10-12,50.285714285714285
Region XI: Davao Region,69,2020-10-13,55.0
Region XI: Davao Region,26,2020-10-14,49.714285714285715
Region XI: Davao Region,61,2020-10-15,51.57142857142857
Region XI: Davao Region,55,2020-10-16,53.714285714285715
Region XI: Davao Region,90,2020-10-17,56.57142857142857
Region XI: Davao Region,37,2020-10-18,56.0
Region XI: Davao Region,96,2020-10-19,62.0
Region XI: Davao Region,82,2020-10-20,63.857142857142854
Region XI: Davao Region,51,2020-10-21,67.42857142857143
Region XI: Davao Region,98,2020-10-22,72.71428571428571
Region XI: Davao Region,117,2020-10-23,81.57142857142857
Region XI: Davao Region,130,2020-10-24,87.28571428571429
Region XI: Davao Region,87,2020-10-25,94.42857142857143
Region XI: Davao Region,107,2020-10-26,96.0
Region XI: Davao Region,84,2020-10-27,96.28571428571429
Region XI: Davao Region,83,2020-10-28,100.85714285714286
Region XI: Davao Region,99,2020-10-29,101.0
Region XI: Davao Region,70,2020-10-30,94.28571428571429
Region XI: Davao Region,109,2020-10-31,91.28571428571429
Region XI: Davao Region,189,2020-11-01,105.85714285714286
Region XI: Davao Region,210,2020-11-02,120.57142857142857
Region XI: Davao Region,42,2020-11-03,114.57142857142857
Region XI: Davao Region,175,2020-11-04,127.71428571428571
Region XI: Davao Region,131,2020-11-05,132.28571428571428
Region XI: Davao Region,181,2020-11-06,148.14285714285714
Region XI: Davao Region,121,2020-11-07,149.85714285714286
Region XI: Davao Region,122,2020-11-08,140.28571428571428
Region XI: Davao Region,98,2020-11-09,124.28571428571429
Region XI: Davao Region,81,2020-11-10,129.85714285714286
Region XI: Davao Region,140,2020-11-11,124.85714285714286
Region XI: Davao Region,248,2020-11-12,141.57142857142858
Region XI: Davao Region,145,2020-11-13,136.42857142857142
Region XI: Davao Region,144,2020-11-14,139.71428571428572
Region XI: Davao Region,99,2020-11-15,136.42857142857142
Region XI: Davao Region,189,2020-11-16,149.42857142857142
Region XI: Davao Region,46,2020-11-17,144.42857142857142
Region XI: Davao Region,57,2020-11-18,132.57142857142858
Region XI: Davao Region,143,2020-11-19,117.57142857142857
Region XI: Davao Region,113,2020-11-20,113.0
Region XI: Davao Region,162,2020-11-21,115.57142857142857
Region XI: Davao Region,140,2020-11-22,121.42857142857143
Region XI: Davao Region,78,2020-11-23,105.57142857142857
Region XI: Davao Region,62,2020-11-24,107.85714285714286
Region XI: Davao Region,169,2020-11-25,123.85714285714286
Region XI: Davao Region,115,2020-11-26,119.85714285714286
Region XI: Davao Region,123,2020-11-27,121.28571428571429
Region XI: Davao Region,252,2020-11-28,134.14285714285714
Region XI: Davao Region,74,2020-11-29,124.71428571428571
Region XI: Davao Region,130,2020-11-30,132.14285714285714
Region XI: Davao Region,72,2020-12-01,133.57142857142858
Region XI: Davao Region,178,2020-12-02,134.85714285714286
Region XI: Davao Region,125,2020-12-03,136.28571428571428
Region XI: Davao Region,40,2020-12-04,124.42857142857143
Region XI: Davao Region,179,2020-12-05,114.0
Region XI: Davao Region,96,2020-12-06,117.14285714285714
Region XI: Davao Region,230,2020-12-07,131.42857142857142
Region XI: Davao Region,109,2020-12-08,136.71428571428572
Region XI: Davao Region,124,2020-12-09,129.0
Region XI: Davao Region,75,2020-12-10,121.85714285714286
Region XI: Davao Region,148,2020-12-11,137.28571428571428
Region XI: Davao Region,146,2020-12-12,132.57142857142858
Region XI: Davao Region,38,2020-12-13,124.28571428571429
Region XI: Davao Region,202,2020-12-14,120.28571428571429
Region XI: Davao Region,40,2020-12-15,110.42857142857143
Region XI: Davao Region,141,2020-12-16,112.85714285714286
Region XI: Davao Region,74,2020-12-17,112.71428571428571
Region XI: Davao Region,96,2020-12-18,105.28571428571429
Region XI: Davao Region,101,2020-12-19,98.85714285714286
Region XI: Davao Region,106,2020-12-20,108.57142857142857
Region XI: Davao Region,176,2020-12-21,104.85714285714286
Region XI: Davao Region,88,2020-12-22,111.71428571428571
Region XI: Davao Region,68,2020-12-23,101.28571428571429
Region XI: Davao Region,145,2020-12-24,111.42857142857143
Region XI: Davao Region,122,2020-12-25,115.14285714285714
Region XI: Davao Region,94,2020-12-26,114.14285714285714
Region XI: Davao Region,75,2020-12-27,109.71428571428571
Region XI: Davao Region,75,2020-12-28,95.28571428571429
Region XI: Davao Region,88,2020-12-29,95.28571428571429
Region XI: Davao Region,25,2020-12-30,89.14285714285714
Region XI: Davao Region,75,2020-12-31,79.14285714285714
Region XI: Davao Region,147,2021-01-01,82.71428571428571
Region XI: Davao Region,144,2021-01-02,89.85714285714286
Region XI: Davao Region,108,2021-01-03,94.57142857142857
Region XI: Davao Region,97,2021-01-04,97.71428571428571
Region XI: Davao Region,109,2021-01-05,100.71428571428571
Region XI: Davao Region,101,2021-01-06,111.57142857142857
Region XI: Davao Region,81,2021-01-07,112.42857142857143
Region XI: Davao Region,163,2021-01-08,114.71428571428571
Region XI: Davao Region,192,2021-01-09,121.57142857142857
Region XI: Davao Region,144,2021-01-10,126.71428571428571
Region XI: Davao Region,204,2021-01-11,142.0
Region XI: Davao Region,238,2021-01-12,160.42857142857142
Region XI: Davao Region,95,2021-01-13,159.57142857142858
Region XI: Davao Region,285,2021-01-14,188.71428571428572
Region XI: Davao Region,158,2021-01-15,188.0
Region XI: Davao Region,63,2021-01-16,169.57142857142858
Region XI: Davao Region,177,2021-01-17,174.28571428571428
Region XI: Davao Region,236,2021-01-18,178.85714285714286
Region XI: Davao Region,176,2021-01-19,170.0
Region XI: Davao Region,135,2021-01-20,175.71428571428572
Region XI: Davao Region,111,2021-01-21,150.85714285714286
Region XI: Davao Region,168,2021-01-22,152.28571428571428
Region XI: Davao Region,235,2021-01-23,176.85714285714286
Region XI: Davao Region,201,2021-01-24,180.28571428571428
Region XI: Davao Region,132,2021-01-25,165.42857142857142
Region XI: Davao Region,128,2021-01-26,158.57142857142858
Region XI: Davao Region,214,2021-01-27,169.85714285714286
Region XI: Davao Region,82,2021-01-28,165.71428571428572
Region XI: Davao Region,209,2021-01-29,171.57142857142858
Region XI: Davao Region,229,2021-01-30,170.71428571428572
Region XI: Davao Region,170,2021-01-31,166.28571428571428
Region XI: Davao Region,144,2021-02-01,168.0
Region XI: Davao Region,186,2021-02-02,176.28571428571428
Region XI: Davao Region,116,2021-02-03,162.28571428571428
Region XI: Davao Region,125,2021-02-04,168.42857142857142
Region XI: Davao Region,50,2021-02-05,145.71428571428572
Region XI: Davao Region,192,2021-02-06,140.42857142857142
Region XI: Davao Region,132,2021-02-07,135.0
Region XI: Davao Region,135,2021-02-08,133.71428571428572
Region XI: Davao Region,56,2021-02-09,115.14285714285714
Region XI: Davao Region,93,2021-02-10,111.85714285714286
Region XI: Davao Region,115,2021-02-11,110.42857142857143
Region XI: Davao Region,157,2021-02-12,125.71428571428571
Region XI: Davao Region,149,2021-02-13,119.57142857142857
Region XI: Davao Region,107,2021-02-14,116.0
Region XI: Davao Region,81,2021-02-15,108.28571428571429
Region XI: Davao Region,111,2021-02-16,116.14285714285714
Region XI: Davao Region,55,2021-02-17,110.71428571428571
Region XI: Davao Region,91,2021-02-18,107.28571428571429
Region XI: Davao Region,94,2021-02-19,98.28571428571429
Region XI: Davao Region,80,2021-02-20,88.42857142857143
Region XI: Davao Region,60,2021-02-21,81.71428571428571
Region XI: Davao Region,118,2021-02-22,87.0
Region XI: Davao Region,62,2021-02-23,80.0
Region XI: Davao Region,87,2021-02-24,84.57142857142857
Region XI: Davao Region,77,2021-02-25,82.57142857142857
Region XI: Davao Region,130,2021-02-26,87.71428571428571
Region XI: Davao Region,108,2021-02-27,91.71428571428571
Region XI: Davao Region,66,2021-02-28,92.57142857142857
Region XI: Davao Region,60,2021-03-01,84.28571428571429
Region XI: Davao Region,52,2021-03-02,82.85714285714286
Region XI: Davao Region,37,2021-03-03,75.71428571428571
Region XI: Davao Region,51,2021-03-04,72.0
Region XI: Davao Region,70,2021-03-05,63.42857142857143
Region XI: Davao Region,43,2021-03-06,54.142857142857146
Region XI: Davao Region,108,2021-03-07,60.142857142857146
Region XI: Davao Region,30,2021-03-08,55.857142857142854
Region XI: Davao Region,15,2021-03-09,50.57142857142857
Region XI: Davao Region,30,2021-03-10,49.57142857142857
Region XI: Davao Region,41,2021-03-11,48.142857142857146
Region XI: Davao Region,63,2021-03-12,47.142857142857146
Region XI: Davao Region,127,2021-03-13,59.142857142857146
Region XI: Davao Region,52,2021-03-14,51.142857142857146
Region XI: Davao Region,35,2021-03-15,51.857142857142854
Region XI: Davao Region,77,2021-03-16,60.714285714285715
Region XI: Davao Region,22,2021-03-17,59.57142857142857
Region XI: Davao Region,56,2021-03-18,61.714285714285715
Region XI: Davao Region,45,2021-03-19,59.142857142857146
Region XI: Davao Region,109,2021-03-20,56.57142857142857
Region XI: Davao Region,102,2021-03-21,63.714285714285715
Region XI: Davao Region,77,2021-03-22,69.71428571428571
Region XI: Davao Region,16,2021-03-23,61.0
Region XI: Davao Region,12,2021-03-24,59.57142857142857
Region XI: Davao Region,22,2021-03-25,54.714285714285715
Region XI: Davao Region,71,2021-03-26,58.42857142857143
Region XI: Davao Region,93,2021-03-27,56.142857142857146
Region XI: Davao Region,28,2021-03-28,45.57142857142857
Region XI: Davao Region,63,2021-03-29,43.57142857142857
Region XI: Davao Region,92,2021-03-30,54.42857142857143
Region XI: Davao Region,53,2021-03-31,60.285714285714285
Region XI: Davao Region,22,2021-04-01,60.285714285714285
Region XI: Davao Region,99,2021-04-02,64.28571428571429
Region XI: Davao Region,106,2021-04-03,66.14285714285714
Region XI: Davao Region,24,2021-04-04,65.57142857142857
Region XI: Davao Region,49,2021-04-05,63.57142857142857
Region XI: Davao Region,87,2021-04-06,62.857142857142854
Region XI: Davao Region,22,2021-04-07,58.42857142857143
Region XI: Davao Region,63,2021-04-08,64.28571428571429
Region XI: Davao Region,108,2021-04-09,65.57142857142857
Region XI: Davao Region,102,2021-04-10,65.0
Region XI: Davao Region,127,2021-04-11,79.71428571428571
Region XI: Davao Region,88,2021-04-12,85.28571428571429
Region XI: Davao Region,53,2021-04-13,80.42857142857143
Region XI: Davao Region,63,2021-04-14,86.28571428571429
Region XI: Davao Region,89,2021-04-15,90.0
Region XI: Davao Region,59,2021-04-16,83.0
Region XI: Davao Region,91,2021-04-17,81.42857142857143
Region XI: Davao Region,81,2021-04-18,74.85714285714286
Region XI: Davao Region,68,2021-04-19,72.0
Region XI: Davao Region,54,2021-04-20,72.14285714285714
Region XI: Davao Region,68,2021-04-21,72.85714285714286
Region XI: Davao Region,34,2021-04-22,65.0
Region XI: Davao Region,47,2021-04-23,63.285714285714285
Region XI: Davao Region,67,2021-04-24,59.857142857142854
Region XI: Davao Region,57,2021-04-25,56.42857142857143
Region XI: Davao Region,56,2021-04-26,54.714285714285715
Region XI: Davao Region,42,2021-04-27,53.0
Region XI: Davao Region,31,2021-04-28,47.714285714285715
Region XI: Davao Region,77,2021-04-29,53.857142857142854
Region XI: Davao Region,71,2021-04-30,57.285714285714285
Region XI: Davao Region,83,2021-05-01,59.57142857142857
Region XI: Davao Region,91,2021-05-02,64.42857142857143
Region XI: Davao Region,85,2021-05-03,68.57142857142857
Region XI: Davao Region,93,2021-05-04,75.85714285714286
Region XI: Davao Region,90,2021-05-05,84.28571428571429
Region XI: Davao Region,96,2021-05-06,87.0
Region XI: Davao Region,133,2021-05-07,95.85714285714286
Region XI: Davao Region,120,2021-05-08,101.14285714285714
Region XI: Davao Region,104,2021-05-09,103.0
Region XI: Davao Region,131,2021-05-10,109.57142857142857
Region XI: Davao Region,81,2021-05-11,107.85714285714286
Region XI: Davao Region,111,2021-05-12,110.85714285714286
Region XI: Davao Region,104,2021-05-13,112.0
Region XI: Davao Region,91,2021-05-14,106.0
Region XI: Davao Region,169,2021-05-15,113.0
Region XI: Davao Region,108,2021-05-16,113.57142857142857
Region XI: Davao Region,117,2021-05-17,111.57142857142857
Region XI: Davao Region,116,2021-05-18,116.57142857142857
Region XI: Davao Region,120,2021-05-19,117.85714285714286
Region XI: Davao Region,76,2021-05-20,113.85714285714286
Region XI: Davao Region,184,2021-05-21,127.14285714285714
Region XI: Davao Region,202,2021-05-22,131.85714285714286
Region XI: Davao Region,215,2021-05-23,147.14285714285714
Region XI: Davao Region,146,2021-05-24,151.28571428571428
Region XI: Davao Region,165,2021-05-25,158.28571428571428
Region XI: Davao Region,141,2021-05-26,161.28571428571428
Region XI: Davao Region,285,2021-05-27,191.14285714285714
Region XI: Davao Region,359,2021-05-28,216.14285714285714
Region XI: Davao Region,261,2021-05-29,224.57142857142858
Region XI: Davao Region,307,2021-05-30,237.71428571428572
Region XI: Davao Region,332,2021-05-31,264.2857142857143
Region XI: Davao Region,212,2021-06-01,271.0
Region XI: Davao Region,368,2021-06-02,303.42857142857144
Region XI: Davao Region,424,2021-06-03,323.2857142857143
Region XI: Davao Region,359,2021-06-04,323.2857142857143
Region XI: Davao Region,431,2021-06-05,347.57142857142856
Region XI: Davao Region,446,2021-06-06,367.42857142857144
Region XI: Davao Region,371,2021-06-07,373.0
Region XI: Davao Region,336,2021-06-08,390.7142857142857
Region XI: Davao Region,255,2021-06-09,374.57142857142856
Region XI: Davao Region,415,2021-06-10,373.2857142857143
Region XI: Davao Region,369,2021-06-11,374.7142857142857
Region XI: Davao Region,592,2021-06-12,397.7142857142857
Region XI: Davao Region,442,2021-06-13,397.14285714285717
Region XI: Davao Region,538,2021-06-14,421.0
Region XI: Davao Region,223,2021-06-15,404.85714285714283
Region XI: Davao Region,453,2021-06-16,433.14285714285717
Region XI: Davao Region,743,2021-06-17,480.0
Region XI: Davao Region,416,2021-06-18,486.7142857142857
Region XI: Davao Region,496,2021-06-19,473.0
Region XI: Davao Region,466,2021-06-20,476.42857142857144
Region XI: Davao Region,632,2021-06-21,489.85714285714283
Region XI: Davao Region,86,2021-06-22,470.2857142857143
Region XI: Davao Region,504,2021-06-23,477.57142857142856
Region XI: Davao Region,627,2021-06-24,461.0
Region XI: Davao Region,629,2021-06-25,491.42857142857144
Region XI: Davao Region,587,2021-06-26,504.42857142857144
Region XI: Davao Region,545,2021-06-27,515.7142857142857
Region XI: Davao Region,543,2021-06-28,503.0
Region XI: Davao Region,717,2021-06-29,593.1428571428571
Region XI: Davao Region,455,2021-06-30,586.1428571428571
Region XI: Davao Region,635,2021-07-01,587.2857142857143
Region XI: Davao Region,539,2021-07-02,574.4285714285714
Region XI: Davao Region,568,2021-07-03,571.7142857142857
Region XI: Davao Region,545,2021-07-04,571.7142857142857
Region XI: Davao Region,499,2021-07-05,565.4285714285714
Region XI: Davao Region,400,2021-07-06,520.1428571428571
Region XI: Davao Region,508,2021-07-07,527.7142857142857
Region XI: Davao Region,329,2021-07-08,484.0
Region XI: Davao Region,569,2021-07-09,488.2857142857143
Region XI: Davao Region,565,2021-07-10,487.85714285714283
Region XI: Davao Region,505,2021-07-11,482.14285714285717
Region XI: Davao Region,383,2021-07-12,465.57142857142856
Region XI: Davao Region,335,2021-07-13,456.2857142857143
Region XI: Davao Region,444,2021-07-14,447.14285714285717
Region XI: Davao Region,334,2021-07-15,447.85714285714283
Region XI: Davao Region,461,2021-07-16,432.42857142857144
Region XI: Davao Region,642,2021-07-17,443.42857142857144
Region XI: Davao Region,483,2021-07-18,440.2857142857143
Region XI: Davao Region,319,2021-07-19,431.14285714285717
Region XI: Davao Region,384,2021-07-20,438.14285714285717
Region XI: Davao Region,289,2021-07-21,416.0
Region XI: Davao Region,287,2021-07-22,409.2857142857143
Region XI: Davao Region,571,2021-07-23,425.0
Region XI: Davao Region,317,2021-07-24,378.57142857142856
Region XI: Davao Region,339,2021-07-25,358.0
Region XI: Davao Region,318,2021-07-26,357.85714285714283
Region XI: Davao Region,181,2021-07-27,328.85714285714283
Region XI: Davao Region,118,2021-07-28,304.42857142857144
Region XI: Davao Region,218,2021-07-29,294.57142857142856
Region XI: Davao Region,489,2021-07-30,282.85714285714283
Region XI: Davao Region,358,2021-07-31,288.7142857142857
Region XI: Davao Region,323,2021-08-01,286.42857142857144
Region XI: Davao Region,281,2021-08-02,281.14285714285717
Region XI: Davao Region,265,2021-08-03,293.14285714285717
Region XI: Davao Region,124,2021-08-04,294.0
Region XI: Davao Region,241,2021-08-05,297.2857142857143
Region XI: Davao Region,557,2021-08-06,307.0
Region XI: Davao Region,467,2021-08-07,322.57142857142856
Region XI: Davao Region,539,2021-08-08,353.42857142857144
Region XI: Davao Region,160,2021-08-09,336.14285714285717
Region XI: Davao Region,222,2021-08-10,330.0
Region XI: Davao Region,231,2021-08-11,345.2857142857143
Region XI: Davao Region,318,2021-08-12,356.2857142857143
Region XI: Davao Region,493,2021-08-13,347.14285714285717
Region XI: Davao Region,621,2021-08-14,369.14285714285717
Region XI: Davao Region,412,2021-08-15,351.0
Region XI: Davao Region,364,2021-08-16,380.14285714285717
Region XI: Davao Region,422,2021-08-17,408.7142857142857
Region XI: Davao Region,268,2021-08-18,414.0
Region XI: Davao Region,284,2021-08-19,409.14285714285717
Region XI: Davao Region,569,2021-08-20,420.0
Region XI: Davao Region,643,2021-08-21,423.14285714285717
Region XI: Davao Region,553,2021-08-22,443.2857142857143
Region XI: Davao Region,548,2021-08-23,469.57142857142856
Region XI: Davao Region,346,2021-08-24,458.7142857142857
Region XI: Davao Region,530,2021-08-25,496.14285714285717
Region XI: Davao Region,496,2021-08-26,526.4285714285714
Region XI: Davao Region,832,2021-08-27,564.0
Region XI: Davao Region,899,2021-08-28,600.5714285714286
Region XI: Davao Region,504,2021-08-29,593.5714285714286
Region XI: Davao Region,1096,2021-08-30,671.8571428571429
Region XI: Davao Region,464,2021-08-31,688.7142857142857
Region XI: Davao Region,607,2021-09-01,699.7142857142857
Region XI: Davao Region,715,2021-09-02,731.0
Region XI: Davao Region,1088,2021-09-03,767.5714285714286
Region XI: Davao Region,783,2021-09-04,751.0
Region XI: Davao Region,802,2021-09-05,793.5714285714286
Region XI: Davao Region,1040,2021-09-06,785.5714285714286
Region XI: Davao Region,821,2021-09-07,836.5714285714286
Region XI: Davao Region,1076,2021-09-08,903.5714285714286
Region XI: Davao Region,971,2021-09-09,940.1428571428571
Region XI: Davao Region,1032,2021-09-10,932.1428571428571
Region XI: Davao Region,774,2021-09-11,930.8571428571429
Region XI: Davao Region,932,2021-09-12,949.4285714285714
Region XI: Davao Region,891,2021-09-13,928.1428571428571
Region XI: Davao Region,673,2021-09-14,907.0
Region XI: Davao Region,697,2021-09-15,852.8571428571429
Region XI: Davao Region,1150,2021-09-16,878.4285714285714
Region XI: Davao Region,955,2021-09-17,867.4285714285714
Region XI: Davao Region,1004,2021-09-18,900.2857142857143
Region XI: Davao Region,1000,2021-09-19,910.0
Region XI: Davao Region,461,2021-09-20,848.5714285714286
Region XI: Davao Region,690,2021-09-21,851.0
Region XI: Davao Region,580,2021-09-22,834.2857142857143
Region XI: Davao Region,542,2021-09-23,747.4285714285714
Region XI: Davao Region,1015,2021-09-24,756.0
Region XI: Davao Region,433,2021-09-25,674.4285714285714
Region XI: Davao Region,614,2021-09-26,619.2857142857143
Region XI: Davao Region,1142,2021-09-27,716.5714285714286
Region XI: Davao Region,388,2021-09-28,673.4285714285714
Region XI: Davao Region,669,2021-09-29,686.1428571428571
Region XI: Davao Region,501,2021-09-30,680.2857142857143
Region XI: Davao Region,831,2021-10-01,654.0
Region XI: Davao Region,534,2021-10-02,668.4285714285714
Region XI: Davao Region,566,2021-10-03,661.5714285714286
Region XI: Davao Region,538,2021-10-04,575.2857142857143
Region XI: Davao Region,179,2021-10-05,545.4285714285714
Region XI: Davao Region,436,2021-10-06,512.1428571428571
Region XI: Davao Region,541,2021-10-07,517.8571428571429
Region XI: Davao Region,442,2021-10-08,462.2857142857143
Region XI: Davao Region,443,2021-10-09,449.2857142857143
Region XI: Davao Region,591,2021-10-10,452.85714285714283
Region XI: Davao Region,340,2021-10-11,424.57142857142856
Region XI: Davao Region,208,2021-10-12,428.7142857142857
Region XI: Davao Region,264,2021-10-13,404.14285714285717
Region XI: Davao Region,471,2021-10-14,394.14285714285717
Region XI: Davao Region,353,2021-10-15,381.42857142857144
Region XI: Davao Region,335,2021-10-16,366.0
Region XI: Davao Region,256,2021-10-17,318.14285714285717
Region XI: Davao Region,245,2021-10-18,304.57142857142856
Region XI: Davao Region,196,2021-10-19,302.85714285714283
Region XI: Davao Region,142,2021-10-20,285.42857142857144
Region XI: Davao Region,193,2021-10-21,245.71428571428572
Region XI: Davao Region,258,2021-10-22,232.14285714285714
Region XI: Davao Region,194,2021-10-23,212.0
Region XI: Davao Region,264,2021-10-24,213.14285714285714
Region XI: Davao Region,225,2021-10-25,210.28571428571428
Region XI: Davao Region,152,2021-10-26,204.0
Region XI: Davao Region,247,2021-10-27,219.0
Region XI: Davao Region,323,2021-10-28,237.57142857142858
Region XI: Davao Region,172,2021-10-29,225.28571428571428
Region XI: Davao Region,184,2021-10-30,223.85714285714286
Region XI: Davao Region,139,2021-10-31,206.0
Region XI: Davao Region,96,2021-11-01,187.57142857142858
Region XI: Davao Region,97,2021-11-02,179.71428571428572
Region XI: Davao Region,61,2021-11-03,153.14285714285714
Region XI: Davao Region,61,2021-11-04,115.71428571428571
Region XI: Davao Region,83,2021-11-05,103.0
Region XI: Davao Region,134,2021-11-06,95.85714285714286
Region XI: Davao Region,85,2021-11-07,88.14285714285714
Region XI: Davao Region,87,2021-11-08,86.85714285714286
Region XI: Davao Region,71,2021-11-09,83.14285714285714
Region XI: Davao Region,92,2021-11-10,87.57142857142857
Region XI: Davao Region,78,2021-11-11,90.0
Region XI: Davao Region,105,2021-11-12,93.14285714285714
Region XI: Davao Region,98,2021-11-13,88.0
Region XI: Davao Region,43,2021-11-14,82.0
Region XI: Davao Region,57,2021-11-15,77.71428571428571
Region XI: Davao Region,22,2021-11-16,70.71428571428571
Region XI: Davao Region,74,2021-11-17,68.14285714285714
Region XI: Davao Region,46,2021-11-18,63.57142857142857
Region XI: Davao Region,61,2021-11-19,57.285714285714285
Region XI: Davao Region,43,2021-11-20,49.42857142857143
Region XI: Davao Region,70,2021-11-21,53.285714285714285
Region XI: Davao Region,37,2021-11-22,50.42857142857143
Region XI: Davao Region,29,2021-11-23,51.42857142857143
Region XI: Davao Region,23,2021-11-24,44.142857142857146
Region XI: Davao Region,29,2021-11-25,41.714285714285715
Region XI: Davao Region,24,2021-11-26,36.42857142857143
Region XI: Davao Region,29,2021-11-27,34.42857142857143
Region XI: Davao Region,45,2021-11-28,30.857142857142858
Region XI: Davao Region,17,2021-11-29,28.0
Region XI: Davao Region,10,2021-11-30,25.285714285714285
Region XI: Davao Region,8,2021-12-01,23.142857142857142
Region XI: Davao Region,25,2021-12-02,22.571428571428573
Region XI: Davao Region,35,2021-12-03,24.142857142857142
Region XI: Davao Region,27,2021-12-04,23.857142857142858
Region XI: Davao Region,22,2021-12-05,20.571428571428573
Region XI: Davao Region,10,2021-12-06,19.571428571428573
Region XI: Davao Region,7,2021-12-07,19.142857142857142
Region XI: Davao Region,3,2021-12-08,18.428571428571427
Region XI: Davao Region,18,2021-12-09,17.428571428571427
Region XI: Davao Region,17,2021-12-10,14.857142857142858
Region XI: Davao Region,10,2021-12-11,12.428571428571429
Region XI: Davao Region,18,2021-12-12,11.857142857142858
Region XI: Davao Region,18,2021-12-13,13.0
Region XI: Davao Region,17,2021-12-14,14.428571428571429
Region XI: Davao Region,11,2021-12-15,15.571428571428571
Region XI: Davao Region,16,2021-12-16,15.285714285714286
Region XI: Davao Region,8,2021-12-17,14.0
Region XI: Davao Region,7,2021-12-18,13.571428571428571
Region XI: Davao Region,3,2021-12-19,11.428571428571429
Region XI: Davao Region,5,2021-12-20,9.571428571428571
Region XI: Davao Region,8,2021-12-21,8.285714285714286
Region XI: Davao Region,12,2021-12-22,8.428571428571429
Region XI: Davao Region,6,2021-12-23,7.0
Region XI: Davao Region,12,2021-12-24,7.571428571428571
Region XI: Davao Region,20,2021-12-25,9.428571428571429
Region XI: Davao Region,8,2021-12-26,10.142857142857142
Region XI: Davao Region,13,2021-12-27,11.285714285714286
Region XI: Davao Region,7,2021-12-28,11.142857142857142
Region XI: Davao Region,3,2021-12-29,9.857142857142858
Region XI: Davao Region,17,2021-12-30,11.428571428571429
Region XI: Davao Region,18,2021-12-31,12.285714285714286
Region XI: Davao Region,16,2022-01-01,11.714285714285714
Region XI: Davao Region,11,2022-01-02,12.142857142857142
Region XI: Davao Region,12,2022-01-03,12.0
Region XI: Davao Region,18,2022-01-04,13.571428571428571
Region XI: Davao Region,35,2022-01-05,18.142857142857142
Region XI: Davao Region,46,2022-01-06,22.285714285714285
Region XI: Davao Region,78,2022-01-07,30.857142857142858
Region XI: Davao Region,130,2022-01-08,47.142857142857146
Region XI: Davao Region,166,2022-01-09,69.28571428571429
Region XI: Davao Region,168,2022-01-10,91.57142857142857
Region XI: Davao Region,167,2022-01-11,112.85714285714286
Region XI: Davao Region,129,2022-01-12,126.28571428571429
Region XI: Davao Region,280,2022-01-13,159.71428571428572
Region XI: Davao Region,425,2022-01-14,209.28571428571428
Region XI: Davao Region,457,2022-01-15,256.0
Region XI: Davao Region,618,2022-01-16,320.57142857142856
Region XI: Davao Region,492,2022-01-17,366.85714285714283
Region XI: Davao Region,649,2022-01-18,435.7142857142857
Region XI: Davao Region,458,2022-01-19,482.7142857142857
Region XI: Davao Region,1062,2022-01-20,594.4285714285714
Region XI: Davao Region,1713,2022-01-21,778.4285714285714
Region XI: Davao Region,1537,2022-01-22,932.7142857142857
Region XI: Davao Region,2563,2022-01-23,1210.5714285714287
Region XI: Davao Region,2296,2022-01-24,1468.2857142857142
Region XI: Davao Region,1086,2022-01-25,1530.7142857142858
Region XI: Davao Region,1014,2022-01-26,1610.142857142857
Region XI: Davao Region,1996,2022-01-27,1743.5714285714287
Region XI: Davao Region,1920,2022-01-28,1773.142857142857
Region XI: Davao Region,1351,2022-01-29,1746.5714285714287
Region XI: Davao Region,1431,2022-01-30,1584.857142857143
Region XI: Davao Region,1335,2022-01-31,1447.5714285714287
Region XI: Davao Region,810,2022-02-01,1408.142857142857
Region XI: Davao Region,495,2022-02-02,1334.0
Region XI: Davao Region,775,2022-02-03,1159.5714285714287
Region XI: Davao Region,783,2022-02-04,997.1428571428571
Region XI: Davao Region,867,2022-02-05,928.0
Region XI: Davao Region,750,2022-02-06,830.7142857142857
Region XI: Davao Region,592,2022-02-07,724.5714285714286
Region XI: Davao Region,246,2022-02-08,644.0
Region XI: Davao Region,215,2022-02-09,604.0
Region XI: Davao Region,365,2022-02-10,545.4285714285714
Region XI: Davao Region,459,2022-02-11,499.14285714285717
Region XI: Davao Region,326,2022-02-12,421.85714285714283
Region XI: Davao Region,249,2022-02-13,350.2857142857143
Region XI: Davao Region,280,2022-02-14,305.7142857142857
Region XI: Davao Region,164,2022-02-15,294.0
Region XI: Davao Region,102,2022-02-16,277.85714285714283
Region XI: Davao Region,168,2022-02-17,249.71428571428572
Region XI: Davao Region,131,2022-02-18,202.85714285714286
Region XI: Davao Region,187,2022-02-19,183.0
Region XI: Davao Region,112,2022-02-20,163.42857142857142
Region XI: Davao Region,103,2022-02-21,138.14285714285714
Region XI: Davao Region,73,2022-02-22,125.14285714285714
Region XI: Davao Region,83,2022-02-23,122.42857142857143
Region XI: Davao Region,150,2022-02-24,119.85714285714286
Region XI: Davao Region,104,2022-02-25,116.0
Region XI: Davao Region,79,2022-02-26,100.57142857142857
Region XI: Davao Region,77,2022-02-27,95.57142857142857
Region XI: Davao Region,74,2022-02-28,91.42857142857143
Region XI: Davao Region,82,2022-03-01,92.71428571428571
Region XI: Davao Region,51,2022-03-02,88.14285714285714
Region XI: Davao Region,58,2022-03-03,75.0
Region XI: Davao Region,36,2022-03-04,65.28571428571429
Region XI: Davao Region,34,2022-03-05,58.857142857142854
Region XI: Davao Region,48,2022-03-06,54.714285714285715
Region XI: Davao Region,50,2022-03-07,51.285714285714285
Region XI: Davao Region,18,2022-03-08,42.142857142857146
Region XI: Davao Region,26,2022-03-09,38.57142857142857
Region XI: Davao Region,25,2022-03-10,33.857142857142854
Region XI: Davao Region,26,2022-03-11,32.42857142857143
Region XI: Davao Region,13,2022-03-12,29.428571428571427
Region XI: Davao Region,24,2022-03-13,26.0
Region XI: Davao Region,20,2022-03-14,21.714285714285715
Region XI: Davao Region,13,2022-03-15,21.0
Region XI: Davao Region,12,2022-03-16,19.0
Region XI: Davao Region,17,2022-03-17,17.857142857142858
Region XI: Davao Region,28,2022-03-18,18.142857142857142
Region XI: Davao Region,18,2022-03-19,18.857142857142858
Region XI: Davao Region,21,2022-03-20,18.428571428571427
Region XI: Davao Region,27,2022-03-21,19.428571428571427
Region XI: Davao Region,5,2022-03-22,18.285714285714285
Region XI: Davao Region,11,2022-03-23,18.142857142857142
Region XI: Davao Region,14,2022-03-24,17.714285714285715
Region XI: Davao Region,14,2022-03-25,15.714285714285714
Region XI: Davao Region,19,2022-03-26,15.857142857142858
Region XI: Davao Region,11,2022-03-27,14.428571428571429
Region XI: Davao Region,6,2022-03-28,11.428571428571429
Region XI: Davao Region,4,2022-03-29,11.285714285714286
Region XI: Davao Region,7,2022-03-30,10.714285714285714
Region XI: Davao Region,11,2022-03-31,10.285714285714286
Region XI: Davao Region,14,2022-04-01,10.285714285714286
Region XI: Davao Region,8,2022-04-02,8.714285714285714
Region XI: Davao Region,21,2022-04-03,10.142857142857142
Region XI: Davao Region,7,2022-04-04,10.285714285714286
Region XI: Davao Region,7,2022-04-05,10.714285714285714
Region XI: Davao Region,9,2022-04-06,11.0
Region XI: Davao Region,8,2022-04-07,10.571428571428571
Region XI: Davao Region,8,2022-04-08,9.714285714285714
Region XI: Davao Region,31,2022-04-09,13.0
Region XI: Davao Region,7,2022-04-10,11.0
Region XI: Davao Region,15,2022-04-11,12.142857142857142
Region XI: Davao Region,10,2022-04-12,12.571428571428571
Region XI: Davao Region,10,2022-04-13,12.714285714285714
Region XI: Davao Region,15,2022-04-14,13.714285714285714
Region XI: Davao Region,12,2022-04-15,14.285714285714286
Region XI: Davao Region,12,2022-04-16,11.571428571428571
Region XI: Davao Region,5,2022-04-17,11.285714285714286
Region XI: Davao Region,6,2022-04-18,10.0
Region XI: Davao Region,14,2022-04-19,10.571428571428571
Region XI: Davao Region,16,2022-04-20,11.428571428571429
Region XI: Davao Region,5,2022-04-21,10.0
Region XI: Davao Region,9,2022-04-22,9.571428571428571
Region XI: Davao Region,17,2022-04-23,10.285714285714286
Region XI: Davao Region,5,2022-04-24,10.285714285714286
Region XI: Davao Region,9,2022-04-25,10.714285714285714
Region XI: Davao Region,3,2022-04-26,9.142857142857142
Region XI: Davao Region,9,2022-04-27,8.142857142857142
Region XI: Davao Region,2,2022-04-28,7.714285714285714
Region XI: Davao Region,4,2022-04-29,7.0
Region XI: Davao Region,10,2022-04-30,6.0
Region XI: Davao Region,6,2022-05-01,6.142857142857143
Region XI: Davao Region,8,2022-05-02,6.0
Region XI: Davao Region,3,2022-05-03,6.0
Region XI: Davao Region,7,2022-05-04,5.714285714285714
Region XI: Davao Region,7,2022-05-05,6.428571428571429
Region XI: Davao Region,2,2022-05-06,6.142857142857143
Region XI: Davao Region,4,2022-05-07,5.285714285714286
Region XI: Davao Region,2,2022-05-08,4.714285714285714
Region XI: Davao Region,5,2022-05-09,4.285714285714286
Region XI: Davao Region,6,2022-05-10,4.714285714285714
Region XI: Davao Region,2,2022-05-11,4.0
Region XI: Davao Region,2,2022-05-12,3.2857142857142856
Region XI: Davao Region,3,2022-05-13,3.4285714285714284
Region XI: Davao Region,2,2022-05-14,3.142857142857143
Region XI: Davao Region,4,2022-05-15,3.4285714285714284
Region XI: Davao Region,12,2022-05-16,4.428571428571429
Region XI: Davao Region,3,2022-05-17,4.0
Region XI: Davao Region,4,2022-05-18,4.285714285714286
Region XI: Davao Region,3,2022-05-19,4.428571428571429
Region XI: Davao Region,4,2022-05-20,4.571428571428571
Region XI: Davao Region,3,2022-05-21,4.714285714285714
Region XI: Davao Region,7,2022-05-22,5.142857142857143
Region XI: Davao Region,11,2022-05-23,5.0
Region XI: Davao Region,5,2022-05-24,5.285714285714286
Region XI: Davao Region,5,2022-05-25,5.428571428571429
Region XI: Davao Region,5,2022-05-26,5.714285714285714
Region XI: Davao Region,6,2022-05-27,6.0
Region XI: Davao Region,4,2022-05-28,6.142857142857143
Region XI: Davao Region,0,2022-05-29,5.142857142857143
Region XI: Davao Region,6,2022-05-30,4.428571428571429
Region XI: Davao Region,3,2022-05-31,4.142857142857143
Region XI: Davao Region,1,2022-06-01,3.5714285714285716
Region XI: Davao Region,7,2022-06-02,3.857142857142857
Region XI: Davao Region,3,2022-06-03,3.4285714285714284
Region XI: Davao Region,1,2022-06-04,3.0
Region XI: Davao Region,13,2022-06-05,4.857142857142857
Region XI: Davao Region,5,2022-06-06,4.714285714285714
Region XI: Davao Region,6,2022-06-07,5.142857142857143
Region XI: Davao Region,9,2022-06-08,6.285714285714286
Region XI: Davao Region,12,2022-06-09,7.0
Region XI: Davao Region,6,2022-06-10,7.428571428571429
Region XI: Davao Region,12,2022-06-11,9.0
Region XI: Davao Region,5,2022-06-12,7.857142857142857
Region XI: Davao Region,5,2022-06-13,7.857142857142857
Region XI: Davao Region,1,2022-06-14,7.142857142857143
Region XI: Davao Region,7,2022-06-15,6.857142857142857
Region XI: Davao Region,9,2022-06-16,6.428571428571429
Region XI: Davao Region,11,2022-06-17,7.142857142857143
Region XI: Davao Region,11,2022-06-18,7.0
