region,count,date,7DayMA
Region III: Central Luzon,1,2020-03-09,
Region III: Central Luzon,1,2020-03-10,
Region III: Central Luzon,0,2020-03-11,
Region III: Central Luzon,0,2020-03-12,
Region III: Central Luzon,2,2020-03-13,
Region III: Central Luzon,3,2020-03-14,
Region III: Central Luzon,1,2020-03-15,1.1428571428571428
Region III: Central Luzon,0,2020-03-16,1.0
Region III: Central Luzon,1,2020-03-17,1.0
Region III: Central Luzon,0,2020-03-18,1.0
Region III: Central Luzon,0,2020-03-19,1.0
Region III: Central Luzon,0,2020-03-20,0.7142857142857143
Region III: Central Luzon,5,2020-03-21,1.0
Region III: Central Luzon,2,2020-03-22,1.1428571428571428
Region III: Central Luzon,5,2020-03-23,1.8571428571428572
Region III: Central Luzon,3,2020-03-24,2.142857142857143
Region III: Central Luzon,2,2020-03-25,2.4285714285714284
Region III: Central Luzon,6,2020-03-26,3.2857142857142856
Region III: Central Luzon,1,2020-03-27,3.4285714285714284
Region III: Central Luzon,16,2020-03-28,5.0
Region III: Central Luzon,16,2020-03-29,7.0
Region III: Central Luzon,5,2020-03-30,7.0
Region III: Central Luzon,21,2020-03-31,9.571428571428571
Region III: Central Luzon,8,2020-04-01,10.428571428571429
Region III: Central Luzon,19,2020-04-02,12.285714285714286
Region III: Central Luzon,22,2020-04-03,15.285714285714286
Region III: Central Luzon,4,2020-04-04,13.571428571428571
Region III: Central Luzon,14,2020-04-05,13.285714285714286
Region III: Central Luzon,16,2020-04-06,14.857142857142858
Region III: Central Luzon,3,2020-04-07,12.285714285714286
Region III: Central Luzon,2,2020-04-08,11.428571428571429
Region III: Central Luzon,13,2020-04-09,10.571428571428571
Region III: Central Luzon,5,2020-04-10,8.142857142857142
Region III: Central Luzon,18,2020-04-11,10.142857142857142
Region III: Central Luzon,8,2020-04-12,9.285714285714286
Region III: Central Luzon,23,2020-04-13,10.285714285714286
Region III: Central Luzon,24,2020-04-14,13.285714285714286
Region III: Central Luzon,7,2020-04-15,14.0
Region III: Central Luzon,28,2020-04-16,16.142857142857142
Region III: Central Luzon,22,2020-04-17,18.571428571428573
Region III: Central Luzon,6,2020-04-18,16.857142857142858
Region III: Central Luzon,9,2020-04-19,17.0
Region III: Central Luzon,4,2020-04-20,14.285714285714286
Region III: Central Luzon,2,2020-04-21,11.142857142857142
Region III: Central Luzon,3,2020-04-22,10.571428571428571
Region III: Central Luzon,2,2020-04-23,6.857142857142857
Region III: Central Luzon,3,2020-04-24,4.142857142857143
Region III: Central Luzon,0,2020-04-25,3.2857142857142856
Region III: Central Luzon,3,2020-04-26,2.4285714285714284
Region III: Central Luzon,4,2020-04-27,2.4285714285714284
Region III: Central Luzon,3,2020-04-28,2.5714285714285716
Region III: Central Luzon,10,2020-04-29,3.5714285714285716
Region III: Central Luzon,2,2020-04-30,3.5714285714285716
Region III: Central Luzon,2,2020-05-01,3.4285714285714284
Region III: Central Luzon,0,2020-05-02,3.4285714285714284
Region III: Central Luzon,2,2020-05-03,3.2857142857142856
Region III: Central Luzon,2,2020-05-04,3.0
Region III: Central Luzon,4,2020-05-05,3.142857142857143
Region III: Central Luzon,7,2020-05-06,2.7142857142857144
Region III: Central Luzon,19,2020-05-07,5.142857142857143
Region III: Central Luzon,0,2020-05-08,4.857142857142857
Region III: Central Luzon,1,2020-05-09,5.0
Region III: Central Luzon,4,2020-05-10,5.285714285714286
Region III: Central Luzon,3,2020-05-11,5.428571428571429
Region III: Central Luzon,2,2020-05-12,5.142857142857143
Region III: Central Luzon,3,2020-05-13,4.571428571428571
Region III: Central Luzon,4,2020-05-14,2.4285714285714284
Region III: Central Luzon,8,2020-05-15,3.5714285714285716
Region III: Central Luzon,6,2020-05-16,4.285714285714286
Region III: Central Luzon,5,2020-05-17,4.428571428571429
Region III: Central Luzon,2,2020-05-18,4.285714285714286
Region III: Central Luzon,11,2020-05-19,5.571428571428571
Region III: Central Luzon,21,2020-05-20,8.142857142857142
Region III: Central Luzon,2,2020-05-21,7.857142857142857
Region III: Central Luzon,3,2020-05-22,7.142857142857143
Region III: Central Luzon,11,2020-05-23,7.857142857142857
Region III: Central Luzon,20,2020-05-24,10.0
Region III: Central Luzon,3,2020-05-25,10.142857142857142
Region III: Central Luzon,4,2020-05-26,9.142857142857142
Region III: Central Luzon,7,2020-05-27,7.142857142857143
Region III: Central Luzon,16,2020-05-28,9.142857142857142
Region III: Central Luzon,52,2020-05-29,16.142857142857142
Region III: Central Luzon,12,2020-05-30,16.285714285714285
Region III: Central Luzon,27,2020-05-31,17.285714285714285
Region III: Central Luzon,25,2020-06-01,20.428571428571427
Region III: Central Luzon,4,2020-06-02,20.428571428571427
Region III: Central Luzon,11,2020-06-03,21.0
Region III: Central Luzon,13,2020-06-04,20.571428571428573
Region III: Central Luzon,2,2020-06-05,13.428571428571429
Region III: Central Luzon,9,2020-06-06,13.0
Region III: Central Luzon,9,2020-06-07,10.428571428571429
Region III: Central Luzon,7,2020-06-08,7.857142857142857
Region III: Central Luzon,15,2020-06-09,9.428571428571429
Region III: Central Luzon,10,2020-06-10,9.285714285714286
Region III: Central Luzon,4,2020-06-11,8.0
Region III: Central Luzon,12,2020-06-12,9.428571428571429
Region III: Central Luzon,7,2020-06-13,9.142857142857142
Region III: Central Luzon,9,2020-06-14,9.142857142857142
Region III: Central Luzon,10,2020-06-15,9.571428571428571
Region III: Central Luzon,3,2020-06-16,7.857142857142857
Region III: Central Luzon,8,2020-06-17,7.571428571428571
Region III: Central Luzon,6,2020-06-18,7.857142857142857
Region III: Central Luzon,16,2020-06-19,8.428571428571429
Region III: Central Luzon,12,2020-06-20,9.142857142857142
Region III: Central Luzon,16,2020-06-21,10.142857142857142
Region III: Central Luzon,12,2020-06-22,10.428571428571429
Region III: Central Luzon,25,2020-06-23,13.571428571428571
Region III: Central Luzon,6,2020-06-24,13.285714285714286
Region III: Central Luzon,20,2020-06-25,15.285714285714286
Region III: Central Luzon,18,2020-06-26,15.571428571428571
Region III: Central Luzon,18,2020-06-27,16.428571428571427
Region III: Central Luzon,10,2020-06-28,15.571428571428571
Region III: Central Luzon,33,2020-06-29,18.571428571428573
Region III: Central Luzon,15,2020-06-30,17.142857142857142
Region III: Central Luzon,14,2020-07-01,18.285714285714285
Region III: Central Luzon,6,2020-07-02,16.285714285714285
Region III: Central Luzon,48,2020-07-03,20.571428571428573
Region III: Central Luzon,28,2020-07-04,22.0
Region III: Central Luzon,98,2020-07-05,34.57142857142857
Region III: Central Luzon,40,2020-07-06,35.57142857142857
Region III: Central Luzon,52,2020-07-07,40.857142857142854
Region III: Central Luzon,76,2020-07-08,49.714285714285715
Region III: Central Luzon,32,2020-07-09,53.42857142857143
Region III: Central Luzon,36,2020-07-10,51.714285714285715
Region III: Central Luzon,41,2020-07-11,53.57142857142857
Region III: Central Luzon,63,2020-07-12,48.57142857142857
Region III: Central Luzon,34,2020-07-13,47.714285714285715
Region III: Central Luzon,28,2020-07-14,44.285714285714285
Region III: Central Luzon,25,2020-07-15,37.0
Region III: Central Luzon,48,2020-07-16,39.285714285714285
Region III: Central Luzon,25,2020-07-17,37.714285714285715
Region III: Central Luzon,51,2020-07-18,39.142857142857146
Region III: Central Luzon,76,2020-07-19,41.0
Region III: Central Luzon,34,2020-07-20,41.0
Region III: Central Luzon,47,2020-07-21,43.714285714285715
Region III: Central Luzon,58,2020-07-22,48.42857142857143
Region III: Central Luzon,50,2020-07-23,48.714285714285715
Region III: Central Luzon,52,2020-07-24,52.57142857142857
Region III: Central Luzon,34,2020-07-25,50.142857142857146
Region III: Central Luzon,30,2020-07-26,43.57142857142857
Region III: Central Luzon,60,2020-07-27,47.285714285714285
Region III: Central Luzon,20,2020-07-28,43.42857142857143
Region III: Central Luzon,39,2020-07-29,40.714285714285715
Region III: Central Luzon,74,2020-07-30,44.142857142857146
Region III: Central Luzon,100,2020-07-31,51.0
Region III: Central Luzon,182,2020-08-01,72.14285714285714
Region III: Central Luzon,180,2020-08-02,93.57142857142857
Region III: Central Luzon,106,2020-08-03,100.14285714285714
Region III: Central Luzon,331,2020-08-04,144.57142857142858
Region III: Central Luzon,109,2020-08-05,154.57142857142858
Region III: Central Luzon,153,2020-08-06,165.85714285714286
Region III: Central Luzon,97,2020-08-07,165.42857142857142
Region III: Central Luzon,71,2020-08-08,149.57142857142858
Region III: Central Luzon,195,2020-08-09,151.71428571428572
Region III: Central Luzon,284,2020-08-10,177.14285714285714
Region III: Central Luzon,95,2020-08-11,143.42857142857142
Region III: Central Luzon,204,2020-08-12,157.0
Region III: Central Luzon,114,2020-08-13,151.42857142857142
Region III: Central Luzon,315,2020-08-14,182.57142857142858
Region III: Central Luzon,190,2020-08-15,199.57142857142858
Region III: Central Luzon,93,2020-08-16,185.0
Region III: Central Luzon,168,2020-08-17,168.42857142857142
Region III: Central Luzon,309,2020-08-18,199.0
Region III: Central Luzon,163,2020-08-19,193.14285714285714
Region III: Central Luzon,200,2020-08-20,205.42857142857142
Region III: Central Luzon,291,2020-08-21,202.0
Region III: Central Luzon,281,2020-08-22,215.0
Region III: Central Luzon,210,2020-08-23,231.71428571428572
Region III: Central Luzon,343,2020-08-24,256.7142857142857
Region III: Central Luzon,245,2020-08-25,247.57142857142858
Region III: Central Luzon,171,2020-08-26,248.71428571428572
Region III: Central Luzon,134,2020-08-27,239.28571428571428
Region III: Central Luzon,247,2020-08-28,233.0
Region III: Central Luzon,234,2020-08-29,226.28571428571428
Region III: Central Luzon,183,2020-08-30,222.42857142857142
Region III: Central Luzon,289,2020-08-31,214.71428571428572
Region III: Central Luzon,230,2020-09-01,212.57142857142858
Region III: Central Luzon,95,2020-09-02,201.71428571428572
Region III: Central Luzon,54,2020-09-03,190.28571428571428
Region III: Central Luzon,208,2020-09-04,184.71428571428572
Region III: Central Luzon,160,2020-09-05,174.14285714285714
Region III: Central Luzon,203,2020-09-06,177.0
Region III: Central Luzon,48,2020-09-07,142.57142857142858
Region III: Central Luzon,299,2020-09-08,152.42857142857142
Region III: Central Luzon,245,2020-09-09,173.85714285714286
Region III: Central Luzon,201,2020-09-10,194.85714285714286
Region III: Central Luzon,294,2020-09-11,207.14285714285714
Region III: Central Luzon,338,2020-09-12,232.57142857142858
Region III: Central Luzon,320,2020-09-13,249.28571428571428
Region III: Central Luzon,463,2020-09-14,308.57142857142856
Region III: Central Luzon,259,2020-09-15,302.85714285714283
Region III: Central Luzon,356,2020-09-16,318.7142857142857
Region III: Central Luzon,524,2020-09-17,364.85714285714283
Region III: Central Luzon,348,2020-09-18,372.57142857142856
Region III: Central Luzon,566,2020-09-19,405.14285714285717
Region III: Central Luzon,327,2020-09-20,406.14285714285717
Region III: Central Luzon,264,2020-09-21,377.7142857142857
Region III: Central Luzon,133,2020-09-22,359.7142857142857
Region III: Central Luzon,255,2020-09-23,345.2857142857143
Region III: Central Luzon,83,2020-09-24,282.2857142857143
Region III: Central Luzon,154,2020-09-25,254.57142857142858
Region III: Central Luzon,239,2020-09-26,207.85714285714286
Region III: Central Luzon,346,2020-09-27,210.57142857142858
Region III: Central Luzon,202,2020-09-28,201.71428571428572
Region III: Central Luzon,242,2020-09-29,217.28571428571428
Region III: Central Luzon,152,2020-09-30,202.57142857142858
Region III: Central Luzon,178,2020-10-01,216.14285714285714
Region III: Central Luzon,249,2020-10-02,229.71428571428572
Region III: Central Luzon,167,2020-10-03,219.42857142857142
Region III: Central Luzon,336,2020-10-04,218.0
Region III: Central Luzon,142,2020-10-05,209.42857142857142
Region III: Central Luzon,216,2020-10-06,205.71428571428572
Region III: Central Luzon,289,2020-10-07,225.28571428571428
Region III: Central Luzon,199,2020-10-08,228.28571428571428
Region III: Central Luzon,240,2020-10-09,227.0
Region III: Central Luzon,156,2020-10-10,225.42857142857142
Region III: Central Luzon,286,2020-10-11,218.28571428571428
Region III: Central Luzon,283,2020-10-12,238.42857142857142
Region III: Central Luzon,142,2020-10-13,227.85714285714286
Region III: Central Luzon,106,2020-10-14,201.71428571428572
Region III: Central Luzon,176,2020-10-15,198.42857142857142
Region III: Central Luzon,231,2020-10-16,197.14285714285714
Region III: Central Luzon,253,2020-10-17,211.0
Region III: Central Luzon,298,2020-10-18,212.71428571428572
Region III: Central Luzon,269,2020-10-19,210.71428571428572
Region III: Central Luzon,125,2020-10-20,208.28571428571428
Region III: Central Luzon,117,2020-10-21,209.85714285714286
Region III: Central Luzon,99,2020-10-22,198.85714285714286
Region III: Central Luzon,176,2020-10-23,191.0
Region III: Central Luzon,136,2020-10-24,174.28571428571428
Region III: Central Luzon,164,2020-10-25,155.14285714285714
Region III: Central Luzon,151,2020-10-26,138.28571428571428
Region III: Central Luzon,83,2020-10-27,132.28571428571428
Region III: Central Luzon,170,2020-10-28,139.85714285714286
Region III: Central Luzon,176,2020-10-29,150.85714285714286
Region III: Central Luzon,143,2020-10-30,146.14285714285714
Region III: Central Luzon,132,2020-10-31,145.57142857142858
Region III: Central Luzon,212,2020-11-01,152.42857142857142
Region III: Central Luzon,225,2020-11-02,163.0
Region III: Central Luzon,287,2020-11-03,192.14285714285714
Region III: Central Luzon,39,2020-11-04,173.42857142857142
Region III: Central Luzon,134,2020-11-05,167.42857142857142
Region III: Central Luzon,219,2020-11-06,178.28571428571428
Region III: Central Luzon,239,2020-11-07,193.57142857142858
Region III: Central Luzon,207,2020-11-08,192.85714285714286
Region III: Central Luzon,234,2020-11-09,194.14285714285714
Region III: Central Luzon,115,2020-11-10,169.57142857142858
Region III: Central Luzon,114,2020-11-11,180.28571428571428
Region III: Central Luzon,101,2020-11-12,175.57142857142858
Region III: Central Luzon,200,2020-11-13,172.85714285714286
Region III: Central Luzon,77,2020-11-14,149.71428571428572
Region III: Central Luzon,132,2020-11-15,139.0
Region III: Central Luzon,110,2020-11-16,121.28571428571429
Region III: Central Luzon,81,2020-11-17,116.42857142857143
Region III: Central Luzon,104,2020-11-18,115.0
Region III: Central Luzon,113,2020-11-19,116.71428571428571
Region III: Central Luzon,157,2020-11-20,110.57142857142857
Region III: Central Luzon,355,2020-11-21,150.28571428571428
Region III: Central Luzon,229,2020-11-22,164.14285714285714
Region III: Central Luzon,216,2020-11-23,179.28571428571428
Region III: Central Luzon,59,2020-11-24,176.14285714285714
Region III: Central Luzon,90,2020-11-25,174.14285714285714
Region III: Central Luzon,135,2020-11-26,177.28571428571428
Region III: Central Luzon,153,2020-11-27,176.71428571428572
Region III: Central Luzon,159,2020-11-28,148.71428571428572
Region III: Central Luzon,260,2020-11-29,153.14285714285714
Region III: Central Luzon,190,2020-11-30,149.42857142857142
Region III: Central Luzon,75,2020-12-01,151.71428571428572
Region III: Central Luzon,150,2020-12-02,160.28571428571428
Region III: Central Luzon,131,2020-12-03,159.71428571428572
Region III: Central Luzon,59,2020-12-04,146.28571428571428
Region III: Central Luzon,187,2020-12-05,150.28571428571428
Region III: Central Luzon,139,2020-12-06,133.0
Region III: Central Luzon,266,2020-12-07,143.85714285714286
Region III: Central Luzon,110,2020-12-08,148.85714285714286
Region III: Central Luzon,123,2020-12-09,145.0
Region III: Central Luzon,133,2020-12-10,145.28571428571428
Region III: Central Luzon,178,2020-12-11,162.28571428571428
Region III: Central Luzon,61,2020-12-12,144.28571428571428
Region III: Central Luzon,111,2020-12-13,140.28571428571428
Region III: Central Luzon,63,2020-12-14,111.28571428571429
Region III: Central Luzon,135,2020-12-15,114.85714285714286
Region III: Central Luzon,122,2020-12-16,114.71428571428571
Region III: Central Luzon,108,2020-12-17,111.14285714285714
Region III: Central Luzon,215,2020-12-18,116.42857142857143
Region III: Central Luzon,133,2020-12-19,126.71428571428571
Region III: Central Luzon,176,2020-12-20,136.0
Region III: Central Luzon,109,2020-12-21,142.57142857142858
Region III: Central Luzon,107,2020-12-22,138.57142857142858
Region III: Central Luzon,92,2020-12-23,134.28571428571428
Region III: Central Luzon,123,2020-12-24,136.42857142857142
Region III: Central Luzon,217,2020-12-25,136.71428571428572
Region III: Central Luzon,183,2020-12-26,143.85714285714286
Region III: Central Luzon,63,2020-12-27,127.71428571428571
Region III: Central Luzon,55,2020-12-28,120.0
Region III: Central Luzon,123,2020-12-29,122.28571428571429
Region III: Central Luzon,78,2020-12-30,120.28571428571429
Region III: Central Luzon,155,2020-12-31,124.85714285714286
Region III: Central Luzon,126,2021-01-01,111.85714285714286
Region III: Central Luzon,98,2021-01-02,99.71428571428571
Region III: Central Luzon,72,2021-01-03,101.0
Region III: Central Luzon,76,2021-01-04,104.0
Region III: Central Luzon,110,2021-01-05,102.14285714285714
Region III: Central Luzon,87,2021-01-06,103.42857142857143
Region III: Central Luzon,131,2021-01-07,100.0
Region III: Central Luzon,179,2021-01-08,107.57142857142857
Region III: Central Luzon,182,2021-01-09,119.57142857142857
Region III: Central Luzon,198,2021-01-10,137.57142857142858
Region III: Central Luzon,109,2021-01-11,142.28571428571428
Region III: Central Luzon,94,2021-01-12,140.0
Region III: Central Luzon,104,2021-01-13,142.42857142857142
Region III: Central Luzon,126,2021-01-14,141.71428571428572
Region III: Central Luzon,200,2021-01-15,144.71428571428572
Region III: Central Luzon,145,2021-01-16,139.42857142857142
Region III: Central Luzon,161,2021-01-17,134.14285714285714
Region III: Central Luzon,148,2021-01-18,139.71428571428572
Region III: Central Luzon,109,2021-01-19,141.85714285714286
Region III: Central Luzon,72,2021-01-20,137.28571428571428
Region III: Central Luzon,162,2021-01-21,142.42857142857142
Region III: Central Luzon,197,2021-01-22,142.0
Region III: Central Luzon,136,2021-01-23,140.71428571428572
Region III: Central Luzon,130,2021-01-24,136.28571428571428
Region III: Central Luzon,112,2021-01-25,131.14285714285714
Region III: Central Luzon,64,2021-01-26,124.71428571428571
Region III: Central Luzon,151,2021-01-27,136.0
Region III: Central Luzon,48,2021-01-28,119.71428571428571
Region III: Central Luzon,109,2021-01-29,107.14285714285714
Region III: Central Luzon,89,2021-01-30,100.42857142857143
Region III: Central Luzon,85,2021-01-31,94.0
Region III: Central Luzon,151,2021-02-01,99.57142857142857
Region III: Central Luzon,83,2021-02-02,102.28571428571429
Region III: Central Luzon,51,2021-02-03,88.0
Region III: Central Luzon,69,2021-02-04,91.0
Region III: Central Luzon,110,2021-02-05,91.14285714285714
Region III: Central Luzon,155,2021-02-06,100.57142857142857
Region III: Central Luzon,88,2021-02-07,101.0
Region III: Central Luzon,87,2021-02-08,91.85714285714286
Region III: Central Luzon,87,2021-02-09,92.42857142857143
Region III: Central Luzon,58,2021-02-10,93.42857142857143
Region III: Central Luzon,113,2021-02-11,99.71428571428571
Region III: Central Luzon,134,2021-02-12,103.14285714285714
Region III: Central Luzon,129,2021-02-13,99.42857142857143
Region III: Central Luzon,124,2021-02-14,104.57142857142857
Region III: Central Luzon,72,2021-02-15,102.42857142857143
Region III: Central Luzon,49,2021-02-16,97.0
Region III: Central Luzon,56,2021-02-17,96.71428571428571
Region III: Central Luzon,134,2021-02-18,99.71428571428571
Region III: Central Luzon,110,2021-02-19,96.28571428571429
Region III: Central Luzon,113,2021-02-20,94.0
Region III: Central Luzon,95,2021-02-21,89.85714285714286
Region III: Central Luzon,114,2021-02-22,95.85714285714286
Region III: Central Luzon,100,2021-02-23,103.14285714285714
Region III: Central Luzon,77,2021-02-24,106.14285714285714
Region III: Central Luzon,188,2021-02-25,113.85714285714286
Region III: Central Luzon,152,2021-02-26,119.85714285714286
Region III: Central Luzon,135,2021-02-27,123.0
Region III: Central Luzon,134,2021-02-28,128.57142857142858
Region III: Central Luzon,126,2021-03-01,130.28571428571428
Region III: Central Luzon,148,2021-03-02,137.14285714285714
Region III: Central Luzon,101,2021-03-03,140.57142857142858
Region III: Central Luzon,149,2021-03-04,135.0
Region III: Central Luzon,244,2021-03-05,148.14285714285714
Region III: Central Luzon,240,2021-03-06,163.14285714285714
Region III: Central Luzon,213,2021-03-07,174.42857142857142
Region III: Central Luzon,207,2021-03-08,186.0
Region III: Central Luzon,171,2021-03-09,189.28571428571428
Region III: Central Luzon,161,2021-03-10,197.85714285714286
Region III: Central Luzon,264,2021-03-11,214.28571428571428
Region III: Central Luzon,380,2021-03-12,233.71428571428572
Region III: Central Luzon,385,2021-03-13,254.42857142857142
Region III: Central Luzon,427,2021-03-14,285.0
Region III: Central Luzon,406,2021-03-15,313.42857142857144
Region III: Central Luzon,398,2021-03-16,345.85714285714283
Region III: Central Luzon,274,2021-03-17,362.0
Region III: Central Luzon,413,2021-03-18,383.2857142857143
Region III: Central Luzon,751,2021-03-19,436.2857142857143
Region III: Central Luzon,816,2021-03-20,497.85714285714283
Region III: Central Luzon,677,2021-03-21,533.5714285714286
Region III: Central Luzon,535,2021-03-22,552.0
Region III: Central Luzon,480,2021-03-23,563.7142857142857
Region III: Central Luzon,699,2021-03-24,624.4285714285714
Region III: Central Luzon,809,2021-03-25,681.0
Region III: Central Luzon,921,2021-03-26,705.2857142857143
Region III: Central Luzon,953,2021-03-27,724.8571428571429
Region III: Central Luzon,973,2021-03-28,767.1428571428571
Region III: Central Luzon,939,2021-03-29,824.8571428571429
Region III: Central Luzon,798,2021-03-30,870.2857142857143
Region III: Central Luzon,529,2021-03-31,846.0
Region III: Central Luzon,884,2021-04-01,856.7142857142857
Region III: Central Luzon,1622,2021-04-02,956.8571428571429
Region III: Central Luzon,1224,2021-04-03,995.5714285714286
Region III: Central Luzon,1099,2021-04-04,1013.5714285714286
Region III: Central Luzon,633,2021-04-05,969.8571428571429
Region III: Central Luzon,932,2021-04-06,989.0
Region III: Central Luzon,598,2021-04-07,998.8571428571429
Region III: Central Luzon,983,2021-04-08,1013.0
Region III: Central Luzon,1315,2021-04-09,969.1428571428571
Region III: Central Luzon,1515,2021-04-10,1010.7142857142857
Region III: Central Luzon,1112,2021-04-11,1012.5714285714286
Region III: Central Luzon,1166,2021-04-12,1088.7142857142858
Region III: Central Luzon,1109,2021-04-13,1114.0
Region III: Central Luzon,797,2021-04-14,1142.4285714285713
Region III: Central Luzon,1086,2021-04-15,1157.142857142857
Region III: Central Luzon,1199,2021-04-16,1140.5714285714287
Region III: Central Luzon,1506,2021-04-17,1139.2857142857142
Region III: Central Luzon,954,2021-04-18,1116.7142857142858
Region III: Central Luzon,1330,2021-04-19,1140.142857142857
Region III: Central Luzon,683,2021-04-20,1079.2857142857142
Region III: Central Luzon,947,2021-04-21,1100.7142857142858
Region III: Central Luzon,1091,2021-04-22,1101.4285714285713
Region III: Central Luzon,1199,2021-04-23,1101.4285714285713
Region III: Central Luzon,1406,2021-04-24,1087.142857142857
Region III: Central Luzon,966,2021-04-25,1088.857142857143
Region III: Central Luzon,1168,2021-04-26,1065.7142857142858
Region III: Central Luzon,905,2021-04-27,1097.4285714285713
Region III: Central Luzon,863,2021-04-28,1085.4285714285713
Region III: Central Luzon,1101,2021-04-29,1086.857142857143
Region III: Central Luzon,1126,2021-04-30,1076.4285714285713
Region III: Central Luzon,1357,2021-05-01,1069.4285714285713
Region III: Central Luzon,873,2021-05-02,1056.142857142857
Region III: Central Luzon,833,2021-05-03,1008.2857142857143
Region III: Central Luzon,558,2021-05-04,958.7142857142857
Region III: Central Luzon,575,2021-05-05,917.5714285714286
Region III: Central Luzon,928,2021-05-06,892.8571428571429
Region III: Central Luzon,1030,2021-05-07,879.1428571428571
Region III: Central Luzon,933,2021-05-08,818.5714285714286
Region III: Central Luzon,774,2021-05-09,804.4285714285714
Region III: Central Luzon,852,2021-05-10,807.1428571428571
Region III: Central Luzon,620,2021-05-11,816.0
Region III: Central Luzon,505,2021-05-12,806.0
Region III: Central Luzon,985,2021-05-13,814.1428571428571
Region III: Central Luzon,967,2021-05-14,805.1428571428571
Region III: Central Luzon,815,2021-05-15,788.2857142857143
Region III: Central Luzon,650,2021-05-16,770.5714285714286
Region III: Central Luzon,704,2021-05-17,749.4285714285714
Region III: Central Luzon,560,2021-05-18,740.8571428571429
Region III: Central Luzon,610,2021-05-19,755.8571428571429
Region III: Central Luzon,827,2021-05-20,733.2857142857143
Region III: Central Luzon,802,2021-05-21,709.7142857142857
Region III: Central Luzon,1060,2021-05-22,744.7142857142857
Region III: Central Luzon,263,2021-05-23,689.4285714285714
Region III: Central Luzon,467,2021-05-24,655.5714285714286
Region III: Central Luzon,466,2021-05-25,642.1428571428571
Region III: Central Luzon,651,2021-05-26,648.0
Region III: Central Luzon,824,2021-05-27,647.5714285714286
Region III: Central Luzon,1405,2021-05-28,733.7142857142857
Region III: Central Luzon,786,2021-05-29,694.5714285714286
Region III: Central Luzon,809,2021-05-30,772.5714285714286
Region III: Central Luzon,745,2021-05-31,812.2857142857143
Region III: Central Luzon,767,2021-06-01,855.2857142857143
Region III: Central Luzon,535,2021-06-02,838.7142857142857
Region III: Central Luzon,955,2021-06-03,857.4285714285714
Region III: Central Luzon,704,2021-06-04,757.2857142857143
Region III: Central Luzon,976,2021-06-05,784.4285714285714
Region III: Central Luzon,758,2021-06-06,777.1428571428571
Region III: Central Luzon,643,2021-06-07,762.5714285714286
Region III: Central Luzon,520,2021-06-08,727.2857142857143
Region III: Central Luzon,515,2021-06-09,724.4285714285714
Region III: Central Luzon,873,2021-06-10,712.7142857142857
Region III: Central Luzon,569,2021-06-11,693.4285714285714
Region III: Central Luzon,846,2021-06-12,674.8571428571429
Region III: Central Luzon,540,2021-06-13,643.7142857142857
Region III: Central Luzon,564,2021-06-14,632.4285714285714
Region III: Central Luzon,553,2021-06-15,637.1428571428571
Region III: Central Luzon,392,2021-06-16,619.5714285714286
Region III: Central Luzon,858,2021-06-17,617.4285714285714
Region III: Central Luzon,437,2021-06-18,598.5714285714286
Region III: Central Luzon,716,2021-06-19,580.0
Region III: Central Luzon,293,2021-06-20,544.7142857142857
Region III: Central Luzon,449,2021-06-21,528.2857142857143
Region III: Central Luzon,249,2021-06-22,484.85714285714283
Region III: Central Luzon,284,2021-06-23,469.42857142857144
Region III: Central Luzon,514,2021-06-24,420.2857142857143
Region III: Central Luzon,466,2021-06-25,424.42857142857144
Region III: Central Luzon,469,2021-06-26,389.14285714285717
Region III: Central Luzon,431,2021-06-27,408.85714285714283
Region III: Central Luzon,417,2021-06-28,404.2857142857143
Region III: Central Luzon,315,2021-06-29,413.7142857142857
Region III: Central Luzon,259,2021-06-30,410.14285714285717
Region III: Central Luzon,534,2021-07-01,413.0
Region III: Central Luzon,475,2021-07-02,414.2857142857143
Region III: Central Luzon,549,2021-07-03,425.7142857142857
Region III: Central Luzon,439,2021-07-04,426.85714285714283
Region III: Central Luzon,450,2021-07-05,431.57142857142856
Region III: Central Luzon,373,2021-07-06,439.85714285714283
Region III: Central Luzon,281,2021-07-07,443.0
Region III: Central Luzon,466,2021-07-08,433.2857142857143
Region III: Central Luzon,586,2021-07-09,449.14285714285717
Region III: Central Luzon,398,2021-07-10,427.57142857142856
Region III: Central Luzon,607,2021-07-11,451.57142857142856
Region III: Central Luzon,442,2021-07-12,450.42857142857144
Region III: Central Luzon,299,2021-07-13,439.85714285714283
Region III: Central Luzon,263,2021-07-14,437.2857142857143
Region III: Central Luzon,557,2021-07-15,450.2857142857143
Region III: Central Luzon,575,2021-07-16,448.7142857142857
Region III: Central Luzon,575,2021-07-17,474.0
Region III: Central Luzon,526,2021-07-18,462.42857142857144
Region III: Central Luzon,419,2021-07-19,459.14285714285717
Region III: Central Luzon,406,2021-07-20,474.42857142857144
Region III: Central Luzon,686,2021-07-21,534.8571428571429
Region III: Central Luzon,517,2021-07-22,529.1428571428571
Region III: Central Luzon,568,2021-07-23,528.1428571428571
Region III: Central Luzon,703,2021-07-24,546.4285714285714
Region III: Central Luzon,481,2021-07-25,540.0
Region III: Central Luzon,679,2021-07-26,577.1428571428571
Region III: Central Luzon,423,2021-07-27,579.5714285714286
Region III: Central Luzon,291,2021-07-28,523.1428571428571
Region III: Central Luzon,754,2021-07-29,557.0
Region III: Central Luzon,949,2021-07-30,611.4285714285714
Region III: Central Luzon,773,2021-07-31,621.4285714285714
Region III: Central Luzon,981,2021-08-01,692.8571428571429
Region III: Central Luzon,827,2021-08-02,714.0
Region III: Central Luzon,836,2021-08-03,773.0
Region III: Central Luzon,881,2021-08-04,857.2857142857143
Region III: Central Luzon,790,2021-08-05,862.4285714285714
Region III: Central Luzon,1315,2021-08-06,914.7142857142857
Region III: Central Luzon,1231,2021-08-07,980.1428571428571
Region III: Central Luzon,1025,2021-08-08,986.4285714285714
Region III: Central Luzon,1145,2021-08-09,1031.857142857143
Region III: Central Luzon,1360,2021-08-10,1106.7142857142858
Region III: Central Luzon,1457,2021-08-11,1189.0
Region III: Central Luzon,1745,2021-08-12,1325.4285714285713
Region III: Central Luzon,1757,2021-08-13,1388.5714285714287
Region III: Central Luzon,1906,2021-08-14,1485.0
Region III: Central Luzon,2033,2021-08-15,1629.0
Region III: Central Luzon,1881,2021-08-16,1734.142857142857
Region III: Central Luzon,1294,2021-08-17,1724.7142857142858
Region III: Central Luzon,1470,2021-08-18,1726.5714285714287
Region III: Central Luzon,2094,2021-08-19,1776.4285714285713
Region III: Central Luzon,2111,2021-08-20,1827.0
Region III: Central Luzon,2540,2021-08-21,1917.5714285714287
Region III: Central Luzon,2294,2021-08-22,1954.857142857143
Region III: Central Luzon,1974,2021-08-23,1968.142857142857
Region III: Central Luzon,1796,2021-08-24,2039.857142857143
Region III: Central Luzon,1674,2021-08-25,2069.0
Region III: Central Luzon,2378,2021-08-26,2109.5714285714284
Region III: Central Luzon,1956,2021-08-27,2087.4285714285716
Region III: Central Luzon,2602,2021-08-28,2096.285714285714
Region III: Central Luzon,2179,2021-08-29,2079.8571428571427
Region III: Central Luzon,2902,2021-08-30,2212.4285714285716
Region III: Central Luzon,1521,2021-08-31,2173.1428571428573
Region III: Central Luzon,1611,2021-09-01,2164.1428571428573
Region III: Central Luzon,1922,2021-09-02,2099.0
Region III: Central Luzon,2669,2021-09-03,2200.8571428571427
Region III: Central Luzon,2342,2021-09-04,2163.714285714286
Region III: Central Luzon,2169,2021-09-05,2162.285714285714
Region III: Central Luzon,2837,2021-09-06,2153.0
Region III: Central Luzon,1898,2021-09-07,2206.8571428571427
Region III: Central Luzon,1588,2021-09-08,2203.5714285714284
Region III: Central Luzon,2619,2021-09-09,2303.1428571428573
Region III: Central Luzon,2070,2021-09-10,2217.5714285714284
Region III: Central Luzon,3088,2021-09-11,2324.1428571428573
Region III: Central Luzon,2244,2021-09-12,2334.8571428571427
Region III: Central Luzon,2404,2021-09-13,2273.0
Region III: Central Luzon,1498,2021-09-14,2215.8571428571427
Region III: Central Luzon,1651,2021-09-15,2224.8571428571427
Region III: Central Luzon,2497,2021-09-16,2207.4285714285716
Region III: Central Luzon,2196,2021-09-17,2225.4285714285716
Region III: Central Luzon,2229,2021-09-18,2102.714285714286
Region III: Central Luzon,2374,2021-09-19,2121.285714285714
Region III: Central Luzon,2248,2021-09-20,2099.0
Region III: Central Luzon,1336,2021-09-21,2075.8571428571427
Region III: Central Luzon,1514,2021-09-22,2056.285714285714
Region III: Central Luzon,1871,2021-09-23,1966.857142857143
Region III: Central Luzon,2197,2021-09-24,1967.0
Region III: Central Luzon,1212,2021-09-25,1821.7142857142858
Region III: Central Luzon,2112,2021-09-26,1784.2857142857142
Region III: Central Luzon,1953,2021-09-27,1742.142857142857
Region III: Central Luzon,1087,2021-09-28,1706.5714285714287
Region III: Central Luzon,1104,2021-09-29,1648.0
Region III: Central Luzon,1443,2021-09-30,1586.857142857143
Region III: Central Luzon,1877,2021-10-01,1541.142857142857
Region III: Central Luzon,1443,2021-10-02,1574.142857142857
Region III: Central Luzon,1030,2021-10-03,1419.5714285714287
Region III: Central Luzon,1219,2021-10-04,1314.7142857142858
Region III: Central Luzon,738,2021-10-05,1264.857142857143
Region III: Central Luzon,879,2021-10-06,1232.7142857142858
Region III: Central Luzon,1184,2021-10-07,1195.7142857142858
Region III: Central Luzon,982,2021-10-08,1067.857142857143
Region III: Central Luzon,776,2021-10-09,972.5714285714286
Region III: Central Luzon,1112,2021-10-10,984.2857142857143
Region III: Central Luzon,780,2021-10-11,921.5714285714286
Region III: Central Luzon,861,2021-10-12,939.1428571428571
Region III: Central Luzon,642,2021-10-13,905.2857142857143
Region III: Central Luzon,773,2021-10-14,846.5714285714286
Region III: Central Luzon,684,2021-10-15,804.0
Region III: Central Luzon,728,2021-10-16,797.1428571428571
Region III: Central Luzon,557,2021-10-17,717.8571428571429
Region III: Central Luzon,536,2021-10-18,683.0
Region III: Central Luzon,413,2021-10-19,619.0
Region III: Central Luzon,434,2021-10-20,589.2857142857143
Region III: Central Luzon,474,2021-10-21,546.5714285714286
Region III: Central Luzon,485,2021-10-22,518.1428571428571
Region III: Central Luzon,497,2021-10-23,485.14285714285717
Region III: Central Luzon,462,2021-10-24,471.57142857142856
Region III: Central Luzon,351,2021-10-25,445.14285714285717
Region III: Central Luzon,581,2021-10-26,469.14285714285717
Region III: Central Luzon,282,2021-10-27,447.42857142857144
Region III: Central Luzon,623,2021-10-28,468.7142857142857
Region III: Central Luzon,333,2021-10-29,447.0
Region III: Central Luzon,237,2021-10-30,409.85714285714283
Region III: Central Luzon,207,2021-10-31,373.42857142857144
Region III: Central Luzon,244,2021-11-01,358.14285714285717
Region III: Central Luzon,185,2021-11-02,301.57142857142856
Region III: Central Luzon,141,2021-11-03,281.42857142857144
Region III: Central Luzon,159,2021-11-04,215.14285714285714
Region III: Central Luzon,194,2021-11-05,195.28571428571428
Region III: Central Luzon,224,2021-11-06,193.42857142857142
Region III: Central Luzon,198,2021-11-07,192.14285714285714
Region III: Central Luzon,173,2021-11-08,182.0
Region III: Central Luzon,139,2021-11-09,175.42857142857142
Region III: Central Luzon,234,2021-11-10,188.71428571428572
Region III: Central Luzon,142,2021-11-11,186.28571428571428
Region III: Central Luzon,113,2021-11-12,174.71428571428572
Region III: Central Luzon,113,2021-11-13,158.85714285714286
Region III: Central Luzon,118,2021-11-14,147.42857142857142
Region III: Central Luzon,103,2021-11-15,137.42857142857142
Region III: Central Luzon,63,2021-11-16,126.57142857142857
Region III: Central Luzon,82,2021-11-17,104.85714285714286
Region III: Central Luzon,89,2021-11-18,97.28571428571429
Region III: Central Luzon,82,2021-11-19,92.85714285714286
Region III: Central Luzon,88,2021-11-20,89.28571428571429
Region III: Central Luzon,350,2021-11-21,122.42857142857143
Region III: Central Luzon,68,2021-11-22,117.42857142857143
Region III: Central Luzon,98,2021-11-23,122.42857142857143
Region III: Central Luzon,43,2021-11-24,116.85714285714286
Region III: Central Luzon,49,2021-11-25,111.14285714285714
Region III: Central Luzon,64,2021-11-26,108.57142857142857
Region III: Central Luzon,61,2021-11-27,104.71428571428571
Region III: Central Luzon,38,2021-11-28,60.142857142857146
Region III: Central Luzon,46,2021-11-29,57.0
Region III: Central Luzon,34,2021-11-30,47.857142857142854
Region III: Central Luzon,26,2021-12-01,45.42857142857143
Region III: Central Luzon,38,2021-12-02,43.857142857142854
Region III: Central Luzon,39,2021-12-03,40.285714285714285
Region III: Central Luzon,43,2021-12-04,37.714285714285715
Region III: Central Luzon,39,2021-12-05,37.857142857142854
Region III: Central Luzon,37,2021-12-06,36.57142857142857
Region III: Central Luzon,36,2021-12-07,36.857142857142854
Region III: Central Luzon,29,2021-12-08,37.285714285714285
Region III: Central Luzon,62,2021-12-09,40.714285714285715
Region III: Central Luzon,25,2021-12-10,38.714285714285715
Region III: Central Luzon,39,2021-12-11,38.142857142857146
Region III: Central Luzon,23,2021-12-12,35.857142857142854
Region III: Central Luzon,21,2021-12-13,33.57142857142857
Region III: Central Luzon,19,2021-12-14,31.142857142857142
Region III: Central Luzon,19,2021-12-15,29.714285714285715
Region III: Central Luzon,12,2021-12-16,22.571428571428573
Region III: Central Luzon,58,2021-12-17,27.285714285714285
Region III: Central Luzon,12,2021-12-18,23.428571428571427
Region III: Central Luzon,16,2021-12-19,22.428571428571427
Region III: Central Luzon,13,2021-12-20,21.285714285714285
Region III: Central Luzon,9,2021-12-21,19.857142857142858
Region III: Central Luzon,20,2021-12-22,20.0
Region III: Central Luzon,16,2021-12-23,20.571428571428573
Region III: Central Luzon,22,2021-12-24,15.428571428571429
Region III: Central Luzon,30,2021-12-25,18.0
Region III: Central Luzon,31,2021-12-26,20.142857142857142
Region III: Central Luzon,18,2021-12-27,20.857142857142858
Region III: Central Luzon,31,2021-12-28,24.0
Region III: Central Luzon,50,2021-12-29,28.285714285714285
Region III: Central Luzon,93,2021-12-30,39.285714285714285
Region III: Central Luzon,170,2021-12-31,60.42857142857143
Region III: Central Luzon,182,2022-01-01,82.14285714285714
Region III: Central Luzon,243,2022-01-02,112.42857142857143
Region III: Central Luzon,273,2022-01-03,148.85714285714286
Region III: Central Luzon,323,2022-01-04,190.57142857142858
Region III: Central Luzon,775,2022-01-05,294.14285714285717
Region III: Central Luzon,1088,2022-01-06,436.2857142857143
Region III: Central Luzon,2105,2022-01-07,712.7142857142857
Region III: Central Luzon,2296,2022-01-08,1014.7142857142857
Region III: Central Luzon,2838,2022-01-09,1385.4285714285713
Region III: Central Luzon,3434,2022-01-10,1837.0
Region III: Central Luzon,3091,2022-01-11,2232.4285714285716
Region III: Central Luzon,3287,2022-01-12,2591.285714285714
Region III: Central Luzon,3786,2022-01-13,2976.714285714286
Region III: Central Luzon,4101,2022-01-14,3261.8571428571427
Region III: Central Luzon,3350,2022-01-15,3412.4285714285716
Region III: Central Luzon,3258,2022-01-16,3472.4285714285716
Region III: Central Luzon,4230,2022-01-17,3586.1428571428573
Region III: Central Luzon,2994,2022-01-18,3572.285714285714
Region III: Central Luzon,2067,2022-01-19,3398.0
Region III: Central Luzon,2840,2022-01-20,3262.8571428571427
Region III: Central Luzon,4386,2022-01-21,3303.5714285714284
Region III: Central Luzon,2868,2022-01-22,3234.714285714286
Region III: Central Luzon,2835,2022-01-23,3174.285714285714
Region III: Central Luzon,2264,2022-01-24,2893.4285714285716
Region III: Central Luzon,2283,2022-01-25,2791.8571428571427
Region III: Central Luzon,1302,2022-01-26,2682.5714285714284
Region III: Central Luzon,1428,2022-01-27,2480.8571428571427
Region III: Central Luzon,1412,2022-01-28,2056.0
Region III: Central Luzon,1409,2022-01-29,1847.5714285714287
Region III: Central Luzon,998,2022-01-30,1585.142857142857
Region III: Central Luzon,1105,2022-01-31,1419.5714285714287
Region III: Central Luzon,883,2022-02-01,1219.5714285714287
Region III: Central Luzon,729,2022-02-02,1137.7142857142858
Region III: Central Luzon,573,2022-02-03,1015.5714285714286
Region III: Central Luzon,809,2022-02-04,929.4285714285714
Region III: Central Luzon,429,2022-02-05,789.4285714285714
Region III: Central Luzon,723,2022-02-06,750.1428571428571
Region III: Central Luzon,521,2022-02-07,666.7142857142857
Region III: Central Luzon,236,2022-02-08,574.2857142857143
Region III: Central Luzon,279,2022-02-09,510.0
Region III: Central Luzon,236,2022-02-10,461.85714285714283
Region III: Central Luzon,287,2022-02-11,387.2857142857143
Region III: Central Luzon,273,2022-02-12,365.0
Region III: Central Luzon,221,2022-02-13,293.2857142857143
Region III: Central Luzon,179,2022-02-14,244.42857142857142
Region III: Central Luzon,159,2022-02-15,233.42857142857142
Region III: Central Luzon,219,2022-02-16,224.85714285714286
Region III: Central Luzon,152,2022-02-17,212.85714285714286
Region III: Central Luzon,188,2022-02-18,198.71428571428572
Region III: Central Luzon,176,2022-02-19,184.85714285714286
Region III: Central Luzon,124,2022-02-20,171.0
Region III: Central Luzon,124,2022-02-21,163.14285714285714
Region III: Central Luzon,77,2022-02-22,151.42857142857142
Region III: Central Luzon,135,2022-02-23,139.42857142857142
Region III: Central Luzon,140,2022-02-24,137.71428571428572
Region III: Central Luzon,156,2022-02-25,133.14285714285714
Region III: Central Luzon,85,2022-02-26,120.14285714285714
Region III: Central Luzon,84,2022-02-27,114.42857142857143
Region III: Central Luzon,83,2022-02-28,108.57142857142857
Region III: Central Luzon,91,2022-03-01,110.57142857142857
Region III: Central Luzon,80,2022-03-02,102.71428571428571
Region III: Central Luzon,73,2022-03-03,93.14285714285714
Region III: Central Luzon,71,2022-03-04,81.0
Region III: Central Luzon,58,2022-03-05,77.14285714285714
Region III: Central Luzon,66,2022-03-06,74.57142857142857
Region III: Central Luzon,76,2022-03-07,73.57142857142857
Region III: Central Luzon,35,2022-03-08,65.57142857142857
Region III: Central Luzon,55,2022-03-09,62.0
Region III: Central Luzon,45,2022-03-10,58.0
Region III: Central Luzon,37,2022-03-11,53.142857142857146
Region III: Central Luzon,43,2022-03-12,51.0
Region III: Central Luzon,45,2022-03-13,48.0
Region III: Central Luzon,37,2022-03-14,42.42857142857143
Region III: Central Luzon,35,2022-03-15,42.42857142857143
Region III: Central Luzon,44,2022-03-16,40.857142857142854
Region III: Central Luzon,51,2022-03-17,41.714285714285715
Region III: Central Luzon,42,2022-03-18,42.42857142857143
Region III: Central Luzon,30,2022-03-19,40.57142857142857
Region III: Central Luzon,41,2022-03-20,40.0
Region III: Central Luzon,35,2022-03-21,39.714285714285715
Region III: Central Luzon,19,2022-03-22,37.42857142857143
Region III: Central Luzon,28,2022-03-23,35.142857142857146
Region III: Central Luzon,45,2022-03-24,34.285714285714285
Region III: Central Luzon,16,2022-03-25,30.571428571428573
Region III: Central Luzon,32,2022-03-26,30.857142857142858
Region III: Central Luzon,30,2022-03-27,29.285714285714285
Region III: Central Luzon,27,2022-03-28,28.142857142857142
Region III: Central Luzon,23,2022-03-29,28.714285714285715
Region III: Central Luzon,20,2022-03-30,27.571428571428573
Region III: Central Luzon,24,2022-03-31,24.571428571428573
Region III: Central Luzon,27,2022-04-01,26.142857142857142
Region III: Central Luzon,47,2022-04-02,28.285714285714285
Region III: Central Luzon,59,2022-04-03,32.42857142857143
Region III: Central Luzon,32,2022-04-04,33.142857142857146
Region III: Central Luzon,20,2022-04-05,32.714285714285715
Region III: Central Luzon,26,2022-04-06,33.57142857142857
Region III: Central Luzon,23,2022-04-07,33.42857142857143
Region III: Central Luzon,38,2022-04-08,35.0
Region III: Central Luzon,23,2022-04-09,31.571428571428573
Region III: Central Luzon,28,2022-04-10,27.142857142857142
Region III: Central Luzon,24,2022-04-11,26.0
Region III: Central Luzon,16,2022-04-12,25.428571428571427
Region III: Central Luzon,33,2022-04-13,26.428571428571427
Region III: Central Luzon,23,2022-04-14,26.428571428571427
Region III: Central Luzon,32,2022-04-15,25.571428571428573
Region III: Central Luzon,31,2022-04-16,26.714285714285715
Region III: Central Luzon,27,2022-04-17,26.571428571428573
Region III: Central Luzon,11,2022-04-18,24.714285714285715
Region III: Central Luzon,10,2022-04-19,23.857142857142858
Region III: Central Luzon,36,2022-04-20,24.285714285714285
Region III: Central Luzon,15,2022-04-21,23.142857142857142
Region III: Central Luzon,24,2022-04-22,22.0
Region III: Central Luzon,19,2022-04-23,20.285714285714285
Region III: Central Luzon,8,2022-04-24,17.571428571428573
Region III: Central Luzon,15,2022-04-25,18.142857142857142
Region III: Central Luzon,9,2022-04-26,18.0
Region III: Central Luzon,12,2022-04-27,14.571428571428571
Region III: Central Luzon,21,2022-04-28,15.428571428571429
Region III: Central Luzon,15,2022-04-29,14.142857142857142
Region III: Central Luzon,21,2022-04-30,14.428571428571429
Region III: Central Luzon,16,2022-05-01,15.571428571428571
Region III: Central Luzon,16,2022-05-02,15.714285714285714
Region III: Central Luzon,24,2022-05-03,17.857142857142858
Region III: Central Luzon,18,2022-05-04,18.714285714285715
Region III: Central Luzon,15,2022-05-05,17.857142857142858
Region III: Central Luzon,26,2022-05-06,19.428571428571427
Region III: Central Luzon,21,2022-05-07,19.428571428571427
Region III: Central Luzon,22,2022-05-08,20.285714285714285
Region III: Central Luzon,10,2022-05-09,19.428571428571427
Region III: Central Luzon,12,2022-05-10,17.714285714285715
Region III: Central Luzon,7,2022-05-11,16.142857142857142
Region III: Central Luzon,17,2022-05-12,16.428571428571427
Region III: Central Luzon,21,2022-05-13,15.714285714285714
Region III: Central Luzon,20,2022-05-14,15.571428571428571
Region III: Central Luzon,29,2022-05-15,16.571428571428573
Region III: Central Luzon,20,2022-05-16,18.0
Region III: Central Luzon,9,2022-05-17,17.571428571428573
Region III: Central Luzon,14,2022-05-18,18.571428571428573
Region III: Central Luzon,20,2022-05-19,19.0
Region III: Central Luzon,20,2022-05-20,18.857142857142858
Region III: Central Luzon,24,2022-05-21,19.428571428571427
Region III: Central Luzon,23,2022-05-22,18.571428571428573
Region III: Central Luzon,16,2022-05-23,18.0
Region III: Central Luzon,22,2022-05-24,19.857142857142858
Region III: Central Luzon,17,2022-05-25,20.285714285714285
Region III: Central Luzon,15,2022-05-26,19.571428571428573
Region III: Central Luzon,21,2022-05-27,19.714285714285715
Region III: Central Luzon,19,2022-05-28,19.0
Region III: Central Luzon,30,2022-05-29,20.0
Region III: Central Luzon,15,2022-05-30,19.857142857142858
Region III: Central Luzon,3,2022-05-31,17.142857142857142
Region III: Central Luzon,19,2022-06-01,17.428571428571427
Region III: Central Luzon,12,2022-06-02,17.0
Region III: Central Luzon,7,2022-06-03,15.0
Region III: Central Luzon,19,2022-06-04,15.0
Region III: Central Luzon,15,2022-06-05,12.857142857142858
Region III: Central Luzon,13,2022-06-06,12.571428571428571
Region III: Central Luzon,9,2022-06-07,13.428571428571429
Region III: Central Luzon,19,2022-06-08,13.428571428571429
Region III: Central Luzon,14,2022-06-09,13.714285714285714
Region III: Central Luzon,41,2022-06-10,18.571428571428573
Region III: Central Luzon,22,2022-06-11,19.0
Region III: Central Luzon,28,2022-06-12,20.857142857142858
Region III: Central Luzon,27,2022-06-13,22.857142857142858
Region III: Central Luzon,17,2022-06-14,24.0
Region III: Central Luzon,23,2022-06-15,24.571428571428573
Region III: Central Luzon,28,2022-06-16,26.571428571428573
Region III: Central Luzon,16,2022-06-17,23.0
Region III: Central Luzon,53,2022-06-18,27.428571428571427
