region,count,date,7DayMA
Region IV-A: CALABARZON,2,2020-03-06,
Region IV-A: CALABARZON,1,2020-03-07,
Region IV-A: CALABARZON,0,2020-03-08,
Region IV-A: CALABARZON,1,2020-03-09,
Region IV-A: CALABARZON,0,2020-03-10,
Region IV-A: CALABARZON,1,2020-03-11,
Region IV-A: CALABARZON,1,2020-03-12,0.8571428571428571
Region IV-A: CALABARZON,1,2020-03-13,0.7142857142857143
Region IV-A: CALABARZON,5,2020-03-14,1.2857142857142858
Region IV-A: CALABARZON,4,2020-03-15,1.8571428571428572
Region IV-A: CALABARZON,0,2020-03-16,1.7142857142857142
Region IV-A: CALABARZON,4,2020-03-17,2.2857142857142856
Region IV-A: CALABARZON,2,2020-03-18,2.4285714285714284
Region IV-A: CALABARZON,2,2020-03-19,2.5714285714285716
Region IV-A: CALABARZON,0,2020-03-20,2.4285714285714284
Region IV-A: CALABARZON,8,2020-03-21,2.857142857142857
Region IV-A: CALABARZON,15,2020-03-22,4.428571428571429
Region IV-A: CALABARZON,7,2020-03-23,5.428571428571429
Region IV-A: CALABARZON,12,2020-03-24,6.571428571428571
Region IV-A: CALABARZON,12,2020-03-25,8.0
Region IV-A: CALABARZON,11,2020-03-26,9.285714285714286
Region IV-A: CALABARZON,9,2020-03-27,10.571428571428571
Region IV-A: CALABARZON,46,2020-03-28,16.0
Region IV-A: CALABARZON,34,2020-03-29,18.714285714285715
Region IV-A: CALABARZON,19,2020-03-30,20.428571428571427
Region IV-A: CALABARZON,70,2020-03-31,28.714285714285715
Region IV-A: CALABARZON,37,2020-04-01,32.285714285714285
Region IV-A: CALABARZON,36,2020-04-02,35.857142857142854
Region IV-A: CALABARZON,52,2020-04-03,42.0
Region IV-A: CALABARZON,9,2020-04-04,36.714285714285715
Region IV-A: CALABARZON,22,2020-04-05,35.0
Region IV-A: CALABARZON,70,2020-04-06,42.285714285714285
Region IV-A: CALABARZON,29,2020-04-07,36.42857142857143
Region IV-A: CALABARZON,22,2020-04-08,34.285714285714285
Region IV-A: CALABARZON,27,2020-04-09,33.0
Region IV-A: CALABARZON,22,2020-04-10,28.714285714285715
Region IV-A: CALABARZON,50,2020-04-11,34.57142857142857
Region IV-A: CALABARZON,52,2020-04-12,38.857142857142854
Region IV-A: CALABARZON,57,2020-04-13,37.0
Region IV-A: CALABARZON,58,2020-04-14,41.142857142857146
Region IV-A: CALABARZON,31,2020-04-15,42.42857142857143
Region IV-A: CALABARZON,41,2020-04-16,44.42857142857143
Region IV-A: CALABARZON,24,2020-04-17,44.714285714285715
Region IV-A: CALABARZON,47,2020-04-18,44.285714285714285
Region IV-A: CALABARZON,19,2020-04-19,39.57142857142857
Region IV-A: CALABARZON,17,2020-04-20,33.857142857142854
Region IV-A: CALABARZON,8,2020-04-21,26.714285714285715
Region IV-A: CALABARZON,10,2020-04-22,23.714285714285715
Region IV-A: CALABARZON,19,2020-04-23,20.571428571428573
Region IV-A: CALABARZON,28,2020-04-24,21.142857142857142
Region IV-A: CALABARZON,7,2020-04-25,15.428571428571429
Region IV-A: CALABARZON,40,2020-04-26,18.428571428571427
Region IV-A: CALABARZON,19,2020-04-27,18.714285714285715
Region IV-A: CALABARZON,6,2020-04-28,18.428571428571427
Region IV-A: CALABARZON,40,2020-04-29,22.714285714285715
Region IV-A: CALABARZON,10,2020-04-30,21.428571428571427
Region IV-A: CALABARZON,14,2020-05-01,19.428571428571427
Region IV-A: CALABARZON,12,2020-05-02,20.142857142857142
Region IV-A: CALABARZON,9,2020-05-03,15.714285714285714
Region IV-A: CALABARZON,26,2020-05-04,16.714285714285715
Region IV-A: CALABARZON,20,2020-05-05,18.714285714285715
Region IV-A: CALABARZON,11,2020-05-06,14.571428571428571
Region IV-A: CALABARZON,4,2020-05-07,13.714285714285714
Region IV-A: CALABARZON,2,2020-05-08,12.0
Region IV-A: CALABARZON,4,2020-05-09,10.857142857142858
Region IV-A: CALABARZON,2,2020-05-10,9.857142857142858
Region IV-A: CALABARZON,26,2020-05-11,9.857142857142858
Region IV-A: CALABARZON,9,2020-05-12,8.285714285714286
Region IV-A: CALABARZON,21,2020-05-13,9.714285714285714
Region IV-A: CALABARZON,20,2020-05-14,12.0
Region IV-A: CALABARZON,30,2020-05-15,16.0
Region IV-A: CALABARZON,29,2020-05-16,19.571428571428573
Region IV-A: CALABARZON,7,2020-05-17,20.285714285714285
Region IV-A: CALABARZON,3,2020-05-18,17.0
Region IV-A: CALABARZON,13,2020-05-19,17.571428571428573
Region IV-A: CALABARZON,16,2020-05-20,16.857142857142858
Region IV-A: CALABARZON,11,2020-05-21,15.571428571428571
Region IV-A: CALABARZON,12,2020-05-22,13.0
Region IV-A: CALABARZON,12,2020-05-23,10.571428571428571
Region IV-A: CALABARZON,17,2020-05-24,12.0
Region IV-A: CALABARZON,39,2020-05-25,17.142857142857142
Region IV-A: CALABARZON,30,2020-05-26,19.571428571428573
Region IV-A: CALABARZON,32,2020-05-27,21.857142857142858
Region IV-A: CALABARZON,32,2020-05-28,24.857142857142858
Region IV-A: CALABARZON,65,2020-05-29,32.42857142857143
Region IV-A: CALABARZON,49,2020-05-30,37.714285714285715
Region IV-A: CALABARZON,31,2020-05-31,39.714285714285715
Region IV-A: CALABARZON,30,2020-06-01,38.42857142857143
Region IV-A: CALABARZON,10,2020-06-02,35.57142857142857
Region IV-A: CALABARZON,24,2020-06-03,34.42857142857143
Region IV-A: CALABARZON,28,2020-06-04,33.857142857142854
Region IV-A: CALABARZON,7,2020-06-05,25.571428571428573
Region IV-A: CALABARZON,55,2020-06-06,26.428571428571427
Region IV-A: CALABARZON,23,2020-06-07,25.285714285714285
Region IV-A: CALABARZON,67,2020-06-08,30.571428571428573
Region IV-A: CALABARZON,26,2020-06-09,32.857142857142854
Region IV-A: CALABARZON,40,2020-06-10,35.142857142857146
Region IV-A: CALABARZON,44,2020-06-11,37.42857142857143
Region IV-A: CALABARZON,39,2020-06-12,42.0
Region IV-A: CALABARZON,40,2020-06-13,39.857142857142854
Region IV-A: CALABARZON,33,2020-06-14,41.285714285714285
Region IV-A: CALABARZON,45,2020-06-15,38.142857142857146
Region IV-A: CALABARZON,37,2020-06-16,39.714285714285715
Region IV-A: CALABARZON,26,2020-06-17,37.714285714285715
Region IV-A: CALABARZON,35,2020-06-18,36.42857142857143
Region IV-A: CALABARZON,40,2020-06-19,36.57142857142857
Region IV-A: CALABARZON,32,2020-06-20,35.42857142857143
Region IV-A: CALABARZON,56,2020-06-21,38.714285714285715
Region IV-A: CALABARZON,69,2020-06-22,42.142857142857146
Region IV-A: CALABARZON,72,2020-06-23,47.142857142857146
Region IV-A: CALABARZON,25,2020-06-24,47.0
Region IV-A: CALABARZON,55,2020-06-25,49.857142857142854
Region IV-A: CALABARZON,99,2020-06-26,58.285714285714285
Region IV-A: CALABARZON,49,2020-06-27,60.714285714285715
Region IV-A: CALABARZON,39,2020-06-28,58.285714285714285
Region IV-A: CALABARZON,88,2020-06-29,61.0
Region IV-A: CALABARZON,48,2020-06-30,57.57142857142857
Region IV-A: CALABARZON,76,2020-07-01,64.85714285714286
Region IV-A: CALABARZON,28,2020-07-02,61.0
Region IV-A: CALABARZON,160,2020-07-03,69.71428571428571
Region IV-A: CALABARZON,148,2020-07-04,83.85714285714286
Region IV-A: CALABARZON,169,2020-07-05,102.42857142857143
Region IV-A: CALABARZON,163,2020-07-06,113.14285714285714
Region IV-A: CALABARZON,134,2020-07-07,125.42857142857143
Region IV-A: CALABARZON,142,2020-07-08,134.85714285714286
Region IV-A: CALABARZON,105,2020-07-09,145.85714285714286
Region IV-A: CALABARZON,137,2020-07-10,142.57142857142858
Region IV-A: CALABARZON,99,2020-07-11,135.57142857142858
Region IV-A: CALABARZON,210,2020-07-12,141.42857142857142
Region IV-A: CALABARZON,130,2020-07-13,136.71428571428572
Region IV-A: CALABARZON,107,2020-07-14,132.85714285714286
Region IV-A: CALABARZON,167,2020-07-15,136.42857142857142
Region IV-A: CALABARZON,170,2020-07-16,145.71428571428572
Region IV-A: CALABARZON,176,2020-07-17,151.28571428571428
Region IV-A: CALABARZON,271,2020-07-18,175.85714285714286
Region IV-A: CALABARZON,340,2020-07-19,194.42857142857142
Region IV-A: CALABARZON,166,2020-07-20,199.57142857142858
Region IV-A: CALABARZON,220,2020-07-21,215.71428571428572
Region IV-A: CALABARZON,97,2020-07-22,205.71428571428572
Region IV-A: CALABARZON,232,2020-07-23,214.57142857142858
Region IV-A: CALABARZON,313,2020-07-24,234.14285714285714
Region IV-A: CALABARZON,258,2020-07-25,232.28571428571428
Region IV-A: CALABARZON,212,2020-07-26,214.0
Region IV-A: CALABARZON,212,2020-07-27,220.57142857142858
Region IV-A: CALABARZON,473,2020-07-28,256.7142857142857
Region IV-A: CALABARZON,282,2020-07-29,283.14285714285717
Region IV-A: CALABARZON,481,2020-07-30,318.7142857142857
Region IV-A: CALABARZON,492,2020-07-31,344.2857142857143
Region IV-A: CALABARZON,1055,2020-08-01,458.14285714285717
Region IV-A: CALABARZON,1155,2020-08-02,592.8571428571429
Region IV-A: CALABARZON,555,2020-08-03,641.8571428571429
Region IV-A: CALABARZON,1550,2020-08-04,795.7142857142857
Region IV-A: CALABARZON,370,2020-08-05,808.2857142857143
Region IV-A: CALABARZON,531,2020-08-06,815.4285714285714
Region IV-A: CALABARZON,788,2020-08-07,857.7142857142857
Region IV-A: CALABARZON,673,2020-08-08,803.1428571428571
Region IV-A: CALABARZON,493,2020-08-09,708.5714285714286
Region IV-A: CALABARZON,1309,2020-08-10,816.2857142857143
Region IV-A: CALABARZON,806,2020-08-11,710.0
Region IV-A: CALABARZON,751,2020-08-12,764.4285714285714
Region IV-A: CALABARZON,679,2020-08-13,785.5714285714286
Region IV-A: CALABARZON,1010,2020-08-14,817.2857142857143
Region IV-A: CALABARZON,725,2020-08-15,824.7142857142857
Region IV-A: CALABARZON,707,2020-08-16,855.2857142857143
Region IV-A: CALABARZON,714,2020-08-17,770.2857142857143
Region IV-A: CALABARZON,871,2020-08-18,779.5714285714286
Region IV-A: CALABARZON,750,2020-08-19,779.4285714285714
Region IV-A: CALABARZON,591,2020-08-20,766.8571428571429
Region IV-A: CALABARZON,922,2020-08-21,754.2857142857143
Region IV-A: CALABARZON,1031,2020-08-22,798.0
Region IV-A: CALABARZON,418,2020-08-23,756.7142857142857
Region IV-A: CALABARZON,830,2020-08-24,773.2857142857143
Region IV-A: CALABARZON,458,2020-08-25,714.2857142857143
Region IV-A: CALABARZON,1022,2020-08-26,753.1428571428571
Region IV-A: CALABARZON,602,2020-08-27,754.7142857142857
Region IV-A: CALABARZON,586,2020-08-28,706.7142857142857
Region IV-A: CALABARZON,658,2020-08-29,653.4285714285714
Region IV-A: CALABARZON,853,2020-08-30,715.5714285714286
Region IV-A: CALABARZON,491,2020-08-31,667.1428571428571
Region IV-A: CALABARZON,712,2020-09-01,703.4285714285714
Region IV-A: CALABARZON,336,2020-09-02,605.4285714285714
Region IV-A: CALABARZON,459,2020-09-03,585.0
Region IV-A: CALABARZON,818,2020-09-04,618.1428571428571
Region IV-A: CALABARZON,437,2020-09-05,586.5714285714286
Region IV-A: CALABARZON,687,2020-09-06,562.8571428571429
Region IV-A: CALABARZON,338,2020-09-07,541.0
Region IV-A: CALABARZON,881,2020-09-08,565.1428571428571
Region IV-A: CALABARZON,829,2020-09-09,635.5714285714286
Region IV-A: CALABARZON,729,2020-09-10,674.1428571428571
Region IV-A: CALABARZON,958,2020-09-11,694.1428571428571
Region IV-A: CALABARZON,964,2020-09-12,769.4285714285714
Region IV-A: CALABARZON,722,2020-09-13,774.4285714285714
Region IV-A: CALABARZON,861,2020-09-14,849.1428571428571
Region IV-A: CALABARZON,731,2020-09-15,827.7142857142857
Region IV-A: CALABARZON,932,2020-09-16,842.4285714285714
Region IV-A: CALABARZON,672,2020-09-17,834.2857142857143
Region IV-A: CALABARZON,605,2020-09-18,783.8571428571429
Region IV-A: CALABARZON,898,2020-09-19,774.4285714285714
Region IV-A: CALABARZON,681,2020-09-20,768.5714285714286
Region IV-A: CALABARZON,645,2020-09-21,737.7142857142857
Region IV-A: CALABARZON,289,2020-09-22,674.5714285714286
Region IV-A: CALABARZON,628,2020-09-23,631.1428571428571
Region IV-A: CALABARZON,679,2020-09-24,632.1428571428571
Region IV-A: CALABARZON,627,2020-09-25,635.2857142857143
Region IV-A: CALABARZON,437,2020-09-26,569.4285714285714
Region IV-A: CALABARZON,769,2020-09-27,582.0
Region IV-A: CALABARZON,802,2020-09-28,604.4285714285714
Region IV-A: CALABARZON,505,2020-09-29,635.2857142857143
Region IV-A: CALABARZON,555,2020-09-30,624.8571428571429
Region IV-A: CALABARZON,572,2020-10-01,609.5714285714286
Region IV-A: CALABARZON,542,2020-10-02,597.4285714285714
Region IV-A: CALABARZON,725,2020-10-03,638.5714285714286
Region IV-A: CALABARZON,679,2020-10-04,625.7142857142857
Region IV-A: CALABARZON,548,2020-10-05,589.4285714285714
Region IV-A: CALABARZON,593,2020-10-06,602.0
Region IV-A: CALABARZON,781,2020-10-07,634.2857142857143
Region IV-A: CALABARZON,664,2020-10-08,647.4285714285714
Region IV-A: CALABARZON,797,2020-10-09,683.8571428571429
Region IV-A: CALABARZON,542,2020-10-10,657.7142857142857
Region IV-A: CALABARZON,557,2020-10-11,640.2857142857143
Region IV-A: CALABARZON,857,2020-10-12,684.4285714285714
Region IV-A: CALABARZON,461,2020-10-13,665.5714285714286
Region IV-A: CALABARZON,533,2020-10-14,630.1428571428571
Region IV-A: CALABARZON,439,2020-10-15,598.0
Region IV-A: CALABARZON,596,2020-10-16,569.2857142857143
Region IV-A: CALABARZON,652,2020-10-17,585.0
Region IV-A: CALABARZON,399,2020-10-18,562.4285714285714
Region IV-A: CALABARZON,545,2020-10-19,517.8571428571429
Region IV-A: CALABARZON,269,2020-10-20,490.42857142857144
Region IV-A: CALABARZON,335,2020-10-21,462.14285714285717
Region IV-A: CALABARZON,256,2020-10-22,436.0
Region IV-A: CALABARZON,338,2020-10-23,399.14285714285717
Region IV-A: CALABARZON,393,2020-10-24,362.14285714285717
Region IV-A: CALABARZON,445,2020-10-25,368.7142857142857
Region IV-A: CALABARZON,342,2020-10-26,339.7142857142857
Region IV-A: CALABARZON,257,2020-10-27,338.0
Region IV-A: CALABARZON,322,2020-10-28,336.14285714285717
Region IV-A: CALABARZON,326,2020-10-29,346.14285714285717
Region IV-A: CALABARZON,413,2020-10-30,356.85714285714283
Region IV-A: CALABARZON,324,2020-10-31,347.0
Region IV-A: CALABARZON,417,2020-11-01,343.0
Region IV-A: CALABARZON,411,2020-11-02,352.85714285714283
Region IV-A: CALABARZON,273,2020-11-03,355.14285714285717
Region IV-A: CALABARZON,167,2020-11-04,333.0
Region IV-A: CALABARZON,299,2020-11-05,329.14285714285717
Region IV-A: CALABARZON,355,2020-11-06,320.85714285714283
Region IV-A: CALABARZON,381,2020-11-07,329.0
Region IV-A: CALABARZON,542,2020-11-08,346.85714285714283
Region IV-A: CALABARZON,385,2020-11-09,343.14285714285717
Region IV-A: CALABARZON,249,2020-11-10,339.7142857142857
Region IV-A: CALABARZON,314,2020-11-11,360.7142857142857
Region IV-A: CALABARZON,281,2020-11-12,358.14285714285717
Region IV-A: CALABARZON,339,2020-11-13,355.85714285714283
Region IV-A: CALABARZON,347,2020-11-14,351.0
Region IV-A: CALABARZON,268,2020-11-15,311.85714285714283
Region IV-A: CALABARZON,410,2020-11-16,315.42857142857144
Region IV-A: CALABARZON,208,2020-11-17,309.57142857142856
Region IV-A: CALABARZON,350,2020-11-18,314.7142857142857
Region IV-A: CALABARZON,273,2020-11-19,313.57142857142856
Region IV-A: CALABARZON,320,2020-11-20,310.85714285714283
Region IV-A: CALABARZON,292,2020-11-21,303.0
Region IV-A: CALABARZON,391,2020-11-22,320.57142857142856
Region IV-A: CALABARZON,428,2020-11-23,323.14285714285717
Region IV-A: CALABARZON,229,2020-11-24,326.14285714285717
Region IV-A: CALABARZON,234,2020-11-25,309.57142857142856
Region IV-A: CALABARZON,302,2020-11-26,313.7142857142857
Region IV-A: CALABARZON,325,2020-11-27,314.42857142857144
Region IV-A: CALABARZON,218,2020-11-28,303.85714285714283
Region IV-A: CALABARZON,422,2020-11-29,308.2857142857143
Region IV-A: CALABARZON,358,2020-11-30,298.2857142857143
Region IV-A: CALABARZON,213,2020-12-01,296.0
Region IV-A: CALABARZON,194,2020-12-02,290.2857142857143
Region IV-A: CALABARZON,175,2020-12-03,272.14285714285717
Region IV-A: CALABARZON,150,2020-12-04,247.14285714285714
Region IV-A: CALABARZON,256,2020-12-05,252.57142857142858
Region IV-A: CALABARZON,320,2020-12-06,238.0
Region IV-A: CALABARZON,263,2020-12-07,224.42857142857142
Region IV-A: CALABARZON,239,2020-12-08,228.14285714285714
Region IV-A: CALABARZON,241,2020-12-09,234.85714285714286
Region IV-A: CALABARZON,199,2020-12-10,238.28571428571428
Region IV-A: CALABARZON,224,2020-12-11,248.85714285714286
Region IV-A: CALABARZON,212,2020-12-12,242.57142857142858
Region IV-A: CALABARZON,150,2020-12-13,218.28571428571428
Region IV-A: CALABARZON,197,2020-12-14,208.85714285714286
Region IV-A: CALABARZON,246,2020-12-15,209.85714285714286
Region IV-A: CALABARZON,173,2020-12-16,200.14285714285714
Region IV-A: CALABARZON,225,2020-12-17,203.85714285714286
Region IV-A: CALABARZON,267,2020-12-18,210.0
Region IV-A: CALABARZON,259,2020-12-19,216.71428571428572
Region IV-A: CALABARZON,291,2020-12-20,236.85714285714286
Region IV-A: CALABARZON,293,2020-12-21,250.57142857142858
Region IV-A: CALABARZON,197,2020-12-22,243.57142857142858
Region IV-A: CALABARZON,238,2020-12-23,252.85714285714286
Region IV-A: CALABARZON,231,2020-12-24,253.71428571428572
Region IV-A: CALABARZON,233,2020-12-25,248.85714285714286
Region IV-A: CALABARZON,303,2020-12-26,255.14285714285714
Region IV-A: CALABARZON,124,2020-12-27,231.28571428571428
Region IV-A: CALABARZON,121,2020-12-28,206.71428571428572
Region IV-A: CALABARZON,132,2020-12-29,197.42857142857142
Region IV-A: CALABARZON,140,2020-12-30,183.42857142857142
Region IV-A: CALABARZON,217,2020-12-31,181.42857142857142
Region IV-A: CALABARZON,283,2021-01-01,188.57142857142858
Region IV-A: CALABARZON,197,2021-01-02,173.42857142857142
Region IV-A: CALABARZON,107,2021-01-03,171.0
Region IV-A: CALABARZON,155,2021-01-04,175.85714285714286
Region IV-A: CALABARZON,105,2021-01-05,172.0
Region IV-A: CALABARZON,171,2021-01-06,176.42857142857142
Region IV-A: CALABARZON,217,2021-01-07,176.42857142857142
Region IV-A: CALABARZON,293,2021-01-08,177.85714285714286
Region IV-A: CALABARZON,317,2021-01-09,195.0
Region IV-A: CALABARZON,257,2021-01-10,216.42857142857142
Region IV-A: CALABARZON,291,2021-01-11,235.85714285714286
Region IV-A: CALABARZON,235,2021-01-12,254.42857142857142
Region IV-A: CALABARZON,170,2021-01-13,254.28571428571428
Region IV-A: CALABARZON,190,2021-01-14,250.42857142857142
Region IV-A: CALABARZON,217,2021-01-15,239.57142857142858
Region IV-A: CALABARZON,294,2021-01-16,236.28571428571428
Region IV-A: CALABARZON,195,2021-01-17,227.42857142857142
Region IV-A: CALABARZON,257,2021-01-18,222.57142857142858
Region IV-A: CALABARZON,162,2021-01-19,212.14285714285714
Region IV-A: CALABARZON,143,2021-01-20,208.28571428571428
Region IV-A: CALABARZON,244,2021-01-21,216.0
Region IV-A: CALABARZON,233,2021-01-22,218.28571428571428
Region IV-A: CALABARZON,221,2021-01-23,207.85714285714286
Region IV-A: CALABARZON,247,2021-01-24,215.28571428571428
Region IV-A: CALABARZON,212,2021-01-25,208.85714285714286
Region IV-A: CALABARZON,150,2021-01-26,207.14285714285714
Region IV-A: CALABARZON,234,2021-01-27,220.14285714285714
Region IV-A: CALABARZON,140,2021-01-28,205.28571428571428
Region IV-A: CALABARZON,218,2021-01-29,203.14285714285714
Region IV-A: CALABARZON,206,2021-01-30,201.0
Region IV-A: CALABARZON,285,2021-01-31,206.42857142857142
Region IV-A: CALABARZON,203,2021-02-01,205.14285714285714
Region IV-A: CALABARZON,241,2021-02-02,218.14285714285714
Region IV-A: CALABARZON,127,2021-02-03,202.85714285714286
Region IV-A: CALABARZON,143,2021-02-04,203.28571428571428
Region IV-A: CALABARZON,151,2021-02-05,193.71428571428572
Region IV-A: CALABARZON,252,2021-02-06,200.28571428571428
Region IV-A: CALABARZON,231,2021-02-07,192.57142857142858
Region IV-A: CALABARZON,164,2021-02-08,187.0
Region IV-A: CALABARZON,124,2021-02-09,170.28571428571428
Region IV-A: CALABARZON,119,2021-02-10,169.14285714285714
Region IV-A: CALABARZON,180,2021-02-11,174.42857142857142
Region IV-A: CALABARZON,184,2021-02-12,179.14285714285714
Region IV-A: CALABARZON,146,2021-02-13,164.0
Region IV-A: CALABARZON,200,2021-02-14,159.57142857142858
Region IV-A: CALABARZON,184,2021-02-15,162.42857142857142
Region IV-A: CALABARZON,95,2021-02-16,158.28571428571428
Region IV-A: CALABARZON,113,2021-02-17,157.42857142857142
Region IV-A: CALABARZON,153,2021-02-18,153.57142857142858
Region IV-A: CALABARZON,188,2021-02-19,154.14285714285714
Region IV-A: CALABARZON,201,2021-02-20,162.0
Region IV-A: CALABARZON,164,2021-02-21,156.85714285714286
Region IV-A: CALABARZON,213,2021-02-22,161.0
Region IV-A: CALABARZON,170,2021-02-23,171.71428571428572
Region IV-A: CALABARZON,133,2021-02-24,174.57142857142858
Region IV-A: CALABARZON,201,2021-02-25,181.42857142857142
Region IV-A: CALABARZON,197,2021-02-26,182.71428571428572
Region IV-A: CALABARZON,249,2021-02-27,189.57142857142858
Region IV-A: CALABARZON,225,2021-02-28,198.28571428571428
Region IV-A: CALABARZON,192,2021-03-01,195.28571428571428
Region IV-A: CALABARZON,219,2021-03-02,202.28571428571428
Region IV-A: CALABARZON,177,2021-03-03,208.57142857142858
Region IV-A: CALABARZON,257,2021-03-04,216.57142857142858
Region IV-A: CALABARZON,327,2021-03-05,235.14285714285714
Region IV-A: CALABARZON,435,2021-03-06,261.7142857142857
Region IV-A: CALABARZON,337,2021-03-07,277.7142857142857
Region IV-A: CALABARZON,449,2021-03-08,314.42857142857144
Region IV-A: CALABARZON,422,2021-03-09,343.42857142857144
Region IV-A: CALABARZON,355,2021-03-10,368.85714285714283
Region IV-A: CALABARZON,442,2021-03-11,395.2857142857143
Region IV-A: CALABARZON,624,2021-03-12,437.7142857142857
Region IV-A: CALABARZON,760,2021-03-13,484.14285714285717
Region IV-A: CALABARZON,722,2021-03-14,539.1428571428571
Region IV-A: CALABARZON,855,2021-03-15,597.1428571428571
Region IV-A: CALABARZON,753,2021-03-16,644.4285714285714
Region IV-A: CALABARZON,593,2021-03-17,678.4285714285714
Region IV-A: CALABARZON,909,2021-03-18,745.1428571428571
Region IV-A: CALABARZON,1072,2021-03-19,809.1428571428571
Region IV-A: CALABARZON,1339,2021-03-20,891.8571428571429
Region IV-A: CALABARZON,1059,2021-03-21,940.0
Region IV-A: CALABARZON,1322,2021-03-22,1006.7142857142857
Region IV-A: CALABARZON,1019,2021-03-23,1044.7142857142858
Region IV-A: CALABARZON,1065,2021-03-24,1112.142857142857
Region IV-A: CALABARZON,1478,2021-03-25,1193.4285714285713
Region IV-A: CALABARZON,1748,2021-03-26,1290.0
Region IV-A: CALABARZON,1581,2021-03-27,1324.5714285714287
Region IV-A: CALABARZON,1583,2021-03-28,1399.4285714285713
Region IV-A: CALABARZON,2098,2021-03-29,1510.2857142857142
Region IV-A: CALABARZON,1468,2021-03-30,1574.4285714285713
Region IV-A: CALABARZON,1103,2021-03-31,1579.857142857143
Region IV-A: CALABARZON,1680,2021-04-01,1608.7142857142858
Region IV-A: CALABARZON,2897,2021-04-02,1772.857142857143
Region IV-A: CALABARZON,2103,2021-04-03,1847.4285714285713
Region IV-A: CALABARZON,2032,2021-04-04,1911.5714285714287
Region IV-A: CALABARZON,1498,2021-04-05,1825.857142857143
Region IV-A: CALABARZON,1601,2021-04-06,1844.857142857143
Region IV-A: CALABARZON,1457,2021-04-07,1895.4285714285713
Region IV-A: CALABARZON,1821,2021-04-08,1915.5714285714287
Region IV-A: CALABARZON,2469,2021-04-09,1854.4285714285713
Region IV-A: CALABARZON,2549,2021-04-10,1918.142857142857
Region IV-A: CALABARZON,2314,2021-04-11,1958.4285714285713
Region IV-A: CALABARZON,2329,2021-04-12,2077.1428571428573
Region IV-A: CALABARZON,1552,2021-04-13,2070.1428571428573
Region IV-A: CALABARZON,1836,2021-04-14,2124.285714285714
Region IV-A: CALABARZON,2243,2021-04-15,2184.5714285714284
Region IV-A: CALABARZON,2090,2021-04-16,2130.4285714285716
Region IV-A: CALABARZON,2119,2021-04-17,2069.0
Region IV-A: CALABARZON,2167,2021-04-18,2048.0
Region IV-A: CALABARZON,2081,2021-04-19,2012.5714285714287
Region IV-A: CALABARZON,1466,2021-04-20,2000.2857142857142
Region IV-A: CALABARZON,1928,2021-04-21,2013.4285714285713
Region IV-A: CALABARZON,1454,2021-04-22,1900.7142857142858
Region IV-A: CALABARZON,1806,2021-04-23,1860.142857142857
Region IV-A: CALABARZON,1838,2021-04-24,1820.0
Region IV-A: CALABARZON,1673,2021-04-25,1749.4285714285713
Region IV-A: CALABARZON,1693,2021-04-26,1694.0
Region IV-A: CALABARZON,1299,2021-04-27,1670.142857142857
Region IV-A: CALABARZON,1484,2021-04-28,1606.7142857142858
Region IV-A: CALABARZON,1477,2021-04-29,1610.0
Region IV-A: CALABARZON,1924,2021-04-30,1626.857142857143
Region IV-A: CALABARZON,1626,2021-05-01,1596.5714285714287
Region IV-A: CALABARZON,1820,2021-05-02,1617.5714285714287
Region IV-A: CALABARZON,1421,2021-05-03,1578.7142857142858
Region IV-A: CALABARZON,1145,2021-05-04,1556.7142857142858
Region IV-A: CALABARZON,1322,2021-05-05,1533.5714285714287
Region IV-A: CALABARZON,1486,2021-05-06,1534.857142857143
Region IV-A: CALABARZON,1551,2021-05-07,1481.5714285714287
Region IV-A: CALABARZON,1272,2021-05-08,1431.0
Region IV-A: CALABARZON,1418,2021-05-09,1373.5714285714287
Region IV-A: CALABARZON,1349,2021-05-10,1363.2857142857142
Region IV-A: CALABARZON,781,2021-05-11,1311.2857142857142
Region IV-A: CALABARZON,1055,2021-05-12,1273.142857142857
Region IV-A: CALABARZON,956,2021-05-13,1197.4285714285713
Region IV-A: CALABARZON,1322,2021-05-14,1164.7142857142858
Region IV-A: CALABARZON,1377,2021-05-15,1179.7142857142858
Region IV-A: CALABARZON,1161,2021-05-16,1143.0
Region IV-A: CALABARZON,1223,2021-05-17,1125.0
Region IV-A: CALABARZON,803,2021-05-18,1128.142857142857
Region IV-A: CALABARZON,931,2021-05-19,1110.4285714285713
Region IV-A: CALABARZON,1017,2021-05-20,1119.142857142857
Region IV-A: CALABARZON,1202,2021-05-21,1102.0
Region IV-A: CALABARZON,1244,2021-05-22,1083.0
Region IV-A: CALABARZON,459,2021-05-23,982.7142857142857
Region IV-A: CALABARZON,1037,2021-05-24,956.1428571428571
Region IV-A: CALABARZON,568,2021-05-25,922.5714285714286
Region IV-A: CALABARZON,1021,2021-05-26,935.4285714285714
Region IV-A: CALABARZON,774,2021-05-27,900.7142857142857
Region IV-A: CALABARZON,1333,2021-05-28,919.4285714285714
Region IV-A: CALABARZON,1164,2021-05-29,908.0
Region IV-A: CALABARZON,1237,2021-05-30,1019.1428571428571
Region IV-A: CALABARZON,929,2021-05-31,1003.7142857142857
Region IV-A: CALABARZON,816,2021-06-01,1039.142857142857
Region IV-A: CALABARZON,764,2021-06-02,1002.4285714285714
Region IV-A: CALABARZON,769,2021-06-03,1001.7142857142857
Region IV-A: CALABARZON,1169,2021-06-04,978.2857142857143
Region IV-A: CALABARZON,877,2021-06-05,937.2857142857143
Region IV-A: CALABARZON,1044,2021-06-06,909.7142857142857
Region IV-A: CALABARZON,1057,2021-06-07,928.0
Region IV-A: CALABARZON,661,2021-06-08,905.8571428571429
Region IV-A: CALABARZON,797,2021-06-09,910.5714285714286
Region IV-A: CALABARZON,1057,2021-06-10,951.7142857142857
Region IV-A: CALABARZON,985,2021-06-11,925.4285714285714
Region IV-A: CALABARZON,1151,2021-06-12,964.5714285714286
Region IV-A: CALABARZON,1093,2021-06-13,971.5714285714286
Region IV-A: CALABARZON,936,2021-06-14,954.2857142857143
Region IV-A: CALABARZON,697,2021-06-15,959.4285714285714
Region IV-A: CALABARZON,684,2021-06-16,943.2857142857143
Region IV-A: CALABARZON,696,2021-06-17,891.7142857142857
Region IV-A: CALABARZON,918,2021-06-18,882.1428571428571
Region IV-A: CALABARZON,932,2021-06-19,850.8571428571429
Region IV-A: CALABARZON,788,2021-06-20,807.2857142857143
Region IV-A: CALABARZON,599,2021-06-21,759.1428571428571
Region IV-A: CALABARZON,679,2021-06-22,756.5714285714286
Region IV-A: CALABARZON,591,2021-06-23,743.2857142857143
Region IV-A: CALABARZON,853,2021-06-24,765.7142857142857
Region IV-A: CALABARZON,932,2021-06-25,767.7142857142857
Region IV-A: CALABARZON,834,2021-06-26,753.7142857142857
Region IV-A: CALABARZON,867,2021-06-27,765.0
Region IV-A: CALABARZON,749,2021-06-28,786.4285714285714
Region IV-A: CALABARZON,635,2021-06-29,780.1428571428571
Region IV-A: CALABARZON,613,2021-06-30,783.2857142857143
Region IV-A: CALABARZON,600,2021-07-01,747.1428571428571
Region IV-A: CALABARZON,680,2021-07-02,711.1428571428571
Region IV-A: CALABARZON,927,2021-07-03,724.4285714285714
Region IV-A: CALABARZON,820,2021-07-04,717.7142857142857
Region IV-A: CALABARZON,837,2021-07-05,730.2857142857143
Region IV-A: CALABARZON,573,2021-07-06,721.4285714285714
Region IV-A: CALABARZON,702,2021-07-07,734.1428571428571
Region IV-A: CALABARZON,643,2021-07-08,740.2857142857143
Region IV-A: CALABARZON,705,2021-07-09,743.8571428571429
Region IV-A: CALABARZON,697,2021-07-10,711.0
Region IV-A: CALABARZON,775,2021-07-11,704.5714285714286
Region IV-A: CALABARZON,836,2021-07-12,704.4285714285714
Region IV-A: CALABARZON,406,2021-07-13,680.5714285714286
Region IV-A: CALABARZON,445,2021-07-14,643.8571428571429
Region IV-A: CALABARZON,591,2021-07-15,636.4285714285714
Region IV-A: CALABARZON,847,2021-07-16,656.7142857142857
Region IV-A: CALABARZON,832,2021-07-17,676.0
Region IV-A: CALABARZON,813,2021-07-18,681.4285714285714
Region IV-A: CALABARZON,802,2021-07-19,676.5714285714286
Region IV-A: CALABARZON,486,2021-07-20,688.0
Region IV-A: CALABARZON,750,2021-07-21,731.5714285714286
Region IV-A: CALABARZON,742,2021-07-22,753.1428571428571
Region IV-A: CALABARZON,846,2021-07-23,753.0
Region IV-A: CALABARZON,724,2021-07-24,737.5714285714286
Region IV-A: CALABARZON,665,2021-07-25,716.4285714285714
Region IV-A: CALABARZON,885,2021-07-26,728.2857142857143
Region IV-A: CALABARZON,606,2021-07-27,745.4285714285714
Region IV-A: CALABARZON,635,2021-07-28,729.0
Region IV-A: CALABARZON,841,2021-07-29,743.1428571428571
Region IV-A: CALABARZON,1240,2021-07-30,799.4285714285714
Region IV-A: CALABARZON,1386,2021-07-31,894.0
Region IV-A: CALABARZON,1456,2021-08-01,1007.0
Region IV-A: CALABARZON,1455,2021-08-02,1088.4285714285713
Region IV-A: CALABARZON,1145,2021-08-03,1165.4285714285713
Region IV-A: CALABARZON,1323,2021-08-04,1263.7142857142858
Region IV-A: CALABARZON,1248,2021-08-05,1321.857142857143
Region IV-A: CALABARZON,2049,2021-08-06,1437.4285714285713
Region IV-A: CALABARZON,1877,2021-08-07,1507.5714285714287
Region IV-A: CALABARZON,1566,2021-08-08,1523.2857142857142
Region IV-A: CALABARZON,1889,2021-08-09,1585.2857142857142
Region IV-A: CALABARZON,1522,2021-08-10,1639.142857142857
Region IV-A: CALABARZON,2559,2021-08-11,1815.7142857142858
Region IV-A: CALABARZON,2164,2021-08-12,1946.5714285714287
Region IV-A: CALABARZON,2726,2021-08-13,2043.2857142857142
Region IV-A: CALABARZON,2523,2021-08-14,2135.5714285714284
Region IV-A: CALABARZON,3001,2021-08-15,2340.5714285714284
Region IV-A: CALABARZON,3234,2021-08-16,2532.714285714286
Region IV-A: CALABARZON,2127,2021-08-17,2619.1428571428573
Region IV-A: CALABARZON,2853,2021-08-18,2661.1428571428573
Region IV-A: CALABARZON,2983,2021-08-19,2778.1428571428573
Region IV-A: CALABARZON,3728,2021-08-20,2921.285714285714
Region IV-A: CALABARZON,3748,2021-08-21,3096.285714285714
Region IV-A: CALABARZON,3526,2021-08-22,3171.285714285714
Region IV-A: CALABARZON,4115,2021-08-23,3297.1428571428573
Region IV-A: CALABARZON,2545,2021-08-24,3356.8571428571427
Region IV-A: CALABARZON,2899,2021-08-25,3363.4285714285716
Region IV-A: CALABARZON,3497,2021-08-26,3436.8571428571427
Region IV-A: CALABARZON,3965,2021-08-27,3470.714285714286
Region IV-A: CALABARZON,4445,2021-08-28,3570.285714285714
Region IV-A: CALABARZON,4433,2021-08-29,3699.8571428571427
Region IV-A: CALABARZON,4943,2021-08-30,3818.1428571428573
Region IV-A: CALABARZON,3179,2021-08-31,3908.714285714286
Region IV-A: CALABARZON,3450,2021-09-01,3987.4285714285716
Region IV-A: CALABARZON,3367,2021-09-02,3968.8571428571427
Region IV-A: CALABARZON,4609,2021-09-03,4060.8571428571427
Region IV-A: CALABARZON,4670,2021-09-04,4093.0
Region IV-A: CALABARZON,4446,2021-09-05,4094.8571428571427
Region IV-A: CALABARZON,4980,2021-09-06,4100.142857142857
Region IV-A: CALABARZON,4058,2021-09-07,4225.714285714285
Region IV-A: CALABARZON,3996,2021-09-08,4303.714285714285
Region IV-A: CALABARZON,4786,2021-09-09,4506.428571428572
Region IV-A: CALABARZON,3622,2021-09-10,4365.428571428572
Region IV-A: CALABARZON,5806,2021-09-11,4527.714285714285
Region IV-A: CALABARZON,4432,2021-09-12,4525.714285714285
Region IV-A: CALABARZON,4500,2021-09-13,4457.142857142857
Region IV-A: CALABARZON,3533,2021-09-14,4382.142857142857
Region IV-A: CALABARZON,3681,2021-09-15,4337.142857142857
Region IV-A: CALABARZON,3933,2021-09-16,4215.285714285715
Region IV-A: CALABARZON,4808,2021-09-17,4384.714285714285
Region IV-A: CALABARZON,4336,2021-09-18,4174.714285714285
Region IV-A: CALABARZON,3531,2021-09-19,4046.0
Region IV-A: CALABARZON,3581,2021-09-20,3914.714285714286
Region IV-A: CALABARZON,2737,2021-09-21,3801.0
Region IV-A: CALABARZON,3123,2021-09-22,3721.285714285714
Region IV-A: CALABARZON,2769,2021-09-23,3555.0
Region IV-A: CALABARZON,3133,2021-09-24,3315.714285714286
Region IV-A: CALABARZON,1910,2021-09-25,2969.1428571428573
Region IV-A: CALABARZON,3613,2021-09-26,2980.8571428571427
Region IV-A: CALABARZON,2532,2021-09-27,2831.0
Region IV-A: CALABARZON,2094,2021-09-28,2739.1428571428573
Region IV-A: CALABARZON,1761,2021-09-29,2544.5714285714284
Region IV-A: CALABARZON,1810,2021-09-30,2407.5714285714284
Region IV-A: CALABARZON,2560,2021-10-01,2325.714285714286
Region IV-A: CALABARZON,2178,2021-10-02,2364.0
Region IV-A: CALABARZON,1888,2021-10-03,2117.5714285714284
Region IV-A: CALABARZON,1273,2021-10-04,1937.7142857142858
Region IV-A: CALABARZON,1291,2021-10-05,1823.0
Region IV-A: CALABARZON,953,2021-10-06,1707.5714285714287
Region IV-A: CALABARZON,1319,2021-10-07,1637.4285714285713
Region IV-A: CALABARZON,1176,2021-10-08,1439.7142857142858
Region IV-A: CALABARZON,1712,2021-10-09,1373.142857142857
Region IV-A: CALABARZON,1688,2021-10-10,1344.5714285714287
Region IV-A: CALABARZON,958,2021-10-11,1299.5714285714287
Region IV-A: CALABARZON,1363,2021-10-12,1309.857142857143
Region IV-A: CALABARZON,958,2021-10-13,1310.5714285714287
Region IV-A: CALABARZON,1137,2021-10-14,1284.5714285714287
Region IV-A: CALABARZON,892,2021-10-15,1244.0
Region IV-A: CALABARZON,772,2021-10-16,1109.7142857142858
Region IV-A: CALABARZON,731,2021-10-17,973.0
Region IV-A: CALABARZON,842,2021-10-18,956.4285714285714
Region IV-A: CALABARZON,450,2021-10-19,826.0
Region IV-A: CALABARZON,297,2021-10-20,731.5714285714286
Region IV-A: CALABARZON,429,2021-10-21,630.4285714285714
Region IV-A: CALABARZON,640,2021-10-22,594.4285714285714
Region IV-A: CALABARZON,640,2021-10-23,575.5714285714286
Region IV-A: CALABARZON,423,2021-10-24,531.5714285714286
Region IV-A: CALABARZON,455,2021-10-25,476.2857142857143
Region IV-A: CALABARZON,584,2021-10-26,495.42857142857144
Region IV-A: CALABARZON,239,2021-10-27,487.14285714285717
Region IV-A: CALABARZON,964,2021-10-28,563.5714285714286
Region IV-A: CALABARZON,462,2021-10-29,538.1428571428571
Region IV-A: CALABARZON,373,2021-10-30,500.0
Region IV-A: CALABARZON,370,2021-10-31,492.42857142857144
Region IV-A: CALABARZON,265,2021-11-01,465.2857142857143
Region IV-A: CALABARZON,210,2021-11-02,411.85714285714283
Region IV-A: CALABARZON,150,2021-11-03,399.14285714285717
Region IV-A: CALABARZON,160,2021-11-04,284.2857142857143
Region IV-A: CALABARZON,191,2021-11-05,245.57142857142858
Region IV-A: CALABARZON,205,2021-11-06,221.57142857142858
Region IV-A: CALABARZON,226,2021-11-07,201.0
Region IV-A: CALABARZON,187,2021-11-08,189.85714285714286
Region IV-A: CALABARZON,177,2021-11-09,185.14285714285714
Region IV-A: CALABARZON,287,2021-11-10,204.71428571428572
Region IV-A: CALABARZON,175,2021-11-11,206.85714285714286
Region IV-A: CALABARZON,155,2021-11-12,201.71428571428572
Region IV-A: CALABARZON,194,2021-11-13,200.14285714285714
Region IV-A: CALABARZON,177,2021-11-14,193.14285714285714
Region IV-A: CALABARZON,160,2021-11-15,189.28571428571428
Region IV-A: CALABARZON,89,2021-11-16,176.71428571428572
Region IV-A: CALABARZON,172,2021-11-17,160.28571428571428
Region IV-A: CALABARZON,97,2021-11-18,149.14285714285714
Region IV-A: CALABARZON,124,2021-11-19,144.71428571428572
Region IV-A: CALABARZON,126,2021-11-20,135.0
Region IV-A: CALABARZON,347,2021-11-21,159.28571428571428
Region IV-A: CALABARZON,105,2021-11-22,151.42857142857142
Region IV-A: CALABARZON,124,2021-11-23,156.42857142857142
Region IV-A: CALABARZON,235,2021-11-24,165.42857142857142
Region IV-A: CALABARZON,161,2021-11-25,174.57142857142858
Region IV-A: CALABARZON,86,2021-11-26,169.14285714285714
Region IV-A: CALABARZON,113,2021-11-27,167.28571428571428
Region IV-A: CALABARZON,75,2021-11-28,128.42857142857142
Region IV-A: CALABARZON,75,2021-11-29,124.14285714285714
Region IV-A: CALABARZON,41,2021-11-30,112.28571428571429
Region IV-A: CALABARZON,37,2021-12-01,84.0
Region IV-A: CALABARZON,50,2021-12-02,68.14285714285714
Region IV-A: CALABARZON,49,2021-12-03,62.857142857142854
Region IV-A: CALABARZON,67,2021-12-04,56.285714285714285
Region IV-A: CALABARZON,48,2021-12-05,52.42857142857143
Region IV-A: CALABARZON,72,2021-12-06,52.0
Region IV-A: CALABARZON,39,2021-12-07,51.714285714285715
Region IV-A: CALABARZON,38,2021-12-08,51.857142857142854
Region IV-A: CALABARZON,79,2021-12-09,56.0
Region IV-A: CALABARZON,46,2021-12-10,55.57142857142857
Region IV-A: CALABARZON,29,2021-12-11,50.142857142857146
Region IV-A: CALABARZON,36,2021-12-12,48.42857142857143
Region IV-A: CALABARZON,27,2021-12-13,42.0
Region IV-A: CALABARZON,26,2021-12-14,40.142857142857146
Region IV-A: CALABARZON,16,2021-12-15,37.0
Region IV-A: CALABARZON,29,2021-12-16,29.857142857142858
Region IV-A: CALABARZON,106,2021-12-17,38.42857142857143
Region IV-A: CALABARZON,31,2021-12-18,38.714285714285715
Region IV-A: CALABARZON,38,2021-12-19,39.0
Region IV-A: CALABARZON,35,2021-12-20,40.142857142857146
Region IV-A: CALABARZON,21,2021-12-21,39.42857142857143
Region IV-A: CALABARZON,29,2021-12-22,41.285714285714285
Region IV-A: CALABARZON,19,2021-12-23,39.857142857142854
Region IV-A: CALABARZON,30,2021-12-24,29.0
Region IV-A: CALABARZON,42,2021-12-25,30.571428571428573
Region IV-A: CALABARZON,35,2021-12-26,30.142857142857142
Region IV-A: CALABARZON,43,2021-12-27,31.285714285714285
Region IV-A: CALABARZON,45,2021-12-28,34.714285714285715
Region IV-A: CALABARZON,78,2021-12-29,41.714285714285715
Region IV-A: CALABARZON,166,2021-12-30,62.714285714285715
Region IV-A: CALABARZON,406,2021-12-31,116.42857142857143
Region IV-A: CALABARZON,545,2022-01-01,188.28571428571428
Region IV-A: CALABARZON,669,2022-01-02,278.85714285714283
Region IV-A: CALABARZON,567,2022-01-03,353.7142857142857
Region IV-A: CALABARZON,865,2022-01-04,470.85714285714283
Region IV-A: CALABARZON,1741,2022-01-05,708.4285714285714
Region IV-A: CALABARZON,3184,2022-01-06,1139.5714285714287
Region IV-A: CALABARZON,4127,2022-01-07,1671.142857142857
Region IV-A: CALABARZON,5483,2022-01-08,2376.5714285714284
Region IV-A: CALABARZON,5845,2022-01-09,3116.0
Region IV-A: CALABARZON,7517,2022-01-10,4108.857142857143
Region IV-A: CALABARZON,6010,2022-01-11,4843.857142857143
Region IV-A: CALABARZON,6938,2022-01-12,5586.285714285715
Region IV-A: CALABARZON,7277,2022-01-13,6171.0
Region IV-A: CALABARZON,8805,2022-01-14,6839.285714285715
Region IV-A: CALABARZON,9453,2022-01-15,7406.428571428572
Region IV-A: CALABARZON,8665,2022-01-16,7809.285714285715
Region IV-A: CALABARZON,9452,2022-01-17,8085.714285714285
Region IV-A: CALABARZON,6913,2022-01-18,8214.714285714286
Region IV-A: CALABARZON,5209,2022-01-19,7967.714285714285
Region IV-A: CALABARZON,7117,2022-01-20,7944.857142857143
Region IV-A: CALABARZON,6749,2022-01-21,7651.142857142857
Region IV-A: CALABARZON,6415,2022-01-22,7217.142857142857
Region IV-A: CALABARZON,4343,2022-01-23,6599.714285714285
Region IV-A: CALABARZON,3445,2022-01-24,5741.571428571428
Region IV-A: CALABARZON,2747,2022-01-25,5146.428571428572
Region IV-A: CALABARZON,2444,2022-01-26,4751.428571428572
Region IV-A: CALABARZON,2081,2022-01-27,4032.0
Region IV-A: CALABARZON,2400,2022-01-28,3410.714285714286
Region IV-A: CALABARZON,2230,2022-01-29,2812.8571428571427
Region IV-A: CALABARZON,1820,2022-01-30,2452.4285714285716
Region IV-A: CALABARZON,1580,2022-01-31,2186.0
Region IV-A: CALABARZON,1129,2022-02-01,1954.857142857143
Region IV-A: CALABARZON,1024,2022-02-02,1752.0
Region IV-A: CALABARZON,784,2022-02-03,1566.7142857142858
Region IV-A: CALABARZON,1126,2022-02-04,1384.7142857142858
Region IV-A: CALABARZON,704,2022-02-05,1166.7142857142858
Region IV-A: CALABARZON,694,2022-02-06,1005.8571428571429
Region IV-A: CALABARZON,590,2022-02-07,864.4285714285714
Region IV-A: CALABARZON,307,2022-02-08,747.0
Region IV-A: CALABARZON,409,2022-02-09,659.1428571428571
Region IV-A: CALABARZON,489,2022-02-10,617.0
Region IV-A: CALABARZON,372,2022-02-11,509.2857142857143
Region IV-A: CALABARZON,327,2022-02-12,455.42857142857144
Region IV-A: CALABARZON,304,2022-02-13,399.7142857142857
Region IV-A: CALABARZON,342,2022-02-14,364.2857142857143
Region IV-A: CALABARZON,225,2022-02-15,352.57142857142856
Region IV-A: CALABARZON,218,2022-02-16,325.2857142857143
Region IV-A: CALABARZON,211,2022-02-17,285.57142857142856
Region IV-A: CALABARZON,247,2022-02-18,267.7142857142857
Region IV-A: CALABARZON,214,2022-02-19,251.57142857142858
Region IV-A: CALABARZON,218,2022-02-20,239.28571428571428
Region IV-A: CALABARZON,172,2022-02-21,215.0
Region IV-A: CALABARZON,124,2022-02-22,200.57142857142858
Region IV-A: CALABARZON,173,2022-02-23,194.14285714285714
Region IV-A: CALABARZON,197,2022-02-24,192.14285714285714
Region IV-A: CALABARZON,211,2022-02-25,187.0
Region IV-A: CALABARZON,144,2022-02-26,177.0
Region IV-A: CALABARZON,99,2022-02-27,160.0
Region IV-A: CALABARZON,135,2022-02-28,154.71428571428572
Region IV-A: CALABARZON,122,2022-03-01,154.42857142857142
Region IV-A: CALABARZON,74,2022-03-02,140.28571428571428
Region IV-A: CALABARZON,125,2022-03-03,130.0
Region IV-A: CALABARZON,127,2022-03-04,118.0
Region IV-A: CALABARZON,137,2022-03-05,117.0
Region IV-A: CALABARZON,127,2022-03-06,121.0
Region IV-A: CALABARZON,89,2022-03-07,114.42857142857143
Region IV-A: CALABARZON,62,2022-03-08,105.85714285714286
Region IV-A: CALABARZON,74,2022-03-09,105.85714285714286
Region IV-A: CALABARZON,83,2022-03-10,99.85714285714286
Region IV-A: CALABARZON,87,2022-03-11,94.14285714285714
Region IV-A: CALABARZON,83,2022-03-12,86.42857142857143
Region IV-A: CALABARZON,79,2022-03-13,79.57142857142857
Region IV-A: CALABARZON,64,2022-03-14,76.0
Region IV-A: CALABARZON,53,2022-03-15,74.71428571428571
Region IV-A: CALABARZON,57,2022-03-16,72.28571428571429
Region IV-A: CALABARZON,64,2022-03-17,69.57142857142857
Region IV-A: CALABARZON,59,2022-03-18,65.57142857142857
Region IV-A: CALABARZON,79,2022-03-19,65.0
Region IV-A: CALABARZON,71,2022-03-20,63.857142857142854
Region IV-A: CALABARZON,46,2022-03-21,61.285714285714285
Region IV-A: CALABARZON,33,2022-03-22,58.42857142857143
Region IV-A: CALABARZON,84,2022-03-23,62.285714285714285
Region IV-A: CALABARZON,49,2022-03-24,60.142857142857146
Region IV-A: CALABARZON,51,2022-03-25,59.0
Region IV-A: CALABARZON,53,2022-03-26,55.285714285714285
Region IV-A: CALABARZON,45,2022-03-27,51.57142857142857
Region IV-A: CALABARZON,39,2022-03-28,50.57142857142857
Region IV-A: CALABARZON,32,2022-03-29,50.42857142857143
Region IV-A: CALABARZON,34,2022-03-30,43.285714285714285
Region IV-A: CALABARZON,45,2022-03-31,42.714285714285715
Region IV-A: CALABARZON,55,2022-04-01,43.285714285714285
Region IV-A: CALABARZON,39,2022-04-02,41.285714285714285
Region IV-A: CALABARZON,84,2022-04-03,46.857142857142854
Region IV-A: CALABARZON,41,2022-04-04,47.142857142857146
Region IV-A: CALABARZON,30,2022-04-05,46.857142857142854
Region IV-A: CALABARZON,41,2022-04-06,47.857142857142854
Region IV-A: CALABARZON,21,2022-04-07,44.42857142857143
Region IV-A: CALABARZON,31,2022-04-08,41.0
Region IV-A: CALABARZON,38,2022-04-09,40.857142857142854
Region IV-A: CALABARZON,52,2022-04-10,36.285714285714285
Region IV-A: CALABARZON,51,2022-04-11,37.714285714285715
Region IV-A: CALABARZON,30,2022-04-12,37.714285714285715
Region IV-A: CALABARZON,27,2022-04-13,35.714285714285715
Region IV-A: CALABARZON,46,2022-04-14,39.285714285714285
Region IV-A: CALABARZON,32,2022-04-15,39.42857142857143
Region IV-A: CALABARZON,28,2022-04-16,38.0
Region IV-A: CALABARZON,37,2022-04-17,35.857142857142854
Region IV-A: CALABARZON,14,2022-04-18,30.571428571428573
Region IV-A: CALABARZON,20,2022-04-19,29.142857142857142
Region IV-A: CALABARZON,46,2022-04-20,31.857142857142858
Region IV-A: CALABARZON,32,2022-04-21,29.857142857142858
Region IV-A: CALABARZON,42,2022-04-22,31.285714285714285
Region IV-A: CALABARZON,37,2022-04-23,32.57142857142857
Region IV-A: CALABARZON,31,2022-04-24,31.714285714285715
Region IV-A: CALABARZON,34,2022-04-25,34.57142857142857
Region IV-A: CALABARZON,16,2022-04-26,34.0
Region IV-A: CALABARZON,22,2022-04-27,30.571428571428573
Region IV-A: CALABARZON,23,2022-04-28,29.285714285714285
Region IV-A: CALABARZON,23,2022-04-29,26.571428571428573
Region IV-A: CALABARZON,25,2022-04-30,24.857142857142858
Region IV-A: CALABARZON,39,2022-05-01,26.0
Region IV-A: CALABARZON,29,2022-05-02,25.285714285714285
Region IV-A: CALABARZON,12,2022-05-03,24.714285714285715
Region IV-A: CALABARZON,26,2022-05-04,25.285714285714285
Region IV-A: CALABARZON,21,2022-05-05,25.0
Region IV-A: CALABARZON,14,2022-05-06,23.714285714285715
Region IV-A: CALABARZON,22,2022-05-07,23.285714285714285
Region IV-A: CALABARZON,23,2022-05-08,21.0
Region IV-A: CALABARZON,29,2022-05-09,21.0
Region IV-A: CALABARZON,18,2022-05-10,21.857142857142858
Region IV-A: CALABARZON,12,2022-05-11,19.857142857142858
Region IV-A: CALABARZON,14,2022-05-12,18.857142857142858
Region IV-A: CALABARZON,21,2022-05-13,19.857142857142858
Region IV-A: CALABARZON,22,2022-05-14,19.857142857142858
Region IV-A: CALABARZON,29,2022-05-15,20.714285714285715
Region IV-A: CALABARZON,13,2022-05-16,18.428571428571427
Region IV-A: CALABARZON,12,2022-05-17,17.571428571428573
Region IV-A: CALABARZON,10,2022-05-18,17.285714285714285
Region IV-A: CALABARZON,32,2022-05-19,19.857142857142858
Region IV-A: CALABARZON,27,2022-05-20,20.714285714285715
Region IV-A: CALABARZON,21,2022-05-21,20.571428571428573
Region IV-A: CALABARZON,33,2022-05-22,21.142857142857142
Region IV-A: CALABARZON,45,2022-05-23,25.714285714285715
Region IV-A: CALABARZON,27,2022-05-24,27.857142857142858
Region IV-A: CALABARZON,24,2022-05-25,29.857142857142858
Region IV-A: CALABARZON,28,2022-05-26,29.285714285714285
Region IV-A: CALABARZON,37,2022-05-27,30.714285714285715
Region IV-A: CALABARZON,28,2022-05-28,31.714285714285715
Region IV-A: CALABARZON,27,2022-05-29,30.857142857142858
Region IV-A: CALABARZON,30,2022-05-30,28.714285714285715
Region IV-A: CALABARZON,28,2022-05-31,28.857142857142858
Region IV-A: CALABARZON,22,2022-06-01,28.571428571428573
Region IV-A: CALABARZON,25,2022-06-02,28.142857142857142
Region IV-A: CALABARZON,45,2022-06-03,29.285714285714285
Region IV-A: CALABARZON,29,2022-06-04,29.428571428571427
Region IV-A: CALABARZON,25,2022-06-05,29.142857142857142
Region IV-A: CALABARZON,22,2022-06-06,28.0
Region IV-A: CALABARZON,11,2022-06-07,25.571428571428573
Region IV-A: CALABARZON,19,2022-06-08,25.142857142857142
Region IV-A: CALABARZON,27,2022-06-09,25.428571428571427
Region IV-A: CALABARZON,36,2022-06-10,24.142857142857142
Region IV-A: CALABARZON,37,2022-06-11,25.285714285714285
Region IV-A: CALABARZON,39,2022-06-12,27.285714285714285
Region IV-A: CALABARZON,70,2022-06-13,34.142857142857146
Region IV-A: CALABARZON,44,2022-06-14,38.857142857142854
Region IV-A: CALABARZON,52,2022-06-15,43.57142857142857
Region IV-A: CALABARZON,69,2022-06-16,49.57142857142857
Region IV-A: CALABARZON,74,2022-06-17,55.0
Region IV-A: CALABARZON,104,2022-06-18,64.57142857142857
