city,count,date,7DayMA
CITY OF VALENZUELA,1,2020-04-05,
CITY OF VALENZUELA,1,2020-04-06,
CITY OF VALENZUELA,0,2020-04-07,
CITY OF VALENZUELA,1,2020-04-08,
CITY OF VALENZUELA,0,2020-04-09,
CITY OF VALENZUELA,0,2020-04-10,
CITY OF VALENZUELA,0,2020-04-11,0.42857142857142855
CITY OF VALENZUELA,0,2020-04-12,0.2857142857142857
CITY OF VALENZUELA,2,2020-04-13,0.42857142857142855
CITY OF VALENZUELA,0,2020-04-14,0.42857142857142855
CITY OF VALENZUELA,0,2020-04-15,0.2857142857142857
CITY OF VALENZUELA,1,2020-04-16,0.42857142857142855
CITY OF VALENZUELA,2,2020-04-17,0.7142857142857143
CITY OF VALENZUELA,1,2020-04-18,0.8571428571428571
CITY OF VALENZUELA,0,2020-04-19,0.8571428571428571
CITY OF VALENZUELA,0,2020-04-20,0.5714285714285714
CITY OF VALENZUELA,0,2020-04-21,0.5714285714285714
CITY OF VALENZUELA,1,2020-04-22,0.7142857142857143
CITY OF VALENZUELA,1,2020-04-23,0.7142857142857143
CITY OF VALENZUELA,0,2020-04-24,0.42857142857142855
CITY OF VALENZUELA,0,2020-04-25,0.2857142857142857
CITY OF VALENZUELA,1,2020-04-26,0.42857142857142855
CITY OF VALENZUELA,3,2020-04-27,0.8571428571428571
CITY OF VALENZUELA,1,2020-04-28,1.0
CITY OF VALENZUELA,0,2020-04-29,0.8571428571428571
CITY OF VALENZUELA,1,2020-04-30,0.8571428571428571
CITY OF VALENZUELA,2,2020-05-01,1.1428571428571428
CITY OF VALENZUELA,4,2020-05-02,1.7142857142857142
CITY OF VALENZUELA,0,2020-05-03,1.5714285714285714
CITY OF VALENZUELA,0,2020-05-04,1.1428571428571428
CITY OF VALENZUELA,1,2020-05-05,1.1428571428571428
CITY OF VALENZUELA,0,2020-05-06,1.1428571428571428
CITY OF VALENZUELA,3,2020-05-07,1.4285714285714286
CITY OF VALENZUELA,2,2020-05-08,1.4285714285714286
CITY OF VALENZUELA,1,2020-05-09,1.0
CITY OF VALENZUELA,3,2020-05-10,1.4285714285714286
CITY OF VALENZUELA,2,2020-05-11,1.7142857142857142
CITY OF VALENZUELA,1,2020-05-12,1.7142857142857142
CITY OF VALENZUELA,1,2020-05-13,1.8571428571428572
CITY OF VALENZUELA,4,2020-05-14,2.0
CITY OF VALENZUELA,1,2020-05-15,1.8571428571428572
CITY OF VALENZUELA,2,2020-05-16,2.0
CITY OF VALENZUELA,0,2020-05-17,1.5714285714285714
CITY OF VALENZUELA,4,2020-05-18,1.8571428571428572
CITY OF VALENZUELA,2,2020-05-19,2.0
CITY OF VALENZUELA,0,2020-05-20,1.8571428571428572
CITY OF VALENZUELA,3,2020-05-21,1.7142857142857142
CITY OF VALENZUELA,1,2020-05-22,1.7142857142857142
CITY OF VALENZUELA,3,2020-05-23,1.8571428571428572
CITY OF VALENZUELA,2,2020-05-24,2.142857142857143
CITY OF VALENZUELA,4,2020-05-25,2.142857142857143
CITY OF VALENZUELA,3,2020-05-26,2.2857142857142856
CITY OF VALENZUELA,1,2020-05-27,2.4285714285714284
CITY OF VALENZUELA,14,2020-05-28,4.0
CITY OF VALENZUELA,18,2020-05-29,6.428571428571429
CITY OF VALENZUELA,3,2020-05-30,6.428571428571429
CITY OF VALENZUELA,11,2020-05-31,7.714285714285714
CITY OF VALENZUELA,16,2020-06-01,9.428571428571429
CITY OF VALENZUELA,12,2020-06-02,10.714285714285714
CITY OF VALENZUELA,4,2020-06-03,11.142857142857142
CITY OF VALENZUELA,2,2020-06-04,9.428571428571429
CITY OF VALENZUELA,1,2020-06-05,7.0
CITY OF VALENZUELA,9,2020-06-06,7.857142857142857
CITY OF VALENZUELA,14,2020-06-07,8.285714285714286
CITY OF VALENZUELA,1,2020-06-08,6.142857142857143
CITY OF VALENZUELA,0,2020-06-09,4.428571428571429
CITY OF VALENZUELA,4,2020-06-10,4.428571428571429
CITY OF VALENZUELA,4,2020-06-11,4.714285714285714
CITY OF VALENZUELA,7,2020-06-12,5.571428571428571
CITY OF VALENZUELA,1,2020-06-13,4.428571428571429
CITY OF VALENZUELA,0,2020-06-14,2.4285714285714284
CITY OF VALENZUELA,1,2020-06-15,2.4285714285714284
CITY OF VALENZUELA,2,2020-06-16,2.7142857142857144
CITY OF VALENZUELA,9,2020-06-17,3.4285714285714284
CITY OF VALENZUELA,5,2020-06-18,3.5714285714285716
CITY OF VALENZUELA,1,2020-06-19,2.7142857142857144
CITY OF VALENZUELA,1,2020-06-20,2.7142857142857144
CITY OF VALENZUELA,2,2020-06-21,3.0
CITY OF VALENZUELA,1,2020-06-22,3.0
CITY OF VALENZUELA,12,2020-06-23,4.428571428571429
CITY OF VALENZUELA,14,2020-06-24,5.142857142857143
CITY OF VALENZUELA,9,2020-06-25,5.714285714285714
CITY OF VALENZUELA,5,2020-06-26,6.285714285714286
CITY OF VALENZUELA,1,2020-06-27,6.285714285714286
CITY OF VALENZUELA,2,2020-06-28,6.285714285714286
CITY OF VALENZUELA,3,2020-06-29,6.571428571428571
CITY OF VALENZUELA,0,2020-06-30,4.857142857142857
CITY OF VALENZUELA,1,2020-07-01,3.0
CITY OF VALENZUELA,2,2020-07-02,2.0
CITY OF VALENZUELA,4,2020-07-03,1.8571428571428572
CITY OF VALENZUELA,13,2020-07-04,3.5714285714285716
CITY OF VALENZUELA,1,2020-07-05,3.4285714285714284
CITY OF VALENZUELA,5,2020-07-06,3.7142857142857144
CITY OF VALENZUELA,8,2020-07-07,4.857142857142857
CITY OF VALENZUELA,20,2020-07-08,7.571428571428571
CITY OF VALENZUELA,8,2020-07-09,8.428571428571429
CITY OF VALENZUELA,12,2020-07-10,9.571428571428571
CITY OF VALENZUELA,13,2020-07-11,9.571428571428571
CITY OF VALENZUELA,1,2020-07-12,9.571428571428571
CITY OF VALENZUELA,8,2020-07-13,10.0
CITY OF VALENZUELA,1,2020-07-14,9.0
CITY OF VALENZUELA,3,2020-07-15,6.571428571428571
CITY OF VALENZUELA,16,2020-07-16,7.714285714285714
CITY OF VALENZUELA,15,2020-07-17,8.142857142857142
CITY OF VALENZUELA,43,2020-07-18,12.428571428571429
CITY OF VALENZUELA,13,2020-07-19,14.142857142857142
CITY OF VALENZUELA,8,2020-07-20,14.142857142857142
CITY OF VALENZUELA,5,2020-07-21,14.714285714285714
CITY OF VALENZUELA,11,2020-07-22,15.857142857142858
CITY OF VALENZUELA,21,2020-07-23,16.571428571428573
CITY OF VALENZUELA,31,2020-07-24,18.857142857142858
CITY OF VALENZUELA,14,2020-07-25,14.714285714285714
CITY OF VALENZUELA,23,2020-07-26,16.142857142857142
CITY OF VALENZUELA,10,2020-07-27,16.428571428571427
CITY OF VALENZUELA,13,2020-07-28,17.571428571428573
CITY OF VALENZUELA,75,2020-07-29,26.714285714285715
CITY OF VALENZUELA,13,2020-07-30,25.571428571428573
CITY OF VALENZUELA,17,2020-07-31,23.571428571428573
CITY OF VALENZUELA,43,2020-08-01,27.714285714285715
CITY OF VALENZUELA,41,2020-08-02,30.285714285714285
CITY OF VALENZUELA,16,2020-08-03,31.142857142857142
CITY OF VALENZUELA,29,2020-08-04,33.42857142857143
CITY OF VALENZUELA,41,2020-08-05,28.571428571428573
CITY OF VALENZUELA,74,2020-08-06,37.285714285714285
CITY OF VALENZUELA,42,2020-08-07,40.857142857142854
CITY OF VALENZUELA,42,2020-08-08,40.714285714285715
CITY OF VALENZUELA,10,2020-08-09,36.285714285714285
CITY OF VALENZUELA,25,2020-08-10,37.57142857142857
CITY OF VALENZUELA,21,2020-08-11,36.42857142857143
CITY OF VALENZUELA,36,2020-08-12,35.714285714285715
CITY OF VALENZUELA,31,2020-08-13,29.571428571428573
CITY OF VALENZUELA,59,2020-08-14,32.0
CITY OF VALENZUELA,44,2020-08-15,32.285714285714285
CITY OF VALENZUELA,46,2020-08-16,37.42857142857143
CITY OF VALENZUELA,27,2020-08-17,37.714285714285715
CITY OF VALENZUELA,22,2020-08-18,37.857142857142854
CITY OF VALENZUELA,163,2020-08-19,56.0
CITY OF VALENZUELA,36,2020-08-20,56.714285714285715
CITY OF VALENZUELA,25,2020-08-21,51.857142857142854
CITY OF VALENZUELA,29,2020-08-22,49.714285714285715
CITY OF VALENZUELA,46,2020-08-23,49.714285714285715
CITY OF VALENZUELA,29,2020-08-24,50.0
CITY OF VALENZUELA,78,2020-08-25,58.0
CITY OF VALENZUELA,89,2020-08-26,47.42857142857143
CITY OF VALENZUELA,96,2020-08-27,56.0
CITY OF VALENZUELA,56,2020-08-28,60.42857142857143
CITY OF VALENZUELA,54,2020-08-29,64.0
CITY OF VALENZUELA,57,2020-08-30,65.57142857142857
CITY OF VALENZUELA,25,2020-08-31,65.0
CITY OF VALENZUELA,55,2020-09-01,61.714285714285715
CITY OF VALENZUELA,61,2020-09-02,57.714285714285715
CITY OF VALENZUELA,77,2020-09-03,55.0
CITY OF VALENZUELA,67,2020-09-04,56.57142857142857
CITY OF VALENZUELA,63,2020-09-05,57.857142857142854
CITY OF VALENZUELA,35,2020-09-06,54.714285714285715
CITY OF VALENZUELA,50,2020-09-07,58.285714285714285
CITY OF VALENZUELA,51,2020-09-08,57.714285714285715
CITY OF VALENZUELA,77,2020-09-09,60.0
CITY OF VALENZUELA,104,2020-09-10,63.857142857142854
CITY OF VALENZUELA,86,2020-09-11,66.57142857142857
CITY OF VALENZUELA,86,2020-09-12,69.85714285714286
CITY OF VALENZUELA,56,2020-09-13,72.85714285714286
CITY OF VALENZUELA,37,2020-09-14,71.0
CITY OF VALENZUELA,67,2020-09-15,73.28571428571429
CITY OF VALENZUELA,50,2020-09-16,69.42857142857143
CITY OF VALENZUELA,50,2020-09-17,61.714285714285715
CITY OF VALENZUELA,93,2020-09-18,62.714285714285715
CITY OF VALENZUELA,51,2020-09-19,57.714285714285715
CITY OF VALENZUELA,38,2020-09-20,55.142857142857146
CITY OF VALENZUELA,33,2020-09-21,54.57142857142857
CITY OF VALENZUELA,41,2020-09-22,50.857142857142854
CITY OF VALENZUELA,88,2020-09-23,56.285714285714285
CITY OF VALENZUELA,69,2020-09-24,59.0
CITY OF VALENZUELA,92,2020-09-25,58.857142857142854
CITY OF VALENZUELA,52,2020-09-26,59.0
CITY OF VALENZUELA,58,2020-09-27,61.857142857142854
CITY OF VALENZUELA,32,2020-09-28,61.714285714285715
CITY OF VALENZUELA,34,2020-09-29,60.714285714285715
CITY OF VALENZUELA,41,2020-09-30,54.0
CITY OF VALENZUELA,47,2020-10-01,50.857142857142854
CITY OF VALENZUELA,46,2020-10-02,44.285714285714285
CITY OF VALENZUELA,27,2020-10-03,40.714285714285715
CITY OF VALENZUELA,25,2020-10-04,36.0
CITY OF VALENZUELA,8,2020-10-05,32.57142857142857
CITY OF VALENZUELA,38,2020-10-06,33.142857142857146
CITY OF VALENZUELA,36,2020-10-07,32.42857142857143
CITY OF VALENZUELA,29,2020-10-08,29.857142857142858
CITY OF VALENZUELA,40,2020-10-09,29.0
CITY OF VALENZUELA,26,2020-10-10,28.857142857142858
CITY OF VALENZUELA,36,2020-10-11,30.428571428571427
CITY OF VALENZUELA,16,2020-10-12,31.571428571428573
CITY OF VALENZUELA,39,2020-10-13,31.714285714285715
CITY OF VALENZUELA,60,2020-10-14,35.142857142857146
CITY OF VALENZUELA,48,2020-10-15,37.857142857142854
CITY OF VALENZUELA,41,2020-10-16,38.0
CITY OF VALENZUELA,32,2020-10-17,38.857142857142854
CITY OF VALENZUELA,15,2020-10-18,35.857142857142854
CITY OF VALENZUELA,8,2020-10-19,34.714285714285715
CITY OF VALENZUELA,36,2020-10-20,34.285714285714285
CITY OF VALENZUELA,96,2020-10-21,39.42857142857143
CITY OF VALENZUELA,25,2020-10-22,36.142857142857146
CITY OF VALENZUELA,21,2020-10-23,33.285714285714285
CITY OF VALENZUELA,16,2020-10-24,31.0
CITY OF VALENZUELA,20,2020-10-25,31.714285714285715
CITY OF VALENZUELA,21,2020-10-26,33.57142857142857
CITY OF VALENZUELA,16,2020-10-27,30.714285714285715
CITY OF VALENZUELA,15,2020-10-28,19.142857142857142
CITY OF VALENZUELA,19,2020-10-29,18.285714285714285
CITY OF VALENZUELA,29,2020-10-30,19.428571428571427
CITY OF VALENZUELA,12,2020-10-31,18.857142857142858
CITY OF VALENZUELA,10,2020-11-01,17.428571428571427
CITY OF VALENZUELA,22,2020-11-02,17.571428571428573
CITY OF VALENZUELA,15,2020-11-03,17.428571428571427
CITY OF VALENZUELA,10,2020-11-04,16.714285714285715
CITY OF VALENZUELA,3,2020-11-05,14.428571428571429
CITY OF VALENZUELA,11,2020-11-06,11.857142857142858
CITY OF VALENZUELA,12,2020-11-07,11.857142857142858
CITY OF VALENZUELA,7,2020-11-08,11.428571428571429
CITY OF VALENZUELA,12,2020-11-09,10.0
CITY OF VALENZUELA,9,2020-11-10,9.142857142857142
CITY OF VALENZUELA,5,2020-11-11,8.428571428571429
CITY OF VALENZUELA,1,2020-11-12,8.142857142857142
CITY OF VALENZUELA,2,2020-11-13,6.857142857142857
CITY OF VALENZUELA,13,2020-11-14,7.0
CITY OF VALENZUELA,12,2020-11-15,7.714285714285714
CITY OF VALENZUELA,8,2020-11-16,7.142857142857143
CITY OF VALENZUELA,5,2020-11-17,6.571428571428571
CITY OF VALENZUELA,1,2020-11-18,6.0
CITY OF VALENZUELA,5,2020-11-19,6.571428571428571
CITY OF VALENZUELA,15,2020-11-20,8.428571428571429
CITY OF VALENZUELA,5,2020-11-21,7.285714285714286
CITY OF VALENZUELA,2,2020-11-22,5.857142857142857
CITY OF VALENZUELA,4,2020-11-23,5.285714285714286
CITY OF VALENZUELA,8,2020-11-24,5.714285714285714
CITY OF VALENZUELA,6,2020-11-25,6.428571428571429
CITY OF VALENZUELA,1,2020-11-26,5.857142857142857
CITY OF VALENZUELA,8,2020-11-27,4.857142857142857
CITY OF VALENZUELA,1,2020-11-28,4.285714285714286
CITY OF VALENZUELA,4,2020-11-29,4.571428571428571
CITY OF VALENZUELA,7,2020-11-30,5.0
CITY OF VALENZUELA,5,2020-12-01,4.571428571428571
CITY OF VALENZUELA,12,2020-12-02,5.428571428571429
CITY OF VALENZUELA,0,2020-12-03,5.285714285714286
CITY OF VALENZUELA,6,2020-12-04,5.0
CITY OF VALENZUELA,10,2020-12-05,6.285714285714286
CITY OF VALENZUELA,6,2020-12-06,6.571428571428571
CITY OF VALENZUELA,4,2020-12-07,6.142857142857143
CITY OF VALENZUELA,7,2020-12-08,6.428571428571429
CITY OF VALENZUELA,10,2020-12-09,6.142857142857143
CITY OF VALENZUELA,2,2020-12-10,6.428571428571429
CITY OF VALENZUELA,4,2020-12-11,6.142857142857143
CITY OF VALENZUELA,4,2020-12-12,5.285714285714286
CITY OF VALENZUELA,0,2020-12-13,4.428571428571429
CITY OF VALENZUELA,2,2020-12-14,4.142857142857143
CITY OF VALENZUELA,7,2020-12-15,4.142857142857143
CITY OF VALENZUELA,2,2020-12-16,3.0
CITY OF VALENZUELA,8,2020-12-17,3.857142857142857
CITY OF VALENZUELA,1,2020-12-18,3.4285714285714284
CITY OF VALENZUELA,9,2020-12-19,4.142857142857143
CITY OF VALENZUELA,1,2020-12-20,4.285714285714286
CITY OF VALENZUELA,9,2020-12-21,5.285714285714286
CITY OF VALENZUELA,1,2020-12-22,4.428571428571429
CITY OF VALENZUELA,8,2020-12-23,5.285714285714286
CITY OF VALENZUELA,17,2020-12-24,6.571428571428571
CITY OF VALENZUELA,17,2020-12-25,8.857142857142858
CITY OF VALENZUELA,7,2020-12-26,8.571428571428571
CITY OF VALENZUELA,2,2020-12-27,8.714285714285714
CITY OF VALENZUELA,0,2020-12-28,7.428571428571429
CITY OF VALENZUELA,2,2020-12-29,7.571428571428571
CITY OF VALENZUELA,2,2020-12-30,6.714285714285714
CITY OF VALENZUELA,0,2020-12-31,4.285714285714286
CITY OF VALENZUELA,0,2021-01-01,1.8571428571428572
CITY OF VALENZUELA,0,2021-01-02,0.8571428571428571
CITY OF VALENZUELA,2,2021-01-03,0.8571428571428571
CITY OF VALENZUELA,4,2021-01-04,1.4285714285714286
CITY OF VALENZUELA,3,2021-01-05,1.5714285714285714
CITY OF VALENZUELA,8,2021-01-06,2.4285714285714284
CITY OF VALENZUELA,4,2021-01-07,3.0
CITY OF VALENZUELA,13,2021-01-08,4.857142857142857
CITY OF VALENZUELA,20,2021-01-09,7.714285714285714
CITY OF VALENZUELA,1,2021-01-10,7.571428571428571
CITY OF VALENZUELA,3,2021-01-11,7.428571428571429
CITY OF VALENZUELA,5,2021-01-12,7.714285714285714
CITY OF VALENZUELA,5,2021-01-13,7.285714285714286
CITY OF VALENZUELA,4,2021-01-14,7.285714285714286
CITY OF VALENZUELA,11,2021-01-15,7.0
CITY OF VALENZUELA,21,2021-01-16,7.142857142857143
CITY OF VALENZUELA,11,2021-01-17,8.571428571428571
CITY OF VALENZUELA,21,2021-01-18,11.142857142857142
CITY OF VALENZUELA,33,2021-01-19,15.142857142857142
CITY OF VALENZUELA,6,2021-01-20,15.285714285714286
CITY OF VALENZUELA,18,2021-01-21,17.285714285714285
CITY OF VALENZUELA,33,2021-01-22,20.428571428571427
CITY OF VALENZUELA,10,2021-01-23,18.857142857142858
CITY OF VALENZUELA,22,2021-01-24,20.428571428571427
CITY OF VALENZUELA,48,2021-01-25,24.285714285714285
CITY OF VALENZUELA,29,2021-01-26,23.714285714285715
CITY OF VALENZUELA,17,2021-01-27,25.285714285714285
CITY OF VALENZUELA,0,2021-01-28,22.714285714285715
CITY OF VALENZUELA,24,2021-01-29,21.428571428571427
CITY OF VALENZUELA,24,2021-01-30,23.428571428571427
CITY OF VALENZUELA,22,2021-01-31,23.428571428571427
CITY OF VALENZUELA,4,2021-02-01,17.142857142857142
CITY OF VALENZUELA,17,2021-02-02,15.428571428571429
CITY OF VALENZUELA,5,2021-02-03,13.714285714285714
CITY OF VALENZUELA,4,2021-02-04,14.285714285714286
CITY OF VALENZUELA,12,2021-02-05,12.571428571428571
CITY OF VALENZUELA,2,2021-02-06,9.428571428571429
CITY OF VALENZUELA,4,2021-02-07,6.857142857142857
CITY OF VALENZUELA,26,2021-02-08,10.0
CITY OF VALENZUELA,30,2021-02-09,11.857142857142858
CITY OF VALENZUELA,36,2021-02-10,16.285714285714285
CITY OF VALENZUELA,35,2021-02-11,20.714285714285715
CITY OF VALENZUELA,23,2021-02-12,22.285714285714285
CITY OF VALENZUELA,7,2021-02-13,23.0
CITY OF VALENZUELA,17,2021-02-14,24.857142857142858
CITY OF VALENZUELA,27,2021-02-15,25.0
CITY OF VALENZUELA,32,2021-02-16,25.285714285714285
CITY OF VALENZUELA,33,2021-02-17,24.857142857142858
CITY OF VALENZUELA,9,2021-02-18,21.142857142857142
CITY OF VALENZUELA,38,2021-02-19,23.285714285714285
CITY OF VALENZUELA,21,2021-02-20,25.285714285714285
CITY OF VALENZUELA,20,2021-02-21,25.714285714285715
CITY OF VALENZUELA,29,2021-02-22,26.0
CITY OF VALENZUELA,20,2021-02-23,24.285714285714285
CITY OF VALENZUELA,10,2021-02-24,21.0
CITY OF VALENZUELA,6,2021-02-25,20.571428571428573
CITY OF VALENZUELA,23,2021-02-26,18.428571428571427
CITY OF VALENZUELA,10,2021-02-27,16.857142857142858
CITY OF VALENZUELA,23,2021-02-28,17.285714285714285
CITY OF VALENZUELA,30,2021-03-01,17.428571428571427
CITY OF VALENZUELA,20,2021-03-02,17.428571428571427
CITY OF VALENZUELA,9,2021-03-03,17.285714285714285
CITY OF VALENZUELA,4,2021-03-04,17.0
CITY OF VALENZUELA,25,2021-03-05,17.285714285714285
CITY OF VALENZUELA,58,2021-03-06,24.142857142857142
CITY OF VALENZUELA,26,2021-03-07,24.571428571428573
CITY OF VALENZUELA,10,2021-03-08,21.714285714285715
CITY OF VALENZUELA,13,2021-03-09,20.714285714285715
CITY OF VALENZUELA,16,2021-03-10,21.714285714285715
CITY OF VALENZUELA,14,2021-03-11,23.142857142857142
CITY OF VALENZUELA,60,2021-03-12,28.142857142857142
CITY OF VALENZUELA,40,2021-03-13,25.571428571428573
CITY OF VALENZUELA,51,2021-03-14,29.142857142857142
CITY OF VALENZUELA,41,2021-03-15,33.57142857142857
CITY OF VALENZUELA,70,2021-03-16,41.714285714285715
CITY OF VALENZUELA,68,2021-03-17,49.142857142857146
CITY OF VALENZUELA,29,2021-03-18,51.285714285714285
CITY OF VALENZUELA,23,2021-03-19,46.0
CITY OF VALENZUELA,7,2021-03-20,41.285714285714285
CITY OF VALENZUELA,14,2021-03-21,36.0
CITY OF VALENZUELA,23,2021-03-22,33.42857142857143
CITY OF VALENZUELA,7,2021-03-23,24.428571428571427
CITY OF VALENZUELA,29,2021-03-24,18.857142857142858
CITY OF VALENZUELA,14,2021-03-25,16.714285714285715
CITY OF VALENZUELA,24,2021-03-26,16.857142857142858
CITY OF VALENZUELA,10,2021-03-27,17.285714285714285
CITY OF VALENZUELA,23,2021-03-28,18.571428571428573
CITY OF VALENZUELA,11,2021-03-29,16.857142857142858
CITY OF VALENZUELA,21,2021-03-30,18.857142857142858
CITY OF VALENZUELA,14,2021-03-31,16.714285714285715
CITY OF VALENZUELA,16,2021-04-01,17.0
CITY OF VALENZUELA,9,2021-04-02,14.857142857142858
CITY OF VALENZUELA,10,2021-04-03,14.857142857142858
CITY OF VALENZUELA,9,2021-04-04,12.857142857142858
CITY OF VALENZUELA,36,2021-04-05,16.428571428571427
CITY OF VALENZUELA,57,2021-04-06,21.571428571428573
CITY OF VALENZUELA,45,2021-04-07,26.0
CITY OF VALENZUELA,56,2021-04-08,31.714285714285715
CITY OF VALENZUELA,160,2021-04-09,53.285714285714285
CITY OF VALENZUELA,175,2021-04-10,76.85714285714286
CITY OF VALENZUELA,199,2021-04-11,104.0
CITY OF VALENZUELA,44,2021-04-12,105.14285714285714
CITY OF VALENZUELA,99,2021-04-13,111.14285714285714
CITY OF VALENZUELA,57,2021-04-14,112.85714285714286
CITY OF VALENZUELA,140,2021-04-15,124.85714285714286
CITY OF VALENZUELA,150,2021-04-16,123.42857142857143
CITY OF VALENZUELA,167,2021-04-17,122.28571428571429
CITY OF VALENZUELA,59,2021-04-18,102.28571428571429
CITY OF VALENZUELA,51,2021-04-19,103.28571428571429
CITY OF VALENZUELA,8,2021-04-20,90.28571428571429
CITY OF VALENZUELA,15,2021-04-21,84.28571428571429
CITY OF VALENZUELA,34,2021-04-22,69.14285714285714
CITY OF VALENZUELA,14,2021-04-23,49.714285714285715
CITY OF VALENZUELA,106,2021-04-24,41.0
CITY OF VALENZUELA,84,2021-04-25,44.57142857142857
CITY OF VALENZUELA,174,2021-04-26,62.142857142857146
CITY OF VALENZUELA,78,2021-04-27,72.14285714285714
CITY OF VALENZUELA,15,2021-04-28,72.14285714285714
CITY OF VALENZUELA,161,2021-04-29,90.28571428571429
CITY OF VALENZUELA,118,2021-04-30,105.14285714285714
CITY OF VALENZUELA,143,2021-05-01,110.42857142857143
CITY OF VALENZUELA,40,2021-05-02,104.14285714285714
CITY OF VALENZUELA,120,2021-05-03,96.42857142857143
CITY OF VALENZUELA,44,2021-05-04,91.57142857142857
CITY OF VALENZUELA,86,2021-05-05,101.71428571428571
CITY OF VALENZUELA,132,2021-05-06,97.57142857142857
CITY OF VALENZUELA,147,2021-05-07,101.71428571428571
CITY OF VALENZUELA,164,2021-05-08,104.71428571428571
CITY OF VALENZUELA,31,2021-05-09,103.42857142857143
CITY OF VALENZUELA,131,2021-05-10,105.0
CITY OF VALENZUELA,48,2021-05-11,105.57142857142857
CITY OF VALENZUELA,29,2021-05-12,97.42857142857143
CITY OF VALENZUELA,99,2021-05-13,92.71428571428571
CITY OF VALENZUELA,80,2021-05-14,83.14285714285714
CITY OF VALENZUELA,46,2021-05-15,66.28571428571429
CITY OF VALENZUELA,33,2021-05-16,66.57142857142857
CITY OF VALENZUELA,37,2021-05-17,53.142857142857146
CITY OF VALENZUELA,70,2021-05-18,56.285714285714285
CITY OF VALENZUELA,38,2021-05-19,57.57142857142857
CITY OF VALENZUELA,78,2021-05-20,54.57142857142857
CITY OF VALENZUELA,66,2021-05-21,52.57142857142857
CITY OF VALENZUELA,73,2021-05-22,56.42857142857143
CITY OF VALENZUELA,28,2021-05-23,55.714285714285715
CITY OF VALENZUELA,47,2021-05-24,57.142857142857146
CITY OF VALENZUELA,43,2021-05-25,53.285714285714285
CITY OF VALENZUELA,15,2021-05-26,50.0
CITY OF VALENZUELA,80,2021-05-27,50.285714285714285
CITY OF VALENZUELA,48,2021-05-28,47.714285714285715
CITY OF VALENZUELA,65,2021-05-29,46.57142857142857
CITY OF VALENZUELA,10,2021-05-30,44.0
CITY OF VALENZUELA,45,2021-05-31,43.714285714285715
CITY OF VALENZUELA,5,2021-06-01,38.285714285714285
CITY OF VALENZUELA,13,2021-06-02,38.0
CITY OF VALENZUELA,55,2021-06-03,34.42857142857143
CITY OF VALENZUELA,56,2021-06-04,35.57142857142857
CITY OF VALENZUELA,60,2021-06-05,34.857142857142854
CITY OF VALENZUELA,30,2021-06-06,37.714285714285715
CITY OF VALENZUELA,27,2021-06-07,35.142857142857146
CITY OF VALENZUELA,73,2021-06-08,44.857142857142854
CITY OF VALENZUELA,15,2021-06-09,45.142857142857146
CITY OF VALENZUELA,28,2021-06-10,41.285714285714285
CITY OF VALENZUELA,52,2021-06-11,40.714285714285715
CITY OF VALENZUELA,7,2021-06-12,33.142857142857146
CITY OF VALENZUELA,44,2021-06-13,35.142857142857146
CITY OF VALENZUELA,64,2021-06-14,40.42857142857143
CITY OF VALENZUELA,26,2021-06-15,33.714285714285715
CITY OF VALENZUELA,6,2021-06-16,32.42857142857143
CITY OF VALENZUELA,54,2021-06-17,36.142857142857146
CITY OF VALENZUELA,32,2021-06-18,33.285714285714285
CITY OF VALENZUELA,37,2021-06-19,37.57142857142857
CITY OF VALENZUELA,16,2021-06-20,33.57142857142857
CITY OF VALENZUELA,57,2021-06-21,32.57142857142857
CITY OF VALENZUELA,22,2021-06-22,32.0
CITY OF VALENZUELA,10,2021-06-23,32.57142857142857
CITY OF VALENZUELA,35,2021-06-24,29.857142857142858
CITY OF VALENZUELA,27,2021-06-25,29.142857142857142
CITY OF VALENZUELA,25,2021-06-26,27.428571428571427
CITY OF VALENZUELA,24,2021-06-27,28.571428571428573
CITY OF VALENZUELA,7,2021-06-28,21.428571428571427
CITY OF VALENZUELA,2,2021-06-29,18.571428571428573
CITY OF VALENZUELA,24,2021-06-30,20.571428571428573
CITY OF VALENZUELA,19,2021-07-01,18.285714285714285
CITY OF VALENZUELA,25,2021-07-02,18.0
CITY OF VALENZUELA,17,2021-07-03,16.857142857142858
CITY OF VALENZUELA,24,2021-07-04,16.857142857142858
CITY OF VALENZUELA,25,2021-07-05,19.428571428571427
CITY OF VALENZUELA,17,2021-07-06,21.571428571428573
CITY OF VALENZUELA,4,2021-07-07,18.714285714285715
CITY OF VALENZUELA,16,2021-07-08,18.285714285714285
CITY OF VALENZUELA,19,2021-07-09,17.428571428571427
CITY OF VALENZUELA,1,2021-07-10,15.142857142857142
CITY OF VALENZUELA,13,2021-07-11,13.571428571428571
CITY OF VALENZUELA,21,2021-07-12,13.0
CITY OF VALENZUELA,13,2021-07-13,12.428571428571429
CITY OF VALENZUELA,11,2021-07-14,13.428571428571429
CITY OF VALENZUELA,21,2021-07-15,14.142857142857142
CITY OF VALENZUELA,18,2021-07-16,14.0
CITY OF VALENZUELA,0,2021-07-17,13.857142857142858
CITY OF VALENZUELA,0,2021-07-18,12.0
CITY OF VALENZUELA,0,2021-07-19,9.0
CITY OF VALENZUELA,0,2021-07-20,7.142857142857143
CITY OF VALENZUELA,0,2021-07-21,5.571428571428571
CITY OF VALENZUELA,0,2021-07-22,2.5714285714285716
CITY OF VALENZUELA,18,2021-07-23,2.5714285714285716
CITY OF VALENZUELA,19,2021-07-24,5.285714285714286
CITY OF VALENZUELA,18,2021-07-25,7.857142857142857
CITY OF VALENZUELA,10,2021-07-26,9.285714285714286
CITY OF VALENZUELA,0,2021-07-27,9.285714285714286
CITY OF VALENZUELA,1,2021-07-28,9.428571428571429
CITY OF VALENZUELA,3,2021-07-29,9.857142857142858
CITY OF VALENZUELA,2,2021-07-30,7.571428571428571
CITY OF VALENZUELA,2,2021-07-31,5.142857142857143
CITY OF VALENZUELA,3,2021-08-01,3.0
CITY OF VALENZUELA,7,2021-08-02,2.5714285714285716
CITY OF VALENZUELA,8,2021-08-03,3.7142857142857144
CITY OF VALENZUELA,7,2021-08-04,4.571428571428571
CITY OF VALENZUELA,1,2021-08-05,4.285714285714286
CITY OF VALENZUELA,1,2021-08-06,4.142857142857143
CITY OF VALENZUELA,0,2021-08-07,3.857142857142857
CITY OF VALENZUELA,0,2021-08-08,3.4285714285714284
CITY OF VALENZUELA,1,2021-08-09,2.5714285714285716
CITY OF VALENZUELA,0,2021-08-10,1.4285714285714286
CITY OF VALENZUELA,0,2021-08-11,0.42857142857142855
CITY OF VALENZUELA,0,2021-08-12,0.2857142857142857
CITY OF VALENZUELA,1,2021-08-13,0.2857142857142857
CITY OF VALENZUELA,2,2021-08-14,0.5714285714285714
CITY OF VALENZUELA,0,2021-08-15,0.5714285714285714
CITY OF VALENZUELA,0,2021-08-16,0.42857142857142855
CITY OF VALENZUELA,15,2021-08-17,2.5714285714285716
CITY OF VALENZUELA,23,2021-08-18,5.857142857142857
CITY OF VALENZUELA,118,2021-08-19,22.714285714285715
CITY OF VALENZUELA,66,2021-08-20,32.0
CITY OF VALENZUELA,1,2021-08-21,31.857142857142858
CITY OF VALENZUELA,165,2021-08-22,55.42857142857143
CITY OF VALENZUELA,138,2021-08-23,75.14285714285714
CITY OF VALENZUELA,121,2021-08-24,90.28571428571429
CITY OF VALENZUELA,26,2021-08-25,90.71428571428571
CITY OF VALENZUELA,184,2021-08-26,100.14285714285714
CITY OF VALENZUELA,189,2021-08-27,117.71428571428571
CITY OF VALENZUELA,195,2021-08-28,145.42857142857142
CITY OF VALENZUELA,113,2021-08-29,138.0
CITY OF VALENZUELA,136,2021-08-30,137.71428571428572
CITY OF VALENZUELA,176,2021-08-31,145.57142857142858
CITY OF VALENZUELA,35,2021-09-01,146.85714285714286
CITY OF VALENZUELA,176,2021-09-02,145.71428571428572
CITY OF VALENZUELA,210,2021-09-03,148.71428571428572
CITY OF VALENZUELA,58,2021-09-04,129.14285714285714
CITY OF VALENZUELA,150,2021-09-05,134.42857142857142
CITY OF VALENZUELA,22,2021-09-06,118.14285714285714
CITY OF VALENZUELA,2,2021-09-07,93.28571428571429
CITY OF VALENZUELA,0,2021-09-08,88.28571428571429
CITY OF VALENZUELA,2,2021-09-09,63.42857142857143
CITY OF VALENZUELA,0,2021-09-10,33.42857142857143
CITY OF VALENZUELA,178,2021-09-11,50.57142857142857
CITY OF VALENZUELA,127,2021-09-12,47.285714285714285
CITY OF VALENZUELA,75,2021-09-13,54.857142857142854
CITY OF VALENZUELA,101,2021-09-14,69.0
CITY OF VALENZUELA,0,2021-09-15,69.0
CITY OF VALENZUELA,180,2021-09-16,94.42857142857143
CITY OF VALENZUELA,190,2021-09-17,121.57142857142857
CITY OF VALENZUELA,150,2021-09-18,117.57142857142857
CITY OF VALENZUELA,0,2021-09-19,99.42857142857143
CITY OF VALENZUELA,0,2021-09-20,88.71428571428571
CITY OF VALENZUELA,1,2021-09-21,74.42857142857143
CITY OF VALENZUELA,0,2021-09-22,74.42857142857143
CITY OF VALENZUELA,0,2021-09-23,48.714285714285715
CITY OF VALENZUELA,2,2021-09-24,21.857142857142858
CITY OF VALENZUELA,0,2021-09-25,0.42857142857142855
CITY OF VALENZUELA,0,2021-09-26,0.42857142857142855
CITY OF VALENZUELA,0,2021-09-27,0.42857142857142855
CITY OF VALENZUELA,0,2021-09-28,0.2857142857142857
CITY OF VALENZUELA,0,2021-09-29,0.2857142857142857
CITY OF VALENZUELA,0,2021-09-30,0.2857142857142857
CITY OF VALENZUELA,0,2021-10-01,0.0
CITY OF VALENZUELA,1,2021-10-02,0.14285714285714285
CITY OF VALENZUELA,0,2021-10-03,0.14285714285714285
CITY OF VALENZUELA,0,2021-10-04,0.14285714285714285
CITY OF VALENZUELA,0,2021-10-05,0.14285714285714285
CITY OF VALENZUELA,0,2021-10-06,0.14285714285714285
CITY OF VALENZUELA,1,2021-10-07,0.2857142857142857
CITY OF VALENZUELA,1,2021-10-08,0.42857142857142855
CITY OF VALENZUELA,0,2021-10-09,0.2857142857142857
CITY OF VALENZUELA,0,2021-10-10,0.2857142857142857
CITY OF VALENZUELA,0,2021-10-11,0.2857142857142857
CITY OF VALENZUELA,1,2021-10-12,0.42857142857142855
CITY OF VALENZUELA,0,2021-10-13,0.42857142857142855
CITY OF VALENZUELA,1,2021-10-14,0.42857142857142855
CITY OF VALENZUELA,0,2021-10-15,0.2857142857142857
CITY OF VALENZUELA,1,2021-10-16,0.42857142857142855
CITY OF VALENZUELA,0,2021-10-17,0.42857142857142855
CITY OF VALENZUELA,0,2021-10-18,0.42857142857142855
CITY OF VALENZUELA,0,2021-10-19,0.2857142857142857
CITY OF VALENZUELA,0,2021-10-20,0.2857142857142857
CITY OF VALENZUELA,0,2021-10-21,0.14285714285714285
CITY OF VALENZUELA,0,2021-10-22,0.14285714285714285
CITY OF VALENZUELA,0,2021-10-23,0.0
CITY OF VALENZUELA,0,2021-10-24,0.0
CITY OF VALENZUELA,1,2021-10-25,0.14285714285714285
CITY OF VALENZUELA,0,2021-10-26,0.14285714285714285
CITY OF VALENZUELA,0,2021-10-27,0.14285714285714285
CITY OF VALENZUELA,0,2021-10-28,0.14285714285714285
CITY OF VALENZUELA,0,2021-10-29,0.14285714285714285
CITY OF VALENZUELA,2,2021-10-30,0.42857142857142855
CITY OF VALENZUELA,0,2021-10-31,0.42857142857142855
CITY OF VALENZUELA,0,2021-11-01,0.2857142857142857
CITY OF VALENZUELA,0,2021-11-02,0.2857142857142857
CITY OF VALENZUELA,0,2021-11-03,0.2857142857142857
CITY OF VALENZUELA,0,2021-11-04,0.2857142857142857
CITY OF VALENZUELA,0,2021-11-05,0.2857142857142857
CITY OF VALENZUELA,14,2021-11-06,2.0
CITY OF VALENZUELA,0,2021-11-07,2.0
CITY OF VALENZUELA,0,2021-11-08,2.0
CITY OF VALENZUELA,0,2021-11-09,2.0
CITY OF VALENZUELA,0,2021-11-10,2.0
CITY OF VALENZUELA,0,2021-11-11,2.0
CITY OF VALENZUELA,1,2021-11-12,2.142857142857143
CITY OF VALENZUELA,0,2021-11-13,0.14285714285714285
CITY OF VALENZUELA,0,2021-11-14,0.14285714285714285
CITY OF VALENZUELA,0,2021-11-15,0.14285714285714285
CITY OF VALENZUELA,0,2021-11-16,0.14285714285714285
CITY OF VALENZUELA,0,2021-11-17,0.14285714285714285
CITY OF VALENZUELA,0,2021-11-18,0.14285714285714285
CITY OF VALENZUELA,0,2021-11-19,0.0
CITY OF VALENZUELA,0,2021-11-20,0.0
CITY OF VALENZUELA,0,2021-11-21,0.0
CITY OF VALENZUELA,0,2021-11-22,0.0
CITY OF VALENZUELA,0,2021-11-23,0.0
CITY OF VALENZUELA,0,2021-11-24,0.0
CITY OF VALENZUELA,0,2021-11-25,0.0
CITY OF VALENZUELA,0,2021-11-26,0.0
CITY OF VALENZUELA,0,2021-11-27,0.0
CITY OF VALENZUELA,0,2021-11-28,0.0
CITY OF VALENZUELA,0,2021-11-29,0.0
CITY OF VALENZUELA,0,2021-11-30,0.0
CITY OF VALENZUELA,0,2021-12-01,0.0
CITY OF VALENZUELA,0,2021-12-02,0.0
CITY OF VALENZUELA,0,2021-12-03,0.0
CITY OF VALENZUELA,0,2021-12-04,0.0
CITY OF VALENZUELA,0,2021-12-05,0.0
CITY OF VALENZUELA,0,2021-12-06,0.0
CITY OF VALENZUELA,0,2021-12-07,0.0
CITY OF VALENZUELA,0,2021-12-08,0.0
CITY OF VALENZUELA,0,2021-12-09,0.0
CITY OF VALENZUELA,0,2021-12-10,0.0
CITY OF VALENZUELA,0,2021-12-11,0.0
CITY OF VALENZUELA,0,2021-12-12,0.0
CITY OF VALENZUELA,0,2021-12-13,0.0
CITY OF VALENZUELA,0,2021-12-14,0.0
CITY OF VALENZUELA,0,2021-12-15,0.0
CITY OF VALENZUELA,0,2021-12-16,0.0
CITY OF VALENZUELA,0,2021-12-17,0.0
CITY OF VALENZUELA,0,2021-12-18,0.0
CITY OF VALENZUELA,0,2021-12-19,0.0
CITY OF VALENZUELA,0,2021-12-20,0.0
CITY OF VALENZUELA,0,2021-12-21,0.0
CITY OF VALENZUELA,0,2021-12-22,0.0
CITY OF VALENZUELA,0,2021-12-23,0.0
CITY OF VALENZUELA,0,2021-12-24,0.0
CITY OF VALENZUELA,0,2021-12-25,0.0
CITY OF VALENZUELA,0,2021-12-26,0.0
CITY OF VALENZUELA,0,2021-12-27,0.0
CITY OF VALENZUELA,0,2021-12-28,0.0
CITY OF VALENZUELA,0,2021-12-29,0.0
CITY OF VALENZUELA,0,2021-12-30,0.0
CITY OF VALENZUELA,0,2021-12-31,0.0
CITY OF VALENZUELA,0,2022-01-01,0.0
CITY OF VALENZUELA,0,2022-01-02,0.0
CITY OF VALENZUELA,0,2022-01-03,0.0
CITY OF VALENZUELA,0,2022-01-04,0.0
CITY OF VALENZUELA,0,2022-01-05,0.0
CITY OF VALENZUELA,0,2022-01-06,0.0
CITY OF VALENZUELA,0,2022-01-07,0.0
CITY OF VALENZUELA,0,2022-01-08,0.0
CITY OF VALENZUELA,1,2022-01-09,0.14285714285714285
CITY OF VALENZUELA,0,2022-01-10,0.14285714285714285
CITY OF VALENZUELA,0,2022-01-11,0.14285714285714285
CITY OF VALENZUELA,3,2022-01-12,0.5714285714285714
CITY OF VALENZUELA,0,2022-01-13,0.5714285714285714
CITY OF VALENZUELA,3,2022-01-14,1.0
CITY OF VALENZUELA,7,2022-01-15,2.0
CITY OF VALENZUELA,1,2022-01-16,2.0
CITY OF VALENZUELA,3,2022-01-17,2.4285714285714284
CITY OF VALENZUELA,2,2022-01-18,2.7142857142857144
CITY OF VALENZUELA,2,2022-01-19,2.5714285714285716
CITY OF VALENZUELA,2,2022-01-20,2.857142857142857
CITY OF VALENZUELA,0,2022-01-21,2.4285714285714284
CITY OF VALENZUELA,2,2022-01-22,1.7142857142857142
CITY OF VALENZUELA,4,2022-01-23,2.142857142857143
CITY OF VALENZUELA,3,2022-01-24,2.142857142857143
CITY OF VALENZUELA,1,2022-01-25,2.0
CITY OF VALENZUELA,3,2022-01-26,2.142857142857143
CITY OF VALENZUELA,0,2022-01-27,1.8571428571428572
CITY OF VALENZUELA,0,2022-01-28,1.8571428571428572
CITY OF VALENZUELA,0,2022-01-29,1.5714285714285714
CITY OF VALENZUELA,0,2022-01-30,1.0
CITY OF VALENZUELA,1,2022-01-31,0.7142857142857143
CITY OF VALENZUELA,0,2022-02-01,0.5714285714285714
CITY OF VALENZUELA,1,2022-02-02,0.2857142857142857
CITY OF VALENZUELA,0,2022-02-03,0.2857142857142857
CITY OF VALENZUELA,0,2022-02-04,0.2857142857142857
CITY OF VALENZUELA,1,2022-02-05,0.42857142857142855
CITY OF VALENZUELA,1,2022-02-06,0.5714285714285714
CITY OF VALENZUELA,1,2022-02-07,0.5714285714285714
CITY OF VALENZUELA,0,2022-02-08,0.5714285714285714
CITY OF VALENZUELA,0,2022-02-09,0.42857142857142855
CITY OF VALENZUELA,0,2022-02-10,0.42857142857142855
CITY OF VALENZUELA,0,2022-02-11,0.42857142857142855
CITY OF VALENZUELA,0,2022-02-12,0.2857142857142857
CITY OF VALENZUELA,0,2022-02-13,0.14285714285714285
CITY OF VALENZUELA,0,2022-02-14,0.0
CITY OF VALENZUELA,0,2022-02-15,0.0
CITY OF VALENZUELA,0,2022-02-16,0.0
CITY OF VALENZUELA,0,2022-02-17,0.0
CITY OF VALENZUELA,0,2022-02-18,0.0
CITY OF VALENZUELA,1,2022-02-19,0.14285714285714285
