city,count,date,7DayMA
CITY OF MUNTINLUPA,1,2020-03-30,
CITY OF MUNTINLUPA,2,2020-03-31,
CITY OF MUNTINLUPA,0,2020-04-01,
CITY OF MUNTINLUPA,0,2020-04-02,
CITY OF MUNTINLUPA,0,2020-04-03,
CITY OF MUNTINLUPA,0,2020-04-04,
CITY OF MUNTINLUPA,2,2020-04-05,0.7142857142857143
CITY OF MUNTINLUPA,1,2020-04-06,0.7142857142857143
CITY OF MUNTINLUPA,1,2020-04-07,0.5714285714285714
CITY OF MUNTINLUPA,4,2020-04-08,1.1428571428571428
CITY OF MUNTINLUPA,0,2020-04-09,1.1428571428571428
CITY OF MUNTINLUPA,1,2020-04-10,1.2857142857142858
CITY OF MUNTINLUPA,1,2020-04-11,1.4285714285714286
CITY OF MUNTINLUPA,0,2020-04-12,1.1428571428571428
CITY OF MUNTINLUPA,1,2020-04-13,1.1428571428571428
CITY OF MUNTINLUPA,0,2020-04-14,1.0
CITY OF MUNTINLUPA,1,2020-04-15,0.5714285714285714
CITY OF MUNTINLUPA,1,2020-04-16,0.7142857142857143
CITY OF MUNTINLUPA,1,2020-04-17,0.7142857142857143
CITY OF MUNTINLUPA,1,2020-04-18,0.7142857142857143
CITY OF MUNTINLUPA,0,2020-04-19,0.7142857142857143
CITY OF MUNTINLUPA,3,2020-04-20,1.0
CITY OF MUNTINLUPA,2,2020-04-21,1.2857142857142858
CITY OF MUNTINLUPA,0,2020-04-22,1.1428571428571428
CITY OF MUNTINLUPA,3,2020-04-23,1.4285714285714286
CITY OF MUNTINLUPA,0,2020-04-24,1.2857142857142858
CITY OF MUNTINLUPA,0,2020-04-25,1.1428571428571428
CITY OF MUNTINLUPA,0,2020-04-26,1.1428571428571428
CITY OF MUNTINLUPA,6,2020-04-27,1.5714285714285714
CITY OF MUNTINLUPA,4,2020-04-28,1.8571428571428572
CITY OF MUNTINLUPA,0,2020-04-29,1.8571428571428572
CITY OF MUNTINLUPA,5,2020-04-30,2.142857142857143
CITY OF MUNTINLUPA,5,2020-05-01,2.857142857142857
CITY OF MUNTINLUPA,2,2020-05-02,3.142857142857143
CITY OF MUNTINLUPA,6,2020-05-03,4.0
CITY OF MUNTINLUPA,2,2020-05-04,3.4285714285714284
CITY OF MUNTINLUPA,5,2020-05-05,3.5714285714285716
CITY OF MUNTINLUPA,1,2020-05-06,3.7142857142857144
CITY OF MUNTINLUPA,3,2020-05-07,3.4285714285714284
CITY OF MUNTINLUPA,2,2020-05-08,3.0
CITY OF MUNTINLUPA,2,2020-05-09,3.0
CITY OF MUNTINLUPA,3,2020-05-10,2.5714285714285716
CITY OF MUNTINLUPA,2,2020-05-11,2.5714285714285716
CITY OF MUNTINLUPA,1,2020-05-12,2.0
CITY OF MUNTINLUPA,5,2020-05-13,2.5714285714285716
CITY OF MUNTINLUPA,1,2020-05-14,2.2857142857142856
CITY OF MUNTINLUPA,3,2020-05-15,2.4285714285714284
CITY OF MUNTINLUPA,1,2020-05-16,2.2857142857142856
CITY OF MUNTINLUPA,1,2020-05-17,2.0
CITY OF MUNTINLUPA,3,2020-05-18,2.142857142857143
CITY OF MUNTINLUPA,2,2020-05-19,2.2857142857142856
CITY OF MUNTINLUPA,4,2020-05-20,2.142857142857143
CITY OF MUNTINLUPA,2,2020-05-21,2.2857142857142856
CITY OF MUNTINLUPA,2,2020-05-22,2.142857142857143
CITY OF MUNTINLUPA,3,2020-05-23,2.4285714285714284
CITY OF MUNTINLUPA,1,2020-05-24,2.4285714285714284
CITY OF MUNTINLUPA,0,2020-05-25,2.0
CITY OF MUNTINLUPA,0,2020-05-26,1.7142857142857142
CITY OF MUNTINLUPA,0,2020-05-27,1.1428571428571428
CITY OF MUNTINLUPA,2,2020-05-28,1.1428571428571428
CITY OF MUNTINLUPA,3,2020-05-29,1.2857142857142858
CITY OF MUNTINLUPA,3,2020-05-30,1.2857142857142858
CITY OF MUNTINLUPA,1,2020-05-31,1.2857142857142858
CITY OF MUNTINLUPA,3,2020-06-01,1.7142857142857142
CITY OF MUNTINLUPA,2,2020-06-02,2.0
CITY OF MUNTINLUPA,2,2020-06-03,2.2857142857142856
CITY OF MUNTINLUPA,3,2020-06-04,2.4285714285714284
CITY OF MUNTINLUPA,2,2020-06-05,2.2857142857142856
CITY OF MUNTINLUPA,8,2020-06-06,3.0
CITY OF MUNTINLUPA,0,2020-06-07,2.857142857142857
CITY OF MUNTINLUPA,0,2020-06-08,2.4285714285714284
CITY OF MUNTINLUPA,1,2020-06-09,2.2857142857142856
CITY OF MUNTINLUPA,0,2020-06-10,2.0
CITY OF MUNTINLUPA,1,2020-06-11,1.7142857142857142
CITY OF MUNTINLUPA,1,2020-06-12,1.5714285714285714
CITY OF MUNTINLUPA,0,2020-06-13,0.42857142857142855
CITY OF MUNTINLUPA,0,2020-06-14,0.42857142857142855
CITY OF MUNTINLUPA,1,2020-06-15,0.5714285714285714
CITY OF MUNTINLUPA,2,2020-06-16,0.7142857142857143
CITY OF MUNTINLUPA,0,2020-06-17,0.7142857142857143
CITY OF MUNTINLUPA,0,2020-06-18,0.5714285714285714
CITY OF MUNTINLUPA,1,2020-06-19,0.5714285714285714
CITY OF MUNTINLUPA,0,2020-06-20,0.5714285714285714
CITY OF MUNTINLUPA,0,2020-06-21,0.5714285714285714
CITY OF MUNTINLUPA,1,2020-06-22,0.5714285714285714
CITY OF MUNTINLUPA,0,2020-06-23,0.2857142857142857
CITY OF MUNTINLUPA,3,2020-06-24,0.7142857142857143
CITY OF MUNTINLUPA,0,2020-06-25,0.7142857142857143
CITY OF MUNTINLUPA,0,2020-06-26,0.5714285714285714
CITY OF MUNTINLUPA,0,2020-06-27,0.5714285714285714
CITY OF MUNTINLUPA,0,2020-06-28,0.5714285714285714
CITY OF MUNTINLUPA,0,2020-06-29,0.42857142857142855
CITY OF MUNTINLUPA,0,2020-06-30,0.42857142857142855
CITY OF MUNTINLUPA,0,2020-07-01,0.0
CITY OF MUNTINLUPA,0,2020-07-02,0.0
CITY OF MUNTINLUPA,1,2020-07-03,0.14285714285714285
CITY OF MUNTINLUPA,0,2020-07-04,0.14285714285714285
CITY OF MUNTINLUPA,0,2020-07-05,0.14285714285714285
CITY OF MUNTINLUPA,0,2020-07-06,0.14285714285714285
CITY OF MUNTINLUPA,1,2020-07-07,0.2857142857142857
CITY OF MUNTINLUPA,0,2020-07-08,0.2857142857142857
CITY OF MUNTINLUPA,0,2020-07-09,0.2857142857142857
CITY OF MUNTINLUPA,0,2020-07-10,0.14285714285714285
CITY OF MUNTINLUPA,1,2020-07-11,0.2857142857142857
CITY OF MUNTINLUPA,0,2020-07-12,0.2857142857142857
CITY OF MUNTINLUPA,0,2020-07-13,0.2857142857142857
CITY OF MUNTINLUPA,0,2020-07-14,0.14285714285714285
CITY OF MUNTINLUPA,0,2020-07-15,0.14285714285714285
CITY OF MUNTINLUPA,0,2020-07-16,0.14285714285714285
CITY OF MUNTINLUPA,0,2020-07-17,0.14285714285714285
CITY OF MUNTINLUPA,1,2020-07-18,0.14285714285714285
CITY OF MUNTINLUPA,0,2020-07-19,0.14285714285714285
CITY OF MUNTINLUPA,0,2020-07-20,0.14285714285714285
CITY OF MUNTINLUPA,0,2020-07-21,0.14285714285714285
CITY OF MUNTINLUPA,0,2020-07-22,0.14285714285714285
CITY OF MUNTINLUPA,0,2020-07-23,0.14285714285714285
CITY OF MUNTINLUPA,0,2020-07-24,0.14285714285714285
CITY OF MUNTINLUPA,0,2020-07-25,0.0
CITY OF MUNTINLUPA,1,2020-07-26,0.14285714285714285
CITY OF MUNTINLUPA,0,2020-07-27,0.14285714285714285
CITY OF MUNTINLUPA,1,2020-07-28,0.2857142857142857
CITY OF MUNTINLUPA,1,2020-07-29,0.42857142857142855
CITY OF MUNTINLUPA,0,2020-07-30,0.42857142857142855
CITY OF MUNTINLUPA,3,2020-07-31,0.8571428571428571
CITY OF MUNTINLUPA,0,2020-08-01,0.8571428571428571
CITY OF MUNTINLUPA,0,2020-08-02,0.7142857142857143
CITY OF MUNTINLUPA,0,2020-08-03,0.7142857142857143
CITY OF MUNTINLUPA,0,2020-08-04,0.5714285714285714
CITY OF MUNTINLUPA,0,2020-08-05,0.42857142857142855
CITY OF MUNTINLUPA,2,2020-08-06,0.7142857142857143
CITY OF MUNTINLUPA,1,2020-08-07,0.42857142857142855
CITY OF MUNTINLUPA,1,2020-08-08,0.5714285714285714
CITY OF MUNTINLUPA,0,2020-08-09,0.5714285714285714
CITY OF MUNTINLUPA,1,2020-08-10,0.7142857142857143
CITY OF MUNTINLUPA,2,2020-08-11,1.0
CITY OF MUNTINLUPA,2,2020-08-12,1.2857142857142858
CITY OF MUNTINLUPA,0,2020-08-13,1.0
CITY OF MUNTINLUPA,1,2020-08-14,1.0
CITY OF MUNTINLUPA,1,2020-08-15,1.0
CITY OF MUNTINLUPA,0,2020-08-16,1.0
CITY OF MUNTINLUPA,0,2020-08-17,0.8571428571428571
CITY OF MUNTINLUPA,0,2020-08-18,0.5714285714285714
CITY OF MUNTINLUPA,1,2020-08-19,0.42857142857142855
CITY OF MUNTINLUPA,0,2020-08-20,0.42857142857142855
CITY OF MUNTINLUPA,0,2020-08-21,0.2857142857142857
CITY OF MUNTINLUPA,1,2020-08-22,0.2857142857142857
CITY OF MUNTINLUPA,1,2020-08-23,0.42857142857142855
CITY OF MUNTINLUPA,2,2020-08-24,0.7142857142857143
CITY OF MUNTINLUPA,1,2020-08-25,0.8571428571428571
CITY OF MUNTINLUPA,0,2020-08-26,0.7142857142857143
CITY OF MUNTINLUPA,0,2020-08-27,0.7142857142857143
CITY OF MUNTINLUPA,39,2020-08-28,6.285714285714286
CITY OF MUNTINLUPA,0,2020-08-29,6.142857142857143
CITY OF MUNTINLUPA,0,2020-08-30,6.0
CITY OF MUNTINLUPA,1,2020-08-31,5.857142857142857
CITY OF MUNTINLUPA,0,2020-09-01,5.714285714285714
CITY OF MUNTINLUPA,2,2020-09-02,6.0
CITY OF MUNTINLUPA,0,2020-09-03,6.0
CITY OF MUNTINLUPA,0,2020-09-04,0.42857142857142855
CITY OF MUNTINLUPA,1,2020-09-05,0.5714285714285714
CITY OF MUNTINLUPA,0,2020-09-06,0.5714285714285714
CITY OF MUNTINLUPA,0,2020-09-07,0.42857142857142855
CITY OF MUNTINLUPA,0,2020-09-08,0.42857142857142855
CITY OF MUNTINLUPA,0,2020-09-09,0.14285714285714285
CITY OF MUNTINLUPA,2,2020-09-10,0.42857142857142855
CITY OF MUNTINLUPA,0,2020-09-11,0.42857142857142855
CITY OF MUNTINLUPA,1,2020-09-12,0.42857142857142855
CITY OF MUNTINLUPA,0,2020-09-13,0.42857142857142855
CITY OF MUNTINLUPA,0,2020-09-14,0.42857142857142855
CITY OF MUNTINLUPA,0,2020-09-15,0.42857142857142855
CITY OF MUNTINLUPA,1,2020-09-16,0.5714285714285714
CITY OF MUNTINLUPA,0,2020-09-17,0.2857142857142857
CITY OF MUNTINLUPA,0,2020-09-18,0.2857142857142857
CITY OF MUNTINLUPA,0,2020-09-19,0.14285714285714285
CITY OF MUNTINLUPA,4,2020-09-20,0.7142857142857143
CITY OF MUNTINLUPA,1,2020-09-21,0.8571428571428571
CITY OF MUNTINLUPA,1,2020-09-22,1.0
CITY OF MUNTINLUPA,0,2020-09-23,0.8571428571428571
CITY OF MUNTINLUPA,2,2020-09-24,1.1428571428571428
CITY OF MUNTINLUPA,2,2020-09-25,1.4285714285714286
CITY OF MUNTINLUPA,0,2020-09-26,1.4285714285714286
CITY OF MUNTINLUPA,21,2020-09-27,3.857142857142857
CITY OF MUNTINLUPA,0,2020-09-28,3.7142857142857144
CITY OF MUNTINLUPA,1,2020-09-29,3.7142857142857144
CITY OF MUNTINLUPA,2,2020-09-30,4.0
CITY OF MUNTINLUPA,0,2020-10-01,3.7142857142857144
CITY OF MUNTINLUPA,1,2020-10-02,3.5714285714285716
CITY OF MUNTINLUPA,1,2020-10-03,3.7142857142857144
CITY OF MUNTINLUPA,0,2020-10-04,0.7142857142857143
CITY OF MUNTINLUPA,4,2020-10-05,1.2857142857142858
CITY OF MUNTINLUPA,2,2020-10-06,1.4285714285714286
CITY OF MUNTINLUPA,3,2020-10-07,1.5714285714285714
CITY OF MUNTINLUPA,1,2020-10-08,1.7142857142857142
CITY OF MUNTINLUPA,3,2020-10-09,2.0
CITY OF MUNTINLUPA,3,2020-10-10,2.2857142857142856
CITY OF MUNTINLUPA,1,2020-10-11,2.4285714285714284
CITY OF MUNTINLUPA,0,2020-10-12,1.8571428571428572
CITY OF MUNTINLUPA,9,2020-10-13,2.857142857142857
CITY OF MUNTINLUPA,9,2020-10-14,3.7142857142857144
CITY OF MUNTINLUPA,12,2020-10-15,5.285714285714286
CITY OF MUNTINLUPA,6,2020-10-16,5.714285714285714
CITY OF MUNTINLUPA,0,2020-10-17,5.285714285714286
CITY OF MUNTINLUPA,2,2020-10-18,5.428571428571429
CITY OF MUNTINLUPA,6,2020-10-19,6.285714285714286
CITY OF MUNTINLUPA,4,2020-10-20,5.571428571428571
CITY OF MUNTINLUPA,10,2020-10-21,5.714285714285714
CITY OF MUNTINLUPA,9,2020-10-22,5.285714285714286
CITY OF MUNTINLUPA,6,2020-10-23,5.285714285714286
CITY OF MUNTINLUPA,7,2020-10-24,6.285714285714286
CITY OF MUNTINLUPA,2,2020-10-25,6.285714285714286
CITY OF MUNTINLUPA,5,2020-10-26,6.142857142857143
CITY OF MUNTINLUPA,7,2020-10-27,6.571428571428571
CITY OF MUNTINLUPA,0,2020-10-28,5.142857142857143
CITY OF MUNTINLUPA,0,2020-10-29,3.857142857142857
CITY OF MUNTINLUPA,2,2020-10-30,3.2857142857142856
CITY OF MUNTINLUPA,2,2020-10-31,2.5714285714285716
CITY OF MUNTINLUPA,4,2020-11-01,2.857142857142857
CITY OF MUNTINLUPA,2,2020-11-02,2.4285714285714284
CITY OF MUNTINLUPA,4,2020-11-03,2.0
CITY OF MUNTINLUPA,0,2020-11-04,2.0
CITY OF MUNTINLUPA,0,2020-11-05,2.0
CITY OF MUNTINLUPA,1,2020-11-06,1.8571428571428572
CITY OF MUNTINLUPA,0,2020-11-07,1.5714285714285714
CITY OF MUNTINLUPA,2,2020-11-08,1.2857142857142858
CITY OF MUNTINLUPA,7,2020-11-09,2.0
CITY OF MUNTINLUPA,4,2020-11-10,2.0
CITY OF MUNTINLUPA,2,2020-11-11,2.2857142857142856
CITY OF MUNTINLUPA,1,2020-11-12,2.4285714285714284
CITY OF MUNTINLUPA,2,2020-11-13,2.5714285714285716
CITY OF MUNTINLUPA,3,2020-11-14,3.0
CITY OF MUNTINLUPA,2,2020-11-15,3.0
CITY OF MUNTINLUPA,5,2020-11-16,2.7142857142857144
CITY OF MUNTINLUPA,3,2020-11-17,2.5714285714285716
CITY OF MUNTINLUPA,2,2020-11-18,2.5714285714285716
CITY OF MUNTINLUPA,3,2020-11-19,2.857142857142857
CITY OF MUNTINLUPA,20,2020-11-20,5.428571428571429
CITY OF MUNTINLUPA,4,2020-11-21,5.571428571428571
CITY OF MUNTINLUPA,1,2020-11-22,5.428571428571429
CITY OF MUNTINLUPA,2,2020-11-23,5.0
CITY OF MUNTINLUPA,2,2020-11-24,4.857142857142857
CITY OF MUNTINLUPA,3,2020-11-25,5.0
CITY OF MUNTINLUPA,4,2020-11-26,5.142857142857143
CITY OF MUNTINLUPA,4,2020-11-27,2.857142857142857
CITY OF MUNTINLUPA,2,2020-11-28,2.5714285714285716
CITY OF MUNTINLUPA,0,2020-11-29,2.4285714285714284
CITY OF MUNTINLUPA,1,2020-11-30,2.2857142857142856
CITY OF MUNTINLUPA,15,2020-12-01,4.142857142857143
CITY OF MUNTINLUPA,0,2020-12-02,3.7142857142857144
CITY OF MUNTINLUPA,10,2020-12-03,4.571428571428571
CITY OF MUNTINLUPA,4,2020-12-04,4.571428571428571
CITY OF MUNTINLUPA,1,2020-12-05,4.428571428571429
CITY OF MUNTINLUPA,5,2020-12-06,5.142857142857143
CITY OF MUNTINLUPA,13,2020-12-07,6.857142857142857
CITY OF MUNTINLUPA,1,2020-12-08,4.857142857142857
CITY OF MUNTINLUPA,4,2020-12-09,5.428571428571429
CITY OF MUNTINLUPA,3,2020-12-10,4.428571428571429
CITY OF MUNTINLUPA,0,2020-12-11,3.857142857142857
CITY OF MUNTINLUPA,0,2020-12-12,3.7142857142857144
CITY OF MUNTINLUPA,0,2020-12-13,3.0
CITY OF MUNTINLUPA,4,2020-12-14,1.7142857142857142
CITY OF MUNTINLUPA,0,2020-12-15,1.5714285714285714
CITY OF MUNTINLUPA,0,2020-12-16,1.0
CITY OF MUNTINLUPA,0,2020-12-17,0.5714285714285714
CITY OF MUNTINLUPA,0,2020-12-18,0.5714285714285714
CITY OF MUNTINLUPA,1,2020-12-19,0.7142857142857143
CITY OF MUNTINLUPA,0,2020-12-20,0.7142857142857143
CITY OF MUNTINLUPA,0,2020-12-21,0.14285714285714285
CITY OF MUNTINLUPA,0,2020-12-22,0.14285714285714285
CITY OF MUNTINLUPA,0,2020-12-23,0.14285714285714285
CITY OF MUNTINLUPA,0,2020-12-24,0.14285714285714285
CITY OF MUNTINLUPA,0,2020-12-25,0.14285714285714285
CITY OF MUNTINLUPA,0,2020-12-26,0.0
CITY OF MUNTINLUPA,0,2020-12-27,0.0
CITY OF MUNTINLUPA,0,2020-12-28,0.0
CITY OF MUNTINLUPA,0,2020-12-29,0.0
CITY OF MUNTINLUPA,0,2020-12-30,0.0
CITY OF MUNTINLUPA,1,2020-12-31,0.14285714285714285
CITY OF MUNTINLUPA,0,2021-01-01,0.14285714285714285
CITY OF MUNTINLUPA,1,2021-01-02,0.2857142857142857
CITY OF MUNTINLUPA,0,2021-01-03,0.2857142857142857
CITY OF MUNTINLUPA,0,2021-01-04,0.2857142857142857
CITY OF MUNTINLUPA,0,2021-01-05,0.2857142857142857
CITY OF MUNTINLUPA,0,2021-01-06,0.2857142857142857
CITY OF MUNTINLUPA,0,2021-01-07,0.14285714285714285
CITY OF MUNTINLUPA,0,2021-01-08,0.14285714285714285
CITY OF MUNTINLUPA,0,2021-01-09,0.0
CITY OF MUNTINLUPA,0,2021-01-10,0.0
CITY OF MUNTINLUPA,0,2021-01-11,0.0
CITY OF MUNTINLUPA,0,2021-01-12,0.0
CITY OF MUNTINLUPA,0,2021-01-13,0.0
CITY OF MUNTINLUPA,0,2021-01-14,0.0
CITY OF MUNTINLUPA,0,2021-01-15,0.0
CITY OF MUNTINLUPA,0,2021-01-16,0.0
CITY OF MUNTINLUPA,0,2021-01-17,0.0
CITY OF MUNTINLUPA,0,2021-01-18,0.0
CITY OF MUNTINLUPA,1,2021-01-19,0.14285714285714285
CITY OF MUNTINLUPA,0,2021-01-20,0.14285714285714285
CITY OF MUNTINLUPA,1,2021-01-21,0.2857142857142857
CITY OF MUNTINLUPA,0,2021-01-22,0.2857142857142857
CITY OF MUNTINLUPA,1,2021-01-23,0.42857142857142855
CITY OF MUNTINLUPA,0,2021-01-24,0.42857142857142855
CITY OF MUNTINLUPA,0,2021-01-25,0.42857142857142855
CITY OF MUNTINLUPA,1,2021-01-26,0.42857142857142855
CITY OF MUNTINLUPA,0,2021-01-27,0.42857142857142855
CITY OF MUNTINLUPA,0,2021-01-28,0.2857142857142857
CITY OF MUNTINLUPA,0,2021-01-29,0.2857142857142857
CITY OF MUNTINLUPA,0,2021-01-30,0.14285714285714285
CITY OF MUNTINLUPA,0,2021-01-31,0.14285714285714285
CITY OF MUNTINLUPA,0,2021-02-01,0.14285714285714285
CITY OF MUNTINLUPA,0,2021-02-02,0.0
CITY OF MUNTINLUPA,1,2021-02-03,0.14285714285714285
CITY OF MUNTINLUPA,0,2021-02-04,0.14285714285714285
CITY OF MUNTINLUPA,0,2021-02-05,0.14285714285714285
CITY OF MUNTINLUPA,0,2021-02-06,0.14285714285714285
CITY OF MUNTINLUPA,1,2021-02-07,0.2857142857142857
CITY OF MUNTINLUPA,0,2021-02-08,0.2857142857142857
CITY OF MUNTINLUPA,0,2021-02-09,0.2857142857142857
CITY OF MUNTINLUPA,0,2021-02-10,0.14285714285714285
CITY OF MUNTINLUPA,0,2021-02-11,0.14285714285714285
CITY OF MUNTINLUPA,0,2021-02-12,0.14285714285714285
CITY OF MUNTINLUPA,0,2021-02-13,0.14285714285714285
CITY OF MUNTINLUPA,0,2021-02-14,0.0
CITY OF MUNTINLUPA,0,2021-02-15,0.0
CITY OF MUNTINLUPA,0,2021-02-16,0.0
CITY OF MUNTINLUPA,0,2021-02-17,0.0
CITY OF MUNTINLUPA,0,2021-02-18,0.0
CITY OF MUNTINLUPA,0,2021-02-19,0.0
CITY OF MUNTINLUPA,0,2021-02-20,0.0
CITY OF MUNTINLUPA,0,2021-02-21,0.0
CITY OF MUNTINLUPA,0,2021-02-22,0.0
CITY OF MUNTINLUPA,0,2021-02-23,0.0
CITY OF MUNTINLUPA,0,2021-02-24,0.0
CITY OF MUNTINLUPA,0,2021-02-25,0.0
CITY OF MUNTINLUPA,0,2021-02-26,0.0
CITY OF MUNTINLUPA,1,2021-02-27,0.14285714285714285
CITY OF MUNTINLUPA,0,2021-02-28,0.14285714285714285
CITY OF MUNTINLUPA,0,2021-03-01,0.14285714285714285
CITY OF MUNTINLUPA,1,2021-03-02,0.2857142857142857
CITY OF MUNTINLUPA,0,2021-03-03,0.2857142857142857
CITY OF MUNTINLUPA,0,2021-03-04,0.2857142857142857
CITY OF MUNTINLUPA,0,2021-03-05,0.2857142857142857
CITY OF MUNTINLUPA,0,2021-03-06,0.14285714285714285
CITY OF MUNTINLUPA,0,2021-03-07,0.14285714285714285
CITY OF MUNTINLUPA,1,2021-03-08,0.2857142857142857
CITY OF MUNTINLUPA,0,2021-03-09,0.14285714285714285
CITY OF MUNTINLUPA,0,2021-03-10,0.14285714285714285
CITY OF MUNTINLUPA,0,2021-03-11,0.14285714285714285
CITY OF MUNTINLUPA,0,2021-03-12,0.14285714285714285
CITY OF MUNTINLUPA,0,2021-03-13,0.14285714285714285
CITY OF MUNTINLUPA,0,2021-03-14,0.14285714285714285
CITY OF MUNTINLUPA,0,2021-03-15,0.0
CITY OF MUNTINLUPA,0,2021-03-16,0.0
CITY OF MUNTINLUPA,0,2021-03-17,0.0
CITY OF MUNTINLUPA,0,2021-03-18,0.0
CITY OF MUNTINLUPA,0,2021-03-19,0.0
CITY OF MUNTINLUPA,0,2021-03-20,0.0
CITY OF MUNTINLUPA,1,2021-03-21,0.14285714285714285
CITY OF MUNTINLUPA,0,2021-03-22,0.14285714285714285
CITY OF MUNTINLUPA,1,2021-03-23,0.2857142857142857
CITY OF MUNTINLUPA,1,2021-03-24,0.42857142857142855
CITY OF MUNTINLUPA,0,2021-03-25,0.42857142857142855
CITY OF MUNTINLUPA,1,2021-03-26,0.5714285714285714
CITY OF MUNTINLUPA,1,2021-03-27,0.7142857142857143
CITY OF MUNTINLUPA,0,2021-03-28,0.5714285714285714
CITY OF MUNTINLUPA,2,2021-03-29,0.8571428571428571
CITY OF MUNTINLUPA,0,2021-03-30,0.7142857142857143
CITY OF MUNTINLUPA,0,2021-03-31,0.5714285714285714
CITY OF MUNTINLUPA,0,2021-04-01,0.5714285714285714
CITY OF MUNTINLUPA,0,2021-04-02,0.42857142857142855
CITY OF MUNTINLUPA,2,2021-04-03,0.5714285714285714
CITY OF MUNTINLUPA,0,2021-04-04,0.5714285714285714
CITY OF MUNTINLUPA,1,2021-04-05,0.42857142857142855
CITY OF MUNTINLUPA,0,2021-04-06,0.42857142857142855
CITY OF MUNTINLUPA,1,2021-04-07,0.5714285714285714
CITY OF MUNTINLUPA,0,2021-04-08,0.5714285714285714
CITY OF MUNTINLUPA,0,2021-04-09,0.5714285714285714
CITY OF MUNTINLUPA,0,2021-04-10,0.2857142857142857
CITY OF MUNTINLUPA,0,2021-04-11,0.2857142857142857
CITY OF MUNTINLUPA,3,2021-04-12,0.5714285714285714
CITY OF MUNTINLUPA,2,2021-04-13,0.8571428571428571
CITY OF MUNTINLUPA,1,2021-04-14,0.8571428571428571
CITY OF MUNTINLUPA,1,2021-04-15,1.0
CITY OF MUNTINLUPA,1,2021-04-16,1.1428571428571428
CITY OF MUNTINLUPA,0,2021-04-17,1.1428571428571428
CITY OF MUNTINLUPA,0,2021-04-18,1.1428571428571428
CITY OF MUNTINLUPA,0,2021-04-19,0.7142857142857143
CITY OF MUNTINLUPA,1,2021-04-20,0.5714285714285714
CITY OF MUNTINLUPA,0,2021-04-21,0.42857142857142855
CITY OF MUNTINLUPA,0,2021-04-22,0.2857142857142857
CITY OF MUNTINLUPA,1,2021-04-23,0.2857142857142857
CITY OF MUNTINLUPA,0,2021-04-24,0.2857142857142857
CITY OF MUNTINLUPA,1,2021-04-25,0.42857142857142855
CITY OF MUNTINLUPA,0,2021-04-26,0.42857142857142855
CITY OF MUNTINLUPA,1,2021-04-27,0.42857142857142855
CITY OF MUNTINLUPA,1,2021-04-28,0.5714285714285714
CITY OF MUNTINLUPA,44,2021-04-29,6.857142857142857
CITY OF MUNTINLUPA,0,2021-04-30,6.714285714285714
CITY OF MUNTINLUPA,0,2021-05-01,6.714285714285714
CITY OF MUNTINLUPA,0,2021-05-02,6.571428571428571
CITY OF MUNTINLUPA,1,2021-05-03,6.714285714285714
CITY OF MUNTINLUPA,76,2021-05-04,17.428571428571427
CITY OF MUNTINLUPA,75,2021-05-05,28.0
CITY OF MUNTINLUPA,0,2021-05-06,21.714285714285715
CITY OF MUNTINLUPA,38,2021-05-07,27.142857142857142
CITY OF MUNTINLUPA,155,2021-05-08,49.285714285714285
CITY OF MUNTINLUPA,0,2021-05-09,49.285714285714285
CITY OF MUNTINLUPA,0,2021-05-10,49.142857142857146
CITY OF MUNTINLUPA,6,2021-05-11,39.142857142857146
CITY OF MUNTINLUPA,50,2021-05-12,35.57142857142857
CITY OF MUNTINLUPA,67,2021-05-13,45.142857142857146
CITY OF MUNTINLUPA,17,2021-05-14,42.142857142857146
CITY OF MUNTINLUPA,72,2021-05-15,30.285714285714285
CITY OF MUNTINLUPA,49,2021-05-16,37.285714285714285
CITY OF MUNTINLUPA,56,2021-05-17,45.285714285714285
CITY OF MUNTINLUPA,66,2021-05-18,53.857142857142854
CITY OF MUNTINLUPA,60,2021-05-19,55.285714285714285
CITY OF MUNTINLUPA,24,2021-05-20,49.142857142857146
CITY OF MUNTINLUPA,15,2021-05-21,48.857142857142854
CITY OF MUNTINLUPA,81,2021-05-22,50.142857142857146
CITY OF MUNTINLUPA,45,2021-05-23,49.57142857142857
CITY OF MUNTINLUPA,48,2021-05-24,48.42857142857143
CITY OF MUNTINLUPA,1,2021-05-25,39.142857142857146
CITY OF MUNTINLUPA,47,2021-05-26,37.285714285714285
CITY OF MUNTINLUPA,40,2021-05-27,39.57142857142857
CITY OF MUNTINLUPA,24,2021-05-28,40.857142857142854
CITY OF MUNTINLUPA,0,2021-05-29,29.285714285714285
CITY OF MUNTINLUPA,67,2021-05-30,32.42857142857143
CITY OF MUNTINLUPA,37,2021-05-31,30.857142857142858
CITY OF MUNTINLUPA,59,2021-06-01,39.142857142857146
CITY OF MUNTINLUPA,56,2021-06-02,40.42857142857143
CITY OF MUNTINLUPA,24,2021-06-03,38.142857142857146
CITY OF MUNTINLUPA,2,2021-06-04,35.0
CITY OF MUNTINLUPA,68,2021-06-05,44.714285714285715
CITY OF MUNTINLUPA,45,2021-06-06,41.57142857142857
CITY OF MUNTINLUPA,38,2021-06-07,41.714285714285715
CITY OF MUNTINLUPA,31,2021-06-08,37.714285714285715
CITY OF MUNTINLUPA,35,2021-06-09,34.714285714285715
CITY OF MUNTINLUPA,19,2021-06-10,34.0
CITY OF MUNTINLUPA,23,2021-06-11,37.0
CITY OF MUNTINLUPA,45,2021-06-12,33.714285714285715
CITY OF MUNTINLUPA,36,2021-06-13,32.42857142857143
CITY OF MUNTINLUPA,49,2021-06-14,34.0
CITY OF MUNTINLUPA,20,2021-06-15,32.42857142857143
CITY OF MUNTINLUPA,33,2021-06-16,32.142857142857146
CITY OF MUNTINLUPA,16,2021-06-17,31.714285714285715
CITY OF MUNTINLUPA,13,2021-06-18,30.285714285714285
CITY OF MUNTINLUPA,56,2021-06-19,31.857142857142858
CITY OF MUNTINLUPA,43,2021-06-20,32.857142857142854
CITY OF MUNTINLUPA,41,2021-06-21,31.714285714285715
CITY OF MUNTINLUPA,38,2021-06-22,34.285714285714285
CITY OF MUNTINLUPA,38,2021-06-23,35.0
CITY OF MUNTINLUPA,12,2021-06-24,34.42857142857143
CITY OF MUNTINLUPA,15,2021-06-25,34.714285714285715
CITY OF MUNTINLUPA,61,2021-06-26,35.42857142857143
CITY OF MUNTINLUPA,15,2021-06-27,31.428571428571427
CITY OF MUNTINLUPA,21,2021-06-28,28.571428571428573
CITY OF MUNTINLUPA,41,2021-06-29,29.0
CITY OF MUNTINLUPA,39,2021-06-30,29.142857142857142
CITY OF MUNTINLUPA,19,2021-07-01,30.142857142857142
CITY OF MUNTINLUPA,11,2021-07-02,29.571428571428573
CITY OF MUNTINLUPA,31,2021-07-03,25.285714285714285
CITY OF MUNTINLUPA,36,2021-07-04,28.285714285714285
CITY OF MUNTINLUPA,21,2021-07-05,28.285714285714285
CITY OF MUNTINLUPA,36,2021-07-06,27.571428571428573
CITY OF MUNTINLUPA,31,2021-07-07,26.428571428571427
CITY OF MUNTINLUPA,39,2021-07-08,29.285714285714285
CITY OF MUNTINLUPA,0,2021-07-09,27.714285714285715
CITY OF MUNTINLUPA,0,2021-07-10,23.285714285714285
CITY OF MUNTINLUPA,0,2021-07-11,18.142857142857142
CITY OF MUNTINLUPA,31,2021-07-12,19.571428571428573
CITY OF MUNTINLUPA,18,2021-07-13,17.0
CITY OF MUNTINLUPA,28,2021-07-14,16.571428571428573
CITY OF MUNTINLUPA,17,2021-07-15,13.428571428571429
CITY OF MUNTINLUPA,13,2021-07-16,15.285714285714286
CITY OF MUNTINLUPA,48,2021-07-17,22.142857142857142
CITY OF MUNTINLUPA,43,2021-07-18,28.285714285714285
CITY OF MUNTINLUPA,0,2021-07-19,23.857142857142858
CITY OF MUNTINLUPA,0,2021-07-20,21.285714285714285
CITY OF MUNTINLUPA,13,2021-07-21,19.142857142857142
CITY OF MUNTINLUPA,24,2021-07-22,20.142857142857142
CITY OF MUNTINLUPA,9,2021-07-23,19.571428571428573
CITY OF MUNTINLUPA,26,2021-07-24,16.428571428571427
CITY OF MUNTINLUPA,39,2021-07-25,15.857142857142858
CITY OF MUNTINLUPA,62,2021-07-26,24.714285714285715
CITY OF MUNTINLUPA,0,2021-07-27,24.714285714285715
CITY OF MUNTINLUPA,1,2021-07-28,23.0
CITY OF MUNTINLUPA,1,2021-07-29,19.714285714285715
CITY OF MUNTINLUPA,0,2021-07-30,18.428571428571427
CITY OF MUNTINLUPA,0,2021-07-31,14.714285714285714
CITY OF MUNTINLUPA,26,2021-08-01,12.857142857142858
CITY OF MUNTINLUPA,32,2021-08-02,8.571428571428571
CITY OF MUNTINLUPA,44,2021-08-03,14.857142857142858
CITY OF MUNTINLUPA,60,2021-08-04,23.285714285714285
CITY OF MUNTINLUPA,25,2021-08-05,26.714285714285715
CITY OF MUNTINLUPA,30,2021-08-06,31.0
CITY OF MUNTINLUPA,79,2021-08-07,42.285714285714285
CITY OF MUNTINLUPA,66,2021-08-08,48.0
CITY OF MUNTINLUPA,62,2021-08-09,52.285714285714285
CITY OF MUNTINLUPA,81,2021-08-10,57.57142857142857
CITY OF MUNTINLUPA,1,2021-08-11,49.142857142857146
CITY OF MUNTINLUPA,95,2021-08-12,59.142857142857146
CITY OF MUNTINLUPA,44,2021-08-13,61.142857142857146
CITY OF MUNTINLUPA,0,2021-08-14,49.857142857142854
CITY OF MUNTINLUPA,0,2021-08-15,40.42857142857143
CITY OF MUNTINLUPA,0,2021-08-16,31.571428571428573
CITY OF MUNTINLUPA,0,2021-08-17,20.0
CITY OF MUNTINLUPA,102,2021-08-18,34.42857142857143
CITY OF MUNTINLUPA,92,2021-08-19,34.0
CITY OF MUNTINLUPA,1,2021-08-20,27.857142857142858
CITY OF MUNTINLUPA,282,2021-08-21,68.14285714285714
CITY OF MUNTINLUPA,222,2021-08-22,99.85714285714286
CITY OF MUNTINLUPA,152,2021-08-23,121.57142857142857
CITY OF MUNTINLUPA,242,2021-08-24,156.14285714285714
CITY OF MUNTINLUPA,216,2021-08-25,172.42857142857142
CITY OF MUNTINLUPA,127,2021-08-26,177.42857142857142
CITY OF MUNTINLUPA,51,2021-08-27,184.57142857142858
CITY OF MUNTINLUPA,0,2021-08-28,144.28571428571428
CITY OF MUNTINLUPA,0,2021-08-29,112.57142857142857
CITY OF MUNTINLUPA,0,2021-08-30,90.85714285714286
CITY OF MUNTINLUPA,0,2021-08-31,56.285714285714285
CITY OF MUNTINLUPA,0,2021-09-01,25.428571428571427
CITY OF MUNTINLUPA,2,2021-09-02,7.571428571428571
CITY OF MUNTINLUPA,0,2021-09-03,0.2857142857142857
CITY OF MUNTINLUPA,0,2021-09-04,0.2857142857142857
CITY OF MUNTINLUPA,0,2021-09-05,0.2857142857142857
CITY OF MUNTINLUPA,0,2021-09-06,0.2857142857142857
CITY OF MUNTINLUPA,249,2021-09-07,35.857142857142854
CITY OF MUNTINLUPA,256,2021-09-08,72.42857142857143
CITY OF MUNTINLUPA,0,2021-09-09,72.14285714285714
CITY OF MUNTINLUPA,105,2021-09-10,87.14285714285714
CITY OF MUNTINLUPA,235,2021-09-11,120.71428571428571
CITY OF MUNTINLUPA,287,2021-09-12,161.71428571428572
CITY OF MUNTINLUPA,269,2021-09-13,200.14285714285714
CITY OF MUNTINLUPA,1,2021-09-14,164.71428571428572
CITY OF MUNTINLUPA,361,2021-09-15,179.71428571428572
CITY OF MUNTINLUPA,131,2021-09-16,198.42857142857142
CITY OF MUNTINLUPA,1,2021-09-17,183.57142857142858
CITY OF MUNTINLUPA,393,2021-09-18,206.14285714285714
CITY OF MUNTINLUPA,0,2021-09-19,165.14285714285714
CITY OF MUNTINLUPA,274,2021-09-20,165.85714285714286
CITY OF MUNTINLUPA,254,2021-09-21,202.0
CITY OF MUNTINLUPA,319,2021-09-22,196.0
CITY OF MUNTINLUPA,0,2021-09-23,177.28571428571428
CITY OF MUNTINLUPA,67,2021-09-24,186.71428571428572
CITY OF MUNTINLUPA,0,2021-09-25,130.57142857142858
CITY OF MUNTINLUPA,0,2021-09-26,130.57142857142858
CITY OF MUNTINLUPA,0,2021-09-27,91.42857142857143
CITY OF MUNTINLUPA,0,2021-09-28,55.142857142857146
CITY OF MUNTINLUPA,0,2021-09-29,9.571428571428571
CITY OF MUNTINLUPA,78,2021-09-30,20.714285714285715
CITY OF MUNTINLUPA,0,2021-10-01,11.142857142857142
CITY OF MUNTINLUPA,0,2021-10-02,11.142857142857142
CITY OF MUNTINLUPA,1,2021-10-03,11.285714285714286
CITY OF MUNTINLUPA,0,2021-10-04,11.285714285714286
CITY OF MUNTINLUPA,1,2021-10-05,11.428571428571429
CITY OF MUNTINLUPA,0,2021-10-06,11.428571428571429
CITY OF MUNTINLUPA,4,2021-10-07,0.8571428571428571
CITY OF MUNTINLUPA,0,2021-10-08,0.8571428571428571
CITY OF MUNTINLUPA,0,2021-10-09,0.8571428571428571
CITY OF MUNTINLUPA,0,2021-10-10,0.7142857142857143
CITY OF MUNTINLUPA,1,2021-10-11,0.8571428571428571
CITY OF MUNTINLUPA,0,2021-10-12,0.7142857142857143
CITY OF MUNTINLUPA,0,2021-10-13,0.7142857142857143
CITY OF MUNTINLUPA,0,2021-10-14,0.14285714285714285
CITY OF MUNTINLUPA,1,2021-10-15,0.2857142857142857
CITY OF MUNTINLUPA,0,2021-10-16,0.2857142857142857
CITY OF MUNTINLUPA,0,2021-10-17,0.2857142857142857
CITY OF MUNTINLUPA,0,2021-10-18,0.14285714285714285
CITY OF MUNTINLUPA,0,2021-10-19,0.14285714285714285
CITY OF MUNTINLUPA,1,2021-10-20,0.2857142857142857
CITY OF MUNTINLUPA,0,2021-10-21,0.2857142857142857
CITY OF MUNTINLUPA,0,2021-10-22,0.14285714285714285
CITY OF MUNTINLUPA,0,2021-10-23,0.14285714285714285
CITY OF MUNTINLUPA,0,2021-10-24,0.14285714285714285
CITY OF MUNTINLUPA,0,2021-10-25,0.14285714285714285
CITY OF MUNTINLUPA,0,2021-10-26,0.14285714285714285
CITY OF MUNTINLUPA,0,2021-10-27,0.0
CITY OF MUNTINLUPA,0,2021-10-28,0.0
CITY OF MUNTINLUPA,0,2021-10-29,0.0
CITY OF MUNTINLUPA,0,2021-10-30,0.0
CITY OF MUNTINLUPA,1,2021-10-31,0.14285714285714285
CITY OF MUNTINLUPA,3,2021-11-01,0.5714285714285714
CITY OF MUNTINLUPA,20,2021-11-02,3.4285714285714284
CITY OF MUNTINLUPA,12,2021-11-03,5.142857142857143
CITY OF MUNTINLUPA,4,2021-11-04,5.714285714285714
CITY OF MUNTINLUPA,7,2021-11-05,6.714285714285714
CITY OF MUNTINLUPA,2,2021-11-06,7.0
CITY OF MUNTINLUPA,18,2021-11-07,9.428571428571429
CITY OF MUNTINLUPA,5,2021-11-08,9.714285714285714
CITY OF MUNTINLUPA,7,2021-11-09,7.857142857142857
CITY OF MUNTINLUPA,25,2021-11-10,9.714285714285714
CITY OF MUNTINLUPA,6,2021-11-11,10.0
CITY OF MUNTINLUPA,5,2021-11-12,9.714285714285714
CITY OF MUNTINLUPA,11,2021-11-13,11.0
CITY OF MUNTINLUPA,6,2021-11-14,9.285714285714286
CITY OF MUNTINLUPA,10,2021-11-15,10.0
CITY OF MUNTINLUPA,4,2021-11-16,9.571428571428571
CITY OF MUNTINLUPA,6,2021-11-17,6.857142857142857
CITY OF MUNTINLUPA,12,2021-11-18,7.714285714285714
CITY OF MUNTINLUPA,1,2021-11-19,7.142857142857143
CITY OF MUNTINLUPA,7,2021-11-20,6.571428571428571
CITY OF MUNTINLUPA,2,2021-11-21,6.0
CITY OF MUNTINLUPA,4,2021-11-22,5.142857142857143
CITY OF MUNTINLUPA,5,2021-11-23,5.285714285714286
CITY OF MUNTINLUPA,0,2021-11-24,4.428571428571429
CITY OF MUNTINLUPA,4,2021-11-25,3.2857142857142856
CITY OF MUNTINLUPA,4,2021-11-26,3.7142857142857144
CITY OF MUNTINLUPA,5,2021-11-27,3.4285714285714284
CITY OF MUNTINLUPA,9,2021-11-28,4.428571428571429
CITY OF MUNTINLUPA,6,2021-11-29,4.714285714285714
CITY OF MUNTINLUPA,0,2021-11-30,4.0
CITY OF MUNTINLUPA,0,2021-12-01,4.0
CITY OF MUNTINLUPA,0,2021-12-02,3.4285714285714284
CITY OF MUNTINLUPA,0,2021-12-03,2.857142857142857
CITY OF MUNTINLUPA,2,2021-12-04,2.4285714285714284
CITY OF MUNTINLUPA,2,2021-12-05,1.4285714285714286
CITY OF MUNTINLUPA,3,2021-12-06,1.0
CITY OF MUNTINLUPA,0,2021-12-07,1.0
CITY OF MUNTINLUPA,3,2021-12-08,1.4285714285714286
CITY OF MUNTINLUPA,0,2021-12-09,1.4285714285714286
CITY OF MUNTINLUPA,1,2021-12-10,1.5714285714285714
CITY OF MUNTINLUPA,5,2021-12-11,2.0
CITY OF MUNTINLUPA,0,2021-12-12,1.7142857142857142
CITY OF MUNTINLUPA,0,2021-12-13,1.2857142857142858
CITY OF MUNTINLUPA,0,2021-12-14,1.2857142857142858
CITY OF MUNTINLUPA,2,2021-12-15,1.1428571428571428
CITY OF MUNTINLUPA,0,2021-12-16,1.1428571428571428
CITY OF MUNTINLUPA,0,2021-12-17,1.0
CITY OF MUNTINLUPA,0,2021-12-18,0.2857142857142857
CITY OF MUNTINLUPA,0,2021-12-19,0.2857142857142857
CITY OF MUNTINLUPA,1,2021-12-20,0.42857142857142855
CITY OF MUNTINLUPA,0,2021-12-21,0.42857142857142855
CITY OF MUNTINLUPA,0,2021-12-22,0.14285714285714285
CITY OF MUNTINLUPA,0,2021-12-23,0.14285714285714285
CITY OF MUNTINLUPA,0,2021-12-24,0.14285714285714285
CITY OF MUNTINLUPA,0,2021-12-25,0.14285714285714285
CITY OF MUNTINLUPA,0,2021-12-26,0.14285714285714285
CITY OF MUNTINLUPA,0,2021-12-27,0.0
CITY OF MUNTINLUPA,0,2021-12-28,0.0
CITY OF MUNTINLUPA,0,2021-12-29,0.0
CITY OF MUNTINLUPA,0,2021-12-30,0.0
CITY OF MUNTINLUPA,1,2021-12-31,0.14285714285714285
CITY OF MUNTINLUPA,4,2022-01-01,0.7142857142857143
CITY OF MUNTINLUPA,3,2022-01-02,1.1428571428571428
CITY OF MUNTINLUPA,0,2022-01-03,1.1428571428571428
CITY OF MUNTINLUPA,0,2022-01-04,1.1428571428571428
CITY OF MUNTINLUPA,1,2022-01-05,1.2857142857142858
CITY OF MUNTINLUPA,0,2022-01-06,1.2857142857142858
CITY OF MUNTINLUPA,0,2022-01-07,1.1428571428571428
CITY OF MUNTINLUPA,0,2022-01-08,0.5714285714285714
CITY OF MUNTINLUPA,0,2022-01-09,0.14285714285714285
CITY OF MUNTINLUPA,1,2022-01-10,0.2857142857142857
CITY OF MUNTINLUPA,0,2022-01-11,0.2857142857142857
CITY OF MUNTINLUPA,2,2022-01-12,0.42857142857142855
CITY OF MUNTINLUPA,2,2022-01-13,0.7142857142857143
CITY OF MUNTINLUPA,4,2022-01-14,1.2857142857142858
CITY OF MUNTINLUPA,0,2022-01-15,1.2857142857142858
CITY OF MUNTINLUPA,1,2022-01-16,1.4285714285714286
CITY OF MUNTINLUPA,2,2022-01-17,1.5714285714285714
CITY OF MUNTINLUPA,3,2022-01-18,2.0
CITY OF MUNTINLUPA,1,2022-01-19,1.8571428571428572
CITY OF MUNTINLUPA,1,2022-01-20,1.7142857142857142
CITY OF MUNTINLUPA,0,2022-01-21,1.1428571428571428
CITY OF MUNTINLUPA,1,2022-01-22,1.2857142857142858
CITY OF MUNTINLUPA,1,2022-01-23,1.2857142857142858
CITY OF MUNTINLUPA,0,2022-01-24,1.0
CITY OF MUNTINLUPA,0,2022-01-25,0.5714285714285714
CITY OF MUNTINLUPA,0,2022-01-26,0.42857142857142855
CITY OF MUNTINLUPA,2,2022-01-27,0.5714285714285714
CITY OF MUNTINLUPA,2,2022-01-28,0.8571428571428571
CITY OF MUNTINLUPA,1,2022-01-29,0.8571428571428571
CITY OF MUNTINLUPA,0,2022-01-30,0.7142857142857143
CITY OF MUNTINLUPA,3,2022-01-31,1.1428571428571428
CITY OF MUNTINLUPA,0,2022-02-01,1.1428571428571428
CITY OF MUNTINLUPA,0,2022-02-02,1.1428571428571428
CITY OF MUNTINLUPA,1,2022-02-03,1.0
CITY OF MUNTINLUPA,0,2022-02-04,0.7142857142857143
CITY OF MUNTINLUPA,1,2022-02-05,0.7142857142857143
CITY OF MUNTINLUPA,1,2022-02-06,0.8571428571428571
CITY OF MUNTINLUPA,0,2022-02-07,0.42857142857142855
CITY OF MUNTINLUPA,0,2022-02-08,0.42857142857142855
CITY OF MUNTINLUPA,0,2022-02-09,0.42857142857142855
CITY OF MUNTINLUPA,0,2022-02-10,0.2857142857142857
CITY OF MUNTINLUPA,0,2022-02-11,0.2857142857142857
CITY OF MUNTINLUPA,0,2022-02-12,0.14285714285714285
CITY OF MUNTINLUPA,0,2022-02-13,0.0
CITY OF MUNTINLUPA,1,2022-02-14,0.14285714285714285
CITY OF MUNTINLUPA,1,2022-02-15,0.2857142857142857
CITY OF MUNTINLUPA,0,2022-02-16,0.2857142857142857
CITY OF MUNTINLUPA,0,2022-02-17,0.2857142857142857
CITY OF MUNTINLUPA,0,2022-02-18,0.2857142857142857
CITY OF MUNTINLUPA,0,2022-02-19,0.2857142857142857
CITY OF MUNTINLUPA,0,2022-02-20,0.2857142857142857
CITY OF MUNTINLUPA,0,2022-02-21,0.14285714285714285
CITY OF MUNTINLUPA,0,2022-02-22,0.0
CITY OF MUNTINLUPA,0,2022-02-23,0.0
CITY OF MUNTINLUPA,1,2022-02-24,0.14285714285714285
CITY OF MUNTINLUPA,0,2022-02-25,0.14285714285714285
CITY OF MUNTINLUPA,0,2022-02-26,0.14285714285714285
CITY OF MUNTINLUPA,0,2022-02-27,0.14285714285714285
CITY OF MUNTINLUPA,0,2022-02-28,0.14285714285714285
CITY OF MUNTINLUPA,1,2022-03-01,0.2857142857142857
CITY OF MUNTINLUPA,0,2022-03-02,0.2857142857142857
CITY OF MUNTINLUPA,0,2022-03-03,0.14285714285714285
CITY OF MUNTINLUPA,0,2022-03-04,0.14285714285714285
CITY OF MUNTINLUPA,0,2022-03-05,0.14285714285714285
CITY OF MUNTINLUPA,1,2022-03-06,0.2857142857142857
CITY OF MUNTINLUPA,0,2022-03-07,0.2857142857142857
CITY OF MUNTINLUPA,0,2022-03-08,0.14285714285714285
CITY OF MUNTINLUPA,0,2022-03-09,0.14285714285714285
CITY OF MUNTINLUPA,0,2022-03-10,0.14285714285714285
CITY OF MUNTINLUPA,0,2022-03-11,0.14285714285714285
CITY OF MUNTINLUPA,0,2022-03-12,0.14285714285714285
CITY OF MUNTINLUPA,0,2022-03-13,0.0
CITY OF MUNTINLUPA,0,2022-03-14,0.0
CITY OF MUNTINLUPA,0,2022-03-15,0.0
CITY OF MUNTINLUPA,0,2022-03-16,0.0
CITY OF MUNTINLUPA,0,2022-03-17,0.0
CITY OF MUNTINLUPA,0,2022-03-18,0.0
CITY OF MUNTINLUPA,0,2022-03-19,0.0
CITY OF MUNTINLUPA,0,2022-03-20,0.0
CITY OF MUNTINLUPA,0,2022-03-21,0.0
CITY OF MUNTINLUPA,0,2022-03-22,0.0
CITY OF MUNTINLUPA,0,2022-03-23,0.0
CITY OF MUNTINLUPA,0,2022-03-24,0.0
CITY OF MUNTINLUPA,0,2022-03-25,0.0
CITY OF MUNTINLUPA,0,2022-03-26,0.0
CITY OF MUNTINLUPA,0,2022-03-27,0.0
CITY OF MUNTINLUPA,0,2022-03-28,0.0
CITY OF MUNTINLUPA,0,2022-03-29,0.0
CITY OF MUNTINLUPA,0,2022-03-30,0.0
CITY OF MUNTINLUPA,0,2022-03-31,0.0
CITY OF MUNTINLUPA,0,2022-04-01,0.0
CITY OF MUNTINLUPA,0,2022-04-02,0.0
CITY OF MUNTINLUPA,0,2022-04-03,0.0
CITY OF MUNTINLUPA,0,2022-04-04,0.0
CITY OF MUNTINLUPA,2,2022-04-05,0.2857142857142857
CITY OF MUNTINLUPA,1,2022-04-06,0.42857142857142855
