city,count,date,7DayMA
CITY OF PARAÑAQUE,1,2020-03-22,
CITY OF PARAÑAQUE,0,2020-03-23,
CITY OF PARAÑAQUE,0,2020-03-24,
CITY OF PARAÑAQUE,0,2020-03-25,
CITY OF PARAÑAQUE,1,2020-03-26,
CITY OF PARAÑAQUE,1,2020-03-27,
CITY OF PARAÑAQUE,0,2020-03-28,0.42857142857142855
CITY OF PARAÑAQUE,2,2020-03-29,0.5714285714285714
CITY OF PARAÑAQUE,0,2020-03-30,0.5714285714285714
CITY OF PARAÑAQUE,1,2020-03-31,0.7142857142857143
CITY OF PARAÑAQUE,0,2020-04-01,0.7142857142857143
CITY OF PARAÑAQUE,1,2020-04-02,0.7142857142857143
CITY OF PARAÑAQUE,0,2020-04-03,0.5714285714285714
CITY OF PARAÑAQUE,2,2020-04-04,0.8571428571428571
CITY OF PARAÑAQUE,2,2020-04-05,0.8571428571428571
CITY OF PARAÑAQUE,6,2020-04-06,1.7142857142857142
CITY OF PARAÑAQUE,2,2020-04-07,1.8571428571428572
CITY OF PARAÑAQUE,5,2020-04-08,2.5714285714285716
CITY OF PARAÑAQUE,1,2020-04-09,2.5714285714285716
CITY OF PARAÑAQUE,0,2020-04-10,2.5714285714285716
CITY OF PARAÑAQUE,2,2020-04-11,2.5714285714285716
CITY OF PARAÑAQUE,2,2020-04-12,2.5714285714285716
CITY OF PARAÑAQUE,5,2020-04-13,2.4285714285714284
CITY OF PARAÑAQUE,1,2020-04-14,2.2857142857142856
CITY OF PARAÑAQUE,6,2020-04-15,2.4285714285714284
CITY OF PARAÑAQUE,2,2020-04-16,2.5714285714285716
CITY OF PARAÑAQUE,4,2020-04-17,3.142857142857143
CITY OF PARAÑAQUE,1,2020-04-18,3.0
CITY OF PARAÑAQUE,5,2020-04-19,3.4285714285714284
CITY OF PARAÑAQUE,1,2020-04-20,2.857142857142857
CITY OF PARAÑAQUE,3,2020-04-21,3.142857142857143
CITY OF PARAÑAQUE,3,2020-04-22,2.7142857142857144
CITY OF PARAÑAQUE,4,2020-04-23,3.0
CITY OF PARAÑAQUE,4,2020-04-24,3.0
CITY OF PARAÑAQUE,2,2020-04-25,3.142857142857143
CITY OF PARAÑAQUE,1,2020-04-26,2.5714285714285716
CITY OF PARAÑAQUE,4,2020-04-27,3.0
CITY OF PARAÑAQUE,2,2020-04-28,2.857142857142857
CITY OF PARAÑAQUE,4,2020-04-29,3.0
CITY OF PARAÑAQUE,3,2020-04-30,2.857142857142857
CITY OF PARAÑAQUE,5,2020-05-01,3.0
CITY OF PARAÑAQUE,1,2020-05-02,2.857142857142857
CITY OF PARAÑAQUE,1,2020-05-03,2.857142857142857
CITY OF PARAÑAQUE,8,2020-05-04,3.4285714285714284
CITY OF PARAÑAQUE,7,2020-05-05,4.142857142857143
CITY OF PARAÑAQUE,4,2020-05-06,4.142857142857143
CITY OF PARAÑAQUE,0,2020-05-07,3.7142857142857144
CITY OF PARAÑAQUE,3,2020-05-08,3.4285714285714284
CITY OF PARAÑAQUE,7,2020-05-09,4.285714285714286
CITY OF PARAÑAQUE,2,2020-05-10,4.428571428571429
CITY OF PARAÑAQUE,11,2020-05-11,4.857142857142857
CITY OF PARAÑAQUE,12,2020-05-12,5.571428571428571
CITY OF PARAÑAQUE,3,2020-05-13,5.428571428571429
CITY OF PARAÑAQUE,9,2020-05-14,6.714285714285714
CITY OF PARAÑAQUE,6,2020-05-15,7.142857142857143
CITY OF PARAÑAQUE,4,2020-05-16,6.714285714285714
CITY OF PARAÑAQUE,1,2020-05-17,6.571428571428571
CITY OF PARAÑAQUE,3,2020-05-18,5.428571428571429
CITY OF PARAÑAQUE,4,2020-05-19,4.285714285714286
CITY OF PARAÑAQUE,2,2020-05-20,4.142857142857143
CITY OF PARAÑAQUE,2,2020-05-21,3.142857142857143
CITY OF PARAÑAQUE,8,2020-05-22,3.4285714285714284
CITY OF PARAÑAQUE,2,2020-05-23,3.142857142857143
CITY OF PARAÑAQUE,0,2020-05-24,3.0
CITY OF PARAÑAQUE,4,2020-05-25,3.142857142857143
CITY OF PARAÑAQUE,6,2020-05-26,3.4285714285714284
CITY OF PARAÑAQUE,3,2020-05-27,3.5714285714285716
CITY OF PARAÑAQUE,7,2020-05-28,4.285714285714286
CITY OF PARAÑAQUE,11,2020-05-29,4.714285714285714
CITY OF PARAÑAQUE,3,2020-05-30,4.857142857142857
CITY OF PARAÑAQUE,1,2020-05-31,5.0
CITY OF PARAÑAQUE,5,2020-06-01,5.142857142857143
CITY OF PARAÑAQUE,8,2020-06-02,5.428571428571429
CITY OF PARAÑAQUE,3,2020-06-03,5.428571428571429
CITY OF PARAÑAQUE,3,2020-06-04,4.857142857142857
CITY OF PARAÑAQUE,2,2020-06-05,3.5714285714285716
CITY OF PARAÑAQUE,1,2020-06-06,3.2857142857142856
CITY OF PARAÑAQUE,2,2020-06-07,3.4285714285714284
CITY OF PARAÑAQUE,4,2020-06-08,3.2857142857142856
CITY OF PARAÑAQUE,0,2020-06-09,2.142857142857143
CITY OF PARAÑAQUE,2,2020-06-10,2.0
CITY OF PARAÑAQUE,5,2020-06-11,2.2857142857142856
CITY OF PARAÑAQUE,0,2020-06-12,2.0
CITY OF PARAÑAQUE,3,2020-06-13,2.2857142857142856
CITY OF PARAÑAQUE,0,2020-06-14,2.0
CITY OF PARAÑAQUE,9,2020-06-15,2.7142857142857144
CITY OF PARAÑAQUE,6,2020-06-16,3.5714285714285716
CITY OF PARAÑAQUE,26,2020-06-17,7.0
CITY OF PARAÑAQUE,6,2020-06-18,7.142857142857143
CITY OF PARAÑAQUE,2,2020-06-19,7.428571428571429
CITY OF PARAÑAQUE,1,2020-06-20,7.142857142857143
CITY OF PARAÑAQUE,1,2020-06-21,7.285714285714286
CITY OF PARAÑAQUE,9,2020-06-22,7.285714285714286
CITY OF PARAÑAQUE,5,2020-06-23,7.142857142857143
CITY OF PARAÑAQUE,2,2020-06-24,3.7142857142857144
CITY OF PARAÑAQUE,4,2020-06-25,3.4285714285714284
CITY OF PARAÑAQUE,2,2020-06-26,3.4285714285714284
CITY OF PARAÑAQUE,2,2020-06-27,3.5714285714285716
CITY OF PARAÑAQUE,2,2020-06-28,3.7142857142857144
CITY OF PARAÑAQUE,4,2020-06-29,3.0
CITY OF PARAÑAQUE,1,2020-06-30,2.4285714285714284
CITY OF PARAÑAQUE,2,2020-07-01,2.4285714285714284
CITY OF PARAÑAQUE,0,2020-07-02,1.8571428571428572
CITY OF PARAÑAQUE,9,2020-07-03,2.857142857142857
CITY OF PARAÑAQUE,2,2020-07-04,2.857142857142857
CITY OF PARAÑAQUE,0,2020-07-05,2.5714285714285716
CITY OF PARAÑAQUE,3,2020-07-06,2.4285714285714284
CITY OF PARAÑAQUE,4,2020-07-07,2.857142857142857
CITY OF PARAÑAQUE,1,2020-07-08,2.7142857142857144
CITY OF PARAÑAQUE,2,2020-07-09,3.0
CITY OF PARAÑAQUE,9,2020-07-10,3.0
CITY OF PARAÑAQUE,2,2020-07-11,3.0
CITY OF PARAÑAQUE,5,2020-07-12,3.7142857142857144
CITY OF PARAÑAQUE,4,2020-07-13,3.857142857142857
CITY OF PARAÑAQUE,6,2020-07-14,4.142857142857143
CITY OF PARAÑAQUE,2,2020-07-15,4.285714285714286
CITY OF PARAÑAQUE,7,2020-07-16,5.0
CITY OF PARAÑAQUE,5,2020-07-17,4.428571428571429
CITY OF PARAÑAQUE,3,2020-07-18,4.571428571428571
CITY OF PARAÑAQUE,11,2020-07-19,5.428571428571429
CITY OF PARAÑAQUE,15,2020-07-20,7.0
CITY OF PARAÑAQUE,33,2020-07-21,10.857142857142858
CITY OF PARAÑAQUE,30,2020-07-22,14.857142857142858
CITY OF PARAÑAQUE,8,2020-07-23,15.0
CITY OF PARAÑAQUE,7,2020-07-24,15.285714285714286
CITY OF PARAÑAQUE,6,2020-07-25,15.714285714285714
CITY OF PARAÑAQUE,5,2020-07-26,14.857142857142858
CITY OF PARAÑAQUE,21,2020-07-27,15.714285714285714
CITY OF PARAÑAQUE,9,2020-07-28,12.285714285714286
CITY OF PARAÑAQUE,45,2020-07-29,14.428571428571429
CITY OF PARAÑAQUE,9,2020-07-30,14.571428571428571
CITY OF PARAÑAQUE,3,2020-07-31,14.0
CITY OF PARAÑAQUE,6,2020-08-01,14.0
CITY OF PARAÑAQUE,4,2020-08-02,13.857142857142858
CITY OF PARAÑAQUE,20,2020-08-03,13.714285714285714
CITY OF PARAÑAQUE,9,2020-08-04,13.714285714285714
CITY OF PARAÑAQUE,26,2020-08-05,11.0
CITY OF PARAÑAQUE,14,2020-08-06,11.714285714285714
CITY OF PARAÑAQUE,19,2020-08-07,14.0
CITY OF PARAÑAQUE,16,2020-08-08,15.428571428571429
CITY OF PARAÑAQUE,27,2020-08-09,18.714285714285715
CITY OF PARAÑAQUE,32,2020-08-10,20.428571428571427
CITY OF PARAÑAQUE,45,2020-08-11,25.571428571428573
CITY OF PARAÑAQUE,27,2020-08-12,25.714285714285715
CITY OF PARAÑAQUE,25,2020-08-13,27.285714285714285
CITY OF PARAÑAQUE,18,2020-08-14,27.142857142857142
CITY OF PARAÑAQUE,5,2020-08-15,25.571428571428573
CITY OF PARAÑAQUE,13,2020-08-16,23.571428571428573
CITY OF PARAÑAQUE,32,2020-08-17,23.571428571428573
CITY OF PARAÑAQUE,34,2020-08-18,22.0
CITY OF PARAÑAQUE,29,2020-08-19,22.285714285714285
CITY OF PARAÑAQUE,20,2020-08-20,21.571428571428573
CITY OF PARAÑAQUE,23,2020-08-21,22.285714285714285
CITY OF PARAÑAQUE,43,2020-08-22,27.714285714285715
CITY OF PARAÑAQUE,7,2020-08-23,26.857142857142858
CITY OF PARAÑAQUE,52,2020-08-24,29.714285714285715
CITY OF PARAÑAQUE,14,2020-08-25,26.857142857142858
CITY OF PARAÑAQUE,41,2020-08-26,28.571428571428573
CITY OF PARAÑAQUE,43,2020-08-27,31.857142857142858
CITY OF PARAÑAQUE,25,2020-08-28,32.142857142857146
CITY OF PARAÑAQUE,22,2020-08-29,29.142857142857142
CITY OF PARAÑAQUE,3,2020-08-30,28.571428571428573
CITY OF PARAÑAQUE,23,2020-08-31,24.428571428571427
CITY OF PARAÑAQUE,40,2020-09-01,28.142857142857142
CITY OF PARAÑAQUE,15,2020-09-02,24.428571428571427
CITY OF PARAÑAQUE,26,2020-09-03,22.0
CITY OF PARAÑAQUE,25,2020-09-04,22.0
CITY OF PARAÑAQUE,12,2020-09-05,20.571428571428573
CITY OF PARAÑAQUE,8,2020-09-06,21.285714285714285
CITY OF PARAÑAQUE,50,2020-09-07,25.142857142857142
CITY OF PARAÑAQUE,36,2020-09-08,24.571428571428573
CITY OF PARAÑAQUE,22,2020-09-09,25.571428571428573
CITY OF PARAÑAQUE,27,2020-09-10,25.714285714285715
CITY OF PARAÑAQUE,18,2020-09-11,24.714285714285715
CITY OF PARAÑAQUE,19,2020-09-12,25.714285714285715
CITY OF PARAÑAQUE,15,2020-09-13,26.714285714285715
CITY OF PARAÑAQUE,48,2020-09-14,26.428571428571427
CITY OF PARAÑAQUE,39,2020-09-15,26.857142857142858
CITY OF PARAÑAQUE,24,2020-09-16,27.142857142857142
CITY OF PARAÑAQUE,33,2020-09-17,28.0
CITY OF PARAÑAQUE,29,2020-09-18,29.571428571428573
CITY OF PARAÑAQUE,11,2020-09-19,28.428571428571427
CITY OF PARAÑAQUE,7,2020-09-20,27.285714285714285
CITY OF PARAÑAQUE,35,2020-09-21,25.428571428571427
CITY OF PARAÑAQUE,34,2020-09-22,24.714285714285715
CITY OF PARAÑAQUE,22,2020-09-23,24.428571428571427
CITY OF PARAÑAQUE,14,2020-09-24,21.714285714285715
CITY OF PARAÑAQUE,10,2020-09-25,19.0
CITY OF PARAÑAQUE,18,2020-09-26,20.0
CITY OF PARAÑAQUE,8,2020-09-27,20.142857142857142
CITY OF PARAÑAQUE,22,2020-09-28,18.285714285714285
CITY OF PARAÑAQUE,11,2020-09-29,15.0
CITY OF PARAÑAQUE,15,2020-09-30,14.0
CITY OF PARAÑAQUE,14,2020-10-01,14.0
CITY OF PARAÑAQUE,21,2020-10-02,15.571428571428571
CITY OF PARAÑAQUE,12,2020-10-03,14.714285714285714
CITY OF PARAÑAQUE,2,2020-10-04,13.857142857142858
CITY OF PARAÑAQUE,4,2020-10-05,11.285714285714286
CITY OF PARAÑAQUE,10,2020-10-06,11.142857142857142
CITY OF PARAÑAQUE,8,2020-10-07,10.142857142857142
CITY OF PARAÑAQUE,14,2020-10-08,10.142857142857142
CITY OF PARAÑAQUE,2,2020-10-09,7.428571428571429
CITY OF PARAÑAQUE,8,2020-10-10,6.857142857142857
CITY OF PARAÑAQUE,2,2020-10-11,6.857142857142857
CITY OF PARAÑAQUE,7,2020-10-12,7.285714285714286
CITY OF PARAÑAQUE,13,2020-10-13,7.714285714285714
CITY OF PARAÑAQUE,11,2020-10-14,8.142857142857142
CITY OF PARAÑAQUE,15,2020-10-15,8.285714285714286
CITY OF PARAÑAQUE,12,2020-10-16,9.714285714285714
CITY OF PARAÑAQUE,2,2020-10-17,8.857142857142858
CITY OF PARAÑAQUE,4,2020-10-18,9.142857142857142
CITY OF PARAÑAQUE,33,2020-10-19,12.857142857142858
CITY OF PARAÑAQUE,52,2020-10-20,18.428571428571427
CITY OF PARAÑAQUE,10,2020-10-21,18.285714285714285
CITY OF PARAÑAQUE,20,2020-10-22,19.0
CITY OF PARAÑAQUE,20,2020-10-23,20.142857142857142
CITY OF PARAÑAQUE,7,2020-10-24,20.857142857142858
CITY OF PARAÑAQUE,4,2020-10-25,20.857142857142858
CITY OF PARAÑAQUE,7,2020-10-26,17.142857142857142
CITY OF PARAÑAQUE,4,2020-10-27,10.285714285714286
CITY OF PARAÑAQUE,4,2020-10-28,9.428571428571429
CITY OF PARAÑAQUE,3,2020-10-29,7.0
CITY OF PARAÑAQUE,6,2020-10-30,5.0
CITY OF PARAÑAQUE,3,2020-10-31,4.428571428571429
CITY OF PARAÑAQUE,2,2020-11-01,4.142857142857143
CITY OF PARAÑAQUE,2,2020-11-02,3.4285714285714284
CITY OF PARAÑAQUE,5,2020-11-03,3.5714285714285716
CITY OF PARAÑAQUE,3,2020-11-04,3.4285714285714284
CITY OF PARAÑAQUE,3,2020-11-05,3.4285714285714284
CITY OF PARAÑAQUE,3,2020-11-06,3.0
CITY OF PARAÑAQUE,7,2020-11-07,3.5714285714285716
CITY OF PARAÑAQUE,0,2020-11-08,3.2857142857142856
CITY OF PARAÑAQUE,2,2020-11-09,3.2857142857142856
CITY OF PARAÑAQUE,4,2020-11-10,3.142857142857143
CITY OF PARAÑAQUE,2,2020-11-11,3.0
CITY OF PARAÑAQUE,1,2020-11-12,2.7142857142857144
CITY OF PARAÑAQUE,6,2020-11-13,3.142857142857143
CITY OF PARAÑAQUE,6,2020-11-14,3.0
CITY OF PARAÑAQUE,2,2020-11-15,3.2857142857142856
CITY OF PARAÑAQUE,7,2020-11-16,4.0
CITY OF PARAÑAQUE,0,2020-11-17,3.4285714285714284
CITY OF PARAÑAQUE,7,2020-11-18,4.142857142857143
CITY OF PARAÑAQUE,4,2020-11-19,4.571428571428571
CITY OF PARAÑAQUE,4,2020-11-20,4.285714285714286
CITY OF PARAÑAQUE,5,2020-11-21,4.142857142857143
CITY OF PARAÑAQUE,2,2020-11-22,4.142857142857143
CITY OF PARAÑAQUE,2,2020-11-23,3.4285714285714284
CITY OF PARAÑAQUE,1,2020-11-24,3.5714285714285716
CITY OF PARAÑAQUE,0,2020-11-25,2.5714285714285716
CITY OF PARAÑAQUE,1,2020-11-26,2.142857142857143
CITY OF PARAÑAQUE,1,2020-11-27,1.7142857142857142
CITY OF PARAÑAQUE,2,2020-11-28,1.2857142857142858
CITY OF PARAÑAQUE,0,2020-11-29,1.0
CITY OF PARAÑAQUE,3,2020-11-30,1.1428571428571428
CITY OF PARAÑAQUE,5,2020-12-01,1.7142857142857142
CITY OF PARAÑAQUE,0,2020-12-02,1.7142857142857142
CITY OF PARAÑAQUE,3,2020-12-03,2.0
CITY OF PARAÑAQUE,12,2020-12-04,3.5714285714285716
CITY OF PARAÑAQUE,3,2020-12-05,3.7142857142857144
CITY OF PARAÑAQUE,5,2020-12-06,4.428571428571429
CITY OF PARAÑAQUE,11,2020-12-07,5.571428571428571
CITY OF PARAÑAQUE,0,2020-12-08,4.857142857142857
CITY OF PARAÑAQUE,5,2020-12-09,5.571428571428571
CITY OF PARAÑAQUE,3,2020-12-10,5.571428571428571
CITY OF PARAÑAQUE,0,2020-12-11,3.857142857142857
CITY OF PARAÑAQUE,5,2020-12-12,4.142857142857143
CITY OF PARAÑAQUE,4,2020-12-13,4.0
CITY OF PARAÑAQUE,6,2020-12-14,3.2857142857142856
CITY OF PARAÑAQUE,6,2020-12-15,4.142857142857143
CITY OF PARAÑAQUE,11,2020-12-16,5.0
CITY OF PARAÑAQUE,9,2020-12-17,5.857142857142857
CITY OF PARAÑAQUE,6,2020-12-18,6.714285714285714
CITY OF PARAÑAQUE,4,2020-12-19,6.571428571428571
CITY OF PARAÑAQUE,8,2020-12-20,7.142857142857143
CITY OF PARAÑAQUE,14,2020-12-21,8.285714285714286
CITY OF PARAÑAQUE,8,2020-12-22,8.571428571428571
CITY OF PARAÑAQUE,6,2020-12-23,7.857142857142857
CITY OF PARAÑAQUE,6,2020-12-24,7.428571428571429
CITY OF PARAÑAQUE,1,2020-12-25,6.714285714285714
CITY OF PARAÑAQUE,11,2020-12-26,7.714285714285714
CITY OF PARAÑAQUE,5,2020-12-27,7.285714285714286
CITY OF PARAÑAQUE,5,2020-12-28,6.0
CITY OF PARAÑAQUE,9,2020-12-29,6.142857142857143
CITY OF PARAÑAQUE,5,2020-12-30,6.0
CITY OF PARAÑAQUE,2,2020-12-31,5.428571428571429
CITY OF PARAÑAQUE,8,2021-01-01,6.428571428571429
CITY OF PARAÑAQUE,2,2021-01-02,5.142857142857143
CITY OF PARAÑAQUE,10,2021-01-03,5.857142857142857
CITY OF PARAÑAQUE,14,2021-01-04,7.142857142857143
CITY OF PARAÑAQUE,9,2021-01-05,7.142857142857143
CITY OF PARAÑAQUE,15,2021-01-06,8.571428571428571
CITY OF PARAÑAQUE,5,2021-01-07,9.0
CITY OF PARAÑAQUE,5,2021-01-08,8.571428571428571
CITY OF PARAÑAQUE,1,2021-01-09,8.428571428571429
CITY OF PARAÑAQUE,1,2021-01-10,7.142857142857143
CITY OF PARAÑAQUE,17,2021-01-11,7.571428571428571
CITY OF PARAÑAQUE,10,2021-01-12,7.714285714285714
CITY OF PARAÑAQUE,6,2021-01-13,6.428571428571429
CITY OF PARAÑAQUE,16,2021-01-14,8.0
CITY OF PARAÑAQUE,7,2021-01-15,8.285714285714286
CITY OF PARAÑAQUE,0,2021-01-16,8.142857142857142
CITY OF PARAÑAQUE,3,2021-01-17,8.428571428571429
CITY OF PARAÑAQUE,8,2021-01-18,7.142857142857143
CITY OF PARAÑAQUE,9,2021-01-19,7.0
CITY OF PARAÑAQUE,7,2021-01-20,7.142857142857143
CITY OF PARAÑAQUE,9,2021-01-21,6.142857142857143
CITY OF PARAÑAQUE,8,2021-01-22,6.285714285714286
CITY OF PARAÑAQUE,6,2021-01-23,7.142857142857143
CITY OF PARAÑAQUE,9,2021-01-24,8.0
CITY OF PARAÑAQUE,7,2021-01-25,7.857142857142857
CITY OF PARAÑAQUE,5,2021-01-26,7.285714285714286
CITY OF PARAÑAQUE,9,2021-01-27,7.571428571428571
CITY OF PARAÑAQUE,9,2021-01-28,7.571428571428571
CITY OF PARAÑAQUE,4,2021-01-29,7.0
CITY OF PARAÑAQUE,1,2021-01-30,6.285714285714286
CITY OF PARAÑAQUE,3,2021-01-31,5.428571428571429
CITY OF PARAÑAQUE,9,2021-02-01,5.714285714285714
CITY OF PARAÑAQUE,12,2021-02-02,6.714285714285714
CITY OF PARAÑAQUE,6,2021-02-03,6.285714285714286
CITY OF PARAÑAQUE,10,2021-02-04,6.428571428571429
CITY OF PARAÑAQUE,4,2021-02-05,6.428571428571429
CITY OF PARAÑAQUE,1,2021-02-06,6.428571428571429
CITY OF PARAÑAQUE,3,2021-02-07,6.428571428571429
CITY OF PARAÑAQUE,10,2021-02-08,6.571428571428571
CITY OF PARAÑAQUE,5,2021-02-09,5.571428571428571
CITY OF PARAÑAQUE,6,2021-02-10,5.571428571428571
CITY OF PARAÑAQUE,8,2021-02-11,5.285714285714286
CITY OF PARAÑAQUE,9,2021-02-12,6.0
CITY OF PARAÑAQUE,6,2021-02-13,6.714285714285714
CITY OF PARAÑAQUE,0,2021-02-14,6.285714285714286
CITY OF PARAÑAQUE,10,2021-02-15,6.285714285714286
CITY OF PARAÑAQUE,16,2021-02-16,7.857142857142857
CITY OF PARAÑAQUE,4,2021-02-17,7.571428571428571
CITY OF PARAÑAQUE,12,2021-02-18,8.142857142857142
CITY OF PARAÑAQUE,9,2021-02-19,8.142857142857142
CITY OF PARAÑAQUE,2,2021-02-20,7.571428571428571
CITY OF PARAÑAQUE,9,2021-02-21,8.857142857142858
CITY OF PARAÑAQUE,7,2021-02-22,8.428571428571429
CITY OF PARAÑAQUE,5,2021-02-23,6.857142857142857
CITY OF PARAÑAQUE,14,2021-02-24,8.285714285714286
CITY OF PARAÑAQUE,4,2021-02-25,7.142857142857143
CITY OF PARAÑAQUE,13,2021-02-26,7.714285714285714
CITY OF PARAÑAQUE,6,2021-02-27,8.285714285714286
CITY OF PARAÑAQUE,8,2021-02-28,8.142857142857142
CITY OF PARAÑAQUE,12,2021-03-01,8.857142857142858
CITY OF PARAÑAQUE,8,2021-03-02,9.285714285714286
CITY OF PARAÑAQUE,18,2021-03-03,9.857142857142858
CITY OF PARAÑAQUE,24,2021-03-04,12.714285714285714
CITY OF PARAÑAQUE,23,2021-03-05,14.142857142857142
CITY OF PARAÑAQUE,11,2021-03-06,14.857142857142858
CITY OF PARAÑAQUE,6,2021-03-07,14.571428571428571
CITY OF PARAÑAQUE,20,2021-03-08,15.714285714285714
CITY OF PARAÑAQUE,9,2021-03-09,15.857142857142858
CITY OF PARAÑAQUE,28,2021-03-10,17.285714285714285
CITY OF PARAÑAQUE,17,2021-03-11,16.285714285714285
CITY OF PARAÑAQUE,46,2021-03-12,19.571428571428573
CITY OF PARAÑAQUE,8,2021-03-13,19.142857142857142
CITY OF PARAÑAQUE,36,2021-03-14,23.428571428571427
CITY OF PARAÑAQUE,50,2021-03-15,27.714285714285715
CITY OF PARAÑAQUE,20,2021-03-16,29.285714285714285
CITY OF PARAÑAQUE,19,2021-03-17,28.0
CITY OF PARAÑAQUE,33,2021-03-18,30.285714285714285
CITY OF PARAÑAQUE,35,2021-03-19,28.714285714285715
CITY OF PARAÑAQUE,24,2021-03-20,31.0
CITY OF PARAÑAQUE,23,2021-03-21,29.142857142857142
CITY OF PARAÑAQUE,54,2021-03-22,29.714285714285715
CITY OF PARAÑAQUE,50,2021-03-23,34.0
CITY OF PARAÑAQUE,49,2021-03-24,38.285714285714285
CITY OF PARAÑAQUE,49,2021-03-25,40.57142857142857
CITY OF PARAÑAQUE,68,2021-03-26,45.285714285714285
CITY OF PARAÑAQUE,38,2021-03-27,47.285714285714285
CITY OF PARAÑAQUE,44,2021-03-28,50.285714285714285
CITY OF PARAÑAQUE,92,2021-03-29,55.714285714285715
CITY OF PARAÑAQUE,67,2021-03-30,58.142857142857146
CITY OF PARAÑAQUE,39,2021-03-31,56.714285714285715
CITY OF PARAÑAQUE,51,2021-04-01,57.0
CITY OF PARAÑAQUE,38,2021-04-02,52.714285714285715
CITY OF PARAÑAQUE,64,2021-04-03,56.42857142857143
CITY OF PARAÑAQUE,68,2021-04-04,59.857142857142854
CITY OF PARAÑAQUE,70,2021-04-05,56.714285714285715
CITY OF PARAÑAQUE,43,2021-04-06,53.285714285714285
CITY OF PARAÑAQUE,27,2021-04-07,51.57142857142857
CITY OF PARAÑAQUE,110,2021-04-08,60.0
CITY OF PARAÑAQUE,40,2021-04-09,60.285714285714285
CITY OF PARAÑAQUE,52,2021-04-10,58.57142857142857
CITY OF PARAÑAQUE,51,2021-04-11,56.142857142857146
CITY OF PARAÑAQUE,87,2021-04-12,58.57142857142857
CITY OF PARAÑAQUE,52,2021-04-13,59.857142857142854
CITY OF PARAÑAQUE,72,2021-04-14,66.28571428571429
CITY OF PARAÑAQUE,53,2021-04-15,58.142857142857146
CITY OF PARAÑAQUE,48,2021-04-16,59.285714285714285
CITY OF PARAÑAQUE,42,2021-04-17,57.857142857142854
CITY OF PARAÑAQUE,51,2021-04-18,57.857142857142854
CITY OF PARAÑAQUE,38,2021-04-19,50.857142857142854
CITY OF PARAÑAQUE,81,2021-04-20,55.0
CITY OF PARAÑAQUE,52,2021-04-21,52.142857142857146
CITY OF PARAÑAQUE,45,2021-04-22,51.0
CITY OF PARAÑAQUE,26,2021-04-23,47.857142857142854
CITY OF PARAÑAQUE,21,2021-04-24,44.857142857142854
CITY OF PARAÑAQUE,13,2021-04-25,39.42857142857143
CITY OF PARAÑAQUE,20,2021-04-26,36.857142857142854
CITY OF PARAÑAQUE,24,2021-04-27,28.714285714285715
CITY OF PARAÑAQUE,17,2021-04-28,23.714285714285715
CITY OF PARAÑAQUE,13,2021-04-29,19.142857142857142
CITY OF PARAÑAQUE,7,2021-04-30,16.428571428571427
CITY OF PARAÑAQUE,4,2021-05-01,14.0
CITY OF PARAÑAQUE,8,2021-05-02,13.285714285714286
CITY OF PARAÑAQUE,28,2021-05-03,14.428571428571429
CITY OF PARAÑAQUE,9,2021-05-04,12.285714285714286
CITY OF PARAÑAQUE,26,2021-05-05,13.571428571428571
CITY OF PARAÑAQUE,17,2021-05-06,14.142857142857142
CITY OF PARAÑAQUE,21,2021-05-07,16.142857142857142
CITY OF PARAÑAQUE,28,2021-05-08,19.571428571428573
CITY OF PARAÑAQUE,1,2021-05-09,18.571428571428573
CITY OF PARAÑAQUE,7,2021-05-10,15.571428571428571
CITY OF PARAÑAQUE,13,2021-05-11,16.142857142857142
CITY OF PARAÑAQUE,11,2021-05-12,14.0
CITY OF PARAÑAQUE,2,2021-05-13,11.857142857142858
CITY OF PARAÑAQUE,6,2021-05-14,9.714285714285714
CITY OF PARAÑAQUE,15,2021-05-15,7.857142857142857
CITY OF PARAÑAQUE,10,2021-05-16,9.142857142857142
CITY OF PARAÑAQUE,5,2021-05-17,8.857142857142858
CITY OF PARAÑAQUE,12,2021-05-18,8.714285714285714
CITY OF PARAÑAQUE,14,2021-05-19,9.142857142857142
CITY OF PARAÑAQUE,4,2021-05-20,9.428571428571429
CITY OF PARAÑAQUE,3,2021-05-21,9.0
CITY OF PARAÑAQUE,2,2021-05-22,7.142857142857143
CITY OF PARAÑAQUE,6,2021-05-23,6.571428571428571
CITY OF PARAÑAQUE,2,2021-05-24,6.142857142857143
CITY OF PARAÑAQUE,3,2021-05-25,4.857142857142857
CITY OF PARAÑAQUE,4,2021-05-26,3.4285714285714284
CITY OF PARAÑAQUE,3,2021-05-27,3.2857142857142856
CITY OF PARAÑAQUE,1,2021-05-28,3.0
CITY OF PARAÑAQUE,1,2021-05-29,2.857142857142857
CITY OF PARAÑAQUE,0,2021-05-30,2.0
CITY OF PARAÑAQUE,5,2021-05-31,2.4285714285714284
CITY OF PARAÑAQUE,4,2021-06-01,2.5714285714285716
CITY OF PARAÑAQUE,4,2021-06-02,2.5714285714285716
CITY OF PARAÑAQUE,5,2021-06-03,2.857142857142857
CITY OF PARAÑAQUE,6,2021-06-04,3.5714285714285716
CITY OF PARAÑAQUE,1,2021-06-05,3.5714285714285716
CITY OF PARAÑAQUE,16,2021-06-06,5.857142857142857
CITY OF PARAÑAQUE,8,2021-06-07,6.285714285714286
CITY OF PARAÑAQUE,9,2021-06-08,7.0
CITY OF PARAÑAQUE,4,2021-06-09,7.0
CITY OF PARAÑAQUE,2,2021-06-10,6.571428571428571
CITY OF PARAÑAQUE,3,2021-06-11,6.142857142857143
CITY OF PARAÑAQUE,3,2021-06-12,6.428571428571429
CITY OF PARAÑAQUE,5,2021-06-13,4.857142857142857
CITY OF PARAÑAQUE,1,2021-06-14,3.857142857142857
CITY OF PARAÑAQUE,5,2021-06-15,3.2857142857142856
CITY OF PARAÑAQUE,6,2021-06-16,3.5714285714285716
CITY OF PARAÑAQUE,1,2021-06-17,3.4285714285714284
CITY OF PARAÑAQUE,0,2021-06-18,3.0
CITY OF PARAÑAQUE,0,2021-06-19,2.5714285714285716
CITY OF PARAÑAQUE,2,2021-06-20,2.142857142857143
CITY OF PARAÑAQUE,9,2021-06-21,3.2857142857142856
CITY OF PARAÑAQUE,0,2021-06-22,2.5714285714285716
CITY OF PARAÑAQUE,2,2021-06-23,2.0
CITY OF PARAÑAQUE,0,2021-06-24,1.8571428571428572
CITY OF PARAÑAQUE,0,2021-06-25,1.8571428571428572
CITY OF PARAÑAQUE,2,2021-06-26,2.142857142857143
CITY OF PARAÑAQUE,0,2021-06-27,1.8571428571428572
CITY OF PARAÑAQUE,1,2021-06-28,0.7142857142857143
CITY OF PARAÑAQUE,0,2021-06-29,0.7142857142857143
CITY OF PARAÑAQUE,0,2021-06-30,0.42857142857142855
CITY OF PARAÑAQUE,0,2021-07-01,0.42857142857142855
CITY OF PARAÑAQUE,1,2021-07-02,0.5714285714285714
CITY OF PARAÑAQUE,1,2021-07-03,0.42857142857142855
CITY OF PARAÑAQUE,1,2021-07-04,0.5714285714285714
CITY OF PARAÑAQUE,0,2021-07-05,0.42857142857142855
CITY OF PARAÑAQUE,1,2021-07-06,0.5714285714285714
CITY OF PARAÑAQUE,0,2021-07-07,0.5714285714285714
CITY OF PARAÑAQUE,0,2021-07-08,0.5714285714285714
CITY OF PARAÑAQUE,0,2021-07-09,0.42857142857142855
CITY OF PARAÑAQUE,2,2021-07-10,0.5714285714285714
CITY OF PARAÑAQUE,1,2021-07-11,0.5714285714285714
CITY OF PARAÑAQUE,0,2021-07-12,0.5714285714285714
CITY OF PARAÑAQUE,1,2021-07-13,0.5714285714285714
CITY OF PARAÑAQUE,2,2021-07-14,0.8571428571428571
CITY OF PARAÑAQUE,0,2021-07-15,0.8571428571428571
CITY OF PARAÑAQUE,1,2021-07-16,1.0
CITY OF PARAÑAQUE,2,2021-07-17,1.0
CITY OF PARAÑAQUE,2,2021-07-18,1.1428571428571428
CITY OF PARAÑAQUE,0,2021-07-19,1.1428571428571428
CITY OF PARAÑAQUE,2,2021-07-20,1.2857142857142858
CITY OF PARAÑAQUE,1,2021-07-21,1.1428571428571428
CITY OF PARAÑAQUE,3,2021-07-22,1.5714285714285714
CITY OF PARAÑAQUE,1,2021-07-23,1.5714285714285714
CITY OF PARAÑAQUE,1,2021-07-24,1.4285714285714286
CITY OF PARAÑAQUE,0,2021-07-25,1.1428571428571428
CITY OF PARAÑAQUE,2,2021-07-26,1.4285714285714286
CITY OF PARAÑAQUE,1,2021-07-27,1.2857142857142858
CITY OF PARAÑAQUE,1,2021-07-28,1.2857142857142858
CITY OF PARAÑAQUE,3,2021-07-29,1.2857142857142858
CITY OF PARAÑAQUE,2,2021-07-30,1.4285714285714286
CITY OF PARAÑAQUE,0,2021-07-31,1.2857142857142858
CITY OF PARAÑAQUE,3,2021-08-01,1.7142857142857142
CITY OF PARAÑAQUE,2,2021-08-02,1.7142857142857142
CITY OF PARAÑAQUE,1,2021-08-03,1.7142857142857142
CITY OF PARAÑAQUE,5,2021-08-04,2.2857142857142856
CITY OF PARAÑAQUE,1,2021-08-05,2.0
CITY OF PARAÑAQUE,2,2021-08-06,2.0
CITY OF PARAÑAQUE,4,2021-08-07,2.5714285714285716
CITY OF PARAÑAQUE,2,2021-08-08,2.4285714285714284
CITY OF PARAÑAQUE,10,2021-08-09,3.5714285714285716
CITY OF PARAÑAQUE,1,2021-08-10,3.5714285714285716
CITY OF PARAÑAQUE,2,2021-08-11,3.142857142857143
CITY OF PARAÑAQUE,6,2021-08-12,3.857142857142857
CITY OF PARAÑAQUE,12,2021-08-13,5.285714285714286
CITY OF PARAÑAQUE,6,2021-08-14,5.571428571428571
CITY OF PARAÑAQUE,10,2021-08-15,6.714285714285714
CITY OF PARAÑAQUE,18,2021-08-16,7.857142857142857
CITY OF PARAÑAQUE,8,2021-08-17,8.857142857142858
CITY OF PARAÑAQUE,5,2021-08-18,9.285714285714286
CITY OF PARAÑAQUE,4,2021-08-19,9.0
CITY OF PARAÑAQUE,2,2021-08-20,7.571428571428571
CITY OF PARAÑAQUE,7,2021-08-21,7.714285714285714
CITY OF PARAÑAQUE,9,2021-08-22,7.571428571428571
CITY OF PARAÑAQUE,6,2021-08-23,5.857142857142857
CITY OF PARAÑAQUE,6,2021-08-24,5.571428571428571
CITY OF PARAÑAQUE,10,2021-08-25,6.285714285714286
CITY OF PARAÑAQUE,7,2021-08-26,6.714285714285714
CITY OF PARAÑAQUE,10,2021-08-27,7.857142857142857
CITY OF PARAÑAQUE,5,2021-08-28,7.571428571428571
CITY OF PARAÑAQUE,10,2021-08-29,7.714285714285714
CITY OF PARAÑAQUE,15,2021-08-30,9.0
CITY OF PARAÑAQUE,17,2021-08-31,10.571428571428571
CITY OF PARAÑAQUE,9,2021-09-01,10.428571428571429
CITY OF PARAÑAQUE,7,2021-09-02,10.428571428571429
CITY OF PARAÑAQUE,1,2021-09-03,9.142857142857142
CITY OF PARAÑAQUE,10,2021-09-04,9.857142857142858
CITY OF PARAÑAQUE,9,2021-09-05,9.714285714285714
CITY OF PARAÑAQUE,16,2021-09-06,9.857142857142858
CITY OF PARAÑAQUE,26,2021-09-07,11.142857142857142
CITY OF PARAÑAQUE,20,2021-09-08,12.714285714285714
CITY OF PARAÑAQUE,28,2021-09-09,15.714285714285714
CITY OF PARAÑAQUE,39,2021-09-10,21.142857142857142
CITY OF PARAÑAQUE,25,2021-09-11,23.285714285714285
CITY OF PARAÑAQUE,30,2021-09-12,26.285714285714285
CITY OF PARAÑAQUE,27,2021-09-13,27.857142857142858
CITY OF PARAÑAQUE,44,2021-09-14,30.428571428571427
CITY OF PARAÑAQUE,23,2021-09-15,30.857142857142858
CITY OF PARAÑAQUE,11,2021-09-16,28.428571428571427
CITY OF PARAÑAQUE,53,2021-09-17,30.428571428571427
CITY OF PARAÑAQUE,22,2021-09-18,30.0
CITY OF PARAÑAQUE,31,2021-09-19,30.142857142857142
CITY OF PARAÑAQUE,24,2021-09-20,29.714285714285715
CITY OF PARAÑAQUE,41,2021-09-21,29.285714285714285
CITY OF PARAÑAQUE,55,2021-09-22,33.857142857142854
CITY OF PARAÑAQUE,52,2021-09-23,39.714285714285715
CITY OF PARAÑAQUE,6,2021-09-24,33.0
CITY OF PARAÑAQUE,22,2021-09-25,33.0
CITY OF PARAÑAQUE,12,2021-09-26,30.285714285714285
CITY OF PARAÑAQUE,20,2021-09-27,29.714285714285715
CITY OF PARAÑAQUE,14,2021-09-28,25.857142857142858
CITY OF PARAÑAQUE,26,2021-09-29,21.714285714285715
CITY OF PARAÑAQUE,18,2021-09-30,16.857142857142858
CITY OF PARAÑAQUE,9,2021-10-01,17.285714285714285
CITY OF PARAÑAQUE,11,2021-10-02,15.714285714285714
CITY OF PARAÑAQUE,11,2021-10-03,15.571428571428571
CITY OF PARAÑAQUE,24,2021-10-04,16.142857142857142
CITY OF PARAÑAQUE,41,2021-10-05,20.0
CITY OF PARAÑAQUE,18,2021-10-06,18.857142857142858
CITY OF PARAÑAQUE,14,2021-10-07,18.285714285714285
CITY OF PARAÑAQUE,19,2021-10-08,19.714285714285715
CITY OF PARAÑAQUE,14,2021-10-09,20.142857142857142
CITY OF PARAÑAQUE,13,2021-10-10,20.428571428571427
CITY OF PARAÑAQUE,18,2021-10-11,19.571428571428573
CITY OF PARAÑAQUE,23,2021-10-12,17.0
CITY OF PARAÑAQUE,21,2021-10-13,17.428571428571427
CITY OF PARAÑAQUE,9,2021-10-14,16.714285714285715
CITY OF PARAÑAQUE,6,2021-10-15,14.857142857142858
CITY OF PARAÑAQUE,15,2021-10-16,15.0
CITY OF PARAÑAQUE,12,2021-10-17,14.857142857142858
CITY OF PARAÑAQUE,16,2021-10-18,14.571428571428571
CITY OF PARAÑAQUE,18,2021-10-19,13.857142857142858
CITY OF PARAÑAQUE,10,2021-10-20,12.285714285714286
CITY OF PARAÑAQUE,9,2021-10-21,12.285714285714286
CITY OF PARAÑAQUE,9,2021-10-22,12.714285714285714
CITY OF PARAÑAQUE,5,2021-10-23,11.285714285714286
CITY OF PARAÑAQUE,0,2021-10-24,9.571428571428571
CITY OF PARAÑAQUE,9,2021-10-25,8.571428571428571
CITY OF PARAÑAQUE,7,2021-10-26,7.0
CITY OF PARAÑAQUE,2,2021-10-27,5.857142857142857
CITY OF PARAÑAQUE,1,2021-10-28,4.714285714285714
CITY OF PARAÑAQUE,8,2021-10-29,4.571428571428571
CITY OF PARAÑAQUE,2,2021-10-30,4.142857142857143
CITY OF PARAÑAQUE,10,2021-10-31,5.571428571428571
CITY OF PARAÑAQUE,5,2021-11-01,5.0
CITY OF PARAÑAQUE,6,2021-11-02,4.857142857142857
CITY OF PARAÑAQUE,9,2021-11-03,5.857142857142857
CITY OF PARAÑAQUE,8,2021-11-04,6.857142857142857
CITY OF PARAÑAQUE,2,2021-11-05,6.0
CITY OF PARAÑAQUE,2,2021-11-06,6.0
CITY OF PARAÑAQUE,0,2021-11-07,4.571428571428571
CITY OF PARAÑAQUE,0,2021-11-08,3.857142857142857
CITY OF PARAÑAQUE,2,2021-11-09,3.2857142857142856
CITY OF PARAÑAQUE,3,2021-11-10,2.4285714285714284
CITY OF PARAÑAQUE,0,2021-11-11,1.2857142857142858
CITY OF PARAÑAQUE,0,2021-11-12,1.0
CITY OF PARAÑAQUE,0,2021-11-13,0.7142857142857143
CITY OF PARAÑAQUE,0,2021-11-14,0.7142857142857143
CITY OF PARAÑAQUE,0,2021-11-15,0.7142857142857143
CITY OF PARAÑAQUE,0,2021-11-16,0.42857142857142855
CITY OF PARAÑAQUE,0,2021-11-17,0.0
CITY OF PARAÑAQUE,1,2021-11-18,0.14285714285714285
CITY OF PARAÑAQUE,0,2021-11-19,0.14285714285714285
CITY OF PARAÑAQUE,0,2021-11-20,0.14285714285714285
CITY OF PARAÑAQUE,0,2021-11-21,0.14285714285714285
CITY OF PARAÑAQUE,0,2021-11-22,0.14285714285714285
CITY OF PARAÑAQUE,1,2021-11-23,0.2857142857142857
CITY OF PARAÑAQUE,1,2021-11-24,0.42857142857142855
CITY OF PARAÑAQUE,0,2021-11-25,0.2857142857142857
CITY OF PARAÑAQUE,0,2021-11-26,0.2857142857142857
CITY OF PARAÑAQUE,0,2021-11-27,0.2857142857142857
CITY OF PARAÑAQUE,0,2021-11-28,0.2857142857142857
CITY OF PARAÑAQUE,0,2021-11-29,0.2857142857142857
CITY OF PARAÑAQUE,0,2021-11-30,0.14285714285714285
CITY OF PARAÑAQUE,0,2021-12-01,0.0
CITY OF PARAÑAQUE,1,2021-12-02,0.14285714285714285
CITY OF PARAÑAQUE,1,2021-12-03,0.2857142857142857
CITY OF PARAÑAQUE,0,2021-12-04,0.2857142857142857
CITY OF PARAÑAQUE,0,2021-12-05,0.2857142857142857
CITY OF PARAÑAQUE,0,2021-12-06,0.2857142857142857
CITY OF PARAÑAQUE,0,2021-12-07,0.2857142857142857
CITY OF PARAÑAQUE,0,2021-12-08,0.2857142857142857
CITY OF PARAÑAQUE,0,2021-12-09,0.14285714285714285
CITY OF PARAÑAQUE,0,2021-12-10,0.0
CITY OF PARAÑAQUE,0,2021-12-11,0.0
CITY OF PARAÑAQUE,0,2021-12-12,0.0
CITY OF PARAÑAQUE,0,2021-12-13,0.0
CITY OF PARAÑAQUE,1,2021-12-14,0.14285714285714285
CITY OF PARAÑAQUE,0,2021-12-15,0.14285714285714285
CITY OF PARAÑAQUE,0,2021-12-16,0.14285714285714285
CITY OF PARAÑAQUE,0,2021-12-17,0.14285714285714285
CITY OF PARAÑAQUE,0,2021-12-18,0.14285714285714285
CITY OF PARAÑAQUE,0,2021-12-19,0.14285714285714285
CITY OF PARAÑAQUE,0,2021-12-20,0.14285714285714285
CITY OF PARAÑAQUE,0,2021-12-21,0.0
CITY OF PARAÑAQUE,1,2021-12-22,0.14285714285714285
CITY OF PARAÑAQUE,0,2021-12-23,0.14285714285714285
CITY OF PARAÑAQUE,0,2021-12-24,0.14285714285714285
CITY OF PARAÑAQUE,0,2021-12-25,0.14285714285714285
CITY OF PARAÑAQUE,0,2021-12-26,0.14285714285714285
CITY OF PARAÑAQUE,0,2021-12-27,0.14285714285714285
CITY OF PARAÑAQUE,0,2021-12-28,0.14285714285714285
CITY OF PARAÑAQUE,0,2021-12-29,0.0
CITY OF PARAÑAQUE,0,2021-12-30,0.0
CITY OF PARAÑAQUE,0,2021-12-31,0.0
CITY OF PARAÑAQUE,0,2022-01-01,0.0
CITY OF PARAÑAQUE,1,2022-01-02,0.14285714285714285
CITY OF PARAÑAQUE,0,2022-01-03,0.14285714285714285
CITY OF PARAÑAQUE,0,2022-01-04,0.14285714285714285
CITY OF PARAÑAQUE,0,2022-01-05,0.14285714285714285
CITY OF PARAÑAQUE,1,2022-01-06,0.2857142857142857
CITY OF PARAÑAQUE,0,2022-01-07,0.2857142857142857
CITY OF PARAÑAQUE,1,2022-01-08,0.42857142857142855
CITY OF PARAÑAQUE,0,2022-01-09,0.2857142857142857
CITY OF PARAÑAQUE,1,2022-01-10,0.42857142857142855
CITY OF PARAÑAQUE,4,2022-01-11,1.0
CITY OF PARAÑAQUE,4,2022-01-12,1.5714285714285714
CITY OF PARAÑAQUE,4,2022-01-13,2.0
CITY OF PARAÑAQUE,1,2022-01-14,2.142857142857143
CITY OF PARAÑAQUE,4,2022-01-15,2.5714285714285716
CITY OF PARAÑAQUE,0,2022-01-16,2.5714285714285716
CITY OF PARAÑAQUE,4,2022-01-17,3.0
CITY OF PARAÑAQUE,2,2022-01-18,2.7142857142857144
CITY OF PARAÑAQUE,2,2022-01-19,2.4285714285714284
CITY OF PARAÑAQUE,0,2022-01-20,1.8571428571428572
CITY OF PARAÑAQUE,1,2022-01-21,1.8571428571428572
CITY OF PARAÑAQUE,1,2022-01-22,1.4285714285714286
CITY OF PARAÑAQUE,2,2022-01-23,1.7142857142857142
CITY OF PARAÑAQUE,0,2022-01-24,1.1428571428571428
CITY OF PARAÑAQUE,2,2022-01-25,1.1428571428571428
CITY OF PARAÑAQUE,1,2022-01-26,1.0
CITY OF PARAÑAQUE,0,2022-01-27,1.0
CITY OF PARAÑAQUE,0,2022-01-28,0.8571428571428571
CITY OF PARAÑAQUE,2,2022-01-29,1.0
CITY OF PARAÑAQUE,2,2022-01-30,1.0
CITY OF PARAÑAQUE,0,2022-01-31,1.0
CITY OF PARAÑAQUE,2,2022-02-01,1.0
CITY OF PARAÑAQUE,0,2022-02-02,0.8571428571428571
CITY OF PARAÑAQUE,2,2022-02-03,1.1428571428571428
CITY OF PARAÑAQUE,2,2022-02-04,1.4285714285714286
CITY OF PARAÑAQUE,3,2022-02-05,1.5714285714285714
CITY OF PARAÑAQUE,1,2022-02-06,1.4285714285714286
CITY OF PARAÑAQUE,0,2022-02-07,1.4285714285714286
CITY OF PARAÑAQUE,1,2022-02-08,1.2857142857142858
CITY OF PARAÑAQUE,0,2022-02-09,1.2857142857142858
CITY OF PARAÑAQUE,1,2022-02-10,1.1428571428571428
CITY OF PARAÑAQUE,0,2022-02-11,0.8571428571428571
CITY OF PARAÑAQUE,0,2022-02-12,0.42857142857142855
CITY OF PARAÑAQUE,0,2022-02-13,0.2857142857142857
CITY OF PARAÑAQUE,1,2022-02-14,0.42857142857142855
CITY OF PARAÑAQUE,0,2022-02-15,0.2857142857142857
CITY OF PARAÑAQUE,0,2022-02-16,0.2857142857142857
CITY OF PARAÑAQUE,0,2022-02-17,0.14285714285714285
CITY OF PARAÑAQUE,0,2022-02-18,0.14285714285714285
CITY OF PARAÑAQUE,0,2022-02-19,0.14285714285714285
CITY OF PARAÑAQUE,0,2022-02-20,0.14285714285714285
CITY OF PARAÑAQUE,0,2022-02-21,0.0
CITY OF PARAÑAQUE,1,2022-02-22,0.14285714285714285
CITY OF PARAÑAQUE,0,2022-02-23,0.14285714285714285
CITY OF PARAÑAQUE,0,2022-02-24,0.14285714285714285
CITY OF PARAÑAQUE,0,2022-02-25,0.14285714285714285
CITY OF PARAÑAQUE,0,2022-02-26,0.14285714285714285
CITY OF PARAÑAQUE,0,2022-02-27,0.14285714285714285
CITY OF PARAÑAQUE,0,2022-02-28,0.14285714285714285
CITY OF PARAÑAQUE,0,2022-03-01,0.0
CITY OF PARAÑAQUE,0,2022-03-02,0.0
CITY OF PARAÑAQUE,0,2022-03-03,0.0
CITY OF PARAÑAQUE,0,2022-03-04,0.0
CITY OF PARAÑAQUE,0,2022-03-05,0.0
CITY OF PARAÑAQUE,0,2022-03-06,0.0
CITY OF PARAÑAQUE,0,2022-03-07,0.0
CITY OF PARAÑAQUE,0,2022-03-08,0.0
CITY OF PARAÑAQUE,1,2022-03-09,0.14285714285714285
CITY OF PARAÑAQUE,0,2022-03-10,0.14285714285714285
CITY OF PARAÑAQUE,0,2022-03-11,0.14285714285714285
CITY OF PARAÑAQUE,0,2022-03-12,0.14285714285714285
CITY OF PARAÑAQUE,0,2022-03-13,0.14285714285714285
CITY OF PARAÑAQUE,0,2022-03-14,0.14285714285714285
CITY OF PARAÑAQUE,0,2022-03-15,0.14285714285714285
CITY OF PARAÑAQUE,0,2022-03-16,0.0
CITY OF PARAÑAQUE,1,2022-03-17,0.14285714285714285
CITY OF PARAÑAQUE,0,2022-03-18,0.14285714285714285
CITY OF PARAÑAQUE,0,2022-03-19,0.14285714285714285
CITY OF PARAÑAQUE,0,2022-03-20,0.14285714285714285
CITY OF PARAÑAQUE,0,2022-03-21,0.14285714285714285
CITY OF PARAÑAQUE,0,2022-03-22,0.14285714285714285
CITY OF PARAÑAQUE,0,2022-03-23,0.14285714285714285
CITY OF PARAÑAQUE,1,2022-03-24,0.14285714285714285
CITY OF PARAÑAQUE,0,2022-03-25,0.14285714285714285
CITY OF PARAÑAQUE,0,2022-03-26,0.14285714285714285
CITY OF PARAÑAQUE,0,2022-03-27,0.14285714285714285
CITY OF PARAÑAQUE,4,2022-03-28,0.7142857142857143
CITY OF PARAÑAQUE,1,2022-03-29,0.8571428571428571
CITY OF PARAÑAQUE,1,2022-03-30,1.0
CITY OF PARAÑAQUE,4,2022-03-31,1.4285714285714286
CITY OF PARAÑAQUE,0,2022-04-01,1.4285714285714286
CITY OF PARAÑAQUE,0,2022-04-02,1.4285714285714286
CITY OF PARAÑAQUE,0,2022-04-03,1.4285714285714286
CITY OF PARAÑAQUE,3,2022-04-04,1.2857142857142858
CITY OF PARAÑAQUE,0,2022-04-05,1.1428571428571428
CITY OF PARAÑAQUE,2,2022-04-06,1.2857142857142858
