city,count,date,7DayMA
CITY OF MANDALUYONG,1,2020-03-17,
CITY OF MANDALUYONG,0,2020-03-18,
CITY OF MANDALUYONG,0,2020-03-19,
CITY OF MANDALUYONG,0,2020-03-20,
CITY OF MANDALUYONG,0,2020-03-21,
CITY OF MANDALUYONG,0,2020-03-22,
CITY OF MANDALUYONG,0,2020-03-23,0.14285714285714285
CITY OF MANDALUYONG,1,2020-03-24,0.14285714285714285
CITY OF MANDALUYONG,0,2020-03-25,0.14285714285714285
CITY OF MANDALUYONG,0,2020-03-26,0.14285714285714285
CITY OF MANDALUYONG,0,2020-03-27,0.14285714285714285
CITY OF MANDALUYONG,0,2020-03-28,0.14285714285714285
CITY OF MANDALUYONG,2,2020-03-29,0.42857142857142855
CITY OF MANDALUYONG,0,2020-03-30,0.42857142857142855
CITY OF MANDALUYONG,1,2020-03-31,0.42857142857142855
CITY OF MANDALUYONG,1,2020-04-01,0.5714285714285714
CITY OF MANDALUYONG,0,2020-04-02,0.5714285714285714
CITY OF MANDALUYONG,2,2020-04-03,0.8571428571428571
CITY OF MANDALUYONG,0,2020-04-04,0.8571428571428571
CITY OF MANDALUYONG,1,2020-04-05,0.7142857142857143
CITY OF MANDALUYONG,2,2020-04-06,1.0
CITY OF MANDALUYONG,0,2020-04-07,0.8571428571428571
CITY OF MANDALUYONG,3,2020-04-08,1.1428571428571428
CITY OF MANDALUYONG,3,2020-04-09,1.5714285714285714
CITY OF MANDALUYONG,0,2020-04-10,1.2857142857142858
CITY OF MANDALUYONG,1,2020-04-11,1.4285714285714286
CITY OF MANDALUYONG,1,2020-04-12,1.4285714285714286
CITY OF MANDALUYONG,1,2020-04-13,1.2857142857142858
CITY OF MANDALUYONG,1,2020-04-14,1.4285714285714286
CITY OF MANDALUYONG,4,2020-04-15,1.5714285714285714
CITY OF MANDALUYONG,1,2020-04-16,1.2857142857142858
CITY OF MANDALUYONG,1,2020-04-17,1.4285714285714286
CITY OF MANDALUYONG,2,2020-04-18,1.5714285714285714
CITY OF MANDALUYONG,1,2020-04-19,1.5714285714285714
CITY OF MANDALUYONG,1,2020-04-20,1.5714285714285714
CITY OF MANDALUYONG,3,2020-04-21,1.8571428571428572
CITY OF MANDALUYONG,2,2020-04-22,1.5714285714285714
CITY OF MANDALUYONG,2,2020-04-23,1.7142857142857142
CITY OF MANDALUYONG,3,2020-04-24,2.0
CITY OF MANDALUYONG,1,2020-04-25,1.8571428571428572
CITY OF MANDALUYONG,1,2020-04-26,1.8571428571428572
CITY OF MANDALUYONG,2,2020-04-27,2.0
CITY OF MANDALUYONG,3,2020-04-28,2.0
CITY OF MANDALUYONG,4,2020-04-29,2.2857142857142856
CITY OF MANDALUYONG,4,2020-04-30,2.5714285714285716
CITY OF MANDALUYONG,3,2020-05-01,2.5714285714285716
CITY OF MANDALUYONG,5,2020-05-02,3.142857142857143
CITY OF MANDALUYONG,0,2020-05-03,3.0
CITY OF MANDALUYONG,3,2020-05-04,3.142857142857143
CITY OF MANDALUYONG,3,2020-05-05,3.142857142857143
CITY OF MANDALUYONG,5,2020-05-06,3.2857142857142856
CITY OF MANDALUYONG,1,2020-05-07,2.857142857142857
CITY OF MANDALUYONG,2,2020-05-08,2.7142857142857144
CITY OF MANDALUYONG,2,2020-05-09,2.2857142857142856
CITY OF MANDALUYONG,1,2020-05-10,2.4285714285714284
CITY OF MANDALUYONG,4,2020-05-11,2.5714285714285716
CITY OF MANDALUYONG,4,2020-05-12,2.7142857142857144
CITY OF MANDALUYONG,4,2020-05-13,2.5714285714285716
CITY OF MANDALUYONG,2,2020-05-14,2.7142857142857144
CITY OF MANDALUYONG,1,2020-05-15,2.5714285714285716
CITY OF MANDALUYONG,1,2020-05-16,2.4285714285714284
CITY OF MANDALUYONG,0,2020-05-17,2.2857142857142856
CITY OF MANDALUYONG,2,2020-05-18,2.0
CITY OF MANDALUYONG,2,2020-05-19,1.7142857142857142
CITY OF MANDALUYONG,4,2020-05-20,1.7142857142857142
CITY OF MANDALUYONG,2,2020-05-21,1.7142857142857142
CITY OF MANDALUYONG,1,2020-05-22,1.7142857142857142
CITY OF MANDALUYONG,0,2020-05-23,1.5714285714285714
CITY OF MANDALUYONG,0,2020-05-24,1.5714285714285714
CITY OF MANDALUYONG,0,2020-05-25,1.2857142857142858
CITY OF MANDALUYONG,0,2020-05-26,1.0
CITY OF MANDALUYONG,0,2020-05-27,0.42857142857142855
CITY OF MANDALUYONG,5,2020-05-28,0.8571428571428571
CITY OF MANDALUYONG,7,2020-05-29,1.7142857142857142
CITY OF MANDALUYONG,2,2020-05-30,2.0
CITY OF MANDALUYONG,1,2020-05-31,2.142857142857143
CITY OF MANDALUYONG,2,2020-06-01,2.4285714285714284
CITY OF MANDALUYONG,3,2020-06-02,2.857142857142857
CITY OF MANDALUYONG,0,2020-06-03,2.857142857142857
CITY OF MANDALUYONG,1,2020-06-04,2.2857142857142856
CITY OF MANDALUYONG,0,2020-06-05,1.2857142857142858
CITY OF MANDALUYONG,2,2020-06-06,1.2857142857142858
CITY OF MANDALUYONG,0,2020-06-07,1.1428571428571428
CITY OF MANDALUYONG,5,2020-06-08,1.5714285714285714
CITY OF MANDALUYONG,1,2020-06-09,1.2857142857142858
CITY OF MANDALUYONG,0,2020-06-10,1.2857142857142858
CITY OF MANDALUYONG,1,2020-06-11,1.2857142857142858
CITY OF MANDALUYONG,0,2020-06-12,1.2857142857142858
CITY OF MANDALUYONG,0,2020-06-13,1.0
CITY OF MANDALUYONG,0,2020-06-14,1.0
CITY OF MANDALUYONG,0,2020-06-15,0.2857142857142857
CITY OF MANDALUYONG,0,2020-06-16,0.14285714285714285
CITY OF MANDALUYONG,0,2020-06-17,0.14285714285714285
CITY OF MANDALUYONG,0,2020-06-18,0.0
CITY OF MANDALUYONG,0,2020-06-19,0.0
CITY OF MANDALUYONG,0,2020-06-20,0.0
CITY OF MANDALUYONG,0,2020-06-21,0.0
CITY OF MANDALUYONG,0,2020-06-22,0.0
CITY OF MANDALUYONG,0,2020-06-23,0.0
CITY OF MANDALUYONG,0,2020-06-24,0.0
CITY OF MANDALUYONG,1,2020-06-25,0.14285714285714285
CITY OF MANDALUYONG,0,2020-06-26,0.14285714285714285
CITY OF MANDALUYONG,0,2020-06-27,0.14285714285714285
CITY OF MANDALUYONG,0,2020-06-28,0.14285714285714285
CITY OF MANDALUYONG,0,2020-06-29,0.14285714285714285
CITY OF MANDALUYONG,0,2020-06-30,0.14285714285714285
CITY OF MANDALUYONG,1,2020-07-01,0.2857142857142857
CITY OF MANDALUYONG,0,2020-07-02,0.14285714285714285
CITY OF MANDALUYONG,0,2020-07-03,0.14285714285714285
CITY OF MANDALUYONG,0,2020-07-04,0.14285714285714285
CITY OF MANDALUYONG,0,2020-07-05,0.14285714285714285
CITY OF MANDALUYONG,0,2020-07-06,0.14285714285714285
CITY OF MANDALUYONG,1,2020-07-07,0.2857142857142857
CITY OF MANDALUYONG,1,2020-07-08,0.2857142857142857
CITY OF MANDALUYONG,0,2020-07-09,0.2857142857142857
CITY OF MANDALUYONG,0,2020-07-10,0.2857142857142857
CITY OF MANDALUYONG,0,2020-07-11,0.2857142857142857
CITY OF MANDALUYONG,0,2020-07-12,0.2857142857142857
CITY OF MANDALUYONG,1,2020-07-13,0.42857142857142855
CITY OF MANDALUYONG,0,2020-07-14,0.2857142857142857
CITY OF MANDALUYONG,1,2020-07-15,0.2857142857142857
CITY OF MANDALUYONG,0,2020-07-16,0.2857142857142857
CITY OF MANDALUYONG,0,2020-07-17,0.2857142857142857
CITY OF MANDALUYONG,0,2020-07-18,0.2857142857142857
CITY OF MANDALUYONG,2,2020-07-19,0.5714285714285714
CITY OF MANDALUYONG,3,2020-07-20,0.8571428571428571
CITY OF MANDALUYONG,1,2020-07-21,1.0
CITY OF MANDALUYONG,1,2020-07-22,1.0
CITY OF MANDALUYONG,3,2020-07-23,1.4285714285714286
CITY OF MANDALUYONG,1,2020-07-24,1.5714285714285714
CITY OF MANDALUYONG,5,2020-07-25,2.2857142857142856
CITY OF MANDALUYONG,2,2020-07-26,2.2857142857142856
CITY OF MANDALUYONG,1,2020-07-27,2.0
CITY OF MANDALUYONG,2,2020-07-28,2.142857142857143
CITY OF MANDALUYONG,1,2020-07-29,2.142857142857143
CITY OF MANDALUYONG,2,2020-07-30,2.0
CITY OF MANDALUYONG,1,2020-07-31,2.0
CITY OF MANDALUYONG,4,2020-08-01,1.8571428571428572
CITY OF MANDALUYONG,0,2020-08-02,1.5714285714285714
CITY OF MANDALUYONG,1,2020-08-03,1.5714285714285714
CITY OF MANDALUYONG,8,2020-08-04,2.4285714285714284
CITY OF MANDALUYONG,11,2020-08-05,3.857142857142857
CITY OF MANDALUYONG,20,2020-08-06,6.428571428571429
CITY OF MANDALUYONG,10,2020-08-07,7.714285714285714
CITY OF MANDALUYONG,4,2020-08-08,7.714285714285714
CITY OF MANDALUYONG,11,2020-08-09,9.285714285714286
CITY OF MANDALUYONG,4,2020-08-10,9.714285714285714
CITY OF MANDALUYONG,25,2020-08-11,12.142857142857142
CITY OF MANDALUYONG,36,2020-08-12,15.714285714285714
CITY OF MANDALUYONG,25,2020-08-13,16.428571428571427
CITY OF MANDALUYONG,11,2020-08-14,16.571428571428573
CITY OF MANDALUYONG,6,2020-08-15,16.857142857142858
CITY OF MANDALUYONG,5,2020-08-16,16.0
CITY OF MANDALUYONG,6,2020-08-17,16.285714285714285
CITY OF MANDALUYONG,15,2020-08-18,14.857142857142858
CITY OF MANDALUYONG,5,2020-08-19,10.428571428571429
CITY OF MANDALUYONG,3,2020-08-20,7.285714285714286
CITY OF MANDALUYONG,6,2020-08-21,6.571428571428571
CITY OF MANDALUYONG,2,2020-08-22,6.0
CITY OF MANDALUYONG,1,2020-08-23,5.428571428571429
CITY OF MANDALUYONG,3,2020-08-24,5.0
CITY OF MANDALUYONG,3,2020-08-25,3.2857142857142856
CITY OF MANDALUYONG,6,2020-08-26,3.4285714285714284
CITY OF MANDALUYONG,5,2020-08-27,3.7142857142857144
CITY OF MANDALUYONG,10,2020-08-28,4.285714285714286
CITY OF MANDALUYONG,2,2020-08-29,4.285714285714286
CITY OF MANDALUYONG,11,2020-08-30,5.714285714285714
CITY OF MANDALUYONG,1,2020-08-31,5.428571428571429
CITY OF MANDALUYONG,4,2020-09-01,5.571428571428571
CITY OF MANDALUYONG,5,2020-09-02,5.428571428571429
CITY OF MANDALUYONG,20,2020-09-03,7.571428571428571
CITY OF MANDALUYONG,24,2020-09-04,9.571428571428571
CITY OF MANDALUYONG,4,2020-09-05,9.857142857142858
CITY OF MANDALUYONG,3,2020-09-06,8.714285714285714
CITY OF MANDALUYONG,0,2020-09-07,8.571428571428571
CITY OF MANDALUYONG,10,2020-09-08,9.428571428571429
CITY OF MANDALUYONG,2,2020-09-09,9.0
CITY OF MANDALUYONG,11,2020-09-10,7.714285714285714
CITY OF MANDALUYONG,2,2020-09-11,4.571428571428571
CITY OF MANDALUYONG,2,2020-09-12,4.285714285714286
CITY OF MANDALUYONG,8,2020-09-13,5.0
CITY OF MANDALUYONG,21,2020-09-14,8.0
CITY OF MANDALUYONG,14,2020-09-15,8.571428571428571
CITY OF MANDALUYONG,13,2020-09-16,10.142857142857142
CITY OF MANDALUYONG,10,2020-09-17,10.0
CITY OF MANDALUYONG,6,2020-09-18,10.571428571428571
CITY OF MANDALUYONG,8,2020-09-19,11.428571428571429
CITY OF MANDALUYONG,4,2020-09-20,10.857142857142858
CITY OF MANDALUYONG,8,2020-09-21,9.0
CITY OF MANDALUYONG,44,2020-09-22,13.285714285714286
CITY OF MANDALUYONG,26,2020-09-23,15.142857142857142
CITY OF MANDALUYONG,12,2020-09-24,15.428571428571429
CITY OF MANDALUYONG,25,2020-09-25,18.142857142857142
CITY OF MANDALUYONG,29,2020-09-26,21.142857142857142
CITY OF MANDALUYONG,33,2020-09-27,25.285714285714285
CITY OF MANDALUYONG,61,2020-09-28,32.857142857142854
CITY OF MANDALUYONG,22,2020-09-29,29.714285714285715
CITY OF MANDALUYONG,32,2020-09-30,30.571428571428573
CITY OF MANDALUYONG,32,2020-10-01,33.42857142857143
CITY OF MANDALUYONG,33,2020-10-02,34.57142857142857
CITY OF MANDALUYONG,14,2020-10-03,32.42857142857143
CITY OF MANDALUYONG,11,2020-10-04,29.285714285714285
CITY OF MANDALUYONG,26,2020-10-05,24.285714285714285
CITY OF MANDALUYONG,38,2020-10-06,26.571428571428573
CITY OF MANDALUYONG,41,2020-10-07,27.857142857142858
CITY OF MANDALUYONG,19,2020-10-08,26.0
CITY OF MANDALUYONG,10,2020-10-09,22.714285714285715
CITY OF MANDALUYONG,15,2020-10-10,22.857142857142858
CITY OF MANDALUYONG,14,2020-10-11,23.285714285714285
CITY OF MANDALUYONG,23,2020-10-12,22.857142857142858
CITY OF MANDALUYONG,36,2020-10-13,22.571428571428573
CITY OF MANDALUYONG,40,2020-10-14,22.428571428571427
CITY OF MANDALUYONG,48,2020-10-15,26.571428571428573
CITY OF MANDALUYONG,19,2020-10-16,27.857142857142858
CITY OF MANDALUYONG,0,2020-10-17,25.714285714285715
CITY OF MANDALUYONG,0,2020-10-18,23.714285714285715
CITY OF MANDALUYONG,36,2020-10-19,25.571428571428573
CITY OF MANDALUYONG,25,2020-10-20,24.0
CITY OF MANDALUYONG,23,2020-10-21,21.571428571428573
CITY OF MANDALUYONG,19,2020-10-22,17.428571428571427
CITY OF MANDALUYONG,31,2020-10-23,19.142857142857142
CITY OF MANDALUYONG,27,2020-10-24,23.0
CITY OF MANDALUYONG,29,2020-10-25,27.142857142857142
CITY OF MANDALUYONG,20,2020-10-26,24.857142857142858
CITY OF MANDALUYONG,21,2020-10-27,24.285714285714285
CITY OF MANDALUYONG,15,2020-10-28,23.142857142857142
CITY OF MANDALUYONG,10,2020-10-29,21.857142857142858
CITY OF MANDALUYONG,9,2020-10-30,18.714285714285715
CITY OF MANDALUYONG,16,2020-10-31,17.142857142857142
CITY OF MANDALUYONG,8,2020-11-01,14.142857142857142
CITY OF MANDALUYONG,15,2020-11-02,13.428571428571429
CITY OF MANDALUYONG,13,2020-11-03,12.285714285714286
CITY OF MANDALUYONG,8,2020-11-04,11.285714285714286
CITY OF MANDALUYONG,2,2020-11-05,10.142857142857142
CITY OF MANDALUYONG,13,2020-11-06,10.714285714285714
CITY OF MANDALUYONG,4,2020-11-07,9.0
CITY OF MANDALUYONG,8,2020-11-08,9.0
CITY OF MANDALUYONG,16,2020-11-09,9.142857142857142
CITY OF MANDALUYONG,14,2020-11-10,9.285714285714286
CITY OF MANDALUYONG,12,2020-11-11,9.857142857142858
CITY OF MANDALUYONG,3,2020-11-12,10.0
CITY OF MANDALUYONG,14,2020-11-13,10.142857142857142
CITY OF MANDALUYONG,9,2020-11-14,10.857142857142858
CITY OF MANDALUYONG,7,2020-11-15,10.714285714285714
CITY OF MANDALUYONG,14,2020-11-16,10.428571428571429
CITY OF MANDALUYONG,10,2020-11-17,9.857142857142858
CITY OF MANDALUYONG,8,2020-11-18,9.285714285714286
CITY OF MANDALUYONG,4,2020-11-19,9.428571428571429
CITY OF MANDALUYONG,5,2020-11-20,8.142857142857142
CITY OF MANDALUYONG,8,2020-11-21,8.0
CITY OF MANDALUYONG,17,2020-11-22,9.428571428571429
CITY OF MANDALUYONG,4,2020-11-23,8.0
CITY OF MANDALUYONG,15,2020-11-24,8.714285714285714
CITY OF MANDALUYONG,7,2020-11-25,8.571428571428571
CITY OF MANDALUYONG,9,2020-11-26,9.285714285714286
CITY OF MANDALUYONG,6,2020-11-27,9.428571428571429
CITY OF MANDALUYONG,4,2020-11-28,8.857142857142858
CITY OF MANDALUYONG,2,2020-11-29,6.714285714285714
CITY OF MANDALUYONG,5,2020-11-30,6.857142857142857
CITY OF MANDALUYONG,21,2020-12-01,7.714285714285714
CITY OF MANDALUYONG,8,2020-12-02,7.857142857142857
CITY OF MANDALUYONG,13,2020-12-03,8.428571428571429
CITY OF MANDALUYONG,8,2020-12-04,8.714285714285714
CITY OF MANDALUYONG,12,2020-12-05,9.857142857142858
CITY OF MANDALUYONG,13,2020-12-06,11.428571428571429
CITY OF MANDALUYONG,14,2020-12-07,12.714285714285714
CITY OF MANDALUYONG,20,2020-12-08,12.571428571428571
CITY OF MANDALUYONG,10,2020-12-09,12.857142857142858
CITY OF MANDALUYONG,15,2020-12-10,13.142857142857142
CITY OF MANDALUYONG,10,2020-12-11,13.428571428571429
CITY OF MANDALUYONG,11,2020-12-12,13.285714285714286
CITY OF MANDALUYONG,35,2020-12-13,16.428571428571427
CITY OF MANDALUYONG,9,2020-12-14,15.714285714285714
CITY OF MANDALUYONG,7,2020-12-15,13.857142857142858
CITY OF MANDALUYONG,7,2020-12-16,13.428571428571429
CITY OF MANDALUYONG,5,2020-12-17,12.0
CITY OF MANDALUYONG,13,2020-12-18,12.428571428571429
CITY OF MANDALUYONG,2,2020-12-19,11.142857142857142
CITY OF MANDALUYONG,2,2020-12-20,6.428571428571429
CITY OF MANDALUYONG,8,2020-12-21,6.285714285714286
CITY OF MANDALUYONG,11,2020-12-22,6.857142857142857
CITY OF MANDALUYONG,3,2020-12-23,6.285714285714286
CITY OF MANDALUYONG,5,2020-12-24,6.285714285714286
CITY OF MANDALUYONG,6,2020-12-25,5.285714285714286
CITY OF MANDALUYONG,17,2020-12-26,7.428571428571429
CITY OF MANDALUYONG,8,2020-12-27,8.285714285714286
CITY OF MANDALUYONG,23,2020-12-28,10.428571428571429
CITY OF MANDALUYONG,7,2020-12-29,9.857142857142858
CITY OF MANDALUYONG,14,2020-12-30,11.428571428571429
CITY OF MANDALUYONG,2,2020-12-31,11.0
CITY OF MANDALUYONG,13,2021-01-01,12.0
CITY OF MANDALUYONG,2,2021-01-02,9.857142857142858
CITY OF MANDALUYONG,8,2021-01-03,9.857142857142858
CITY OF MANDALUYONG,11,2021-01-04,8.142857142857142
CITY OF MANDALUYONG,11,2021-01-05,8.714285714285714
CITY OF MANDALUYONG,4,2021-01-06,7.285714285714286
CITY OF MANDALUYONG,6,2021-01-07,7.857142857142857
CITY OF MANDALUYONG,5,2021-01-08,6.714285714285714
CITY OF MANDALUYONG,4,2021-01-09,7.0
CITY OF MANDALUYONG,4,2021-01-10,6.428571428571429
CITY OF MANDALUYONG,10,2021-01-11,6.285714285714286
CITY OF MANDALUYONG,10,2021-01-12,6.142857142857143
CITY OF MANDALUYONG,6,2021-01-13,6.428571428571429
CITY OF MANDALUYONG,7,2021-01-14,6.571428571428571
CITY OF MANDALUYONG,22,2021-01-15,9.0
CITY OF MANDALUYONG,13,2021-01-16,10.285714285714286
CITY OF MANDALUYONG,2,2021-01-17,10.0
CITY OF MANDALUYONG,14,2021-01-18,10.571428571428571
CITY OF MANDALUYONG,11,2021-01-19,10.714285714285714
CITY OF MANDALUYONG,6,2021-01-20,10.714285714285714
CITY OF MANDALUYONG,13,2021-01-21,11.571428571428571
CITY OF MANDALUYONG,3,2021-01-22,8.857142857142858
CITY OF MANDALUYONG,8,2021-01-23,8.142857142857142
CITY OF MANDALUYONG,10,2021-01-24,9.285714285714286
CITY OF MANDALUYONG,21,2021-01-25,10.285714285714286
CITY OF MANDALUYONG,5,2021-01-26,9.428571428571429
CITY OF MANDALUYONG,7,2021-01-27,9.571428571428571
CITY OF MANDALUYONG,7,2021-01-28,8.714285714285714
CITY OF MANDALUYONG,15,2021-01-29,10.428571428571429
CITY OF MANDALUYONG,8,2021-01-30,10.428571428571429
CITY OF MANDALUYONG,0,2021-01-31,9.0
CITY OF MANDALUYONG,10,2021-02-01,7.428571428571429
CITY OF MANDALUYONG,12,2021-02-02,8.428571428571429
CITY OF MANDALUYONG,3,2021-02-03,7.857142857142857
CITY OF MANDALUYONG,6,2021-02-04,7.714285714285714
CITY OF MANDALUYONG,10,2021-02-05,7.0
CITY OF MANDALUYONG,6,2021-02-06,6.714285714285714
CITY OF MANDALUYONG,10,2021-02-07,8.142857142857142
CITY OF MANDALUYONG,11,2021-02-08,8.285714285714286
CITY OF MANDALUYONG,9,2021-02-09,7.857142857142857
CITY OF MANDALUYONG,10,2021-02-10,8.857142857142858
CITY OF MANDALUYONG,13,2021-02-11,9.857142857142858
CITY OF MANDALUYONG,5,2021-02-12,9.142857142857142
CITY OF MANDALUYONG,3,2021-02-13,8.714285714285714
CITY OF MANDALUYONG,1,2021-02-14,7.428571428571429
CITY OF MANDALUYONG,15,2021-02-15,8.0
CITY OF MANDALUYONG,6,2021-02-16,7.571428571428571
CITY OF MANDALUYONG,9,2021-02-17,7.428571428571429
CITY OF MANDALUYONG,12,2021-02-18,7.285714285714286
CITY OF MANDALUYONG,12,2021-02-19,8.285714285714286
CITY OF MANDALUYONG,9,2021-02-20,9.142857142857142
CITY OF MANDALUYONG,5,2021-02-21,9.714285714285714
CITY OF MANDALUYONG,13,2021-02-22,9.428571428571429
CITY OF MANDALUYONG,5,2021-02-23,9.285714285714286
CITY OF MANDALUYONG,7,2021-02-24,9.0
CITY OF MANDALUYONG,5,2021-02-25,8.0
CITY OF MANDALUYONG,12,2021-02-26,8.0
CITY OF MANDALUYONG,6,2021-02-27,7.571428571428571
CITY OF MANDALUYONG,14,2021-02-28,8.857142857142858
CITY OF MANDALUYONG,11,2021-03-01,8.571428571428571
CITY OF MANDALUYONG,7,2021-03-02,8.857142857142858
CITY OF MANDALUYONG,4,2021-03-03,8.428571428571429
CITY OF MANDALUYONG,15,2021-03-04,9.857142857142858
CITY OF MANDALUYONG,13,2021-03-05,10.0
CITY OF MANDALUYONG,5,2021-03-06,9.857142857142858
CITY OF MANDALUYONG,2,2021-03-07,8.142857142857142
CITY OF MANDALUYONG,16,2021-03-08,8.857142857142858
CITY OF MANDALUYONG,12,2021-03-09,9.571428571428571
CITY OF MANDALUYONG,19,2021-03-10,11.714285714285714
CITY OF MANDALUYONG,24,2021-03-11,13.0
CITY OF MANDALUYONG,30,2021-03-12,15.428571428571429
CITY OF MANDALUYONG,23,2021-03-13,18.0
CITY OF MANDALUYONG,20,2021-03-14,20.571428571428573
CITY OF MANDALUYONG,32,2021-03-15,22.857142857142858
CITY OF MANDALUYONG,21,2021-03-16,24.142857142857142
CITY OF MANDALUYONG,35,2021-03-17,26.428571428571427
CITY OF MANDALUYONG,57,2021-03-18,31.142857142857142
CITY OF MANDALUYONG,68,2021-03-19,36.57142857142857
CITY OF MANDALUYONG,47,2021-03-20,40.0
CITY OF MANDALUYONG,44,2021-03-21,43.42857142857143
CITY OF MANDALUYONG,49,2021-03-22,45.857142857142854
CITY OF MANDALUYONG,45,2021-03-23,49.285714285714285
CITY OF MANDALUYONG,104,2021-03-24,59.142857142857146
CITY OF MANDALUYONG,57,2021-03-25,59.142857142857146
CITY OF MANDALUYONG,72,2021-03-26,59.714285714285715
CITY OF MANDALUYONG,44,2021-03-27,59.285714285714285
CITY OF MANDALUYONG,40,2021-03-28,58.714285714285715
CITY OF MANDALUYONG,135,2021-03-29,71.0
CITY OF MANDALUYONG,19,2021-03-30,67.28571428571429
CITY OF MANDALUYONG,76,2021-03-31,63.285714285714285
CITY OF MANDALUYONG,98,2021-04-01,69.14285714285714
CITY OF MANDALUYONG,22,2021-04-02,62.0
CITY OF MANDALUYONG,75,2021-04-03,66.42857142857143
CITY OF MANDALUYONG,61,2021-04-04,69.42857142857143
CITY OF MANDALUYONG,98,2021-04-05,64.14285714285714
CITY OF MANDALUYONG,68,2021-04-06,71.14285714285714
CITY OF MANDALUYONG,45,2021-04-07,66.71428571428571
CITY OF MANDALUYONG,151,2021-04-08,74.28571428571429
CITY OF MANDALUYONG,79,2021-04-09,82.42857142857143
CITY OF MANDALUYONG,75,2021-04-10,82.42857142857143
CITY OF MANDALUYONG,63,2021-04-11,82.71428571428571
CITY OF MANDALUYONG,84,2021-04-12,80.71428571428571
CITY OF MANDALUYONG,109,2021-04-13,86.57142857142857
CITY OF MANDALUYONG,157,2021-04-14,102.57142857142857
CITY OF MANDALUYONG,123,2021-04-15,98.57142857142857
CITY OF MANDALUYONG,120,2021-04-16,104.42857142857143
CITY OF MANDALUYONG,82,2021-04-17,105.42857142857143
CITY OF MANDALUYONG,66,2021-04-18,105.85714285714286
CITY OF MANDALUYONG,61,2021-04-19,102.57142857142857
CITY OF MANDALUYONG,116,2021-04-20,103.57142857142857
CITY OF MANDALUYONG,26,2021-04-21,84.85714285714286
CITY OF MANDALUYONG,44,2021-04-22,73.57142857142857
CITY OF MANDALUYONG,30,2021-04-23,60.714285714285715
CITY OF MANDALUYONG,78,2021-04-24,60.142857142857146
CITY OF MANDALUYONG,41,2021-04-25,56.57142857142857
CITY OF MANDALUYONG,5,2021-04-26,48.57142857142857
CITY OF MANDALUYONG,49,2021-04-27,39.0
CITY OF MANDALUYONG,21,2021-04-28,38.285714285714285
CITY OF MANDALUYONG,5,2021-04-29,32.714285714285715
CITY OF MANDALUYONG,3,2021-04-30,28.857142857142858
CITY OF MANDALUYONG,6,2021-05-01,18.571428571428573
CITY OF MANDALUYONG,69,2021-05-02,22.571428571428573
CITY OF MANDALUYONG,41,2021-05-03,27.714285714285715
CITY OF MANDALUYONG,9,2021-05-04,22.0
CITY OF MANDALUYONG,11,2021-05-05,20.571428571428573
CITY OF MANDALUYONG,8,2021-05-06,21.0
CITY OF MANDALUYONG,25,2021-05-07,24.142857142857142
CITY OF MANDALUYONG,6,2021-05-08,24.142857142857142
CITY OF MANDALUYONG,0,2021-05-09,14.285714285714286
CITY OF MANDALUYONG,40,2021-05-10,14.142857142857142
CITY OF MANDALUYONG,16,2021-05-11,15.142857142857142
CITY OF MANDALUYONG,3,2021-05-12,14.0
CITY OF MANDALUYONG,5,2021-05-13,13.571428571428571
CITY OF MANDALUYONG,6,2021-05-14,10.857142857142858
CITY OF MANDALUYONG,1,2021-05-15,10.142857142857142
CITY OF MANDALUYONG,9,2021-05-16,11.428571428571429
CITY OF MANDALUYONG,9,2021-05-17,7.0
CITY OF MANDALUYONG,3,2021-05-18,5.142857142857143
CITY OF MANDALUYONG,10,2021-05-19,6.142857142857143
CITY OF MANDALUYONG,1,2021-05-20,5.571428571428571
CITY OF MANDALUYONG,11,2021-05-21,6.285714285714286
CITY OF MANDALUYONG,9,2021-05-22,7.428571428571429
CITY OF MANDALUYONG,8,2021-05-23,7.285714285714286
CITY OF MANDALUYONG,16,2021-05-24,8.285714285714286
CITY OF MANDALUYONG,2,2021-05-25,8.142857142857142
CITY OF MANDALUYONG,12,2021-05-26,8.428571428571429
CITY OF MANDALUYONG,7,2021-05-27,9.285714285714286
CITY OF MANDALUYONG,11,2021-05-28,9.285714285714286
CITY OF MANDALUYONG,6,2021-05-29,8.857142857142858
CITY OF MANDALUYONG,17,2021-05-30,10.142857142857142
CITY OF MANDALUYONG,24,2021-05-31,11.285714285714286
CITY OF MANDALUYONG,13,2021-06-01,12.857142857142858
CITY OF MANDALUYONG,6,2021-06-02,12.0
CITY OF MANDALUYONG,5,2021-06-03,11.714285714285714
CITY OF MANDALUYONG,17,2021-06-04,12.571428571428571
CITY OF MANDALUYONG,11,2021-06-05,13.285714285714286
CITY OF MANDALUYONG,1,2021-06-06,11.0
CITY OF MANDALUYONG,13,2021-06-07,9.428571428571429
CITY OF MANDALUYONG,4,2021-06-08,8.142857142857142
CITY OF MANDALUYONG,2,2021-06-09,7.571428571428571
CITY OF MANDALUYONG,15,2021-06-10,9.0
CITY OF MANDALUYONG,6,2021-06-11,7.428571428571429
CITY OF MANDALUYONG,0,2021-06-12,5.857142857142857
CITY OF MANDALUYONG,2,2021-06-13,6.0
CITY OF MANDALUYONG,14,2021-06-14,6.142857142857143
CITY OF MANDALUYONG,4,2021-06-15,6.142857142857143
CITY OF MANDALUYONG,11,2021-06-16,7.428571428571429
CITY OF MANDALUYONG,17,2021-06-17,7.714285714285714
CITY OF MANDALUYONG,7,2021-06-18,7.857142857142857
CITY OF MANDALUYONG,3,2021-06-19,8.285714285714286
CITY OF MANDALUYONG,9,2021-06-20,9.285714285714286
CITY OF MANDALUYONG,3,2021-06-21,7.714285714285714
CITY OF MANDALUYONG,12,2021-06-22,8.857142857142858
CITY OF MANDALUYONG,10,2021-06-23,8.714285714285714
CITY OF MANDALUYONG,12,2021-06-24,8.0
CITY OF MANDALUYONG,10,2021-06-25,8.428571428571429
CITY OF MANDALUYONG,3,2021-06-26,8.428571428571429
CITY OF MANDALUYONG,3,2021-06-27,7.571428571428571
CITY OF MANDALUYONG,8,2021-06-28,8.285714285714286
CITY OF MANDALUYONG,15,2021-06-29,8.714285714285714
CITY OF MANDALUYONG,2,2021-06-30,7.571428571428571
CITY OF MANDALUYONG,15,2021-07-01,8.0
CITY OF MANDALUYONG,5,2021-07-02,7.285714285714286
CITY OF MANDALUYONG,4,2021-07-03,7.428571428571429
CITY OF MANDALUYONG,13,2021-07-04,8.857142857142858
CITY OF MANDALUYONG,10,2021-07-05,9.142857142857142
CITY OF MANDALUYONG,18,2021-07-06,9.571428571428571
CITY OF MANDALUYONG,6,2021-07-07,10.142857142857142
CITY OF MANDALUYONG,13,2021-07-08,9.857142857142858
CITY OF MANDALUYONG,13,2021-07-09,11.0
CITY OF MANDALUYONG,4,2021-07-10,11.0
CITY OF MANDALUYONG,4,2021-07-11,9.714285714285714
CITY OF MANDALUYONG,26,2021-07-12,12.0
CITY OF MANDALUYONG,11,2021-07-13,11.0
CITY OF MANDALUYONG,4,2021-07-14,10.714285714285714
CITY OF MANDALUYONG,10,2021-07-15,10.285714285714286
CITY OF MANDALUYONG,10,2021-07-16,9.857142857142858
CITY OF MANDALUYONG,9,2021-07-17,10.571428571428571
CITY OF MANDALUYONG,5,2021-07-18,10.714285714285714
CITY OF MANDALUYONG,15,2021-07-19,9.142857142857142
CITY OF MANDALUYONG,6,2021-07-20,8.428571428571429
CITY OF MANDALUYONG,7,2021-07-21,8.857142857142858
CITY OF MANDALUYONG,8,2021-07-22,8.571428571428571
CITY OF MANDALUYONG,17,2021-07-23,9.571428571428571
CITY OF MANDALUYONG,6,2021-07-24,9.142857142857142
CITY OF MANDALUYONG,7,2021-07-25,9.428571428571429
CITY OF MANDALUYONG,25,2021-07-26,10.857142857142858
CITY OF MANDALUYONG,4,2021-07-27,10.571428571428571
CITY OF MANDALUYONG,8,2021-07-28,10.714285714285714
CITY OF MANDALUYONG,8,2021-07-29,10.714285714285714
CITY OF MANDALUYONG,9,2021-07-30,9.571428571428571
CITY OF MANDALUYONG,28,2021-07-31,12.714285714285714
CITY OF MANDALUYONG,8,2021-08-01,12.857142857142858
CITY OF MANDALUYONG,14,2021-08-02,11.285714285714286
CITY OF MANDALUYONG,11,2021-08-03,12.285714285714286
CITY OF MANDALUYONG,5,2021-08-04,11.857142857142858
CITY OF MANDALUYONG,14,2021-08-05,12.714285714285714
CITY OF MANDALUYONG,19,2021-08-06,14.142857142857142
CITY OF MANDALUYONG,19,2021-08-07,12.857142857142858
CITY OF MANDALUYONG,8,2021-08-08,12.857142857142858
CITY OF MANDALUYONG,29,2021-08-09,15.0
CITY OF MANDALUYONG,15,2021-08-10,15.571428571428571
CITY OF MANDALUYONG,23,2021-08-11,18.142857142857142
CITY OF MANDALUYONG,19,2021-08-12,18.857142857142858
CITY OF MANDALUYONG,33,2021-08-13,20.857142857142858
CITY OF MANDALUYONG,29,2021-08-14,22.285714285714285
CITY OF MANDALUYONG,22,2021-08-15,24.285714285714285
CITY OF MANDALUYONG,30,2021-08-16,24.428571428571427
CITY OF MANDALUYONG,37,2021-08-17,27.571428571428573
CITY OF MANDALUYONG,18,2021-08-18,26.857142857142858
CITY OF MANDALUYONG,23,2021-08-19,27.428571428571427
CITY OF MANDALUYONG,41,2021-08-20,28.571428571428573
CITY OF MANDALUYONG,19,2021-08-21,27.142857142857142
CITY OF MANDALUYONG,6,2021-08-22,24.857142857142858
CITY OF MANDALUYONG,51,2021-08-23,27.857142857142858
CITY OF MANDALUYONG,61,2021-08-24,31.285714285714285
CITY OF MANDALUYONG,14,2021-08-25,30.714285714285715
CITY OF MANDALUYONG,78,2021-08-26,38.57142857142857
CITY OF MANDALUYONG,59,2021-08-27,41.142857142857146
CITY OF MANDALUYONG,18,2021-08-28,41.0
CITY OF MANDALUYONG,37,2021-08-29,45.42857142857143
CITY OF MANDALUYONG,27,2021-08-30,42.0
CITY OF MANDALUYONG,70,2021-08-31,43.285714285714285
CITY OF MANDALUYONG,33,2021-09-01,46.0
CITY OF MANDALUYONG,27,2021-09-02,38.714285714285715
CITY OF MANDALUYONG,40,2021-09-03,36.0
CITY OF MANDALUYONG,39,2021-09-04,39.0
CITY OF MANDALUYONG,41,2021-09-05,39.57142857142857
CITY OF MANDALUYONG,50,2021-09-06,42.857142857142854
CITY OF MANDALUYONG,58,2021-09-07,41.142857142857146
CITY OF MANDALUYONG,34,2021-09-08,41.285714285714285
CITY OF MANDALUYONG,42,2021-09-09,43.42857142857143
CITY OF MANDALUYONG,37,2021-09-10,43.0
CITY OF MANDALUYONG,36,2021-09-11,42.57142857142857
CITY OF MANDALUYONG,58,2021-09-12,45.0
CITY OF MANDALUYONG,85,2021-09-13,50.0
CITY OF MANDALUYONG,93,2021-09-14,55.0
CITY OF MANDALUYONG,55,2021-09-15,58.0
CITY OF MANDALUYONG,48,2021-09-16,58.857142857142854
CITY OF MANDALUYONG,98,2021-09-17,67.57142857142857
CITY OF MANDALUYONG,22,2021-09-18,65.57142857142857
CITY OF MANDALUYONG,23,2021-09-19,60.57142857142857
CITY OF MANDALUYONG,21,2021-09-20,51.42857142857143
CITY OF MANDALUYONG,28,2021-09-21,42.142857142857146
CITY OF MANDALUYONG,5,2021-09-22,35.0
CITY OF MANDALUYONG,28,2021-09-23,32.142857142857146
CITY OF MANDALUYONG,0,2021-09-24,18.142857142857142
CITY OF MANDALUYONG,0,2021-09-25,15.0
CITY OF MANDALUYONG,2,2021-09-26,12.0
CITY OF MANDALUYONG,3,2021-09-27,9.428571428571429
CITY OF MANDALUYONG,50,2021-09-28,12.571428571428571
CITY OF MANDALUYONG,14,2021-09-29,13.857142857142858
CITY OF MANDALUYONG,2,2021-09-30,10.142857142857142
CITY OF MANDALUYONG,28,2021-10-01,14.142857142857142
CITY OF MANDALUYONG,27,2021-10-02,18.0
CITY OF MANDALUYONG,43,2021-10-03,23.857142857142858
CITY OF MANDALUYONG,14,2021-10-04,25.428571428571427
CITY OF MANDALUYONG,16,2021-10-05,20.571428571428573
CITY OF MANDALUYONG,6,2021-10-06,19.428571428571427
CITY OF MANDALUYONG,20,2021-10-07,22.0
CITY OF MANDALUYONG,6,2021-10-08,18.857142857142858
CITY OF MANDALUYONG,27,2021-10-09,18.857142857142858
CITY OF MANDALUYONG,13,2021-10-10,14.571428571428571
CITY OF MANDALUYONG,16,2021-10-11,14.857142857142858
CITY OF MANDALUYONG,22,2021-10-12,15.714285714285714
CITY OF MANDALUYONG,6,2021-10-13,15.714285714285714
CITY OF MANDALUYONG,16,2021-10-14,15.142857142857142
CITY OF MANDALUYONG,4,2021-10-15,14.857142857142858
CITY OF MANDALUYONG,12,2021-10-16,12.714285714285714
CITY OF MANDALUYONG,12,2021-10-17,12.571428571428571
CITY OF MANDALUYONG,1,2021-10-18,10.428571428571429
CITY OF MANDALUYONG,36,2021-10-19,12.428571428571429
CITY OF MANDALUYONG,8,2021-10-20,12.714285714285714
CITY OF MANDALUYONG,28,2021-10-21,14.428571428571429
CITY OF MANDALUYONG,14,2021-10-22,15.857142857142858
CITY OF MANDALUYONG,13,2021-10-23,16.0
CITY OF MANDALUYONG,0,2021-10-24,14.285714285714286
CITY OF MANDALUYONG,19,2021-10-25,16.857142857142858
CITY OF MANDALUYONG,4,2021-10-26,12.285714285714286
CITY OF MANDALUYONG,12,2021-10-27,12.857142857142858
CITY OF MANDALUYONG,21,2021-10-28,11.857142857142858
CITY OF MANDALUYONG,17,2021-10-29,12.285714285714286
CITY OF MANDALUYONG,14,2021-10-30,12.428571428571429
CITY OF MANDALUYONG,4,2021-10-31,13.0
CITY OF MANDALUYONG,12,2021-11-01,12.0
CITY OF MANDALUYONG,18,2021-11-02,14.0
CITY OF MANDALUYONG,6,2021-11-03,13.142857142857142
CITY OF MANDALUYONG,23,2021-11-04,13.428571428571429
CITY OF MANDALUYONG,7,2021-11-05,12.0
CITY OF MANDALUYONG,9,2021-11-06,11.285714285714286
CITY OF MANDALUYONG,5,2021-11-07,11.428571428571429
CITY OF MANDALUYONG,12,2021-11-08,11.428571428571429
CITY OF MANDALUYONG,9,2021-11-09,10.142857142857142
CITY OF MANDALUYONG,4,2021-11-10,9.857142857142858
CITY OF MANDALUYONG,10,2021-11-11,8.0
CITY OF MANDALUYONG,7,2021-11-12,8.0
CITY OF MANDALUYONG,4,2021-11-13,7.285714285714286
CITY OF MANDALUYONG,9,2021-11-14,7.857142857142857
CITY OF MANDALUYONG,13,2021-11-15,8.0
CITY OF MANDALUYONG,6,2021-11-16,7.571428571428571
CITY OF MANDALUYONG,3,2021-11-17,7.428571428571429
CITY OF MANDALUYONG,1,2021-11-18,6.142857142857143
CITY OF MANDALUYONG,11,2021-11-19,6.714285714285714
CITY OF MANDALUYONG,5,2021-11-20,6.857142857142857
CITY OF MANDALUYONG,4,2021-11-21,6.142857142857143
CITY OF MANDALUYONG,6,2021-11-22,5.142857142857143
CITY OF MANDALUYONG,7,2021-11-23,5.285714285714286
CITY OF MANDALUYONG,2,2021-11-24,5.142857142857143
CITY OF MANDALUYONG,4,2021-11-25,5.571428571428571
CITY OF MANDALUYONG,11,2021-11-26,5.571428571428571
CITY OF MANDALUYONG,1,2021-11-27,5.0
CITY OF MANDALUYONG,1,2021-11-28,4.571428571428571
CITY OF MANDALUYONG,7,2021-11-29,4.714285714285714
CITY OF MANDALUYONG,0,2021-11-30,3.7142857142857144
CITY OF MANDALUYONG,2,2021-12-01,3.7142857142857144
CITY OF MANDALUYONG,2,2021-12-02,3.4285714285714284
CITY OF MANDALUYONG,0,2021-12-03,1.8571428571428572
CITY OF MANDALUYONG,0,2021-12-04,1.7142857142857142
CITY OF MANDALUYONG,4,2021-12-05,2.142857142857143
CITY OF MANDALUYONG,8,2021-12-06,2.2857142857142856
CITY OF MANDALUYONG,1,2021-12-07,2.4285714285714284
CITY OF MANDALUYONG,0,2021-12-08,2.142857142857143
CITY OF MANDALUYONG,3,2021-12-09,2.2857142857142856
CITY OF MANDALUYONG,1,2021-12-10,2.4285714285714284
CITY OF MANDALUYONG,1,2021-12-11,2.5714285714285716
CITY OF MANDALUYONG,5,2021-12-12,2.7142857142857144
CITY OF MANDALUYONG,6,2021-12-13,2.4285714285714284
CITY OF MANDALUYONG,2,2021-12-14,2.5714285714285716
CITY OF MANDALUYONG,2,2021-12-15,2.857142857142857
CITY OF MANDALUYONG,2,2021-12-16,2.7142857142857144
CITY OF MANDALUYONG,0,2021-12-17,2.5714285714285716
CITY OF MANDALUYONG,1,2021-12-18,2.5714285714285716
CITY OF MANDALUYONG,0,2021-12-19,1.8571428571428572
CITY OF MANDALUYONG,0,2021-12-20,1.0
CITY OF MANDALUYONG,2,2021-12-21,1.0
CITY OF MANDALUYONG,0,2021-12-22,0.7142857142857143
CITY OF MANDALUYONG,1,2021-12-23,0.5714285714285714
CITY OF MANDALUYONG,2,2021-12-24,0.8571428571428571
CITY OF MANDALUYONG,0,2021-12-25,0.7142857142857143
CITY OF MANDALUYONG,1,2021-12-26,0.8571428571428571
CITY OF MANDALUYONG,1,2021-12-27,1.0
CITY OF MANDALUYONG,2,2021-12-28,1.0
CITY OF MANDALUYONG,0,2021-12-29,1.0
CITY OF MANDALUYONG,1,2021-12-30,1.0
CITY OF MANDALUYONG,1,2021-12-31,0.8571428571428571
CITY OF MANDALUYONG,2,2022-01-01,1.1428571428571428
CITY OF MANDALUYONG,1,2022-01-02,1.1428571428571428
CITY OF MANDALUYONG,0,2022-01-03,1.0
CITY OF MANDALUYONG,6,2022-01-04,1.5714285714285714
CITY OF MANDALUYONG,3,2022-01-05,2.0
CITY OF MANDALUYONG,0,2022-01-06,1.8571428571428572
CITY OF MANDALUYONG,29,2022-01-07,5.857142857142857
CITY OF MANDALUYONG,2,2022-01-08,5.857142857142857
CITY OF MANDALUYONG,1,2022-01-09,5.857142857142857
CITY OF MANDALUYONG,0,2022-01-10,5.857142857142857
CITY OF MANDALUYONG,6,2022-01-11,5.857142857142857
CITY OF MANDALUYONG,21,2022-01-12,8.428571428571429
CITY OF MANDALUYONG,3,2022-01-13,8.857142857142858
CITY OF MANDALUYONG,0,2022-01-14,4.714285714285714
CITY OF MANDALUYONG,2,2022-01-15,4.714285714285714
CITY OF MANDALUYONG,17,2022-01-16,7.0
CITY OF MANDALUYONG,2,2022-01-17,7.285714285714286
CITY OF MANDALUYONG,6,2022-01-18,7.285714285714286
CITY OF MANDALUYONG,2,2022-01-19,4.571428571428571
CITY OF MANDALUYONG,5,2022-01-20,4.857142857142857
CITY OF MANDALUYONG,4,2022-01-21,5.428571428571429
CITY OF MANDALUYONG,2,2022-01-22,5.428571428571429
CITY OF MANDALUYONG,3,2022-01-23,3.4285714285714284
CITY OF MANDALUYONG,3,2022-01-24,3.5714285714285716
CITY OF MANDALUYONG,10,2022-01-25,4.142857142857143
CITY OF MANDALUYONG,2,2022-01-26,4.142857142857143
CITY OF MANDALUYONG,1,2022-01-27,3.5714285714285716
CITY OF MANDALUYONG,0,2022-01-28,3.0
CITY OF MANDALUYONG,1,2022-01-29,2.857142857142857
CITY OF MANDALUYONG,2,2022-01-30,2.7142857142857144
CITY OF MANDALUYONG,2,2022-01-31,2.5714285714285716
CITY OF MANDALUYONG,7,2022-02-01,2.142857142857143
CITY OF MANDALUYONG,9,2022-02-02,3.142857142857143
CITY OF MANDALUYONG,15,2022-02-03,5.142857142857143
CITY OF MANDALUYONG,3,2022-02-04,5.571428571428571
CITY OF MANDALUYONG,2,2022-02-05,5.714285714285714
CITY OF MANDALUYONG,4,2022-02-06,6.0
CITY OF MANDALUYONG,3,2022-02-07,6.142857142857143
CITY OF MANDALUYONG,5,2022-02-08,5.857142857142857
CITY OF MANDALUYONG,11,2022-02-09,6.142857142857143
CITY OF MANDALUYONG,1,2022-02-10,4.142857142857143
CITY OF MANDALUYONG,1,2022-02-11,3.857142857142857
CITY OF MANDALUYONG,10,2022-02-12,5.0
CITY OF MANDALUYONG,1,2022-02-13,4.571428571428571
CITY OF MANDALUYONG,8,2022-02-14,5.285714285714286
CITY OF MANDALUYONG,7,2022-02-15,5.571428571428571
CITY OF MANDALUYONG,4,2022-02-16,4.571428571428571
CITY OF MANDALUYONG,21,2022-02-17,7.428571428571429
CITY OF MANDALUYONG,7,2022-02-18,8.285714285714286
CITY OF MANDALUYONG,9,2022-02-19,8.142857142857142
CITY OF MANDALUYONG,5,2022-02-20,8.714285714285714
CITY OF MANDALUYONG,7,2022-02-21,8.571428571428571
CITY OF MANDALUYONG,6,2022-02-22,8.428571428571429
CITY OF MANDALUYONG,8,2022-02-23,9.0
CITY OF MANDALUYONG,4,2022-02-24,6.571428571428571
CITY OF MANDALUYONG,8,2022-02-25,6.714285714285714
CITY OF MANDALUYONG,5,2022-02-26,6.142857142857143
CITY OF MANDALUYONG,2,2022-02-27,5.714285714285714
CITY OF MANDALUYONG,8,2022-02-28,5.857142857142857
CITY OF MANDALUYONG,10,2022-03-01,6.428571428571429
CITY OF MANDALUYONG,12,2022-03-02,7.0
CITY OF MANDALUYONG,3,2022-03-03,6.857142857142857
CITY OF MANDALUYONG,2,2022-03-04,6.0
CITY OF MANDALUYONG,1,2022-03-05,5.428571428571429
CITY OF MANDALUYONG,0,2022-03-06,5.142857142857143
CITY OF MANDALUYONG,1,2022-03-07,4.142857142857143
CITY OF MANDALUYONG,0,2022-03-08,2.7142857142857144
CITY OF MANDALUYONG,0,2022-03-09,1.0
CITY OF MANDALUYONG,2,2022-03-10,0.8571428571428571
CITY OF MANDALUYONG,2,2022-03-11,0.8571428571428571
CITY OF MANDALUYONG,0,2022-03-12,0.7142857142857143
CITY OF MANDALUYONG,0,2022-03-13,0.7142857142857143
CITY OF MANDALUYONG,9,2022-03-14,1.8571428571428572
CITY OF MANDALUYONG,0,2022-03-15,1.8571428571428572
CITY OF MANDALUYONG,4,2022-03-16,2.4285714285714284
CITY OF MANDALUYONG,2,2022-03-17,2.4285714285714284
CITY OF MANDALUYONG,1,2022-03-18,2.2857142857142856
CITY OF MANDALUYONG,1,2022-03-19,2.4285714285714284
CITY OF MANDALUYONG,3,2022-03-20,2.857142857142857
CITY OF MANDALUYONG,0,2022-03-21,1.5714285714285714
CITY OF MANDALUYONG,4,2022-03-22,2.142857142857143
CITY OF MANDALUYONG,1,2022-03-23,1.7142857142857142
CITY OF MANDALUYONG,2,2022-03-24,1.7142857142857142
CITY OF MANDALUYONG,0,2022-03-25,1.5714285714285714
CITY OF MANDALUYONG,6,2022-03-26,2.2857142857142856
CITY OF MANDALUYONG,2,2022-03-27,2.142857142857143
CITY OF MANDALUYONG,4,2022-03-28,2.7142857142857144
CITY OF MANDALUYONG,3,2022-03-29,2.5714285714285716
CITY OF MANDALUYONG,1,2022-03-30,2.5714285714285716
CITY OF MANDALUYONG,2,2022-03-31,2.5714285714285716
CITY OF MANDALUYONG,3,2022-04-01,3.0
CITY OF MANDALUYONG,2,2022-04-02,2.4285714285714284
CITY OF MANDALUYONG,3,2022-04-03,2.5714285714285716
CITY OF MANDALUYONG,1,2022-04-04,2.142857142857143
CITY OF MANDALUYONG,3,2022-04-05,2.142857142857143
CITY OF MANDALUYONG,0,2022-04-06,2.0
CITY OF MANDALUYONG,0,2022-04-07,1.7142857142857142
CITY OF MANDALUYONG,0,2022-04-08,1.2857142857142858
CITY OF MANDALUYONG,0,2022-04-09,1.0
CITY OF MANDALUYONG,1,2022-04-10,0.7142857142857143
CITY OF MANDALUYONG,2,2022-04-11,0.8571428571428571
CITY OF MANDALUYONG,4,2022-04-12,1.0
CITY OF MANDALUYONG,2,2022-04-13,1.2857142857142858
CITY OF MANDALUYONG,2,2022-04-14,1.5714285714285714
CITY OF MANDALUYONG,3,2022-04-15,2.0
CITY OF MANDALUYONG,2,2022-04-16,2.2857142857142856
CITY OF MANDALUYONG,0,2022-04-17,2.142857142857143
CITY OF MANDALUYONG,3,2022-04-18,2.2857142857142856
CITY OF MANDALUYONG,2,2022-04-19,2.0
CITY OF MANDALUYONG,0,2022-04-20,1.7142857142857142
CITY OF MANDALUYONG,1,2022-04-21,1.5714285714285714
CITY OF MANDALUYONG,1,2022-04-22,1.2857142857142858
CITY OF MANDALUYONG,0,2022-04-23,1.0
CITY OF MANDALUYONG,2,2022-04-24,1.2857142857142858
CITY OF MANDALUYONG,1,2022-04-25,1.0
CITY OF MANDALUYONG,1,2022-04-26,0.8571428571428571
CITY OF MANDALUYONG,2,2022-04-27,1.1428571428571428
CITY OF MANDALUYONG,1,2022-04-28,1.1428571428571428
