region,count,date,7DayMA
Region VI: Western Visayas,2,2020-03-29,
Region VI: Western Visayas,0,2020-03-30,
Region VI: Western Visayas,0,2020-03-31,
Region VI: Western Visayas,0,2020-04-01,
Region VI: Western Visayas,0,2020-04-02,
Region VI: Western Visayas,2,2020-04-03,
Region VI: Western Visayas,0,2020-04-04,0.5714285714285714
Region VI: Western Visayas,0,2020-04-05,0.2857142857142857
Region VI: Western Visayas,0,2020-04-06,0.2857142857142857
Region VI: Western Visayas,0,2020-04-07,0.2857142857142857
Region VI: Western Visayas,1,2020-04-08,0.42857142857142855
Region VI: Western Visayas,1,2020-04-09,0.5714285714285714
Region VI: Western Visayas,0,2020-04-10,0.2857142857142857
Region VI: Western Visayas,0,2020-04-11,0.2857142857142857
Region VI: Western Visayas,1,2020-04-12,0.42857142857142855
Region VI: Western Visayas,0,2020-04-13,0.42857142857142855
Region VI: Western Visayas,1,2020-04-14,0.5714285714285714
Region VI: Western Visayas,0,2020-04-15,0.42857142857142855
Region VI: Western Visayas,1,2020-04-16,0.42857142857142855
Region VI: Western Visayas,0,2020-04-17,0.42857142857142855
Region VI: Western Visayas,0,2020-04-18,0.42857142857142855
Region VI: Western Visayas,2,2020-04-19,0.5714285714285714
Region VI: Western Visayas,1,2020-04-20,0.7142857142857143
Region VI: Western Visayas,2,2020-04-21,0.8571428571428571
Region VI: Western Visayas,3,2020-04-22,1.2857142857142858
Region VI: Western Visayas,5,2020-04-23,1.8571428571428572
Region VI: Western Visayas,1,2020-04-24,2.0
Region VI: Western Visayas,0,2020-04-25,2.0
Region VI: Western Visayas,0,2020-04-26,1.7142857142857142
Region VI: Western Visayas,0,2020-04-27,1.5714285714285714
Region VI: Western Visayas,0,2020-04-28,1.2857142857142858
Region VI: Western Visayas,0,2020-04-29,0.8571428571428571
Region VI: Western Visayas,2,2020-04-30,0.42857142857142855
Region VI: Western Visayas,0,2020-05-01,0.2857142857142857
Region VI: Western Visayas,0,2020-05-02,0.2857142857142857
Region VI: Western Visayas,0,2020-05-03,0.2857142857142857
Region VI: Western Visayas,1,2020-05-04,0.42857142857142855
Region VI: Western Visayas,2,2020-05-05,0.7142857142857143
Region VI: Western Visayas,0,2020-05-06,0.7142857142857143
Region VI: Western Visayas,2,2020-05-07,0.7142857142857143
Region VI: Western Visayas,2,2020-05-08,1.0
Region VI: Western Visayas,2,2020-05-09,1.2857142857142858
Region VI: Western Visayas,0,2020-05-10,1.2857142857142858
Region VI: Western Visayas,0,2020-05-11,1.1428571428571428
Region VI: Western Visayas,1,2020-05-12,1.0
Region VI: Western Visayas,0,2020-05-13,1.0
Region VI: Western Visayas,6,2020-05-14,1.5714285714285714
Region VI: Western Visayas,5,2020-05-15,2.0
Region VI: Western Visayas,2,2020-05-16,2.0
Region VI: Western Visayas,0,2020-05-17,2.0
Region VI: Western Visayas,0,2020-05-18,2.0
Region VI: Western Visayas,0,2020-05-19,1.8571428571428572
Region VI: Western Visayas,1,2020-05-20,2.0
Region VI: Western Visayas,3,2020-05-21,1.5714285714285714
Region VI: Western Visayas,0,2020-05-22,0.8571428571428571
Region VI: Western Visayas,0,2020-05-23,0.5714285714285714
Region VI: Western Visayas,0,2020-05-24,0.5714285714285714
Region VI: Western Visayas,0,2020-05-25,0.5714285714285714
Region VI: Western Visayas,0,2020-05-26,0.5714285714285714
Region VI: Western Visayas,2,2020-05-27,0.7142857142857143
Region VI: Western Visayas,0,2020-05-28,0.2857142857142857
Region VI: Western Visayas,1,2020-05-29,0.42857142857142855
Region VI: Western Visayas,0,2020-05-30,0.42857142857142855
Region VI: Western Visayas,1,2020-05-31,0.5714285714285714
Region VI: Western Visayas,0,2020-06-01,0.5714285714285714
Region VI: Western Visayas,3,2020-06-02,1.0
Region VI: Western Visayas,0,2020-06-03,0.7142857142857143
Region VI: Western Visayas,0,2020-06-04,0.7142857142857143
Region VI: Western Visayas,3,2020-06-05,1.0
Region VI: Western Visayas,0,2020-06-06,1.0
Region VI: Western Visayas,0,2020-06-07,0.8571428571428571
Region VI: Western Visayas,0,2020-06-08,0.8571428571428571
Region VI: Western Visayas,0,2020-06-09,0.42857142857142855
Region VI: Western Visayas,1,2020-06-10,0.5714285714285714
Region VI: Western Visayas,0,2020-06-11,0.5714285714285714
Region VI: Western Visayas,3,2020-06-12,0.5714285714285714
Region VI: Western Visayas,0,2020-06-13,0.5714285714285714
Region VI: Western Visayas,0,2020-06-14,0.5714285714285714
Region VI: Western Visayas,0,2020-06-15,0.5714285714285714
Region VI: Western Visayas,0,2020-06-16,0.5714285714285714
Region VI: Western Visayas,0,2020-06-17,0.42857142857142855
Region VI: Western Visayas,1,2020-06-18,0.5714285714285714
Region VI: Western Visayas,2,2020-06-19,0.42857142857142855
Region VI: Western Visayas,0,2020-06-20,0.42857142857142855
Region VI: Western Visayas,0,2020-06-21,0.42857142857142855
Region VI: Western Visayas,3,2020-06-22,0.8571428571428571
Region VI: Western Visayas,2,2020-06-23,1.1428571428571428
Region VI: Western Visayas,2,2020-06-24,1.4285714285714286
Region VI: Western Visayas,1,2020-06-25,1.4285714285714286
Region VI: Western Visayas,1,2020-06-26,1.2857142857142858
Region VI: Western Visayas,0,2020-06-27,1.2857142857142858
Region VI: Western Visayas,1,2020-06-28,1.4285714285714286
Region VI: Western Visayas,0,2020-06-29,1.0
Region VI: Western Visayas,3,2020-06-30,1.1428571428571428
Region VI: Western Visayas,1,2020-07-01,1.0
Region VI: Western Visayas,5,2020-07-02,1.5714285714285714
Region VI: Western Visayas,0,2020-07-03,1.4285714285714286
Region VI: Western Visayas,2,2020-07-04,1.7142857142857142
Region VI: Western Visayas,0,2020-07-05,1.5714285714285714
Region VI: Western Visayas,2,2020-07-06,1.8571428571428572
Region VI: Western Visayas,0,2020-07-07,1.4285714285714286
Region VI: Western Visayas,0,2020-07-08,1.2857142857142858
Region VI: Western Visayas,4,2020-07-09,1.1428571428571428
Region VI: Western Visayas,10,2020-07-10,2.5714285714285716
Region VI: Western Visayas,6,2020-07-11,3.142857142857143
Region VI: Western Visayas,0,2020-07-12,3.142857142857143
Region VI: Western Visayas,13,2020-07-13,4.714285714285714
Region VI: Western Visayas,18,2020-07-14,7.285714285714286
Region VI: Western Visayas,12,2020-07-15,9.0
Region VI: Western Visayas,33,2020-07-16,13.142857142857142
Region VI: Western Visayas,45,2020-07-17,18.142857142857142
Region VI: Western Visayas,31,2020-07-18,21.714285714285715
Region VI: Western Visayas,23,2020-07-19,25.0
Region VI: Western Visayas,50,2020-07-20,30.285714285714285
Region VI: Western Visayas,30,2020-07-21,32.0
Region VI: Western Visayas,6,2020-07-22,31.142857142857142
Region VI: Western Visayas,21,2020-07-23,29.428571428571427
Region VI: Western Visayas,19,2020-07-24,25.714285714285715
Region VI: Western Visayas,19,2020-07-25,24.0
Region VI: Western Visayas,6,2020-07-26,21.571428571428573
Region VI: Western Visayas,11,2020-07-27,16.0
Region VI: Western Visayas,0,2020-07-28,11.714285714285714
Region VI: Western Visayas,19,2020-07-29,13.571428571428571
Region VI: Western Visayas,12,2020-07-30,12.285714285714286
Region VI: Western Visayas,0,2020-07-31,9.571428571428571
Region VI: Western Visayas,5,2020-08-01,7.571428571428571
Region VI: Western Visayas,6,2020-08-02,7.571428571428571
Region VI: Western Visayas,9,2020-08-03,7.285714285714286
Region VI: Western Visayas,11,2020-08-04,8.857142857142858
Region VI: Western Visayas,47,2020-08-05,12.857142857142858
Region VI: Western Visayas,23,2020-08-06,14.428571428571429
Region VI: Western Visayas,41,2020-08-07,20.285714285714285
Region VI: Western Visayas,27,2020-08-08,23.428571428571427
Region VI: Western Visayas,49,2020-08-09,29.571428571428573
Region VI: Western Visayas,21,2020-08-10,31.285714285714285
Region VI: Western Visayas,29,2020-08-11,33.857142857142854
Region VI: Western Visayas,34,2020-08-12,32.0
Region VI: Western Visayas,18,2020-08-13,31.285714285714285
Region VI: Western Visayas,8,2020-08-14,26.571428571428573
Region VI: Western Visayas,15,2020-08-15,24.857142857142858
Region VI: Western Visayas,12,2020-08-16,19.571428571428573
Region VI: Western Visayas,5,2020-08-17,17.285714285714285
Region VI: Western Visayas,12,2020-08-18,14.857142857142858
Region VI: Western Visayas,27,2020-08-19,13.857142857142858
Region VI: Western Visayas,25,2020-08-20,14.857142857142858
Region VI: Western Visayas,13,2020-08-21,15.571428571428571
Region VI: Western Visayas,45,2020-08-22,19.857142857142858
Region VI: Western Visayas,6,2020-08-23,19.0
Region VI: Western Visayas,4,2020-08-24,18.857142857142858
Region VI: Western Visayas,18,2020-08-25,19.714285714285715
Region VI: Western Visayas,47,2020-08-26,22.571428571428573
Region VI: Western Visayas,121,2020-08-27,36.285714285714285
Region VI: Western Visayas,132,2020-08-28,53.285714285714285
Region VI: Western Visayas,62,2020-08-29,55.714285714285715
Region VI: Western Visayas,32,2020-08-30,59.42857142857143
Region VI: Western Visayas,20,2020-08-31,61.714285714285715
Region VI: Western Visayas,63,2020-09-01,68.14285714285714
Region VI: Western Visayas,87,2020-09-02,73.85714285714286
Region VI: Western Visayas,103,2020-09-03,71.28571428571429
Region VI: Western Visayas,54,2020-09-04,60.142857142857146
Region VI: Western Visayas,97,2020-09-05,65.14285714285714
Region VI: Western Visayas,37,2020-09-06,65.85714285714286
Region VI: Western Visayas,42,2020-09-07,69.0
Region VI: Western Visayas,36,2020-09-08,65.14285714285714
Region VI: Western Visayas,139,2020-09-09,72.57142857142857
Region VI: Western Visayas,45,2020-09-10,64.28571428571429
Region VI: Western Visayas,98,2020-09-11,70.57142857142857
Region VI: Western Visayas,139,2020-09-12,76.57142857142857
Region VI: Western Visayas,75,2020-09-13,82.0
Region VI: Western Visayas,30,2020-09-14,80.28571428571429
Region VI: Western Visayas,47,2020-09-15,81.85714285714286
Region VI: Western Visayas,51,2020-09-16,69.28571428571429
Region VI: Western Visayas,118,2020-09-17,79.71428571428571
Region VI: Western Visayas,320,2020-09-18,111.42857142857143
Region VI: Western Visayas,176,2020-09-19,116.71428571428571
Region VI: Western Visayas,80,2020-09-20,117.42857142857143
Region VI: Western Visayas,186,2020-09-21,139.71428571428572
Region VI: Western Visayas,127,2020-09-22,151.14285714285714
Region VI: Western Visayas,147,2020-09-23,164.85714285714286
Region VI: Western Visayas,150,2020-09-24,169.42857142857142
Region VI: Western Visayas,100,2020-09-25,138.0
Region VI: Western Visayas,55,2020-09-26,120.71428571428571
Region VI: Western Visayas,162,2020-09-27,132.42857142857142
Region VI: Western Visayas,46,2020-09-28,112.42857142857143
Region VI: Western Visayas,112,2020-09-29,110.28571428571429
Region VI: Western Visayas,69,2020-09-30,99.14285714285714
Region VI: Western Visayas,112,2020-10-01,93.71428571428571
Region VI: Western Visayas,40,2020-10-02,85.14285714285714
Region VI: Western Visayas,79,2020-10-03,88.57142857142857
Region VI: Western Visayas,287,2020-10-04,106.42857142857143
Region VI: Western Visayas,54,2020-10-05,107.57142857142857
Region VI: Western Visayas,140,2020-10-06,111.57142857142857
Region VI: Western Visayas,131,2020-10-07,120.42857142857143
Region VI: Western Visayas,148,2020-10-08,125.57142857142857
Region VI: Western Visayas,61,2020-10-09,128.57142857142858
Region VI: Western Visayas,97,2020-10-10,131.14285714285714
Region VI: Western Visayas,222,2020-10-11,121.85714285714286
Region VI: Western Visayas,315,2020-10-12,159.14285714285714
Region VI: Western Visayas,159,2020-10-13,161.85714285714286
Region VI: Western Visayas,105,2020-10-14,158.14285714285714
Region VI: Western Visayas,86,2020-10-15,149.28571428571428
Region VI: Western Visayas,52,2020-10-16,148.0
Region VI: Western Visayas,81,2020-10-17,145.71428571428572
Region VI: Western Visayas,51,2020-10-18,121.28571428571429
Region VI: Western Visayas,212,2020-10-19,106.57142857142857
Region VI: Western Visayas,82,2020-10-20,95.57142857142857
Region VI: Western Visayas,71,2020-10-21,90.71428571428571
Region VI: Western Visayas,236,2020-10-22,112.14285714285714
Region VI: Western Visayas,122,2020-10-23,122.14285714285714
Region VI: Western Visayas,49,2020-10-24,117.57142857142857
Region VI: Western Visayas,99,2020-10-25,124.42857142857143
Region VI: Western Visayas,250,2020-10-26,129.85714285714286
Region VI: Western Visayas,97,2020-10-27,132.0
Region VI: Western Visayas,72,2020-10-28,132.14285714285714
Region VI: Western Visayas,73,2020-10-29,108.85714285714286
Region VI: Western Visayas,73,2020-10-30,101.85714285714286
Region VI: Western Visayas,193,2020-10-31,122.42857142857143
Region VI: Western Visayas,17,2020-11-01,110.71428571428571
Region VI: Western Visayas,48,2020-11-02,81.85714285714286
Region VI: Western Visayas,105,2020-11-03,83.0
Region VI: Western Visayas,64,2020-11-04,81.85714285714286
Region VI: Western Visayas,219,2020-11-05,102.71428571428571
Region VI: Western Visayas,102,2020-11-06,106.85714285714286
Region VI: Western Visayas,48,2020-11-07,86.14285714285714
Region VI: Western Visayas,43,2020-11-08,89.85714285714286
Region VI: Western Visayas,27,2020-11-09,86.85714285714286
Region VI: Western Visayas,127,2020-11-10,90.0
Region VI: Western Visayas,48,2020-11-11,87.71428571428571
Region VI: Western Visayas,87,2020-11-12,68.85714285714286
Region VI: Western Visayas,82,2020-11-13,66.0
Region VI: Western Visayas,181,2020-11-14,85.0
Region VI: Western Visayas,42,2020-11-15,84.85714285714286
Region VI: Western Visayas,56,2020-11-16,89.0
Region VI: Western Visayas,77,2020-11-17,81.85714285714286
Region VI: Western Visayas,101,2020-11-18,89.42857142857143
Region VI: Western Visayas,131,2020-11-19,95.71428571428571
Region VI: Western Visayas,117,2020-11-20,100.71428571428571
Region VI: Western Visayas,40,2020-11-21,80.57142857142857
Region VI: Western Visayas,86,2020-11-22,86.85714285714286
Region VI: Western Visayas,45,2020-11-23,85.28571428571429
Region VI: Western Visayas,32,2020-11-24,78.85714285714286
Region VI: Western Visayas,32,2020-11-25,69.0
Region VI: Western Visayas,74,2020-11-26,60.857142857142854
Region VI: Western Visayas,49,2020-11-27,51.142857142857146
Region VI: Western Visayas,62,2020-11-28,54.285714285714285
Region VI: Western Visayas,73,2020-11-29,52.42857142857143
Region VI: Western Visayas,49,2020-11-30,53.0
Region VI: Western Visayas,54,2020-12-01,56.142857142857146
Region VI: Western Visayas,50,2020-12-02,58.714285714285715
Region VI: Western Visayas,29,2020-12-03,52.285714285714285
Region VI: Western Visayas,83,2020-12-04,57.142857142857146
Region VI: Western Visayas,70,2020-12-05,58.285714285714285
Region VI: Western Visayas,29,2020-12-06,52.0
Region VI: Western Visayas,25,2020-12-07,48.57142857142857
Region VI: Western Visayas,36,2020-12-08,46.0
Region VI: Western Visayas,54,2020-12-09,46.57142857142857
Region VI: Western Visayas,91,2020-12-10,55.42857142857143
Region VI: Western Visayas,131,2020-12-11,62.285714285714285
Region VI: Western Visayas,31,2020-12-12,56.714285714285715
Region VI: Western Visayas,47,2020-12-13,59.285714285714285
Region VI: Western Visayas,35,2020-12-14,60.714285714285715
Region VI: Western Visayas,81,2020-12-15,67.14285714285714
Region VI: Western Visayas,20,2020-12-16,62.285714285714285
Region VI: Western Visayas,51,2020-12-17,56.57142857142857
Region VI: Western Visayas,77,2020-12-18,48.857142857142854
Region VI: Western Visayas,66,2020-12-19,53.857142857142854
Region VI: Western Visayas,18,2020-12-20,49.714285714285715
Region VI: Western Visayas,35,2020-12-21,49.714285714285715
Region VI: Western Visayas,16,2020-12-22,40.42857142857143
Region VI: Western Visayas,93,2020-12-23,50.857142857142854
Region VI: Western Visayas,38,2020-12-24,49.0
Region VI: Western Visayas,25,2020-12-25,41.57142857142857
Region VI: Western Visayas,26,2020-12-26,35.857142857142854
Region VI: Western Visayas,36,2020-12-27,38.42857142857143
Region VI: Western Visayas,18,2020-12-28,36.0
Region VI: Western Visayas,104,2020-12-29,48.57142857142857
Region VI: Western Visayas,20,2020-12-30,38.142857142857146
Region VI: Western Visayas,14,2020-12-31,34.714285714285715
Region VI: Western Visayas,3,2021-01-01,31.571428571428573
Region VI: Western Visayas,18,2021-01-02,30.428571428571427
Region VI: Western Visayas,21,2021-01-03,28.285714285714285
Region VI: Western Visayas,31,2021-01-04,30.142857142857142
Region VI: Western Visayas,13,2021-01-05,17.142857142857142
Region VI: Western Visayas,14,2021-01-06,16.285714285714285
Region VI: Western Visayas,69,2021-01-07,24.142857142857142
Region VI: Western Visayas,20,2021-01-08,26.571428571428573
Region VI: Western Visayas,5,2021-01-09,24.714285714285715
Region VI: Western Visayas,6,2021-01-10,22.571428571428573
Region VI: Western Visayas,23,2021-01-11,21.428571428571427
Region VI: Western Visayas,27,2021-01-12,23.428571428571427
Region VI: Western Visayas,20,2021-01-13,24.285714285714285
Region VI: Western Visayas,43,2021-01-14,20.571428571428573
Region VI: Western Visayas,43,2021-01-15,23.857142857142858
Region VI: Western Visayas,1,2021-01-16,23.285714285714285
Region VI: Western Visayas,7,2021-01-17,23.428571428571427
Region VI: Western Visayas,21,2021-01-18,23.142857142857142
Region VI: Western Visayas,6,2021-01-19,20.142857142857142
Region VI: Western Visayas,24,2021-01-20,20.714285714285715
Region VI: Western Visayas,16,2021-01-21,16.857142857142858
Region VI: Western Visayas,17,2021-01-22,13.142857142857142
Region VI: Western Visayas,24,2021-01-23,16.428571428571427
Region VI: Western Visayas,34,2021-01-24,20.285714285714285
Region VI: Western Visayas,13,2021-01-25,19.142857142857142
Region VI: Western Visayas,39,2021-01-26,23.857142857142858
Region VI: Western Visayas,41,2021-01-27,26.285714285714285
Region VI: Western Visayas,23,2021-01-28,27.285714285714285
Region VI: Western Visayas,49,2021-01-29,31.857142857142858
Region VI: Western Visayas,40,2021-01-30,34.142857142857146
Region VI: Western Visayas,9,2021-01-31,30.571428571428573
Region VI: Western Visayas,11,2021-02-01,30.285714285714285
Region VI: Western Visayas,24,2021-02-02,28.142857142857142
Region VI: Western Visayas,83,2021-02-03,34.142857142857146
Region VI: Western Visayas,40,2021-02-04,36.57142857142857
Region VI: Western Visayas,51,2021-02-05,36.857142857142854
Region VI: Western Visayas,41,2021-02-06,37.0
Region VI: Western Visayas,35,2021-02-07,40.714285714285715
Region VI: Western Visayas,5,2021-02-08,39.857142857142854
Region VI: Western Visayas,48,2021-02-09,43.285714285714285
Region VI: Western Visayas,179,2021-02-10,57.0
Region VI: Western Visayas,57,2021-02-11,59.42857142857143
Region VI: Western Visayas,9,2021-02-12,53.42857142857143
Region VI: Western Visayas,23,2021-02-13,50.857142857142854
Region VI: Western Visayas,15,2021-02-14,48.0
Region VI: Western Visayas,26,2021-02-15,51.0
Region VI: Western Visayas,19,2021-02-16,46.857142857142854
Region VI: Western Visayas,94,2021-02-17,34.714285714285715
Region VI: Western Visayas,76,2021-02-18,37.42857142857143
Region VI: Western Visayas,51,2021-02-19,43.42857142857143
Region VI: Western Visayas,34,2021-02-20,45.0
Region VI: Western Visayas,20,2021-02-21,45.714285714285715
Region VI: Western Visayas,26,2021-02-22,45.714285714285715
Region VI: Western Visayas,74,2021-02-23,53.57142857142857
Region VI: Western Visayas,30,2021-02-24,44.42857142857143
Region VI: Western Visayas,21,2021-02-25,36.57142857142857
Region VI: Western Visayas,56,2021-02-26,37.285714285714285
Region VI: Western Visayas,28,2021-02-27,36.42857142857143
Region VI: Western Visayas,16,2021-02-28,35.857142857142854
Region VI: Western Visayas,39,2021-03-01,37.714285714285715
Region VI: Western Visayas,31,2021-03-02,31.571428571428573
Region VI: Western Visayas,21,2021-03-03,30.285714285714285
Region VI: Western Visayas,31,2021-03-04,31.714285714285715
Region VI: Western Visayas,24,2021-03-05,27.142857142857142
Region VI: Western Visayas,111,2021-03-06,39.0
Region VI: Western Visayas,11,2021-03-07,38.285714285714285
Region VI: Western Visayas,18,2021-03-08,35.285714285714285
Region VI: Western Visayas,90,2021-03-09,43.714285714285715
Region VI: Western Visayas,67,2021-03-10,50.285714285714285
Region VI: Western Visayas,39,2021-03-11,51.42857142857143
Region VI: Western Visayas,52,2021-03-12,55.42857142857143
Region VI: Western Visayas,54,2021-03-13,47.285714285714285
Region VI: Western Visayas,32,2021-03-14,50.285714285714285
Region VI: Western Visayas,61,2021-03-15,56.42857142857143
Region VI: Western Visayas,27,2021-03-16,47.42857142857143
Region VI: Western Visayas,55,2021-03-17,45.714285714285715
Region VI: Western Visayas,25,2021-03-18,43.714285714285715
Region VI: Western Visayas,24,2021-03-19,39.714285714285715
Region VI: Western Visayas,66,2021-03-20,41.42857142857143
Region VI: Western Visayas,45,2021-03-21,43.285714285714285
Region VI: Western Visayas,27,2021-03-22,38.42857142857143
Region VI: Western Visayas,37,2021-03-23,39.857142857142854
Region VI: Western Visayas,31,2021-03-24,36.42857142857143
Region VI: Western Visayas,40,2021-03-25,38.57142857142857
Region VI: Western Visayas,31,2021-03-26,39.57142857142857
Region VI: Western Visayas,53,2021-03-27,37.714285714285715
Region VI: Western Visayas,15,2021-03-28,33.42857142857143
Region VI: Western Visayas,34,2021-03-29,34.42857142857143
Region VI: Western Visayas,107,2021-03-30,44.42857142857143
Region VI: Western Visayas,31,2021-03-31,44.42857142857143
Region VI: Western Visayas,76,2021-04-01,49.57142857142857
Region VI: Western Visayas,50,2021-04-02,52.285714285714285
Region VI: Western Visayas,64,2021-04-03,53.857142857142854
Region VI: Western Visayas,52,2021-04-04,59.142857142857146
Region VI: Western Visayas,46,2021-04-05,60.857142857142854
Region VI: Western Visayas,69,2021-04-06,55.42857142857143
Region VI: Western Visayas,93,2021-04-07,64.28571428571429
Region VI: Western Visayas,37,2021-04-08,58.714285714285715
Region VI: Western Visayas,75,2021-04-09,62.285714285714285
Region VI: Western Visayas,39,2021-04-10,58.714285714285715
Region VI: Western Visayas,31,2021-04-11,55.714285714285715
Region VI: Western Visayas,92,2021-04-12,62.285714285714285
Region VI: Western Visayas,61,2021-04-13,61.142857142857146
Region VI: Western Visayas,152,2021-04-14,69.57142857142857
Region VI: Western Visayas,71,2021-04-15,74.42857142857143
Region VI: Western Visayas,131,2021-04-16,82.42857142857143
Region VI: Western Visayas,243,2021-04-17,111.57142857142857
Region VI: Western Visayas,64,2021-04-18,116.28571428571429
Region VI: Western Visayas,219,2021-04-19,134.42857142857142
Region VI: Western Visayas,105,2021-04-20,140.71428571428572
Region VI: Western Visayas,56,2021-04-21,127.0
Region VI: Western Visayas,49,2021-04-22,123.85714285714286
Region VI: Western Visayas,40,2021-04-23,110.85714285714286
Region VI: Western Visayas,62,2021-04-24,85.0
Region VI: Western Visayas,8,2021-04-25,77.0
Region VI: Western Visayas,18,2021-04-26,48.285714285714285
Region VI: Western Visayas,8,2021-04-27,34.42857142857143
Region VI: Western Visayas,17,2021-04-28,28.857142857142858
Region VI: Western Visayas,20,2021-04-29,24.714285714285715
Region VI: Western Visayas,14,2021-04-30,21.0
Region VI: Western Visayas,29,2021-05-01,16.285714285714285
Region VI: Western Visayas,6,2021-05-02,16.0
Region VI: Western Visayas,39,2021-05-03,19.0
Region VI: Western Visayas,16,2021-05-04,20.142857142857142
Region VI: Western Visayas,12,2021-05-05,19.428571428571427
Region VI: Western Visayas,25,2021-05-06,20.142857142857142
Region VI: Western Visayas,18,2021-05-07,20.714285714285715
Region VI: Western Visayas,18,2021-05-08,19.142857142857142
Region VI: Western Visayas,13,2021-05-09,20.142857142857142
Region VI: Western Visayas,14,2021-05-10,16.571428571428573
Region VI: Western Visayas,8,2021-05-11,15.428571428571429
Region VI: Western Visayas,13,2021-05-12,15.571428571428571
Region VI: Western Visayas,5,2021-05-13,12.714285714285714
Region VI: Western Visayas,5,2021-05-14,10.857142857142858
Region VI: Western Visayas,4,2021-05-15,8.857142857142858
Region VI: Western Visayas,11,2021-05-16,8.571428571428571
Region VI: Western Visayas,19,2021-05-17,9.285714285714286
Region VI: Western Visayas,25,2021-05-18,11.714285714285714
Region VI: Western Visayas,15,2021-05-19,12.0
Region VI: Western Visayas,22,2021-05-20,14.428571428571429
Region VI: Western Visayas,8,2021-05-21,14.857142857142858
Region VI: Western Visayas,18,2021-05-22,16.857142857142858
Region VI: Western Visayas,14,2021-05-23,17.285714285714285
Region VI: Western Visayas,28,2021-05-24,18.571428571428573
Region VI: Western Visayas,14,2021-05-25,17.0
Region VI: Western Visayas,16,2021-05-26,17.142857142857142
Region VI: Western Visayas,9,2021-05-27,15.285714285714286
Region VI: Western Visayas,10,2021-05-28,15.571428571428571
Region VI: Western Visayas,37,2021-05-29,18.285714285714285
Region VI: Western Visayas,33,2021-05-30,21.0
Region VI: Western Visayas,42,2021-05-31,23.0
Region VI: Western Visayas,18,2021-06-01,23.571428571428573
Region VI: Western Visayas,31,2021-06-02,25.714285714285715
Region VI: Western Visayas,28,2021-06-03,28.428571428571427
Region VI: Western Visayas,19,2021-06-04,29.714285714285715
Region VI: Western Visayas,47,2021-06-05,31.142857142857142
Region VI: Western Visayas,38,2021-06-06,31.857142857142858
Region VI: Western Visayas,63,2021-06-07,34.857142857142854
Region VI: Western Visayas,27,2021-06-08,36.142857142857146
Region VI: Western Visayas,44,2021-06-09,38.0
Region VI: Western Visayas,17,2021-06-10,36.42857142857143
Region VI: Western Visayas,7,2021-06-11,34.714285714285715
Region VI: Western Visayas,24,2021-06-12,31.428571428571427
Region VI: Western Visayas,36,2021-06-13,31.142857142857142
Region VI: Western Visayas,21,2021-06-14,25.142857142857142
Region VI: Western Visayas,15,2021-06-15,23.428571428571427
Region VI: Western Visayas,57,2021-06-16,25.285714285714285
Region VI: Western Visayas,22,2021-06-17,26.0
Region VI: Western Visayas,16,2021-06-18,27.285714285714285
Region VI: Western Visayas,20,2021-06-19,26.714285714285715
Region VI: Western Visayas,23,2021-06-20,24.857142857142858
Region VI: Western Visayas,24,2021-06-21,25.285714285714285
Region VI: Western Visayas,88,2021-06-22,35.714285714285715
Region VI: Western Visayas,54,2021-06-23,35.285714285714285
Region VI: Western Visayas,87,2021-06-24,44.57142857142857
Region VI: Western Visayas,59,2021-06-25,50.714285714285715
Region VI: Western Visayas,93,2021-06-26,61.142857142857146
Region VI: Western Visayas,56,2021-06-27,65.85714285714286
Region VI: Western Visayas,106,2021-06-28,77.57142857142857
Region VI: Western Visayas,78,2021-06-29,76.14285714285714
Region VI: Western Visayas,77,2021-06-30,79.42857142857143
Region VI: Western Visayas,42,2021-07-01,73.0
Region VI: Western Visayas,132,2021-07-02,83.42857142857143
Region VI: Western Visayas,68,2021-07-03,79.85714285714286
Region VI: Western Visayas,57,2021-07-04,80.0
Region VI: Western Visayas,88,2021-07-05,77.42857142857143
Region VI: Western Visayas,45,2021-07-06,72.71428571428571
Region VI: Western Visayas,46,2021-07-07,68.28571428571429
Region VI: Western Visayas,93,2021-07-08,75.57142857142857
Region VI: Western Visayas,86,2021-07-09,69.0
Region VI: Western Visayas,50,2021-07-10,66.42857142857143
Region VI: Western Visayas,37,2021-07-11,63.57142857142857
Region VI: Western Visayas,51,2021-07-12,58.285714285714285
Region VI: Western Visayas,36,2021-07-13,57.0
Region VI: Western Visayas,42,2021-07-14,56.42857142857143
Region VI: Western Visayas,43,2021-07-15,49.285714285714285
Region VI: Western Visayas,72,2021-07-16,47.285714285714285
Region VI: Western Visayas,279,2021-07-17,80.0
Region VI: Western Visayas,40,2021-07-18,80.42857142857143
Region VI: Western Visayas,52,2021-07-19,80.57142857142857
Region VI: Western Visayas,48,2021-07-20,82.28571428571429
Region VI: Western Visayas,52,2021-07-21,83.71428571428571
Region VI: Western Visayas,31,2021-07-22,82.0
Region VI: Western Visayas,60,2021-07-23,80.28571428571429
Region VI: Western Visayas,40,2021-07-24,46.142857142857146
Region VI: Western Visayas,10,2021-07-25,41.857142857142854
Region VI: Western Visayas,171,2021-07-26,58.857142857142854
Region VI: Western Visayas,57,2021-07-27,60.142857142857146
Region VI: Western Visayas,71,2021-07-28,62.857142857142854
Region VI: Western Visayas,33,2021-07-29,63.142857142857146
Region VI: Western Visayas,82,2021-07-30,66.28571428571429
Region VI: Western Visayas,45,2021-07-31,67.0
Region VI: Western Visayas,34,2021-08-01,70.42857142857143
Region VI: Western Visayas,42,2021-08-02,52.0
Region VI: Western Visayas,47,2021-08-03,50.57142857142857
Region VI: Western Visayas,59,2021-08-04,48.857142857142854
Region VI: Western Visayas,18,2021-08-05,46.714285714285715
Region VI: Western Visayas,95,2021-08-06,48.57142857142857
Region VI: Western Visayas,44,2021-08-07,48.42857142857143
Region VI: Western Visayas,72,2021-08-08,53.857142857142854
Region VI: Western Visayas,59,2021-08-09,56.285714285714285
Region VI: Western Visayas,84,2021-08-10,61.57142857142857
Region VI: Western Visayas,99,2021-08-11,67.28571428571429
Region VI: Western Visayas,32,2021-08-12,69.28571428571429
Region VI: Western Visayas,55,2021-08-13,63.57142857142857
Region VI: Western Visayas,55,2021-08-14,65.14285714285714
Region VI: Western Visayas,41,2021-08-15,60.714285714285715
Region VI: Western Visayas,119,2021-08-16,69.28571428571429
Region VI: Western Visayas,44,2021-08-17,63.57142857142857
Region VI: Western Visayas,63,2021-08-18,58.42857142857143
Region VI: Western Visayas,69,2021-08-19,63.714285714285715
Region VI: Western Visayas,48,2021-08-20,62.714285714285715
Region VI: Western Visayas,35,2021-08-21,59.857142857142854
Region VI: Western Visayas,7,2021-08-22,55.0
Region VI: Western Visayas,23,2021-08-23,41.285714285714285
Region VI: Western Visayas,27,2021-08-24,38.857142857142854
Region VI: Western Visayas,42,2021-08-25,35.857142857142854
Region VI: Western Visayas,21,2021-08-26,29.0
Region VI: Western Visayas,50,2021-08-27,29.285714285714285
Region VI: Western Visayas,53,2021-08-28,31.857142857142858
Region VI: Western Visayas,14,2021-08-29,32.857142857142854
Region VI: Western Visayas,4,2021-08-30,30.142857142857142
Region VI: Western Visayas,64,2021-08-31,35.42857142857143
Region VI: Western Visayas,16,2021-09-01,31.714285714285715
Region VI: Western Visayas,58,2021-09-02,37.0
Region VI: Western Visayas,53,2021-09-03,37.42857142857143
Region VI: Western Visayas,45,2021-09-04,36.285714285714285
Region VI: Western Visayas,45,2021-09-05,40.714285714285715
Region VI: Western Visayas,48,2021-09-06,47.0
Region VI: Western Visayas,88,2021-09-07,50.42857142857143
Region VI: Western Visayas,50,2021-09-08,55.285714285714285
Region VI: Western Visayas,58,2021-09-09,55.285714285714285
Region VI: Western Visayas,106,2021-09-10,62.857142857142854
Region VI: Western Visayas,61,2021-09-11,65.14285714285714
Region VI: Western Visayas,54,2021-09-12,66.42857142857143
Region VI: Western Visayas,96,2021-09-13,73.28571428571429
Region VI: Western Visayas,57,2021-09-14,68.85714285714286
Region VI: Western Visayas,45,2021-09-15,68.14285714285714
Region VI: Western Visayas,37,2021-09-16,65.14285714285714
Region VI: Western Visayas,22,2021-09-17,53.142857142857146
Region VI: Western Visayas,12,2021-09-18,46.142857142857146
Region VI: Western Visayas,28,2021-09-19,42.42857142857143
Region VI: Western Visayas,58,2021-09-20,37.0
Region VI: Western Visayas,94,2021-09-21,42.285714285714285
Region VI: Western Visayas,57,2021-09-22,44.0
Region VI: Western Visayas,90,2021-09-23,51.57142857142857
Region VI: Western Visayas,53,2021-09-24,56.0
Region VI: Western Visayas,56,2021-09-25,62.285714285714285
Region VI: Western Visayas,62,2021-09-26,67.14285714285714
Region VI: Western Visayas,63,2021-09-27,67.85714285714286
Region VI: Western Visayas,36,2021-09-28,59.57142857142857
Region VI: Western Visayas,6,2021-09-29,52.285714285714285
Region VI: Western Visayas,6,2021-09-30,40.285714285714285
Region VI: Western Visayas,33,2021-10-01,37.42857142857143
Region VI: Western Visayas,15,2021-10-02,31.571428571428573
Region VI: Western Visayas,63,2021-10-03,31.714285714285715
Region VI: Western Visayas,27,2021-10-04,26.571428571428573
Region VI: Western Visayas,16,2021-10-05,23.714285714285715
Region VI: Western Visayas,37,2021-10-06,28.142857142857142
Region VI: Western Visayas,34,2021-10-07,32.142857142857146
Region VI: Western Visayas,31,2021-10-08,31.857142857142858
Region VI: Western Visayas,80,2021-10-09,41.142857142857146
Region VI: Western Visayas,53,2021-10-10,39.714285714285715
Region VI: Western Visayas,92,2021-10-11,49.0
Region VI: Western Visayas,59,2021-10-12,55.142857142857146
Region VI: Western Visayas,52,2021-10-13,57.285714285714285
Region VI: Western Visayas,40,2021-10-14,58.142857142857146
Region VI: Western Visayas,20,2021-10-15,56.57142857142857
Region VI: Western Visayas,9,2021-10-16,46.42857142857143
Region VI: Western Visayas,12,2021-10-17,40.57142857142857
Region VI: Western Visayas,54,2021-10-18,35.142857142857146
Region VI: Western Visayas,20,2021-10-19,29.571428571428573
Region VI: Western Visayas,38,2021-10-20,27.571428571428573
Region VI: Western Visayas,25,2021-10-21,25.428571428571427
Region VI: Western Visayas,24,2021-10-22,26.0
Region VI: Western Visayas,3,2021-10-23,25.142857142857142
Region VI: Western Visayas,30,2021-10-24,27.714285714285715
Region VI: Western Visayas,18,2021-10-25,22.571428571428573
Region VI: Western Visayas,17,2021-10-26,22.142857142857142
Region VI: Western Visayas,19,2021-10-27,19.428571428571427
Region VI: Western Visayas,11,2021-10-28,17.428571428571427
Region VI: Western Visayas,1,2021-10-29,14.142857142857142
Region VI: Western Visayas,2,2021-10-30,14.0
Region VI: Western Visayas,9,2021-10-31,11.0
Region VI: Western Visayas,1,2021-11-01,8.571428571428571
Region VI: Western Visayas,6,2021-11-02,7.0
Region VI: Western Visayas,20,2021-11-03,7.142857142857143
Region VI: Western Visayas,11,2021-11-04,7.142857142857143
Region VI: Western Visayas,3,2021-11-05,7.428571428571429
Region VI: Western Visayas,11,2021-11-06,8.714285714285714
Region VI: Western Visayas,5,2021-11-07,8.142857142857142
Region VI: Western Visayas,8,2021-11-08,9.142857142857142
Region VI: Western Visayas,13,2021-11-09,10.142857142857142
Region VI: Western Visayas,2,2021-11-10,7.571428571428571
Region VI: Western Visayas,6,2021-11-11,6.857142857142857
Region VI: Western Visayas,6,2021-11-12,7.285714285714286
Region VI: Western Visayas,5,2021-11-13,6.428571428571429
Region VI: Western Visayas,1,2021-11-14,5.857142857142857
Region VI: Western Visayas,7,2021-11-15,5.714285714285714
Region VI: Western Visayas,3,2021-11-16,4.285714285714286
Region VI: Western Visayas,1,2021-11-17,4.142857142857143
Region VI: Western Visayas,1,2021-11-18,3.4285714285714284
Region VI: Western Visayas,2,2021-11-19,2.857142857142857
Region VI: Western Visayas,2,2021-11-20,2.4285714285714284
Region VI: Western Visayas,2,2021-11-21,2.5714285714285716
Region VI: Western Visayas,1,2021-11-22,1.7142857142857142
Region VI: Western Visayas,2,2021-11-23,1.5714285714285714
Region VI: Western Visayas,1,2021-11-24,1.5714285714285714
Region VI: Western Visayas,0,2021-11-25,1.4285714285714286
Region VI: Western Visayas,2,2021-11-26,1.4285714285714286
Region VI: Western Visayas,0,2021-11-27,1.1428571428571428
Region VI: Western Visayas,6,2021-11-28,1.7142857142857142
Region VI: Western Visayas,2,2021-11-29,1.8571428571428572
Region VI: Western Visayas,2,2021-11-30,1.8571428571428572
Region VI: Western Visayas,1,2021-12-01,1.8571428571428572
Region VI: Western Visayas,0,2021-12-02,1.8571428571428572
Region VI: Western Visayas,1,2021-12-03,1.7142857142857142
Region VI: Western Visayas,1,2021-12-04,1.8571428571428572
Region VI: Western Visayas,0,2021-12-05,1.0
Region VI: Western Visayas,7,2021-12-06,1.7142857142857142
Region VI: Western Visayas,0,2021-12-07,1.4285714285714286
Region VI: Western Visayas,0,2021-12-08,1.2857142857142858
Region VI: Western Visayas,2,2021-12-09,1.5714285714285714
Region VI: Western Visayas,2,2021-12-10,1.7142857142857142
Region VI: Western Visayas,2,2021-12-11,1.8571428571428572
Region VI: Western Visayas,5,2021-12-12,2.5714285714285716
Region VI: Western Visayas,2,2021-12-13,1.8571428571428572
Region VI: Western Visayas,0,2021-12-14,1.8571428571428572
Region VI: Western Visayas,7,2021-12-15,2.857142857142857
Region VI: Western Visayas,0,2021-12-16,2.5714285714285716
Region VI: Western Visayas,2,2021-12-17,2.5714285714285716
Region VI: Western Visayas,0,2021-12-18,2.2857142857142856
Region VI: Western Visayas,3,2021-12-19,2.0
Region VI: Western Visayas,0,2021-12-20,1.7142857142857142
Region VI: Western Visayas,3,2021-12-21,2.142857142857143
Region VI: Western Visayas,4,2021-12-22,1.7142857142857142
Region VI: Western Visayas,0,2021-12-23,1.7142857142857142
Region VI: Western Visayas,0,2021-12-24,1.4285714285714286
Region VI: Western Visayas,0,2021-12-25,1.4285714285714286
Region VI: Western Visayas,0,2021-12-26,1.0
Region VI: Western Visayas,2,2021-12-27,1.2857142857142858
Region VI: Western Visayas,5,2021-12-28,1.5714285714285714
Region VI: Western Visayas,6,2021-12-29,1.8571428571428572
Region VI: Western Visayas,1,2021-12-30,2.0
Region VI: Western Visayas,2,2021-12-31,2.2857142857142856
Region VI: Western Visayas,0,2022-01-01,2.2857142857142856
Region VI: Western Visayas,0,2022-01-02,2.2857142857142856
Region VI: Western Visayas,0,2022-01-03,2.0
Region VI: Western Visayas,0,2022-01-04,1.2857142857142858
Region VI: Western Visayas,0,2022-01-05,0.42857142857142855
Region VI: Western Visayas,0,2022-01-06,0.2857142857142857
Region VI: Western Visayas,0,2022-01-07,0.0
Region VI: Western Visayas,0,2022-01-08,0.0
Region VI: Western Visayas,1,2022-01-09,0.14285714285714285
Region VI: Western Visayas,4,2022-01-10,0.7142857142857143
Region VI: Western Visayas,0,2022-01-11,0.7142857142857143
Region VI: Western Visayas,4,2022-01-12,1.2857142857142858
Region VI: Western Visayas,1,2022-01-13,1.4285714285714286
Region VI: Western Visayas,1,2022-01-14,1.5714285714285714
Region VI: Western Visayas,0,2022-01-15,1.5714285714285714
Region VI: Western Visayas,0,2022-01-16,1.4285714285714286
Region VI: Western Visayas,12,2022-01-17,2.5714285714285716
Region VI: Western Visayas,45,2022-01-18,9.0
Region VI: Western Visayas,72,2022-01-19,18.714285714285715
Region VI: Western Visayas,77,2022-01-20,29.571428571428573
Region VI: Western Visayas,30,2022-01-21,33.714285714285715
Region VI: Western Visayas,94,2022-01-22,47.142857142857146
Region VI: Western Visayas,1,2022-01-23,47.285714285714285
Region VI: Western Visayas,224,2022-01-24,77.57142857142857
Region VI: Western Visayas,118,2022-01-25,88.0
Region VI: Western Visayas,72,2022-01-26,88.0
Region VI: Western Visayas,70,2022-01-27,87.0
Region VI: Western Visayas,142,2022-01-28,103.0
Region VI: Western Visayas,516,2022-01-29,163.28571428571428
Region VI: Western Visayas,1128,2022-01-30,324.2857142857143
Region VI: Western Visayas,117,2022-01-31,309.0
Region VI: Western Visayas,814,2022-02-01,408.42857142857144
Region VI: Western Visayas,348,2022-02-02,447.85714285714283
Region VI: Western Visayas,317,2022-02-03,483.14285714285717
Region VI: Western Visayas,92,2022-02-04,476.0
Region VI: Western Visayas,650,2022-02-05,495.14285714285717
Region VI: Western Visayas,351,2022-02-06,384.14285714285717
Region VI: Western Visayas,112,2022-02-07,383.42857142857144
Region VI: Western Visayas,278,2022-02-08,306.85714285714283
Region VI: Western Visayas,27,2022-02-09,261.0
Region VI: Western Visayas,518,2022-02-10,289.7142857142857
Region VI: Western Visayas,84,2022-02-11,288.57142857142856
Region VI: Western Visayas,61,2022-02-12,204.42857142857142
Region VI: Western Visayas,117,2022-02-13,171.0
Region VI: Western Visayas,251,2022-02-14,190.85714285714286
Region VI: Western Visayas,48,2022-02-15,158.0
Region VI: Western Visayas,59,2022-02-16,162.57142857142858
Region VI: Western Visayas,23,2022-02-17,91.85714285714286
Region VI: Western Visayas,65,2022-02-18,89.14285714285714
Region VI: Western Visayas,14,2022-02-19,82.42857142857143
Region VI: Western Visayas,9,2022-02-20,67.0
Region VI: Western Visayas,44,2022-02-21,37.42857142857143
Region VI: Western Visayas,12,2022-02-22,32.285714285714285
Region VI: Western Visayas,87,2022-02-23,36.285714285714285
Region VI: Western Visayas,25,2022-02-24,36.57142857142857
Region VI: Western Visayas,1,2022-02-25,27.428571428571427
Region VI: Western Visayas,6,2022-02-26,26.285714285714285
Region VI: Western Visayas,41,2022-02-27,30.857142857142858
Region VI: Western Visayas,8,2022-02-28,25.714285714285715
Region VI: Western Visayas,94,2022-03-01,37.42857142857143
Region VI: Western Visayas,31,2022-03-02,29.428571428571427
Region VI: Western Visayas,21,2022-03-03,28.857142857142858
Region VI: Western Visayas,50,2022-03-04,35.857142857142854
Region VI: Western Visayas,5,2022-03-05,35.714285714285715
Region VI: Western Visayas,4,2022-03-06,30.428571428571427
Region VI: Western Visayas,29,2022-03-07,33.42857142857143
Region VI: Western Visayas,24,2022-03-08,23.428571428571427
Region VI: Western Visayas,13,2022-03-09,20.857142857142858
Region VI: Western Visayas,8,2022-03-10,19.0
Region VI: Western Visayas,48,2022-03-11,18.714285714285715
Region VI: Western Visayas,9,2022-03-12,19.285714285714285
Region VI: Western Visayas,10,2022-03-13,20.142857142857142
Region VI: Western Visayas,16,2022-03-14,18.285714285714285
Region VI: Western Visayas,22,2022-03-15,18.0
Region VI: Western Visayas,3,2022-03-16,16.571428571428573
Region VI: Western Visayas,10,2022-03-17,16.857142857142858
Region VI: Western Visayas,4,2022-03-18,10.571428571428571
Region VI: Western Visayas,4,2022-03-19,9.857142857142858
Region VI: Western Visayas,9,2022-03-20,9.714285714285714
Region VI: Western Visayas,16,2022-03-21,9.714285714285714
Region VI: Western Visayas,20,2022-03-22,9.428571428571429
Region VI: Western Visayas,15,2022-03-23,11.142857142857142
Region VI: Western Visayas,8,2022-03-24,10.857142857142858
Region VI: Western Visayas,19,2022-03-25,13.0
Region VI: Western Visayas,6,2022-03-26,13.285714285714286
Region VI: Western Visayas,3,2022-03-27,12.428571428571429
Region VI: Western Visayas,6,2022-03-28,11.0
Region VI: Western Visayas,2,2022-03-29,8.428571428571429
Region VI: Western Visayas,7,2022-03-30,7.285714285714286
Region VI: Western Visayas,8,2022-03-31,7.285714285714286
Region VI: Western Visayas,8,2022-04-01,5.714285714285714
Region VI: Western Visayas,15,2022-04-02,7.0
Region VI: Western Visayas,0,2022-04-03,6.571428571428571
Region VI: Western Visayas,3,2022-04-04,6.142857142857143
Region VI: Western Visayas,8,2022-04-05,7.0
Region VI: Western Visayas,2,2022-04-06,6.285714285714286
Region VI: Western Visayas,7,2022-04-07,6.142857142857143
Region VI: Western Visayas,7,2022-04-08,6.0
Region VI: Western Visayas,0,2022-04-09,3.857142857142857
Region VI: Western Visayas,4,2022-04-10,4.428571428571429
Region VI: Western Visayas,13,2022-04-11,5.857142857142857
Region VI: Western Visayas,8,2022-04-12,5.857142857142857
Region VI: Western Visayas,10,2022-04-13,7.0
Region VI: Western Visayas,3,2022-04-14,6.428571428571429
Region VI: Western Visayas,2,2022-04-15,5.714285714285714
Region VI: Western Visayas,0,2022-04-16,5.714285714285714
Region VI: Western Visayas,2,2022-04-17,5.428571428571429
Region VI: Western Visayas,1,2022-04-18,3.7142857142857144
Region VI: Western Visayas,6,2022-04-19,3.4285714285714284
Region VI: Western Visayas,9,2022-04-20,3.2857142857142856
Region VI: Western Visayas,13,2022-04-21,4.714285714285714
Region VI: Western Visayas,0,2022-04-22,4.428571428571429
Region VI: Western Visayas,0,2022-04-23,4.428571428571429
Region VI: Western Visayas,0,2022-04-24,4.142857142857143
Region VI: Western Visayas,3,2022-04-25,4.428571428571429
Region VI: Western Visayas,3,2022-04-26,4.0
Region VI: Western Visayas,4,2022-04-27,3.2857142857142856
Region VI: Western Visayas,4,2022-04-28,2.0
Region VI: Western Visayas,1,2022-04-29,2.142857142857143
Region VI: Western Visayas,2,2022-04-30,2.4285714285714284
Region VI: Western Visayas,0,2022-05-01,2.4285714285714284
Region VI: Western Visayas,4,2022-05-02,2.5714285714285716
