region,count,date,7DayMA
Region IV-A: CALABARZON,1,2020-03-13,
Region IV-A: CALABARZON,0,2020-03-14,
Region IV-A: CALABARZON,0,2020-03-15,
Region IV-A: CALABARZON,0,2020-03-16,
Region IV-A: CALABARZON,0,2020-03-17,
Region IV-A: CALABARZON,0,2020-03-18,
Region IV-A: CALABARZON,0,2020-03-19,0.14285714285714285
Region IV-A: CALABARZON,0,2020-03-20,0.0
Region IV-A: CALABARZON,0,2020-03-21,0.0
Region IV-A: CALABARZON,0,2020-03-22,0.0
Region IV-A: CALABARZON,0,2020-03-23,0.0
Region IV-A: CALABARZON,0,2020-03-24,0.0
Region IV-A: CALABARZON,0,2020-03-25,0.0
Region IV-A: CALABARZON,0,2020-03-26,0.0
Region IV-A: CALABARZON,3,2020-03-27,0.42857142857142855
Region IV-A: CALABARZON,0,2020-03-28,0.42857142857142855
Region IV-A: CALABARZON,3,2020-03-29,0.8571428571428571
Region IV-A: CALABARZON,3,2020-03-30,1.2857142857142858
Region IV-A: CALABARZON,2,2020-03-31,1.5714285714285714
Region IV-A: CALABARZON,4,2020-04-01,2.142857142857143
Region IV-A: CALABARZON,4,2020-04-02,2.7142857142857144
Region IV-A: CALABARZON,4,2020-04-03,2.857142857142857
Region IV-A: CALABARZON,6,2020-04-04,3.7142857142857144
Region IV-A: CALABARZON,7,2020-04-05,4.285714285714286
Region IV-A: CALABARZON,10,2020-04-06,5.285714285714286
Region IV-A: CALABARZON,7,2020-04-07,6.0
Region IV-A: CALABARZON,12,2020-04-08,7.142857142857143
Region IV-A: CALABARZON,1,2020-04-09,6.714285714285714
Region IV-A: CALABARZON,5,2020-04-10,6.857142857142857
Region IV-A: CALABARZON,10,2020-04-11,7.428571428571429
Region IV-A: CALABARZON,8,2020-04-12,7.571428571428571
Region IV-A: CALABARZON,9,2020-04-13,7.428571428571429
Region IV-A: CALABARZON,11,2020-04-14,8.0
Region IV-A: CALABARZON,8,2020-04-15,7.428571428571429
Region IV-A: CALABARZON,13,2020-04-16,9.142857142857142
Region IV-A: CALABARZON,8,2020-04-17,9.571428571428571
Region IV-A: CALABARZON,9,2020-04-18,9.428571428571429
Region IV-A: CALABARZON,5,2020-04-19,9.0
Region IV-A: CALABARZON,7,2020-04-20,8.714285714285714
Region IV-A: CALABARZON,8,2020-04-21,8.285714285714286
Region IV-A: CALABARZON,5,2020-04-22,7.857142857142857
Region IV-A: CALABARZON,11,2020-04-23,7.571428571428571
Region IV-A: CALABARZON,13,2020-04-24,8.285714285714286
Region IV-A: CALABARZON,11,2020-04-25,8.571428571428571
Region IV-A: CALABARZON,9,2020-04-26,9.142857142857142
Region IV-A: CALABARZON,18,2020-04-27,10.714285714285714
Region IV-A: CALABARZON,17,2020-04-28,12.0
Region IV-A: CALABARZON,20,2020-04-29,14.142857142857142
Region IV-A: CALABARZON,16,2020-04-30,14.857142857142858
Region IV-A: CALABARZON,15,2020-05-01,15.142857142857142
Region IV-A: CALABARZON,18,2020-05-02,16.142857142857142
Region IV-A: CALABARZON,7,2020-05-03,15.857142857142858
Region IV-A: CALABARZON,13,2020-05-04,15.142857142857142
Region IV-A: CALABARZON,23,2020-05-05,16.0
Region IV-A: CALABARZON,13,2020-05-06,15.0
Region IV-A: CALABARZON,7,2020-05-07,13.714285714285714
Region IV-A: CALABARZON,18,2020-05-08,14.142857142857142
Region IV-A: CALABARZON,8,2020-05-09,12.714285714285714
Region IV-A: CALABARZON,7,2020-05-10,12.714285714285714
Region IV-A: CALABARZON,12,2020-05-11,12.571428571428571
Region IV-A: CALABARZON,18,2020-05-12,11.857142857142858
Region IV-A: CALABARZON,12,2020-05-13,11.714285714285714
Region IV-A: CALABARZON,27,2020-05-14,14.571428571428571
Region IV-A: CALABARZON,8,2020-05-15,13.142857142857142
Region IV-A: CALABARZON,8,2020-05-16,13.142857142857142
Region IV-A: CALABARZON,7,2020-05-17,13.142857142857142
Region IV-A: CALABARZON,30,2020-05-18,15.714285714285714
Region IV-A: CALABARZON,9,2020-05-19,14.428571428571429
Region IV-A: CALABARZON,23,2020-05-20,16.0
Region IV-A: CALABARZON,7,2020-05-21,13.142857142857142
Region IV-A: CALABARZON,14,2020-05-22,14.0
Region IV-A: CALABARZON,5,2020-05-23,13.571428571428571
Region IV-A: CALABARZON,3,2020-05-24,13.0
Region IV-A: CALABARZON,5,2020-05-25,9.428571428571429
Region IV-A: CALABARZON,10,2020-05-26,9.571428571428571
Region IV-A: CALABARZON,13,2020-05-27,8.142857142857142
Region IV-A: CALABARZON,15,2020-05-28,9.285714285714286
Region IV-A: CALABARZON,22,2020-05-29,10.428571428571429
Region IV-A: CALABARZON,14,2020-05-30,11.714285714285714
Region IV-A: CALABARZON,10,2020-05-31,12.714285714285714
Region IV-A: CALABARZON,6,2020-06-01,12.857142857142858
Region IV-A: CALABARZON,4,2020-06-02,12.0
Region IV-A: CALABARZON,8,2020-06-03,11.285714285714286
Region IV-A: CALABARZON,21,2020-06-04,12.142857142857142
Region IV-A: CALABARZON,10,2020-06-05,10.428571428571429
Region IV-A: CALABARZON,6,2020-06-06,9.285714285714286
Region IV-A: CALABARZON,3,2020-06-07,8.285714285714286
Region IV-A: CALABARZON,6,2020-06-08,8.285714285714286
Region IV-A: CALABARZON,11,2020-06-09,9.285714285714286
Region IV-A: CALABARZON,14,2020-06-10,10.142857142857142
Region IV-A: CALABARZON,19,2020-06-11,9.857142857142858
Region IV-A: CALABARZON,6,2020-06-12,9.285714285714286
Region IV-A: CALABARZON,7,2020-06-13,9.428571428571429
Region IV-A: CALABARZON,2,2020-06-14,9.285714285714286
Region IV-A: CALABARZON,21,2020-06-15,11.428571428571429
Region IV-A: CALABARZON,16,2020-06-16,12.142857142857142
Region IV-A: CALABARZON,12,2020-06-17,11.857142857142858
Region IV-A: CALABARZON,10,2020-06-18,10.571428571428571
Region IV-A: CALABARZON,5,2020-06-19,10.428571428571429
Region IV-A: CALABARZON,18,2020-06-20,12.0
Region IV-A: CALABARZON,6,2020-06-21,12.571428571428571
Region IV-A: CALABARZON,10,2020-06-22,11.0
Region IV-A: CALABARZON,5,2020-06-23,9.428571428571429
Region IV-A: CALABARZON,23,2020-06-24,11.0
Region IV-A: CALABARZON,11,2020-06-25,11.142857142857142
Region IV-A: CALABARZON,17,2020-06-26,12.857142857142858
Region IV-A: CALABARZON,16,2020-06-27,12.571428571428571
Region IV-A: CALABARZON,14,2020-06-28,13.714285714285714
Region IV-A: CALABARZON,9,2020-06-29,13.571428571428571
Region IV-A: CALABARZON,18,2020-06-30,15.428571428571429
Region IV-A: CALABARZON,14,2020-07-01,14.142857142857142
Region IV-A: CALABARZON,18,2020-07-02,15.142857142857142
Region IV-A: CALABARZON,10,2020-07-03,14.142857142857142
Region IV-A: CALABARZON,9,2020-07-04,13.142857142857142
Region IV-A: CALABARZON,11,2020-07-05,12.714285714285714
Region IV-A: CALABARZON,15,2020-07-06,13.571428571428571
Region IV-A: CALABARZON,18,2020-07-07,13.571428571428571
Region IV-A: CALABARZON,36,2020-07-08,16.714285714285715
Region IV-A: CALABARZON,15,2020-07-09,16.285714285714285
Region IV-A: CALABARZON,22,2020-07-10,18.0
Region IV-A: CALABARZON,33,2020-07-11,21.428571428571427
Region IV-A: CALABARZON,11,2020-07-12,21.428571428571427
Region IV-A: CALABARZON,33,2020-07-13,24.0
Region IV-A: CALABARZON,21,2020-07-14,24.428571428571427
Region IV-A: CALABARZON,43,2020-07-15,25.428571428571427
Region IV-A: CALABARZON,33,2020-07-16,28.0
Region IV-A: CALABARZON,22,2020-07-17,28.0
Region IV-A: CALABARZON,29,2020-07-18,27.428571428571427
Region IV-A: CALABARZON,19,2020-07-19,28.571428571428573
Region IV-A: CALABARZON,24,2020-07-20,27.285714285714285
Region IV-A: CALABARZON,31,2020-07-21,28.714285714285715
Region IV-A: CALABARZON,29,2020-07-22,26.714285714285715
Region IV-A: CALABARZON,31,2020-07-23,26.428571428571427
Region IV-A: CALABARZON,66,2020-07-24,32.714285714285715
Region IV-A: CALABARZON,21,2020-07-25,31.571428571428573
Region IV-A: CALABARZON,8,2020-07-26,30.0
Region IV-A: CALABARZON,39,2020-07-27,32.142857142857146
Region IV-A: CALABARZON,33,2020-07-28,32.42857142857143
Region IV-A: CALABARZON,74,2020-07-29,38.857142857142854
Region IV-A: CALABARZON,64,2020-07-30,43.57142857142857
Region IV-A: CALABARZON,26,2020-07-31,37.857142857142854
Region IV-A: CALABARZON,30,2020-08-01,39.142857142857146
Region IV-A: CALABARZON,24,2020-08-02,41.42857142857143
Region IV-A: CALABARZON,40,2020-08-03,41.57142857142857
Region IV-A: CALABARZON,33,2020-08-04,41.57142857142857
Region IV-A: CALABARZON,38,2020-08-05,36.42857142857143
Region IV-A: CALABARZON,57,2020-08-06,35.42857142857143
Region IV-A: CALABARZON,117,2020-08-07,48.42857142857143
Region IV-A: CALABARZON,62,2020-08-08,53.0
Region IV-A: CALABARZON,50,2020-08-09,56.714285714285715
Region IV-A: CALABARZON,97,2020-08-10,64.85714285714286
Region IV-A: CALABARZON,105,2020-08-11,75.14285714285714
Region IV-A: CALABARZON,148,2020-08-12,90.85714285714286
Region IV-A: CALABARZON,130,2020-08-13,101.28571428571429
Region IV-A: CALABARZON,128,2020-08-14,102.85714285714286
Region IV-A: CALABARZON,121,2020-08-15,111.28571428571429
Region IV-A: CALABARZON,51,2020-08-16,111.42857142857143
Region IV-A: CALABARZON,97,2020-08-17,111.42857142857143
Region IV-A: CALABARZON,59,2020-08-18,104.85714285714286
Region IV-A: CALABARZON,101,2020-08-19,98.14285714285714
Region IV-A: CALABARZON,132,2020-08-20,98.42857142857143
Region IV-A: CALABARZON,60,2020-08-21,88.71428571428571
Region IV-A: CALABARZON,76,2020-08-22,82.28571428571429
Region IV-A: CALABARZON,49,2020-08-23,82.0
Region IV-A: CALABARZON,105,2020-08-24,83.14285714285714
Region IV-A: CALABARZON,86,2020-08-25,87.0
Region IV-A: CALABARZON,126,2020-08-26,90.57142857142857
Region IV-A: CALABARZON,162,2020-08-27,94.85714285714286
Region IV-A: CALABARZON,172,2020-08-28,110.85714285714286
Region IV-A: CALABARZON,100,2020-08-29,114.28571428571429
Region IV-A: CALABARZON,62,2020-08-30,116.14285714285714
Region IV-A: CALABARZON,46,2020-08-31,107.71428571428571
Region IV-A: CALABARZON,90,2020-09-01,108.28571428571429
Region IV-A: CALABARZON,105,2020-09-02,105.28571428571429
Region IV-A: CALABARZON,128,2020-09-03,100.42857142857143
Region IV-A: CALABARZON,129,2020-09-04,94.28571428571429
Region IV-A: CALABARZON,83,2020-09-05,91.85714285714286
Region IV-A: CALABARZON,89,2020-09-06,95.71428571428571
Region IV-A: CALABARZON,79,2020-09-07,100.42857142857143
Region IV-A: CALABARZON,82,2020-09-08,99.28571428571429
Region IV-A: CALABARZON,76,2020-09-09,95.14285714285714
Region IV-A: CALABARZON,134,2020-09-10,96.0
Region IV-A: CALABARZON,136,2020-09-11,97.0
Region IV-A: CALABARZON,77,2020-09-12,96.14285714285714
Region IV-A: CALABARZON,52,2020-09-13,90.85714285714286
Region IV-A: CALABARZON,47,2020-09-14,86.28571428571429
Region IV-A: CALABARZON,109,2020-09-15,90.14285714285714
Region IV-A: CALABARZON,123,2020-09-16,96.85714285714286
Region IV-A: CALABARZON,126,2020-09-17,95.71428571428571
Region IV-A: CALABARZON,174,2020-09-18,101.14285714285714
Region IV-A: CALABARZON,108,2020-09-19,105.57142857142857
Region IV-A: CALABARZON,80,2020-09-20,109.57142857142857
Region IV-A: CALABARZON,118,2020-09-21,119.71428571428571
Region IV-A: CALABARZON,142,2020-09-22,124.42857142857143
Region IV-A: CALABARZON,159,2020-09-23,129.57142857142858
Region IV-A: CALABARZON,146,2020-09-24,132.42857142857142
Region IV-A: CALABARZON,182,2020-09-25,133.57142857142858
Region IV-A: CALABARZON,83,2020-09-26,130.0
Region IV-A: CALABARZON,64,2020-09-27,127.71428571428571
Region IV-A: CALABARZON,107,2020-09-28,126.14285714285714
Region IV-A: CALABARZON,119,2020-09-29,122.85714285714286
Region IV-A: CALABARZON,179,2020-09-30,125.71428571428571
Region IV-A: CALABARZON,177,2020-10-01,130.14285714285714
Region IV-A: CALABARZON,156,2020-10-02,126.42857142857143
Region IV-A: CALABARZON,105,2020-10-03,129.57142857142858
Region IV-A: CALABARZON,80,2020-10-04,131.85714285714286
Region IV-A: CALABARZON,208,2020-10-05,146.28571428571428
Region IV-A: CALABARZON,166,2020-10-06,153.0
Region IV-A: CALABARZON,120,2020-10-07,144.57142857142858
Region IV-A: CALABARZON,165,2020-10-08,142.85714285714286
Region IV-A: CALABARZON,163,2020-10-09,143.85714285714286
Region IV-A: CALABARZON,103,2020-10-10,143.57142857142858
Region IV-A: CALABARZON,85,2020-10-11,144.28571428571428
Region IV-A: CALABARZON,98,2020-10-12,128.57142857142858
Region IV-A: CALABARZON,152,2020-10-13,126.57142857142857
Region IV-A: CALABARZON,189,2020-10-14,136.42857142857142
Region IV-A: CALABARZON,215,2020-10-15,143.57142857142858
Region IV-A: CALABARZON,234,2020-10-16,153.71428571428572
Region IV-A: CALABARZON,97,2020-10-17,152.85714285714286
Region IV-A: CALABARZON,83,2020-10-18,152.57142857142858
Region IV-A: CALABARZON,227,2020-10-19,171.0
Region IV-A: CALABARZON,187,2020-10-20,176.0
Region IV-A: CALABARZON,150,2020-10-21,170.42857142857142
Region IV-A: CALABARZON,139,2020-10-22,159.57142857142858
Region IV-A: CALABARZON,174,2020-10-23,151.0
Region IV-A: CALABARZON,108,2020-10-24,152.57142857142858
Region IV-A: CALABARZON,80,2020-10-25,152.14285714285714
Region IV-A: CALABARZON,130,2020-10-26,138.28571428571428
Region IV-A: CALABARZON,259,2020-10-27,148.57142857142858
Region IV-A: CALABARZON,169,2020-10-28,151.28571428571428
Region IV-A: CALABARZON,147,2020-10-29,152.42857142857142
Region IV-A: CALABARZON,202,2020-10-30,156.42857142857142
Region IV-A: CALABARZON,114,2020-10-31,157.28571428571428
Region IV-A: CALABARZON,52,2020-11-01,153.28571428571428
Region IV-A: CALABARZON,32,2020-11-02,139.28571428571428
Region IV-A: CALABARZON,93,2020-11-03,115.57142857142857
Region IV-A: CALABARZON,162,2020-11-04,114.57142857142857
Region IV-A: CALABARZON,100,2020-11-05,107.85714285714286
Region IV-A: CALABARZON,139,2020-11-06,98.85714285714286
Region IV-A: CALABARZON,69,2020-11-07,92.42857142857143
Region IV-A: CALABARZON,88,2020-11-08,97.57142857142857
Region IV-A: CALABARZON,121,2020-11-09,110.28571428571429
Region IV-A: CALABARZON,128,2020-11-10,115.28571428571429
Region IV-A: CALABARZON,78,2020-11-11,103.28571428571429
Region IV-A: CALABARZON,52,2020-11-12,96.42857142857143
Region IV-A: CALABARZON,118,2020-11-13,93.42857142857143
Region IV-A: CALABARZON,79,2020-11-14,94.85714285714286
Region IV-A: CALABARZON,61,2020-11-15,91.0
Region IV-A: CALABARZON,129,2020-11-16,92.14285714285714
Region IV-A: CALABARZON,149,2020-11-17,95.14285714285714
Region IV-A: CALABARZON,112,2020-11-18,100.0
Region IV-A: CALABARZON,100,2020-11-19,106.85714285714286
Region IV-A: CALABARZON,137,2020-11-20,109.57142857142857
Region IV-A: CALABARZON,56,2020-11-21,106.28571428571429
Region IV-A: CALABARZON,48,2020-11-22,104.42857142857143
Region IV-A: CALABARZON,87,2020-11-23,98.42857142857143
Region IV-A: CALABARZON,106,2020-11-24,92.28571428571429
Region IV-A: CALABARZON,115,2020-11-25,92.71428571428571
Region IV-A: CALABARZON,106,2020-11-26,93.57142857142857
Region IV-A: CALABARZON,111,2020-11-27,89.85714285714286
Region IV-A: CALABARZON,55,2020-11-28,89.71428571428571
Region IV-A: CALABARZON,69,2020-11-29,92.71428571428571
Region IV-A: CALABARZON,62,2020-11-30,89.14285714285714
Region IV-A: CALABARZON,157,2020-12-01,96.42857142857143
Region IV-A: CALABARZON,140,2020-12-02,100.0
Region IV-A: CALABARZON,106,2020-12-03,100.0
Region IV-A: CALABARZON,101,2020-12-04,98.57142857142857
Region IV-A: CALABARZON,68,2020-12-05,100.42857142857143
Region IV-A: CALABARZON,100,2020-12-06,104.85714285714286
Region IV-A: CALABARZON,87,2020-12-07,108.42857142857143
Region IV-A: CALABARZON,60,2020-12-08,94.57142857142857
Region IV-A: CALABARZON,109,2020-12-09,90.14285714285714
Region IV-A: CALABARZON,72,2020-12-10,85.28571428571429
Region IV-A: CALABARZON,71,2020-12-11,81.0
Region IV-A: CALABARZON,74,2020-12-12,81.85714285714286
Region IV-A: CALABARZON,64,2020-12-13,76.71428571428571
Region IV-A: CALABARZON,85,2020-12-14,76.42857142857143
Region IV-A: CALABARZON,85,2020-12-15,80.0
Region IV-A: CALABARZON,104,2020-12-16,79.28571428571429
Region IV-A: CALABARZON,106,2020-12-17,84.14285714285714
Region IV-A: CALABARZON,101,2020-12-18,88.42857142857143
Region IV-A: CALABARZON,48,2020-12-19,84.71428571428571
Region IV-A: CALABARZON,40,2020-12-20,81.28571428571429
Region IV-A: CALABARZON,126,2020-12-21,87.14285714285714
Region IV-A: CALABARZON,75,2020-12-22,85.71428571428571
Region IV-A: CALABARZON,67,2020-12-23,80.42857142857143
Region IV-A: CALABARZON,45,2020-12-24,71.71428571428571
Region IV-A: CALABARZON,21,2020-12-25,60.285714285714285
Region IV-A: CALABARZON,34,2020-12-26,58.285714285714285
Region IV-A: CALABARZON,40,2020-12-27,58.285714285714285
Region IV-A: CALABARZON,110,2020-12-28,56.0
Region IV-A: CALABARZON,64,2020-12-29,54.42857142857143
Region IV-A: CALABARZON,52,2020-12-30,52.285714285714285
Region IV-A: CALABARZON,39,2020-12-31,51.42857142857143
Region IV-A: CALABARZON,23,2021-01-01,51.714285714285715
Region IV-A: CALABARZON,49,2021-01-02,53.857142857142854
Region IV-A: CALABARZON,16,2021-01-03,50.42857142857143
Region IV-A: CALABARZON,50,2021-01-04,41.857142857142854
Region IV-A: CALABARZON,59,2021-01-05,41.142857142857146
Region IV-A: CALABARZON,49,2021-01-06,40.714285714285715
Region IV-A: CALABARZON,93,2021-01-07,48.42857142857143
Region IV-A: CALABARZON,41,2021-01-08,51.0
Region IV-A: CALABARZON,17,2021-01-09,46.42857142857143
Region IV-A: CALABARZON,4,2021-01-10,44.714285714285715
Region IV-A: CALABARZON,55,2021-01-11,45.42857142857143
Region IV-A: CALABARZON,40,2021-01-12,42.714285714285715
Region IV-A: CALABARZON,46,2021-01-13,42.285714285714285
Region IV-A: CALABARZON,34,2021-01-14,33.857142857142854
Region IV-A: CALABARZON,35,2021-01-15,33.0
Region IV-A: CALABARZON,21,2021-01-16,33.57142857142857
Region IV-A: CALABARZON,21,2021-01-17,36.0
Region IV-A: CALABARZON,47,2021-01-18,34.857142857142854
Region IV-A: CALABARZON,43,2021-01-19,35.285714285714285
Region IV-A: CALABARZON,41,2021-01-20,34.57142857142857
Region IV-A: CALABARZON,46,2021-01-21,36.285714285714285
Region IV-A: CALABARZON,58,2021-01-22,39.57142857142857
Region IV-A: CALABARZON,24,2021-01-23,40.0
Region IV-A: CALABARZON,27,2021-01-24,40.857142857142854
Region IV-A: CALABARZON,64,2021-01-25,43.285714285714285
Region IV-A: CALABARZON,70,2021-01-26,47.142857142857146
Region IV-A: CALABARZON,55,2021-01-27,49.142857142857146
Region IV-A: CALABARZON,61,2021-01-28,51.285714285714285
Region IV-A: CALABARZON,50,2021-01-29,50.142857142857146
Region IV-A: CALABARZON,29,2021-01-30,50.857142857142854
Region IV-A: CALABARZON,25,2021-01-31,50.57142857142857
Region IV-A: CALABARZON,59,2021-02-01,49.857142857142854
Region IV-A: CALABARZON,82,2021-02-02,51.57142857142857
Region IV-A: CALABARZON,50,2021-02-03,50.857142857142854
Region IV-A: CALABARZON,70,2021-02-04,52.142857142857146
Region IV-A: CALABARZON,68,2021-02-05,54.714285714285715
Region IV-A: CALABARZON,15,2021-02-06,52.714285714285715
Region IV-A: CALABARZON,29,2021-02-07,53.285714285714285
Region IV-A: CALABARZON,49,2021-02-08,51.857142857142854
Region IV-A: CALABARZON,36,2021-02-09,45.285714285714285
Region IV-A: CALABARZON,45,2021-02-10,44.57142857142857
Region IV-A: CALABARZON,37,2021-02-11,39.857142857142854
Region IV-A: CALABARZON,10,2021-02-12,31.571428571428573
Region IV-A: CALABARZON,6,2021-02-13,30.285714285714285
Region IV-A: CALABARZON,17,2021-02-14,28.571428571428573
Region IV-A: CALABARZON,34,2021-02-15,26.428571428571427
Region IV-A: CALABARZON,52,2021-02-16,28.714285714285715
Region IV-A: CALABARZON,37,2021-02-17,27.571428571428573
Region IV-A: CALABARZON,28,2021-02-18,26.285714285714285
Region IV-A: CALABARZON,41,2021-02-19,30.714285714285715
Region IV-A: CALABARZON,19,2021-02-20,32.57142857142857
Region IV-A: CALABARZON,20,2021-02-21,33.0
Region IV-A: CALABARZON,32,2021-02-22,32.714285714285715
Region IV-A: CALABARZON,32,2021-02-23,29.857142857142858
Region IV-A: CALABARZON,18,2021-02-24,27.142857142857142
Region IV-A: CALABARZON,17,2021-02-25,25.571428571428573
Region IV-A: CALABARZON,14,2021-02-26,21.714285714285715
Region IV-A: CALABARZON,14,2021-02-27,21.0
Region IV-A: CALABARZON,17,2021-02-28,20.571428571428573
Region IV-A: CALABARZON,19,2021-03-01,18.714285714285715
Region IV-A: CALABARZON,87,2021-03-02,26.571428571428573
Region IV-A: CALABARZON,44,2021-03-03,30.285714285714285
Region IV-A: CALABARZON,58,2021-03-04,36.142857142857146
Region IV-A: CALABARZON,51,2021-03-05,41.42857142857143
Region IV-A: CALABARZON,20,2021-03-06,42.285714285714285
Region IV-A: CALABARZON,18,2021-03-07,42.42857142857143
Region IV-A: CALABARZON,55,2021-03-08,47.57142857142857
Region IV-A: CALABARZON,33,2021-03-09,39.857142857142854
Region IV-A: CALABARZON,42,2021-03-10,39.57142857142857
Region IV-A: CALABARZON,56,2021-03-11,39.285714285714285
Region IV-A: CALABARZON,60,2021-03-12,40.57142857142857
Region IV-A: CALABARZON,30,2021-03-13,42.0
Region IV-A: CALABARZON,26,2021-03-14,43.142857142857146
Region IV-A: CALABARZON,31,2021-03-15,39.714285714285715
Region IV-A: CALABARZON,69,2021-03-16,44.857142857142854
Region IV-A: CALABARZON,68,2021-03-17,48.57142857142857
Region IV-A: CALABARZON,67,2021-03-18,50.142857142857146
Region IV-A: CALABARZON,111,2021-03-19,57.42857142857143
Region IV-A: CALABARZON,55,2021-03-20,61.0
Region IV-A: CALABARZON,18,2021-03-21,59.857142857142854
Region IV-A: CALABARZON,64,2021-03-22,64.57142857142857
Region IV-A: CALABARZON,54,2021-03-23,62.42857142857143
Region IV-A: CALABARZON,62,2021-03-24,61.57142857142857
Region IV-A: CALABARZON,154,2021-03-25,74.0
Region IV-A: CALABARZON,146,2021-03-26,79.0
Region IV-A: CALABARZON,65,2021-03-27,80.42857142857143
Region IV-A: CALABARZON,73,2021-03-28,88.28571428571429
Region IV-A: CALABARZON,130,2021-03-29,97.71428571428571
Region IV-A: CALABARZON,242,2021-03-30,124.57142857142857
Region IV-A: CALABARZON,233,2021-03-31,149.0
Region IV-A: CALABARZON,146,2021-04-01,147.85714285714286
Region IV-A: CALABARZON,159,2021-04-02,149.71428571428572
Region IV-A: CALABARZON,153,2021-04-03,162.28571428571428
Region IV-A: CALABARZON,156,2021-04-04,174.14285714285714
Region IV-A: CALABARZON,201,2021-04-05,184.28571428571428
Region IV-A: CALABARZON,284,2021-04-06,190.28571428571428
Region IV-A: CALABARZON,291,2021-04-07,198.57142857142858
Region IV-A: CALABARZON,277,2021-04-08,217.28571428571428
Region IV-A: CALABARZON,188,2021-04-09,221.42857142857142
Region IV-A: CALABARZON,161,2021-04-10,222.57142857142858
Region IV-A: CALABARZON,199,2021-04-11,228.71428571428572
Region IV-A: CALABARZON,175,2021-04-12,225.0
Region IV-A: CALABARZON,219,2021-04-13,215.71428571428572
Region IV-A: CALABARZON,410,2021-04-14,232.71428571428572
Region IV-A: CALABARZON,193,2021-04-15,220.71428571428572
Region IV-A: CALABARZON,167,2021-04-16,217.71428571428572
Region IV-A: CALABARZON,158,2021-04-17,217.28571428571428
Region IV-A: CALABARZON,173,2021-04-18,213.57142857142858
Region IV-A: CALABARZON,171,2021-04-19,213.0
Region IV-A: CALABARZON,242,2021-04-20,216.28571428571428
Region IV-A: CALABARZON,219,2021-04-21,189.0
Region IV-A: CALABARZON,221,2021-04-22,193.0
Region IV-A: CALABARZON,175,2021-04-23,194.14285714285714
Region IV-A: CALABARZON,115,2021-04-24,188.0
Region IV-A: CALABARZON,60,2021-04-25,171.85714285714286
Region IV-A: CALABARZON,76,2021-04-26,158.28571428571428
Region IV-A: CALABARZON,58,2021-04-27,132.0
Region IV-A: CALABARZON,32,2021-04-28,105.28571428571429
Region IV-A: CALABARZON,95,2021-04-29,87.28571428571429
Region IV-A: CALABARZON,88,2021-04-30,74.85714285714286
Region IV-A: CALABARZON,69,2021-05-01,68.28571428571429
Region IV-A: CALABARZON,58,2021-05-02,68.0
Region IV-A: CALABARZON,48,2021-05-03,64.0
Region IV-A: CALABARZON,54,2021-05-04,63.42857142857143
Region IV-A: CALABARZON,43,2021-05-05,65.0
Region IV-A: CALABARZON,126,2021-05-06,69.42857142857143
Region IV-A: CALABARZON,83,2021-05-07,68.71428571428571
Region IV-A: CALABARZON,83,2021-05-08,70.71428571428571
Region IV-A: CALABARZON,28,2021-05-09,66.42857142857143
Region IV-A: CALABARZON,37,2021-05-10,64.85714285714286
Region IV-A: CALABARZON,22,2021-05-11,60.285714285714285
Region IV-A: CALABARZON,29,2021-05-12,58.285714285714285
Region IV-A: CALABARZON,28,2021-05-13,44.285714285714285
Region IV-A: CALABARZON,24,2021-05-14,35.857142857142854
Region IV-A: CALABARZON,27,2021-05-15,27.857142857142858
Region IV-A: CALABARZON,17,2021-05-16,26.285714285714285
Region IV-A: CALABARZON,23,2021-05-17,24.285714285714285
Region IV-A: CALABARZON,26,2021-05-18,24.857142857142858
Region IV-A: CALABARZON,17,2021-05-19,23.142857142857142
Region IV-A: CALABARZON,29,2021-05-20,23.285714285714285
Region IV-A: CALABARZON,34,2021-05-21,24.714285714285715
Region IV-A: CALABARZON,19,2021-05-22,23.571428571428573
Region IV-A: CALABARZON,18,2021-05-23,23.714285714285715
Region IV-A: CALABARZON,32,2021-05-24,25.0
Region IV-A: CALABARZON,20,2021-05-25,24.142857142857142
Region IV-A: CALABARZON,24,2021-05-26,25.142857142857142
Region IV-A: CALABARZON,51,2021-05-27,28.285714285714285
Region IV-A: CALABARZON,38,2021-05-28,28.857142857142858
Region IV-A: CALABARZON,36,2021-05-29,31.285714285714285
Region IV-A: CALABARZON,18,2021-05-30,31.285714285714285
Region IV-A: CALABARZON,25,2021-05-31,30.285714285714285
Region IV-A: CALABARZON,30,2021-06-01,31.714285714285715
Region IV-A: CALABARZON,30,2021-06-02,32.57142857142857
Region IV-A: CALABARZON,19,2021-06-03,28.0
Region IV-A: CALABARZON,39,2021-06-04,28.142857142857142
Region IV-A: CALABARZON,22,2021-06-05,26.142857142857142
Region IV-A: CALABARZON,25,2021-06-06,27.142857142857142
Region IV-A: CALABARZON,38,2021-06-07,29.0
Region IV-A: CALABARZON,26,2021-06-08,28.428571428571427
Region IV-A: CALABARZON,19,2021-06-09,26.857142857142858
Region IV-A: CALABARZON,21,2021-06-10,27.142857142857142
Region IV-A: CALABARZON,42,2021-06-11,27.571428571428573
Region IV-A: CALABARZON,43,2021-06-12,30.571428571428573
Region IV-A: CALABARZON,49,2021-06-13,34.0
Region IV-A: CALABARZON,78,2021-06-14,39.714285714285715
Region IV-A: CALABARZON,35,2021-06-15,41.0
Region IV-A: CALABARZON,37,2021-06-16,43.57142857142857
Region IV-A: CALABARZON,50,2021-06-17,47.714285714285715
Region IV-A: CALABARZON,71,2021-06-18,51.857142857142854
Region IV-A: CALABARZON,42,2021-06-19,51.714285714285715
Region IV-A: CALABARZON,22,2021-06-20,47.857142857142854
Region IV-A: CALABARZON,29,2021-06-21,40.857142857142854
Region IV-A: CALABARZON,27,2021-06-22,39.714285714285715
Region IV-A: CALABARZON,11,2021-06-23,36.0
Region IV-A: CALABARZON,17,2021-06-24,31.285714285714285
Region IV-A: CALABARZON,30,2021-06-25,25.428571428571427
Region IV-A: CALABARZON,30,2021-06-26,23.714285714285715
Region IV-A: CALABARZON,13,2021-06-27,22.428571428571427
Region IV-A: CALABARZON,34,2021-06-28,23.142857142857142
Region IV-A: CALABARZON,20,2021-06-29,22.142857142857142
Region IV-A: CALABARZON,12,2021-06-30,22.285714285714285
Region IV-A: CALABARZON,28,2021-07-01,23.857142857142858
Region IV-A: CALABARZON,18,2021-07-02,22.142857142857142
Region IV-A: CALABARZON,22,2021-07-03,21.0
Region IV-A: CALABARZON,12,2021-07-04,20.857142857142858
Region IV-A: CALABARZON,19,2021-07-05,18.714285714285715
Region IV-A: CALABARZON,28,2021-07-06,19.857142857142858
Region IV-A: CALABARZON,29,2021-07-07,22.285714285714285
Region IV-A: CALABARZON,48,2021-07-08,25.142857142857142
Region IV-A: CALABARZON,76,2021-07-09,33.42857142857143
Region IV-A: CALABARZON,78,2021-07-10,41.42857142857143
Region IV-A: CALABARZON,45,2021-07-11,46.142857142857146
Region IV-A: CALABARZON,61,2021-07-12,52.142857142857146
Region IV-A: CALABARZON,33,2021-07-13,52.857142857142854
Region IV-A: CALABARZON,42,2021-07-14,54.714285714285715
Region IV-A: CALABARZON,26,2021-07-15,51.57142857142857
Region IV-A: CALABARZON,47,2021-07-16,47.42857142857143
Region IV-A: CALABARZON,14,2021-07-17,38.285714285714285
Region IV-A: CALABARZON,18,2021-07-18,34.42857142857143
Region IV-A: CALABARZON,27,2021-07-19,29.571428571428573
Region IV-A: CALABARZON,13,2021-07-20,26.714285714285715
Region IV-A: CALABARZON,10,2021-07-21,22.142857142857142
Region IV-A: CALABARZON,23,2021-07-22,21.714285714285715
Region IV-A: CALABARZON,37,2021-07-23,20.285714285714285
Region IV-A: CALABARZON,36,2021-07-24,23.428571428571427
Region IV-A: CALABARZON,28,2021-07-25,24.857142857142858
Region IV-A: CALABARZON,43,2021-07-26,27.142857142857142
Region IV-A: CALABARZON,10,2021-07-27,26.714285714285715
Region IV-A: CALABARZON,8,2021-07-28,26.428571428571427
Region IV-A: CALABARZON,21,2021-07-29,26.142857142857142
Region IV-A: CALABARZON,12,2021-07-30,22.571428571428573
Region IV-A: CALABARZON,10,2021-07-31,18.857142857142858
Region IV-A: CALABARZON,20,2021-08-01,17.714285714285715
Region IV-A: CALABARZON,27,2021-08-02,15.428571428571429
Region IV-A: CALABARZON,47,2021-08-03,20.714285714285715
Region IV-A: CALABARZON,40,2021-08-04,25.285714285714285
Region IV-A: CALABARZON,72,2021-08-05,32.57142857142857
Region IV-A: CALABARZON,122,2021-08-06,48.285714285714285
Region IV-A: CALABARZON,70,2021-08-07,56.857142857142854
Region IV-A: CALABARZON,80,2021-08-08,65.42857142857143
Region IV-A: CALABARZON,145,2021-08-09,82.28571428571429
Region IV-A: CALABARZON,117,2021-08-10,92.28571428571429
Region IV-A: CALABARZON,45,2021-08-11,93.0
Region IV-A: CALABARZON,121,2021-08-12,100.0
Region IV-A: CALABARZON,174,2021-08-13,107.42857142857143
Region IV-A: CALABARZON,135,2021-08-14,116.71428571428571
Region IV-A: CALABARZON,122,2021-08-15,122.71428571428571
Region IV-A: CALABARZON,207,2021-08-16,131.57142857142858
Region IV-A: CALABARZON,106,2021-08-17,130.0
Region IV-A: CALABARZON,114,2021-08-18,139.85714285714286
Region IV-A: CALABARZON,210,2021-08-19,152.57142857142858
Region IV-A: CALABARZON,152,2021-08-20,149.42857142857142
Region IV-A: CALABARZON,167,2021-08-21,154.0
Region IV-A: CALABARZON,192,2021-08-22,164.0
Region IV-A: CALABARZON,109,2021-08-23,150.0
Region IV-A: CALABARZON,58,2021-08-24,143.14285714285714
Region IV-A: CALABARZON,36,2021-08-25,132.0
Region IV-A: CALABARZON,53,2021-08-26,109.57142857142857
Region IV-A: CALABARZON,35,2021-08-27,92.85714285714286
Region IV-A: CALABARZON,42,2021-08-28,75.0
Region IV-A: CALABARZON,19,2021-08-29,50.285714285714285
Region IV-A: CALABARZON,17,2021-08-30,37.142857142857146
Region IV-A: CALABARZON,18,2021-08-31,31.428571428571427
Region IV-A: CALABARZON,25,2021-09-01,29.857142857142858
Region IV-A: CALABARZON,12,2021-09-02,24.0
Region IV-A: CALABARZON,18,2021-09-03,21.571428571428573
Region IV-A: CALABARZON,10,2021-09-04,17.0
Region IV-A: CALABARZON,9,2021-09-05,15.571428571428571
Region IV-A: CALABARZON,28,2021-09-06,17.142857142857142
Region IV-A: CALABARZON,26,2021-09-07,18.285714285714285
Region IV-A: CALABARZON,18,2021-09-08,17.285714285714285
Region IV-A: CALABARZON,46,2021-09-09,22.142857142857142
Region IV-A: CALABARZON,49,2021-09-10,26.571428571428573
Region IV-A: CALABARZON,100,2021-09-11,39.42857142857143
Region IV-A: CALABARZON,126,2021-09-12,56.142857142857146
Region IV-A: CALABARZON,325,2021-09-13,98.57142857142857
Region IV-A: CALABARZON,132,2021-09-14,113.71428571428571
Region IV-A: CALABARZON,113,2021-09-15,127.28571428571429
Region IV-A: CALABARZON,205,2021-09-16,150.0
Region IV-A: CALABARZON,207,2021-09-17,172.57142857142858
Region IV-A: CALABARZON,113,2021-09-18,174.42857142857142
Region IV-A: CALABARZON,153,2021-09-19,178.28571428571428
Region IV-A: CALABARZON,197,2021-09-20,160.0
Region IV-A: CALABARZON,131,2021-09-21,159.85714285714286
Region IV-A: CALABARZON,112,2021-09-22,159.71428571428572
Region IV-A: CALABARZON,198,2021-09-23,158.71428571428572
Region IV-A: CALABARZON,175,2021-09-24,154.14285714285714
Region IV-A: CALABARZON,240,2021-09-25,172.28571428571428
Region IV-A: CALABARZON,162,2021-09-26,173.57142857142858
Region IV-A: CALABARZON,124,2021-09-27,163.14285714285714
Region IV-A: CALABARZON,104,2021-09-28,159.28571428571428
Region IV-A: CALABARZON,21,2021-09-29,146.28571428571428
Region IV-A: CALABARZON,26,2021-09-30,121.71428571428571
Region IV-A: CALABARZON,53,2021-10-01,104.28571428571429
Region IV-A: CALABARZON,33,2021-10-02,74.71428571428571
Region IV-A: CALABARZON,31,2021-10-03,56.0
Region IV-A: CALABARZON,31,2021-10-04,42.714285714285715
Region IV-A: CALABARZON,32,2021-10-05,32.42857142857143
Region IV-A: CALABARZON,34,2021-10-06,34.285714285714285
Region IV-A: CALABARZON,65,2021-10-07,39.857142857142854
Region IV-A: CALABARZON,82,2021-10-08,44.0
Region IV-A: CALABARZON,83,2021-10-09,51.142857142857146
Region IV-A: CALABARZON,44,2021-10-10,53.0
Region IV-A: CALABARZON,62,2021-10-11,57.42857142857143
Region IV-A: CALABARZON,27,2021-10-12,56.714285714285715
Region IV-A: CALABARZON,56,2021-10-13,59.857142857142854
Region IV-A: CALABARZON,64,2021-10-14,59.714285714285715
Region IV-A: CALABARZON,45,2021-10-15,54.42857142857143
Region IV-A: CALABARZON,64,2021-10-16,51.714285714285715
Region IV-A: CALABARZON,80,2021-10-17,56.857142857142854
Region IV-A: CALABARZON,47,2021-10-18,54.714285714285715
Region IV-A: CALABARZON,36,2021-10-19,56.0
Region IV-A: CALABARZON,43,2021-10-20,54.142857142857146
Region IV-A: CALABARZON,77,2021-10-21,56.0
Region IV-A: CALABARZON,42,2021-10-22,55.57142857142857
Region IV-A: CALABARZON,33,2021-10-23,51.142857142857146
Region IV-A: CALABARZON,26,2021-10-24,43.42857142857143
Region IV-A: CALABARZON,8,2021-10-25,37.857142857142854
Region IV-A: CALABARZON,10,2021-10-26,34.142857142857146
Region IV-A: CALABARZON,6,2021-10-27,28.857142857142858
Region IV-A: CALABARZON,10,2021-10-28,19.285714285714285
Region IV-A: CALABARZON,4,2021-10-29,13.857142857142858
Region IV-A: CALABARZON,16,2021-10-30,11.428571428571429
Region IV-A: CALABARZON,6,2021-10-31,8.571428571428571
Region IV-A: CALABARZON,8,2021-11-01,8.571428571428571
Region IV-A: CALABARZON,22,2021-11-02,10.285714285714286
Region IV-A: CALABARZON,26,2021-11-03,13.142857142857142
Region IV-A: CALABARZON,22,2021-11-04,14.857142857142858
Region IV-A: CALABARZON,20,2021-11-05,17.142857142857142
Region IV-A: CALABARZON,14,2021-11-06,16.857142857142858
Region IV-A: CALABARZON,12,2021-11-07,17.714285714285715
Region IV-A: CALABARZON,18,2021-11-08,19.142857142857142
Region IV-A: CALABARZON,12,2021-11-09,17.714285714285715
Region IV-A: CALABARZON,7,2021-11-10,15.0
Region IV-A: CALABARZON,11,2021-11-11,13.428571428571429
Region IV-A: CALABARZON,12,2021-11-12,12.285714285714286
Region IV-A: CALABARZON,11,2021-11-13,11.857142857142858
Region IV-A: CALABARZON,6,2021-11-14,11.0
Region IV-A: CALABARZON,16,2021-11-15,10.714285714285714
Region IV-A: CALABARZON,6,2021-11-16,9.857142857142858
Region IV-A: CALABARZON,11,2021-11-17,10.428571428571429
Region IV-A: CALABARZON,3,2021-11-18,9.285714285714286
Region IV-A: CALABARZON,11,2021-11-19,9.142857142857142
Region IV-A: CALABARZON,1,2021-11-20,7.714285714285714
Region IV-A: CALABARZON,0,2021-11-21,6.857142857142857
Region IV-A: CALABARZON,0,2021-11-22,4.571428571428571
Region IV-A: CALABARZON,2,2021-11-23,4.0
Region IV-A: CALABARZON,2,2021-11-24,2.7142857142857144
Region IV-A: CALABARZON,2,2021-11-25,2.5714285714285716
Region IV-A: CALABARZON,0,2021-11-26,1.0
Region IV-A: CALABARZON,1,2021-11-27,1.0
Region IV-A: CALABARZON,1,2021-11-28,1.1428571428571428
Region IV-A: CALABARZON,1,2021-11-29,1.2857142857142858
Region IV-A: CALABARZON,0,2021-11-30,1.0
Region IV-A: CALABARZON,1,2021-12-01,0.8571428571428571
Region IV-A: CALABARZON,1,2021-12-02,0.7142857142857143
Region IV-A: CALABARZON,0,2021-12-03,0.7142857142857143
Region IV-A: CALABARZON,0,2021-12-04,0.5714285714285714
Region IV-A: CALABARZON,0,2021-12-05,0.42857142857142855
Region IV-A: CALABARZON,1,2021-12-06,0.42857142857142855
Region IV-A: CALABARZON,1,2021-12-07,0.5714285714285714
Region IV-A: CALABARZON,0,2021-12-08,0.42857142857142855
Region IV-A: CALABARZON,1,2021-12-09,0.42857142857142855
Region IV-A: CALABARZON,1,2021-12-10,0.5714285714285714
Region IV-A: CALABARZON,1,2021-12-11,0.7142857142857143
Region IV-A: CALABARZON,0,2021-12-12,0.7142857142857143
Region IV-A: CALABARZON,2,2021-12-13,0.8571428571428571
Region IV-A: CALABARZON,0,2021-12-14,0.7142857142857143
Region IV-A: CALABARZON,0,2021-12-15,0.7142857142857143
Region IV-A: CALABARZON,0,2021-12-16,0.5714285714285714
Region IV-A: CALABARZON,1,2021-12-17,0.5714285714285714
Region IV-A: CALABARZON,0,2021-12-18,0.42857142857142855
Region IV-A: CALABARZON,0,2021-12-19,0.42857142857142855
Region IV-A: CALABARZON,0,2021-12-20,0.14285714285714285
Region IV-A: CALABARZON,0,2021-12-21,0.14285714285714285
Region IV-A: CALABARZON,0,2021-12-22,0.14285714285714285
Region IV-A: CALABARZON,0,2021-12-23,0.14285714285714285
Region IV-A: CALABARZON,1,2021-12-24,0.14285714285714285
Region IV-A: CALABARZON,0,2021-12-25,0.14285714285714285
Region IV-A: CALABARZON,0,2021-12-26,0.14285714285714285
Region IV-A: CALABARZON,0,2021-12-27,0.14285714285714285
Region IV-A: CALABARZON,3,2021-12-28,0.5714285714285714
Region IV-A: CALABARZON,3,2021-12-29,1.0
Region IV-A: CALABARZON,3,2021-12-30,1.4285714285714286
Region IV-A: CALABARZON,2,2021-12-31,1.5714285714285714
Region IV-A: CALABARZON,0,2022-01-01,1.5714285714285714
Region IV-A: CALABARZON,6,2022-01-02,2.4285714285714284
Region IV-A: CALABARZON,4,2022-01-03,3.0
Region IV-A: CALABARZON,2,2022-01-04,2.857142857142857
Region IV-A: CALABARZON,16,2022-01-05,4.714285714285714
Region IV-A: CALABARZON,10,2022-01-06,5.714285714285714
Region IV-A: CALABARZON,44,2022-01-07,11.714285714285714
Region IV-A: CALABARZON,27,2022-01-08,15.571428571428571
Region IV-A: CALABARZON,28,2022-01-09,18.714285714285715
Region IV-A: CALABARZON,30,2022-01-10,22.428571428571427
Region IV-A: CALABARZON,157,2022-01-11,44.57142857142857
Region IV-A: CALABARZON,178,2022-01-12,67.71428571428571
Region IV-A: CALABARZON,517,2022-01-13,140.14285714285714
Region IV-A: CALABARZON,461,2022-01-14,199.71428571428572
Region IV-A: CALABARZON,510,2022-01-15,268.7142857142857
Region IV-A: CALABARZON,665,2022-01-16,359.7142857142857
Region IV-A: CALABARZON,764,2022-01-17,464.57142857142856
Region IV-A: CALABARZON,795,2022-01-18,555.7142857142857
Region IV-A: CALABARZON,852,2022-01-19,652.0
Region IV-A: CALABARZON,1094,2022-01-20,734.4285714285714
Region IV-A: CALABARZON,792,2022-01-21,781.7142857142857
Region IV-A: CALABARZON,559,2022-01-22,788.7142857142857
Region IV-A: CALABARZON,478,2022-01-23,762.0
Region IV-A: CALABARZON,821,2022-01-24,770.1428571428571
Region IV-A: CALABARZON,623,2022-01-25,745.5714285714286
Region IV-A: CALABARZON,532,2022-01-26,699.8571428571429
Region IV-A: CALABARZON,504,2022-01-27,615.5714285714286
Region IV-A: CALABARZON,504,2022-01-28,574.4285714285714
Region IV-A: CALABARZON,266,2022-01-29,532.5714285714286
Region IV-A: CALABARZON,263,2022-01-30,501.85714285714283
Region IV-A: CALABARZON,547,2022-01-31,462.7142857142857
Region IV-A: CALABARZON,249,2022-02-01,409.2857142857143
Region IV-A: CALABARZON,253,2022-02-02,369.42857142857144
Region IV-A: CALABARZON,365,2022-02-03,349.57142857142856
Region IV-A: CALABARZON,199,2022-02-04,306.0
Region IV-A: CALABARZON,104,2022-02-05,282.85714285714283
Region IV-A: CALABARZON,96,2022-02-06,259.0
Region IV-A: CALABARZON,119,2022-02-07,197.85714285714286
Region IV-A: CALABARZON,34,2022-02-08,167.14285714285714
Region IV-A: CALABARZON,18,2022-02-09,133.57142857142858
Region IV-A: CALABARZON,42,2022-02-10,87.42857142857143
Region IV-A: CALABARZON,23,2022-02-11,62.285714285714285
Region IV-A: CALABARZON,16,2022-02-12,49.714285714285715
Region IV-A: CALABARZON,6,2022-02-13,36.857142857142854
Region IV-A: CALABARZON,73,2022-02-14,30.285714285714285
Region IV-A: CALABARZON,46,2022-02-15,32.0
Region IV-A: CALABARZON,65,2022-02-16,38.714285714285715
Region IV-A: CALABARZON,66,2022-02-17,42.142857142857146
Region IV-A: CALABARZON,44,2022-02-18,45.142857142857146
Region IV-A: CALABARZON,28,2022-02-19,46.857142857142854
Region IV-A: CALABARZON,6,2022-02-20,46.857142857142854
Region IV-A: CALABARZON,27,2022-02-21,40.285714285714285
Region IV-A: CALABARZON,45,2022-02-22,40.142857142857146
Region IV-A: CALABARZON,24,2022-02-23,34.285714285714285
Region IV-A: CALABARZON,20,2022-02-24,27.714285714285715
Region IV-A: CALABARZON,23,2022-02-25,24.714285714285715
Region IV-A: CALABARZON,19,2022-02-26,23.428571428571427
Region IV-A: CALABARZON,15,2022-02-27,24.714285714285715
Region IV-A: CALABARZON,45,2022-02-28,27.285714285714285
Region IV-A: CALABARZON,19,2022-03-01,23.571428571428573
Region IV-A: CALABARZON,27,2022-03-02,24.0
Region IV-A: CALABARZON,24,2022-03-03,24.571428571428573
Region IV-A: CALABARZON,21,2022-03-04,24.285714285714285
Region IV-A: CALABARZON,12,2022-03-05,23.285714285714285
Region IV-A: CALABARZON,13,2022-03-06,23.0
Region IV-A: CALABARZON,45,2022-03-07,23.0
Region IV-A: CALABARZON,13,2022-03-08,22.142857142857142
Region IV-A: CALABARZON,12,2022-03-09,20.0
Region IV-A: CALABARZON,21,2022-03-10,19.571428571428573
Region IV-A: CALABARZON,31,2022-03-11,21.0
Region IV-A: CALABARZON,14,2022-03-12,21.285714285714285
Region IV-A: CALABARZON,14,2022-03-13,21.428571428571427
Region IV-A: CALABARZON,13,2022-03-14,16.857142857142858
Region IV-A: CALABARZON,20,2022-03-15,17.857142857142858
Region IV-A: CALABARZON,14,2022-03-16,18.142857142857142
Region IV-A: CALABARZON,17,2022-03-17,17.571428571428573
Region IV-A: CALABARZON,10,2022-03-18,14.571428571428571
Region IV-A: CALABARZON,6,2022-03-19,13.428571428571429
Region IV-A: CALABARZON,3,2022-03-20,11.857142857142858
Region IV-A: CALABARZON,6,2022-03-21,10.857142857142858
Region IV-A: CALABARZON,0,2022-03-22,8.0
Region IV-A: CALABARZON,4,2022-03-23,6.571428571428571
Region IV-A: CALABARZON,1,2022-03-24,4.285714285714286
Region IV-A: CALABARZON,5,2022-03-25,3.5714285714285716
Region IV-A: CALABARZON,7,2022-03-26,3.7142857142857144
Region IV-A: CALABARZON,1,2022-03-27,3.4285714285714284
Region IV-A: CALABARZON,7,2022-03-28,3.5714285714285716
Region IV-A: CALABARZON,6,2022-03-29,4.428571428571429
Region IV-A: CALABARZON,5,2022-03-30,4.571428571428571
Region IV-A: CALABARZON,1,2022-03-31,4.571428571428571
Region IV-A: CALABARZON,2,2022-04-01,4.142857142857143
Region IV-A: CALABARZON,0,2022-04-02,3.142857142857143
Region IV-A: CALABARZON,1,2022-04-03,3.142857142857143
Region IV-A: CALABARZON,3,2022-04-04,2.5714285714285716
Region IV-A: CALABARZON,1,2022-04-05,1.8571428571428572
Region IV-A: CALABARZON,3,2022-04-06,1.5714285714285714
Region IV-A: CALABARZON,6,2022-04-07,2.2857142857142856
Region IV-A: CALABARZON,4,2022-04-08,2.5714285714285716
Region IV-A: CALABARZON,0,2022-04-09,2.5714285714285716
Region IV-A: CALABARZON,0,2022-04-10,2.4285714285714284
Region IV-A: CALABARZON,1,2022-04-11,2.142857142857143
