region,count,date,7DayMA
Region XI: Davao Region,3,2020-03-28,
Region XI: Davao Region,0,2020-03-29,
Region XI: Davao Region,0,2020-03-30,
Region XI: Davao Region,2,2020-03-31,
Region XI: Davao Region,7,2020-04-01,
Region XI: Davao Region,1,2020-04-02,
Region XI: Davao Region,6,2020-04-03,2.7142857142857144
Region XI: Davao Region,1,2020-04-04,2.4285714285714284
Region XI: Davao Region,0,2020-04-05,2.4285714285714284
Region XI: Davao Region,0,2020-04-06,2.4285714285714284
Region XI: Davao Region,3,2020-04-07,2.5714285714285716
Region XI: Davao Region,11,2020-04-08,3.142857142857143
Region XI: Davao Region,7,2020-04-09,4.0
Region XI: Davao Region,0,2020-04-10,3.142857142857143
Region XI: Davao Region,2,2020-04-11,3.2857142857142856
Region XI: Davao Region,1,2020-04-12,3.4285714285714284
Region XI: Davao Region,2,2020-04-13,3.7142857142857144
Region XI: Davao Region,0,2020-04-14,3.2857142857142856
Region XI: Davao Region,1,2020-04-15,1.8571428571428572
Region XI: Davao Region,1,2020-04-16,1.0
Region XI: Davao Region,2,2020-04-17,1.2857142857142858
Region XI: Davao Region,1,2020-04-18,1.1428571428571428
Region XI: Davao Region,0,2020-04-19,1.0
Region XI: Davao Region,1,2020-04-20,0.8571428571428571
Region XI: Davao Region,1,2020-04-21,1.0
Region XI: Davao Region,1,2020-04-22,1.0
Region XI: Davao Region,2,2020-04-23,1.1428571428571428
Region XI: Davao Region,1,2020-04-24,1.0
Region XI: Davao Region,3,2020-04-25,1.2857142857142858
Region XI: Davao Region,5,2020-04-26,2.0
Region XI: Davao Region,2,2020-04-27,2.142857142857143
Region XI: Davao Region,1,2020-04-28,2.142857142857143
Region XI: Davao Region,1,2020-04-29,2.142857142857143
Region XI: Davao Region,5,2020-04-30,2.5714285714285716
Region XI: Davao Region,0,2020-05-01,2.4285714285714284
Region XI: Davao Region,1,2020-05-02,2.142857142857143
Region XI: Davao Region,2,2020-05-03,1.7142857142857142
Region XI: Davao Region,1,2020-05-04,1.5714285714285714
Region XI: Davao Region,1,2020-05-05,1.5714285714285714
Region XI: Davao Region,1,2020-05-06,1.5714285714285714
Region XI: Davao Region,0,2020-05-07,0.8571428571428571
Region XI: Davao Region,11,2020-05-08,2.4285714285714284
Region XI: Davao Region,0,2020-05-09,2.2857142857142856
Region XI: Davao Region,2,2020-05-10,2.2857142857142856
Region XI: Davao Region,0,2020-05-11,2.142857142857143
Region XI: Davao Region,0,2020-05-12,2.0
Region XI: Davao Region,1,2020-05-13,2.0
Region XI: Davao Region,0,2020-05-14,2.0
Region XI: Davao Region,1,2020-05-15,0.5714285714285714
Region XI: Davao Region,8,2020-05-16,1.7142857142857142
Region XI: Davao Region,0,2020-05-17,1.4285714285714286
Region XI: Davao Region,0,2020-05-18,1.4285714285714286
Region XI: Davao Region,6,2020-05-19,2.2857142857142856
Region XI: Davao Region,3,2020-05-20,2.5714285714285716
Region XI: Davao Region,2,2020-05-21,2.857142857142857
Region XI: Davao Region,1,2020-05-22,2.857142857142857
Region XI: Davao Region,4,2020-05-23,2.2857142857142856
Region XI: Davao Region,0,2020-05-24,2.2857142857142856
Region XI: Davao Region,0,2020-05-25,2.2857142857142856
Region XI: Davao Region,0,2020-05-26,1.4285714285714286
Region XI: Davao Region,1,2020-05-27,1.1428571428571428
Region XI: Davao Region,8,2020-05-28,2.0
Region XI: Davao Region,2,2020-05-29,2.142857142857143
Region XI: Davao Region,0,2020-05-30,1.5714285714285714
Region XI: Davao Region,6,2020-05-31,2.4285714285714284
Region XI: Davao Region,4,2020-06-01,3.0
Region XI: Davao Region,4,2020-06-02,3.5714285714285716
Region XI: Davao Region,1,2020-06-03,3.5714285714285716
Region XI: Davao Region,16,2020-06-04,4.714285714285714
Region XI: Davao Region,17,2020-06-05,6.857142857142857
Region XI: Davao Region,11,2020-06-06,8.428571428571429
Region XI: Davao Region,7,2020-06-07,8.571428571428571
Region XI: Davao Region,3,2020-06-08,8.428571428571429
Region XI: Davao Region,2,2020-06-09,8.142857142857142
Region XI: Davao Region,9,2020-06-10,9.285714285714286
Region XI: Davao Region,7,2020-06-11,8.0
Region XI: Davao Region,4,2020-06-12,6.142857142857143
Region XI: Davao Region,1,2020-06-13,4.714285714285714
Region XI: Davao Region,0,2020-06-14,3.7142857142857144
Region XI: Davao Region,3,2020-06-15,3.7142857142857144
Region XI: Davao Region,5,2020-06-16,4.142857142857143
Region XI: Davao Region,4,2020-06-17,3.4285714285714284
Region XI: Davao Region,3,2020-06-18,2.857142857142857
Region XI: Davao Region,4,2020-06-19,2.857142857142857
Region XI: Davao Region,1,2020-06-20,2.857142857142857
Region XI: Davao Region,2,2020-06-21,3.142857142857143
Region XI: Davao Region,1,2020-06-22,2.857142857142857
Region XI: Davao Region,1,2020-06-23,2.2857142857142856
Region XI: Davao Region,7,2020-06-24,2.7142857142857144
Region XI: Davao Region,6,2020-06-25,3.142857142857143
Region XI: Davao Region,3,2020-06-26,3.0
Region XI: Davao Region,16,2020-06-27,5.142857142857143
Region XI: Davao Region,9,2020-06-28,6.142857142857143
Region XI: Davao Region,1,2020-06-29,6.142857142857143
Region XI: Davao Region,1,2020-06-30,6.142857142857143
Region XI: Davao Region,8,2020-07-01,6.285714285714286
Region XI: Davao Region,8,2020-07-02,6.571428571428571
Region XI: Davao Region,4,2020-07-03,6.714285714285714
Region XI: Davao Region,8,2020-07-04,5.571428571428571
Region XI: Davao Region,5,2020-07-05,5.0
Region XI: Davao Region,6,2020-07-06,5.714285714285714
Region XI: Davao Region,3,2020-07-07,6.0
Region XI: Davao Region,3,2020-07-08,5.285714285714286
Region XI: Davao Region,17,2020-07-09,6.571428571428571
Region XI: Davao Region,5,2020-07-10,6.714285714285714
Region XI: Davao Region,11,2020-07-11,7.142857142857143
Region XI: Davao Region,7,2020-07-12,7.428571428571429
Region XI: Davao Region,1,2020-07-13,6.714285714285714
Region XI: Davao Region,1,2020-07-14,6.428571428571429
Region XI: Davao Region,6,2020-07-15,6.857142857142857
Region XI: Davao Region,20,2020-07-16,7.285714285714286
Region XI: Davao Region,6,2020-07-17,7.428571428571429
Region XI: Davao Region,14,2020-07-18,7.857142857142857
Region XI: Davao Region,15,2020-07-19,9.0
Region XI: Davao Region,9,2020-07-20,10.142857142857142
Region XI: Davao Region,12,2020-07-21,11.714285714285714
Region XI: Davao Region,6,2020-07-22,11.714285714285714
Region XI: Davao Region,14,2020-07-23,10.857142857142858
Region XI: Davao Region,23,2020-07-24,13.285714285714286
Region XI: Davao Region,19,2020-07-25,14.0
Region XI: Davao Region,15,2020-07-26,14.0
Region XI: Davao Region,7,2020-07-27,13.714285714285714
Region XI: Davao Region,32,2020-07-28,16.571428571428573
Region XI: Davao Region,13,2020-07-29,17.571428571428573
Region XI: Davao Region,11,2020-07-30,17.142857142857142
Region XI: Davao Region,9,2020-07-31,15.142857142857142
Region XI: Davao Region,16,2020-08-01,14.714285714285714
Region XI: Davao Region,15,2020-08-02,14.714285714285714
Region XI: Davao Region,10,2020-08-03,15.142857142857142
Region XI: Davao Region,0,2020-08-04,10.571428571428571
Region XI: Davao Region,25,2020-08-05,12.285714285714286
Region XI: Davao Region,21,2020-08-06,13.714285714285714
Region XI: Davao Region,16,2020-08-07,14.714285714285714
Region XI: Davao Region,30,2020-08-08,16.714285714285715
Region XI: Davao Region,16,2020-08-09,16.857142857142858
Region XI: Davao Region,14,2020-08-10,17.428571428571427
Region XI: Davao Region,12,2020-08-11,19.142857142857142
Region XI: Davao Region,16,2020-08-12,17.857142857142858
Region XI: Davao Region,21,2020-08-13,17.857142857142858
Region XI: Davao Region,60,2020-08-14,24.142857142857142
Region XI: Davao Region,32,2020-08-15,24.428571428571427
Region XI: Davao Region,17,2020-08-16,24.571428571428573
Region XI: Davao Region,5,2020-08-17,23.285714285714285
Region XI: Davao Region,23,2020-08-18,24.857142857142858
Region XI: Davao Region,12,2020-08-19,24.285714285714285
Region XI: Davao Region,8,2020-08-20,22.428571428571427
Region XI: Davao Region,14,2020-08-21,15.857142857142858
Region XI: Davao Region,31,2020-08-22,15.714285714285714
Region XI: Davao Region,2,2020-08-23,13.571428571428571
Region XI: Davao Region,22,2020-08-24,16.0
Region XI: Davao Region,29,2020-08-25,16.857142857142858
Region XI: Davao Region,13,2020-08-26,17.0
Region XI: Davao Region,15,2020-08-27,18.0
Region XI: Davao Region,27,2020-08-28,19.857142857142858
Region XI: Davao Region,24,2020-08-29,18.857142857142858
Region XI: Davao Region,26,2020-08-30,22.285714285714285
Region XI: Davao Region,4,2020-08-31,19.714285714285715
Region XI: Davao Region,23,2020-09-01,18.857142857142858
Region XI: Davao Region,26,2020-09-02,20.714285714285715
Region XI: Davao Region,36,2020-09-03,23.714285714285715
Region XI: Davao Region,28,2020-09-04,23.857142857142858
Region XI: Davao Region,10,2020-09-05,21.857142857142858
Region XI: Davao Region,15,2020-09-06,20.285714285714285
Region XI: Davao Region,12,2020-09-07,21.428571428571427
Region XI: Davao Region,15,2020-09-08,20.285714285714285
Region XI: Davao Region,33,2020-09-09,21.285714285714285
Region XI: Davao Region,31,2020-09-10,20.571428571428573
Region XI: Davao Region,21,2020-09-11,19.571428571428573
Region XI: Davao Region,28,2020-09-12,22.142857142857142
Region XI: Davao Region,10,2020-09-13,21.428571428571427
Region XI: Davao Region,8,2020-09-14,20.857142857142858
Region XI: Davao Region,14,2020-09-15,20.714285714285715
Region XI: Davao Region,19,2020-09-16,18.714285714285715
Region XI: Davao Region,15,2020-09-17,16.428571428571427
Region XI: Davao Region,42,2020-09-18,19.428571428571427
Region XI: Davao Region,18,2020-09-19,18.0
Region XI: Davao Region,14,2020-09-20,18.571428571428573
Region XI: Davao Region,11,2020-09-21,19.0
Region XI: Davao Region,21,2020-09-22,20.0
Region XI: Davao Region,15,2020-09-23,19.428571428571427
Region XI: Davao Region,31,2020-09-24,21.714285714285715
Region XI: Davao Region,25,2020-09-25,19.285714285714285
Region XI: Davao Region,24,2020-09-26,20.142857142857142
Region XI: Davao Region,30,2020-09-27,22.428571428571427
Region XI: Davao Region,11,2020-09-28,22.428571428571427
Region XI: Davao Region,20,2020-09-29,22.285714285714285
Region XI: Davao Region,27,2020-09-30,24.0
Region XI: Davao Region,33,2020-10-01,24.285714285714285
Region XI: Davao Region,9,2020-10-02,22.0
Region XI: Davao Region,25,2020-10-03,22.142857142857142
Region XI: Davao Region,10,2020-10-04,19.285714285714285
Region XI: Davao Region,22,2020-10-05,20.857142857142858
Region XI: Davao Region,41,2020-10-06,23.857142857142858
Region XI: Davao Region,55,2020-10-07,27.857142857142858
Region XI: Davao Region,38,2020-10-08,28.571428571428573
Region XI: Davao Region,22,2020-10-09,30.428571428571427
Region XI: Davao Region,18,2020-10-10,29.428571428571427
Region XI: Davao Region,22,2020-10-11,31.142857142857142
Region XI: Davao Region,20,2020-10-12,30.857142857142858
Region XI: Davao Region,33,2020-10-13,29.714285714285715
Region XI: Davao Region,43,2020-10-14,28.0
Region XI: Davao Region,35,2020-10-15,27.571428571428573
Region XI: Davao Region,36,2020-10-16,29.571428571428573
Region XI: Davao Region,30,2020-10-17,31.285714285714285
Region XI: Davao Region,30,2020-10-18,32.42857142857143
Region XI: Davao Region,35,2020-10-19,34.57142857142857
Region XI: Davao Region,24,2020-10-20,33.285714285714285
Region XI: Davao Region,33,2020-10-21,31.857142857142858
Region XI: Davao Region,29,2020-10-22,31.0
Region XI: Davao Region,52,2020-10-23,33.285714285714285
Region XI: Davao Region,86,2020-10-24,41.285714285714285
Region XI: Davao Region,38,2020-10-25,42.42857142857143
Region XI: Davao Region,40,2020-10-26,43.142857142857146
Region XI: Davao Region,49,2020-10-27,46.714285714285715
Region XI: Davao Region,48,2020-10-28,48.857142857142854
Region XI: Davao Region,40,2020-10-29,50.42857142857143
Region XI: Davao Region,60,2020-10-30,51.57142857142857
Region XI: Davao Region,37,2020-10-31,44.57142857142857
Region XI: Davao Region,29,2020-11-01,43.285714285714285
Region XI: Davao Region,20,2020-11-02,40.42857142857143
Region XI: Davao Region,49,2020-11-03,40.42857142857143
Region XI: Davao Region,23,2020-11-04,36.857142857142854
Region XI: Davao Region,39,2020-11-05,36.714285714285715
Region XI: Davao Region,42,2020-11-06,34.142857142857146
Region XI: Davao Region,51,2020-11-07,36.142857142857146
Region XI: Davao Region,49,2020-11-08,39.0
Region XI: Davao Region,43,2020-11-09,42.285714285714285
Region XI: Davao Region,54,2020-11-10,43.0
Region XI: Davao Region,70,2020-11-11,49.714285714285715
Region XI: Davao Region,155,2020-11-12,66.28571428571429
Region XI: Davao Region,54,2020-11-13,68.0
Region XI: Davao Region,47,2020-11-14,67.42857142857143
Region XI: Davao Region,67,2020-11-15,70.0
Region XI: Davao Region,40,2020-11-16,69.57142857142857
Region XI: Davao Region,89,2020-11-17,74.57142857142857
Region XI: Davao Region,67,2020-11-18,74.14285714285714
Region XI: Davao Region,68,2020-11-19,61.714285714285715
Region XI: Davao Region,101,2020-11-20,68.42857142857143
Region XI: Davao Region,32,2020-11-21,66.28571428571429
Region XI: Davao Region,40,2020-11-22,62.42857142857143
Region XI: Davao Region,55,2020-11-23,64.57142857142857
Region XI: Davao Region,45,2020-11-24,58.285714285714285
Region XI: Davao Region,70,2020-11-25,58.714285714285715
Region XI: Davao Region,39,2020-11-26,54.57142857142857
Region XI: Davao Region,65,2020-11-27,49.42857142857143
Region XI: Davao Region,42,2020-11-28,50.857142857142854
Region XI: Davao Region,55,2020-11-29,53.0
Region XI: Davao Region,29,2020-11-30,49.285714285714285
Region XI: Davao Region,31,2020-12-01,47.285714285714285
Region XI: Davao Region,48,2020-12-02,44.142857142857146
Region XI: Davao Region,61,2020-12-03,47.285714285714285
Region XI: Davao Region,41,2020-12-04,43.857142857142854
Region XI: Davao Region,28,2020-12-05,41.857142857142854
Region XI: Davao Region,71,2020-12-06,44.142857142857146
Region XI: Davao Region,48,2020-12-07,46.857142857142854
Region XI: Davao Region,41,2020-12-08,48.285714285714285
Region XI: Davao Region,71,2020-12-09,51.57142857142857
Region XI: Davao Region,53,2020-12-10,50.42857142857143
Region XI: Davao Region,105,2020-12-11,59.57142857142857
Region XI: Davao Region,71,2020-12-12,65.71428571428571
Region XI: Davao Region,48,2020-12-13,62.42857142857143
Region XI: Davao Region,35,2020-12-14,60.57142857142857
Region XI: Davao Region,86,2020-12-15,67.0
Region XI: Davao Region,114,2020-12-16,73.14285714285714
Region XI: Davao Region,142,2020-12-17,85.85714285714286
Region XI: Davao Region,85,2020-12-18,83.0
Region XI: Davao Region,49,2020-12-19,79.85714285714286
Region XI: Davao Region,54,2020-12-20,80.71428571428571
Region XI: Davao Region,59,2020-12-21,84.14285714285714
Region XI: Davao Region,48,2020-12-22,78.71428571428571
Region XI: Davao Region,57,2020-12-23,70.57142857142857
Region XI: Davao Region,82,2020-12-24,62.0
Region XI: Davao Region,39,2020-12-25,55.42857142857143
Region XI: Davao Region,21,2020-12-26,51.42857142857143
Region XI: Davao Region,60,2020-12-27,52.285714285714285
Region XI: Davao Region,21,2020-12-28,46.857142857142854
Region XI: Davao Region,71,2020-12-29,50.142857142857146
Region XI: Davao Region,40,2020-12-30,47.714285714285715
Region XI: Davao Region,41,2020-12-31,41.857142857142854
Region XI: Davao Region,28,2021-01-01,40.285714285714285
Region XI: Davao Region,183,2021-01-02,63.42857142857143
Region XI: Davao Region,74,2021-01-03,65.42857142857143
Region XI: Davao Region,76,2021-01-04,73.28571428571429
Region XI: Davao Region,40,2021-01-05,68.85714285714286
Region XI: Davao Region,38,2021-01-06,68.57142857142857
Region XI: Davao Region,72,2021-01-07,73.0
Region XI: Davao Region,45,2021-01-08,75.42857142857143
Region XI: Davao Region,20,2021-01-09,52.142857142857146
Region XI: Davao Region,71,2021-01-10,51.714285714285715
Region XI: Davao Region,86,2021-01-11,53.142857142857146
Region XI: Davao Region,34,2021-01-12,52.285714285714285
Region XI: Davao Region,65,2021-01-13,56.142857142857146
Region XI: Davao Region,61,2021-01-14,54.57142857142857
Region XI: Davao Region,91,2021-01-15,61.142857142857146
Region XI: Davao Region,27,2021-01-16,62.142857142857146
Region XI: Davao Region,44,2021-01-17,58.285714285714285
Region XI: Davao Region,163,2021-01-18,69.28571428571429
Region XI: Davao Region,118,2021-01-19,81.28571428571429
Region XI: Davao Region,143,2021-01-20,92.42857142857143
Region XI: Davao Region,141,2021-01-21,103.85714285714286
Region XI: Davao Region,136,2021-01-22,110.28571428571429
Region XI: Davao Region,90,2021-01-23,119.28571428571429
Region XI: Davao Region,125,2021-01-24,130.85714285714286
Region XI: Davao Region,82,2021-01-25,119.28571428571429
Region XI: Davao Region,80,2021-01-26,113.85714285714286
Region XI: Davao Region,122,2021-01-27,110.85714285714286
Region XI: Davao Region,97,2021-01-28,104.57142857142857
Region XI: Davao Region,93,2021-01-29,98.42857142857143
Region XI: Davao Region,134,2021-01-30,104.71428571428571
Region XI: Davao Region,45,2021-01-31,93.28571428571429
Region XI: Davao Region,98,2021-02-01,95.57142857142857
Region XI: Davao Region,90,2021-02-02,97.0
Region XI: Davao Region,154,2021-02-03,101.57142857142857
Region XI: Davao Region,87,2021-02-04,100.14285714285714
Region XI: Davao Region,164,2021-02-05,110.28571428571429
Region XI: Davao Region,125,2021-02-06,109.0
Region XI: Davao Region,69,2021-02-07,112.42857142857143
Region XI: Davao Region,114,2021-02-08,114.71428571428571
Region XI: Davao Region,109,2021-02-09,117.42857142857143
Region XI: Davao Region,77,2021-02-10,106.42857142857143
Region XI: Davao Region,101,2021-02-11,108.42857142857143
Region XI: Davao Region,52,2021-02-12,92.42857142857143
Region XI: Davao Region,124,2021-02-13,92.28571428571429
Region XI: Davao Region,81,2021-02-14,94.0
Region XI: Davao Region,76,2021-02-15,88.57142857142857
Region XI: Davao Region,85,2021-02-16,85.14285714285714
Region XI: Davao Region,89,2021-02-17,86.85714285714286
Region XI: Davao Region,106,2021-02-18,87.57142857142857
Region XI: Davao Region,123,2021-02-19,97.71428571428571
Region XI: Davao Region,60,2021-02-20,88.57142857142857
Region XI: Davao Region,29,2021-02-21,81.14285714285714
Region XI: Davao Region,22,2021-02-22,73.42857142857143
Region XI: Davao Region,12,2021-02-23,63.0
Region XI: Davao Region,3,2021-02-24,50.714285714285715
Region XI: Davao Region,16,2021-02-25,37.857142857142854
Region XI: Davao Region,12,2021-02-26,22.0
Region XI: Davao Region,7,2021-02-27,14.428571428571429
Region XI: Davao Region,11,2021-02-28,11.857142857142858
Region XI: Davao Region,12,2021-03-01,10.428571428571429
Region XI: Davao Region,20,2021-03-02,11.571428571428571
Region XI: Davao Region,19,2021-03-03,13.857142857142858
Region XI: Davao Region,32,2021-03-04,16.142857142857142
Region XI: Davao Region,103,2021-03-05,29.142857142857142
Region XI: Davao Region,34,2021-03-06,33.0
Region XI: Davao Region,32,2021-03-07,36.0
Region XI: Davao Region,18,2021-03-08,36.857142857142854
Region XI: Davao Region,67,2021-03-09,43.57142857142857
Region XI: Davao Region,53,2021-03-10,48.42857142857143
Region XI: Davao Region,51,2021-03-11,51.142857142857146
Region XI: Davao Region,59,2021-03-12,44.857142857142854
Region XI: Davao Region,41,2021-03-13,45.857142857142854
Region XI: Davao Region,15,2021-03-14,43.42857142857143
Region XI: Davao Region,36,2021-03-15,46.0
Region XI: Davao Region,26,2021-03-16,40.142857142857146
Region XI: Davao Region,19,2021-03-17,35.285714285714285
Region XI: Davao Region,46,2021-03-18,34.57142857142857
Region XI: Davao Region,34,2021-03-19,31.0
Region XI: Davao Region,47,2021-03-20,31.857142857142858
Region XI: Davao Region,27,2021-03-21,33.57142857142857
Region XI: Davao Region,20,2021-03-22,31.285714285714285
Region XI: Davao Region,48,2021-03-23,34.42857142857143
Region XI: Davao Region,54,2021-03-24,39.42857142857143
Region XI: Davao Region,49,2021-03-25,39.857142857142854
Region XI: Davao Region,35,2021-03-26,40.0
Region XI: Davao Region,40,2021-03-27,39.0
Region XI: Davao Region,20,2021-03-28,38.0
Region XI: Davao Region,28,2021-03-29,39.142857142857146
Region XI: Davao Region,33,2021-03-30,37.0
Region XI: Davao Region,53,2021-03-31,36.857142857142854
Region XI: Davao Region,50,2021-04-01,37.0
Region XI: Davao Region,44,2021-04-02,38.285714285714285
Region XI: Davao Region,23,2021-04-03,35.857142857142854
Region XI: Davao Region,24,2021-04-04,36.42857142857143
Region XI: Davao Region,49,2021-04-05,39.42857142857143
Region XI: Davao Region,36,2021-04-06,39.857142857142854
Region XI: Davao Region,39,2021-04-07,37.857142857142854
Region XI: Davao Region,1,2021-04-08,30.857142857142858
Region XI: Davao Region,27,2021-04-09,28.428571428571427
Region XI: Davao Region,60,2021-04-10,33.714285714285715
Region XI: Davao Region,17,2021-04-11,32.714285714285715
Region XI: Davao Region,115,2021-04-12,42.142857142857146
Region XI: Davao Region,36,2021-04-13,42.142857142857146
Region XI: Davao Region,13,2021-04-14,38.42857142857143
Region XI: Davao Region,28,2021-04-15,42.285714285714285
Region XI: Davao Region,66,2021-04-16,47.857142857142854
Region XI: Davao Region,23,2021-04-17,42.57142857142857
Region XI: Davao Region,27,2021-04-18,44.0
Region XI: Davao Region,49,2021-04-19,34.57142857142857
Region XI: Davao Region,69,2021-04-20,39.285714285714285
Region XI: Davao Region,73,2021-04-21,47.857142857142854
Region XI: Davao Region,18,2021-04-22,46.42857142857143
Region XI: Davao Region,29,2021-04-23,41.142857142857146
Region XI: Davao Region,7,2021-04-24,38.857142857142854
Region XI: Davao Region,9,2021-04-25,36.285714285714285
Region XI: Davao Region,13,2021-04-26,31.142857142857142
Region XI: Davao Region,26,2021-04-27,25.0
Region XI: Davao Region,13,2021-04-28,16.428571428571427
Region XI: Davao Region,3,2021-04-29,14.285714285714286
Region XI: Davao Region,19,2021-04-30,12.857142857142858
Region XI: Davao Region,5,2021-05-01,12.571428571428571
Region XI: Davao Region,11,2021-05-02,12.857142857142858
Region XI: Davao Region,17,2021-05-03,13.428571428571429
Region XI: Davao Region,18,2021-05-04,12.285714285714286
Region XI: Davao Region,6,2021-05-05,11.285714285714286
Region XI: Davao Region,5,2021-05-06,11.571428571428571
Region XI: Davao Region,9,2021-05-07,10.142857142857142
Region XI: Davao Region,17,2021-05-08,11.857142857142858
Region XI: Davao Region,7,2021-05-09,11.285714285714286
Region XI: Davao Region,13,2021-05-10,10.714285714285714
Region XI: Davao Region,27,2021-05-11,12.0
Region XI: Davao Region,7,2021-05-12,12.142857142857142
Region XI: Davao Region,17,2021-05-13,13.857142857142858
Region XI: Davao Region,19,2021-05-14,15.285714285714286
Region XI: Davao Region,22,2021-05-15,16.0
Region XI: Davao Region,25,2021-05-16,18.571428571428573
Region XI: Davao Region,15,2021-05-17,18.857142857142858
Region XI: Davao Region,41,2021-05-18,20.857142857142858
Region XI: Davao Region,23,2021-05-19,23.142857142857142
Region XI: Davao Region,5,2021-05-20,21.428571428571427
Region XI: Davao Region,15,2021-05-21,20.857142857142858
Region XI: Davao Region,20,2021-05-22,20.571428571428573
Region XI: Davao Region,26,2021-05-23,20.714285714285715
Region XI: Davao Region,24,2021-05-24,22.0
Region XI: Davao Region,30,2021-05-25,20.428571428571427
Region XI: Davao Region,23,2021-05-26,20.428571428571427
Region XI: Davao Region,18,2021-05-27,22.285714285714285
Region XI: Davao Region,59,2021-05-28,28.571428571428573
Region XI: Davao Region,30,2021-05-29,30.0
Region XI: Davao Region,2,2021-05-30,26.571428571428573
Region XI: Davao Region,27,2021-05-31,27.0
Region XI: Davao Region,58,2021-06-01,31.0
Region XI: Davao Region,59,2021-06-02,36.142857142857146
Region XI: Davao Region,32,2021-06-03,38.142857142857146
Region XI: Davao Region,87,2021-06-04,42.142857142857146
Region XI: Davao Region,102,2021-06-05,52.42857142857143
Region XI: Davao Region,75,2021-06-06,62.857142857142854
Region XI: Davao Region,48,2021-06-07,65.85714285714286
Region XI: Davao Region,36,2021-06-08,62.714285714285715
Region XI: Davao Region,35,2021-06-09,59.285714285714285
Region XI: Davao Region,69,2021-06-10,64.57142857142857
Region XI: Davao Region,48,2021-06-11,59.0
Region XI: Davao Region,125,2021-06-12,62.285714285714285
Region XI: Davao Region,39,2021-06-13,57.142857142857146
Region XI: Davao Region,84,2021-06-14,62.285714285714285
Region XI: Davao Region,84,2021-06-15,69.14285714285714
Region XI: Davao Region,102,2021-06-16,78.71428571428571
Region XI: Davao Region,15,2021-06-17,71.0
Region XI: Davao Region,60,2021-06-18,72.71428571428571
Region XI: Davao Region,74,2021-06-19,65.42857142857143
Region XI: Davao Region,28,2021-06-20,63.857142857142854
Region XI: Davao Region,112,2021-06-21,67.85714285714286
Region XI: Davao Region,88,2021-06-22,68.42857142857143
Region XI: Davao Region,66,2021-06-23,63.285714285714285
Region XI: Davao Region,1,2021-06-24,61.285714285714285
Region XI: Davao Region,1,2021-06-25,52.857142857142854
Region XI: Davao Region,4,2021-06-26,42.857142857142854
Region XI: Davao Region,7,2021-06-27,39.857142857142854
Region XI: Davao Region,1,2021-06-28,24.0
Region XI: Davao Region,5,2021-06-29,12.142857142857142
Region XI: Davao Region,2,2021-06-30,3.0
Region XI: Davao Region,11,2021-07-01,4.428571428571429
Region XI: Davao Region,35,2021-07-02,9.285714285714286
Region XI: Davao Region,37,2021-07-03,14.0
Region XI: Davao Region,24,2021-07-04,16.428571428571427
Region XI: Davao Region,2,2021-07-05,16.571428571428573
Region XI: Davao Region,249,2021-07-06,51.42857142857143
Region XI: Davao Region,21,2021-07-07,54.142857142857146
Region XI: Davao Region,40,2021-07-08,58.285714285714285
Region XI: Davao Region,226,2021-07-09,85.57142857142857
Region XI: Davao Region,168,2021-07-10,104.28571428571429
Region XI: Davao Region,181,2021-07-11,126.71428571428571
Region XI: Davao Region,181,2021-07-12,152.28571428571428
Region XI: Davao Region,58,2021-07-13,125.0
Region XI: Davao Region,56,2021-07-14,130.0
Region XI: Davao Region,227,2021-07-15,156.71428571428572
Region XI: Davao Region,289,2021-07-16,165.71428571428572
Region XI: Davao Region,44,2021-07-17,148.0
Region XI: Davao Region,168,2021-07-18,146.14285714285714
Region XI: Davao Region,8,2021-07-19,121.42857142857143
Region XI: Davao Region,1,2021-07-20,113.28571428571429
Region XI: Davao Region,0,2021-07-21,105.28571428571429
Region XI: Davao Region,0,2021-07-22,72.85714285714286
Region XI: Davao Region,1,2021-07-23,31.714285714285715
Region XI: Davao Region,1,2021-07-24,25.571428571428573
Region XI: Davao Region,3,2021-07-25,2.0
Region XI: Davao Region,1,2021-07-26,1.0
Region XI: Davao Region,38,2021-07-27,6.285714285714286
Region XI: Davao Region,16,2021-07-28,8.571428571428571
Region XI: Davao Region,1,2021-07-29,8.714285714285714
Region XI: Davao Region,1,2021-07-30,8.714285714285714
Region XI: Davao Region,9,2021-07-31,9.857142857142858
Region XI: Davao Region,36,2021-08-01,14.571428571428571
Region XI: Davao Region,47,2021-08-02,21.142857142857142
Region XI: Davao Region,37,2021-08-03,21.0
Region XI: Davao Region,24,2021-08-04,22.142857142857142
Region XI: Davao Region,1,2021-08-05,22.142857142857142
Region XI: Davao Region,0,2021-08-06,22.0
Region XI: Davao Region,1,2021-08-07,20.857142857142858
Region XI: Davao Region,1,2021-08-08,15.857142857142858
Region XI: Davao Region,2,2021-08-09,9.428571428571429
Region XI: Davao Region,0,2021-08-10,4.142857142857143
Region XI: Davao Region,1,2021-08-11,0.8571428571428571
Region XI: Davao Region,1,2021-08-12,0.8571428571428571
Region XI: Davao Region,1,2021-08-13,1.0
Region XI: Davao Region,1,2021-08-14,1.0
Region XI: Davao Region,0,2021-08-15,0.8571428571428571
Region XI: Davao Region,0,2021-08-16,0.5714285714285714
Region XI: Davao Region,0,2021-08-17,0.5714285714285714
Region XI: Davao Region,0,2021-08-18,0.42857142857142855
Region XI: Davao Region,1,2021-08-19,0.42857142857142855
Region XI: Davao Region,2,2021-08-20,0.5714285714285714
Region XI: Davao Region,0,2021-08-21,0.42857142857142855
Region XI: Davao Region,1,2021-08-22,0.5714285714285714
Region XI: Davao Region,9,2021-08-23,1.8571428571428572
Region XI: Davao Region,8,2021-08-24,3.0
Region XI: Davao Region,14,2021-08-25,5.0
Region XI: Davao Region,78,2021-08-26,16.0
Region XI: Davao Region,49,2021-08-27,22.714285714285715
Region XI: Davao Region,58,2021-08-28,31.0
Region XI: Davao Region,34,2021-08-29,35.714285714285715
Region XI: Davao Region,45,2021-08-30,40.857142857142854
Region XI: Davao Region,16,2021-08-31,42.0
Region XI: Davao Region,14,2021-09-01,42.0
Region XI: Davao Region,1,2021-09-02,31.0
Region XI: Davao Region,0,2021-09-03,24.0
Region XI: Davao Region,0,2021-09-04,15.714285714285714
Region XI: Davao Region,34,2021-09-05,15.714285714285714
Region XI: Davao Region,7,2021-09-06,10.285714285714286
Region XI: Davao Region,51,2021-09-07,15.285714285714286
Region XI: Davao Region,4,2021-09-08,13.857142857142858
Region XI: Davao Region,111,2021-09-09,29.571428571428573
Region XI: Davao Region,21,2021-09-10,32.57142857142857
Region XI: Davao Region,64,2021-09-11,41.714285714285715
Region XI: Davao Region,122,2021-09-12,54.285714285714285
Region XI: Davao Region,89,2021-09-13,66.0
Region XI: Davao Region,62,2021-09-14,67.57142857142857
Region XI: Davao Region,25,2021-09-15,70.57142857142857
Region XI: Davao Region,50,2021-09-16,61.857142857142854
Region XI: Davao Region,153,2021-09-17,80.71428571428571
Region XI: Davao Region,95,2021-09-18,85.14285714285714
Region XI: Davao Region,48,2021-09-19,74.57142857142857
Region XI: Davao Region,34,2021-09-20,66.71428571428571
Region XI: Davao Region,115,2021-09-21,74.28571428571429
Region XI: Davao Region,134,2021-09-22,89.85714285714286
Region XI: Davao Region,86,2021-09-23,95.0
Region XI: Davao Region,81,2021-09-24,84.71428571428571
Region XI: Davao Region,226,2021-09-25,103.42857142857143
Region XI: Davao Region,65,2021-09-26,105.85714285714286
Region XI: Davao Region,73,2021-09-27,111.42857142857143
Region XI: Davao Region,100,2021-09-28,109.28571428571429
Region XI: Davao Region,1,2021-09-29,90.28571428571429
Region XI: Davao Region,8,2021-09-30,79.14285714285714
Region XI: Davao Region,52,2021-10-01,75.0
Region XI: Davao Region,17,2021-10-02,45.142857142857146
Region XI: Davao Region,3,2021-10-03,36.285714285714285
Region XI: Davao Region,3,2021-10-04,26.285714285714285
Region XI: Davao Region,39,2021-10-05,17.571428571428573
Region XI: Davao Region,11,2021-10-06,19.0
Region XI: Davao Region,5,2021-10-07,18.571428571428573
Region XI: Davao Region,29,2021-10-08,15.285714285714286
Region XI: Davao Region,43,2021-10-09,19.0
Region XI: Davao Region,53,2021-10-10,26.142857142857142
Region XI: Davao Region,13,2021-10-11,27.571428571428573
Region XI: Davao Region,191,2021-10-12,49.285714285714285
Region XI: Davao Region,12,2021-10-13,49.42857142857143
Region XI: Davao Region,25,2021-10-14,52.285714285714285
Region XI: Davao Region,28,2021-10-15,52.142857142857146
Region XI: Davao Region,44,2021-10-16,52.285714285714285
Region XI: Davao Region,21,2021-10-17,47.714285714285715
Region XI: Davao Region,57,2021-10-18,54.0
Region XI: Davao Region,18,2021-10-19,29.285714285714285
Region XI: Davao Region,17,2021-10-20,30.0
Region XI: Davao Region,25,2021-10-21,30.0
Region XI: Davao Region,48,2021-10-22,32.857142857142854
Region XI: Davao Region,13,2021-10-23,28.428571428571427
Region XI: Davao Region,35,2021-10-24,30.428571428571427
Region XI: Davao Region,31,2021-10-25,26.714285714285715
Region XI: Davao Region,7,2021-10-26,25.142857142857142
Region XI: Davao Region,50,2021-10-27,29.857142857142858
Region XI: Davao Region,20,2021-10-28,29.142857142857142
Region XI: Davao Region,34,2021-10-29,27.142857142857142
Region XI: Davao Region,4,2021-10-30,25.857142857142858
Region XI: Davao Region,2,2021-10-31,21.142857142857142
Region XI: Davao Region,1,2021-11-01,16.857142857142858
Region XI: Davao Region,1,2021-11-02,16.0
Region XI: Davao Region,0,2021-11-03,8.857142857142858
Region XI: Davao Region,6,2021-11-04,6.857142857142857
Region XI: Davao Region,5,2021-11-05,2.7142857142857144
Region XI: Davao Region,3,2021-11-06,2.5714285714285716
Region XI: Davao Region,0,2021-11-07,2.2857142857142856
Region XI: Davao Region,5,2021-11-08,2.857142857142857
Region XI: Davao Region,0,2021-11-09,2.7142857142857144
Region XI: Davao Region,7,2021-11-10,3.7142857142857144
Region XI: Davao Region,4,2021-11-11,3.4285714285714284
Region XI: Davao Region,8,2021-11-12,3.857142857142857
Region XI: Davao Region,10,2021-11-13,4.857142857142857
Region XI: Davao Region,11,2021-11-14,6.428571428571429
Region XI: Davao Region,23,2021-11-15,9.0
Region XI: Davao Region,5,2021-11-16,9.714285714285714
Region XI: Davao Region,14,2021-11-17,10.714285714285714
Region XI: Davao Region,10,2021-11-18,11.571428571428571
Region XI: Davao Region,21,2021-11-19,13.428571428571429
Region XI: Davao Region,14,2021-11-20,14.0
Region XI: Davao Region,1,2021-11-21,12.571428571428571
Region XI: Davao Region,0,2021-11-22,9.285714285714286
Region XI: Davao Region,1,2021-11-23,8.714285714285714
Region XI: Davao Region,1,2021-11-24,6.857142857142857
Region XI: Davao Region,0,2021-11-25,5.428571428571429
Region XI: Davao Region,1,2021-11-26,2.5714285714285716
Region XI: Davao Region,0,2021-11-27,0.5714285714285714
Region XI: Davao Region,0,2021-11-28,0.42857142857142855
Region XI: Davao Region,1,2021-11-29,0.5714285714285714
Region XI: Davao Region,9,2021-11-30,1.7142857142857142
Region XI: Davao Region,0,2021-12-01,1.5714285714285714
Region XI: Davao Region,3,2021-12-02,2.0
Region XI: Davao Region,0,2021-12-03,1.8571428571428572
Region XI: Davao Region,1,2021-12-04,2.0
Region XI: Davao Region,2,2021-12-05,2.2857142857142856
Region XI: Davao Region,0,2021-12-06,2.142857142857143
Region XI: Davao Region,0,2021-12-07,0.8571428571428571
Region XI: Davao Region,0,2021-12-08,0.8571428571428571
Region XI: Davao Region,3,2021-12-09,0.8571428571428571
Region XI: Davao Region,1,2021-12-10,1.0
Region XI: Davao Region,1,2021-12-11,1.0
Region XI: Davao Region,2,2021-12-12,1.0
Region XI: Davao Region,2,2021-12-13,1.2857142857142858
Region XI: Davao Region,1,2021-12-14,1.4285714285714286
Region XI: Davao Region,1,2021-12-15,1.5714285714285714
Region XI: Davao Region,4,2021-12-16,1.7142857142857142
Region XI: Davao Region,0,2021-12-17,1.5714285714285714
Region XI: Davao Region,0,2021-12-18,1.4285714285714286
Region XI: Davao Region,7,2021-12-19,2.142857142857143
Region XI: Davao Region,11,2021-12-20,3.4285714285714284
Region XI: Davao Region,4,2021-12-21,3.857142857142857
Region XI: Davao Region,3,2021-12-22,4.142857142857143
Region XI: Davao Region,1,2021-12-23,3.7142857142857144
Region XI: Davao Region,3,2021-12-24,4.142857142857143
Region XI: Davao Region,0,2021-12-25,4.142857142857143
Region XI: Davao Region,0,2021-12-26,3.142857142857143
Region XI: Davao Region,1,2021-12-27,1.7142857142857142
Region XI: Davao Region,5,2021-12-28,1.8571428571428572
Region XI: Davao Region,3,2021-12-29,1.8571428571428572
Region XI: Davao Region,1,2021-12-30,1.8571428571428572
Region XI: Davao Region,2,2021-12-31,1.7142857142857142
Region XI: Davao Region,3,2022-01-01,2.142857142857143
Region XI: Davao Region,5,2022-01-02,2.857142857142857
Region XI: Davao Region,0,2022-01-03,2.7142857142857144
Region XI: Davao Region,0,2022-01-04,2.0
Region XI: Davao Region,0,2022-01-05,1.5714285714285714
Region XI: Davao Region,0,2022-01-06,1.4285714285714286
Region XI: Davao Region,1,2022-01-07,1.2857142857142858
Region XI: Davao Region,0,2022-01-08,0.8571428571428571
Region XI: Davao Region,0,2022-01-09,0.14285714285714285
Region XI: Davao Region,0,2022-01-10,0.14285714285714285
Region XI: Davao Region,0,2022-01-11,0.14285714285714285
Region XI: Davao Region,3,2022-01-12,0.5714285714285714
Region XI: Davao Region,1,2022-01-13,0.7142857142857143
Region XI: Davao Region,0,2022-01-14,0.5714285714285714
Region XI: Davao Region,0,2022-01-15,0.5714285714285714
Region XI: Davao Region,0,2022-01-16,0.5714285714285714
Region XI: Davao Region,0,2022-01-17,0.5714285714285714
Region XI: Davao Region,80,2022-01-18,12.0
Region XI: Davao Region,25,2022-01-19,15.142857142857142
Region XI: Davao Region,16,2022-01-20,17.285714285714285
Region XI: Davao Region,1,2022-01-21,17.428571428571427
Region XI: Davao Region,0,2022-01-22,17.428571428571427
Region XI: Davao Region,0,2022-01-23,17.428571428571427
Region XI: Davao Region,1,2022-01-24,17.571428571428573
Region XI: Davao Region,0,2022-01-25,6.142857142857143
Region XI: Davao Region,10,2022-01-26,4.0
Region XI: Davao Region,3,2022-01-27,2.142857142857143
Region XI: Davao Region,1,2022-01-28,2.142857142857143
Region XI: Davao Region,2,2022-01-29,2.4285714285714284
Region XI: Davao Region,10,2022-01-30,3.857142857142857
Region XI: Davao Region,8,2022-01-31,4.857142857142857
Region XI: Davao Region,1569,2022-02-01,229.0
Region XI: Davao Region,318,2022-02-02,273.0
Region XI: Davao Region,19,2022-02-03,275.2857142857143
Region XI: Davao Region,18,2022-02-04,277.7142857142857
Region XI: Davao Region,1,2022-02-05,277.57142857142856
Region XI: Davao Region,3,2022-02-06,276.57142857142856
Region XI: Davao Region,4,2022-02-07,276.0
Region XI: Davao Region,70,2022-02-08,61.857142857142854
Region XI: Davao Region,0,2022-02-09,16.428571428571427
Region XI: Davao Region,3,2022-02-10,14.142857142857142
Region XI: Davao Region,1,2022-02-11,11.714285714285714
Region XI: Davao Region,1,2022-02-12,11.714285714285714
Region XI: Davao Region,0,2022-02-13,11.285714285714286
Region XI: Davao Region,0,2022-02-14,10.714285714285714
Region XI: Davao Region,5,2022-02-15,1.4285714285714286
Region XI: Davao Region,0,2022-02-16,1.4285714285714286
Region XI: Davao Region,0,2022-02-17,1.0
Region XI: Davao Region,0,2022-02-18,0.8571428571428571
Region XI: Davao Region,0,2022-02-19,0.7142857142857143
Region XI: Davao Region,1,2022-02-20,0.8571428571428571
Region XI: Davao Region,0,2022-02-21,0.8571428571428571
Region XI: Davao Region,0,2022-02-22,0.14285714285714285
Region XI: Davao Region,0,2022-02-23,0.14285714285714285
Region XI: Davao Region,0,2022-02-24,0.14285714285714285
Region XI: Davao Region,1,2022-02-25,0.2857142857142857
Region XI: Davao Region,1,2022-02-26,0.42857142857142855
Region XI: Davao Region,0,2022-02-27,0.2857142857142857
Region XI: Davao Region,0,2022-02-28,0.2857142857142857
Region XI: Davao Region,0,2022-03-01,0.2857142857142857
Region XI: Davao Region,0,2022-03-02,0.2857142857142857
Region XI: Davao Region,0,2022-03-03,0.2857142857142857
Region XI: Davao Region,0,2022-03-04,0.14285714285714285
Region XI: Davao Region,0,2022-03-05,0.0
Region XI: Davao Region,2,2022-03-06,0.2857142857142857
Region XI: Davao Region,11,2022-03-07,1.8571428571428572
Region XI: Davao Region,5,2022-03-08,2.5714285714285716
Region XI: Davao Region,6,2022-03-09,3.4285714285714284
Region XI: Davao Region,5,2022-03-10,4.142857142857143
Region XI: Davao Region,8,2022-03-11,5.285714285714286
Region XI: Davao Region,1,2022-03-12,5.428571428571429
Region XI: Davao Region,7,2022-03-13,6.142857142857143
Region XI: Davao Region,7,2022-03-14,5.571428571428571
Region XI: Davao Region,12,2022-03-15,6.571428571428571
Region XI: Davao Region,0,2022-03-16,5.714285714285714
Region XI: Davao Region,4,2022-03-17,5.571428571428571
Region XI: Davao Region,3,2022-03-18,4.857142857142857
Region XI: Davao Region,1,2022-03-19,4.857142857142857
Region XI: Davao Region,8,2022-03-20,5.0
Region XI: Davao Region,7,2022-03-21,5.0
Region XI: Davao Region,3,2022-03-22,3.7142857142857144
Region XI: Davao Region,9,2022-03-23,5.0
Region XI: Davao Region,5,2022-03-24,5.142857142857143
Region XI: Davao Region,8,2022-03-25,5.857142857142857
Region XI: Davao Region,1,2022-03-26,5.857142857142857
Region XI: Davao Region,1,2022-03-27,4.857142857142857
Region XI: Davao Region,9,2022-03-28,5.142857142857143
Region XI: Davao Region,1,2022-03-29,4.857142857142857
Region XI: Davao Region,3,2022-03-30,4.0
Region XI: Davao Region,9,2022-03-31,4.571428571428571
Region XI: Davao Region,9,2022-04-01,4.714285714285714
Region XI: Davao Region,6,2022-04-02,5.428571428571429
Region XI: Davao Region,5,2022-04-03,6.0
Region XI: Davao Region,6,2022-04-04,5.571428571428571
Region XI: Davao Region,7,2022-04-05,6.428571428571429
Region XI: Davao Region,6,2022-04-06,6.857142857142857
Region XI: Davao Region,3,2022-04-07,6.0
Region XI: Davao Region,3,2022-04-08,5.142857142857143
Region XI: Davao Region,4,2022-04-09,4.857142857142857
Region XI: Davao Region,2,2022-04-10,4.428571428571429
Region XI: Davao Region,2,2022-04-11,3.857142857142857
Region XI: Davao Region,3,2022-04-12,3.2857142857142856
Region XI: Davao Region,3,2022-04-13,2.857142857142857
Region XI: Davao Region,7,2022-04-14,3.4285714285714284
Region XI: Davao Region,3,2022-04-15,3.4285714285714284
Region XI: Davao Region,5,2022-04-16,3.5714285714285716
Region XI: Davao Region,3,2022-04-17,3.7142857142857144
Region XI: Davao Region,10,2022-04-18,4.857142857142857
Region XI: Davao Region,4,2022-04-19,5.0
Region XI: Davao Region,11,2022-04-20,6.142857142857143
Region XI: Davao Region,11,2022-04-21,6.714285714285714
Region XI: Davao Region,2,2022-04-22,6.571428571428571
Region XI: Davao Region,3,2022-04-23,6.285714285714286
Region XI: Davao Region,5,2022-04-24,6.571428571428571
Region XI: Davao Region,9,2022-04-25,6.428571428571429
Region XI: Davao Region,3,2022-04-26,6.285714285714286
Region XI: Davao Region,5,2022-04-27,5.428571428571429
Region XI: Davao Region,2,2022-04-28,4.142857142857143
