region,count,date,7DayMA
Region VII: Central Visayas,1,2020-04-02,
Region VII: Central Visayas,3,2020-04-03,
Region VII: Central Visayas,0,2020-04-04,
Region VII: Central Visayas,0,2020-04-05,
Region VII: Central Visayas,1,2020-04-06,
Region VII: Central Visayas,1,2020-04-07,
Region VII: Central Visayas,3,2020-04-08,1.2857142857142858
Region VII: Central Visayas,0,2020-04-09,1.1428571428571428
Region VII: Central Visayas,0,2020-04-10,0.7142857142857143
Region VII: Central Visayas,2,2020-04-11,1.0
Region VII: Central Visayas,1,2020-04-12,1.1428571428571428
Region VII: Central Visayas,2,2020-04-13,1.2857142857142858
Region VII: Central Visayas,0,2020-04-14,1.1428571428571428
Region VII: Central Visayas,1,2020-04-15,0.8571428571428571
Region VII: Central Visayas,0,2020-04-16,0.8571428571428571
Region VII: Central Visayas,0,2020-04-17,0.8571428571428571
Region VII: Central Visayas,1,2020-04-18,0.7142857142857143
Region VII: Central Visayas,0,2020-04-19,0.5714285714285714
Region VII: Central Visayas,0,2020-04-20,0.2857142857142857
Region VII: Central Visayas,0,2020-04-21,0.2857142857142857
Region VII: Central Visayas,1,2020-04-22,0.2857142857142857
Region VII: Central Visayas,0,2020-04-23,0.2857142857142857
Region VII: Central Visayas,2,2020-04-24,0.5714285714285714
Region VII: Central Visayas,1,2020-04-25,0.5714285714285714
Region VII: Central Visayas,0,2020-04-26,0.5714285714285714
Region VII: Central Visayas,0,2020-04-27,0.5714285714285714
Region VII: Central Visayas,0,2020-04-28,0.5714285714285714
Region VII: Central Visayas,5,2020-04-29,1.1428571428571428
Region VII: Central Visayas,1,2020-04-30,1.2857142857142858
Region VII: Central Visayas,0,2020-05-01,1.0
Region VII: Central Visayas,1,2020-05-02,1.0
Region VII: Central Visayas,0,2020-05-03,1.0
Region VII: Central Visayas,1,2020-05-04,1.1428571428571428
Region VII: Central Visayas,3,2020-05-05,1.5714285714285714
Region VII: Central Visayas,1,2020-05-06,1.0
Region VII: Central Visayas,2,2020-05-07,1.1428571428571428
Region VII: Central Visayas,11,2020-05-08,2.7142857142857144
Region VII: Central Visayas,1,2020-05-09,2.7142857142857144
Region VII: Central Visayas,0,2020-05-10,2.7142857142857144
Region VII: Central Visayas,25,2020-05-11,6.142857142857143
Region VII: Central Visayas,13,2020-05-12,7.571428571428571
Region VII: Central Visayas,2,2020-05-13,7.714285714285714
Region VII: Central Visayas,0,2020-05-14,7.428571428571429
Region VII: Central Visayas,0,2020-05-15,5.857142857142857
Region VII: Central Visayas,0,2020-05-16,5.714285714285714
Region VII: Central Visayas,0,2020-05-17,5.714285714285714
Region VII: Central Visayas,1,2020-05-18,2.2857142857142856
Region VII: Central Visayas,1,2020-05-19,0.5714285714285714
Region VII: Central Visayas,3,2020-05-20,0.7142857142857143
Region VII: Central Visayas,0,2020-05-21,0.7142857142857143
Region VII: Central Visayas,10,2020-05-22,2.142857142857143
Region VII: Central Visayas,5,2020-05-23,2.857142857142857
Region VII: Central Visayas,35,2020-05-24,7.857142857142857
Region VII: Central Visayas,32,2020-05-25,12.285714285714286
Region VII: Central Visayas,1,2020-05-26,12.285714285714286
Region VII: Central Visayas,66,2020-05-27,21.285714285714285
Region VII: Central Visayas,30,2020-05-28,25.571428571428573
Region VII: Central Visayas,36,2020-05-29,29.285714285714285
Region VII: Central Visayas,5,2020-05-30,29.285714285714285
Region VII: Central Visayas,71,2020-05-31,34.42857142857143
Region VII: Central Visayas,196,2020-06-01,57.857142857142854
Region VII: Central Visayas,33,2020-06-02,62.42857142857143
Region VII: Central Visayas,144,2020-06-03,73.57142857142857
Region VII: Central Visayas,110,2020-06-04,85.0
Region VII: Central Visayas,12,2020-06-05,81.57142857142857
Region VII: Central Visayas,33,2020-06-06,85.57142857142857
Region VII: Central Visayas,40,2020-06-07,81.14285714285714
Region VII: Central Visayas,10,2020-06-08,54.57142857142857
Region VII: Central Visayas,17,2020-06-09,52.285714285714285
Region VII: Central Visayas,24,2020-06-10,35.142857142857146
Region VII: Central Visayas,40,2020-06-11,25.142857142857142
Region VII: Central Visayas,65,2020-06-12,32.714285714285715
Region VII: Central Visayas,38,2020-06-13,33.42857142857143
Region VII: Central Visayas,10,2020-06-14,29.142857142857142
Region VII: Central Visayas,40,2020-06-15,33.42857142857143
Region VII: Central Visayas,56,2020-06-16,39.0
Region VII: Central Visayas,24,2020-06-17,39.0
Region VII: Central Visayas,12,2020-06-18,35.0
Region VII: Central Visayas,7,2020-06-19,26.714285714285715
Region VII: Central Visayas,37,2020-06-20,26.571428571428573
Region VII: Central Visayas,23,2020-06-21,28.428571428571427
Region VII: Central Visayas,16,2020-06-22,25.0
Region VII: Central Visayas,19,2020-06-23,19.714285714285715
Region VII: Central Visayas,193,2020-06-24,43.857142857142854
Region VII: Central Visayas,27,2020-06-25,46.0
Region VII: Central Visayas,75,2020-06-26,55.714285714285715
Region VII: Central Visayas,36,2020-06-27,55.57142857142857
Region VII: Central Visayas,28,2020-06-28,56.285714285714285
Region VII: Central Visayas,34,2020-06-29,58.857142857142854
Region VII: Central Visayas,39,2020-06-30,61.714285714285715
Region VII: Central Visayas,208,2020-07-01,63.857142857142854
Region VII: Central Visayas,82,2020-07-02,71.71428571428571
Region VII: Central Visayas,110,2020-07-03,76.71428571428571
Region VII: Central Visayas,31,2020-07-04,76.0
Region VII: Central Visayas,38,2020-07-05,77.42857142857143
Region VII: Central Visayas,63,2020-07-06,81.57142857142857
Region VII: Central Visayas,47,2020-07-07,82.71428571428571
Region VII: Central Visayas,505,2020-07-08,125.14285714285714
Region VII: Central Visayas,235,2020-07-09,147.0
Region VII: Central Visayas,102,2020-07-10,145.85714285714286
Region VII: Central Visayas,136,2020-07-11,160.85714285714286
Region VII: Central Visayas,102,2020-07-12,170.0
Region VII: Central Visayas,120,2020-07-13,178.14285714285714
Region VII: Central Visayas,187,2020-07-14,198.14285714285714
Region VII: Central Visayas,186,2020-07-15,152.57142857142858
Region VII: Central Visayas,77,2020-07-16,130.0
Region VII: Central Visayas,101,2020-07-17,129.85714285714286
Region VII: Central Visayas,78,2020-07-18,121.57142857142857
Region VII: Central Visayas,76,2020-07-19,117.85714285714286
Region VII: Central Visayas,136,2020-07-20,120.14285714285714
Region VII: Central Visayas,184,2020-07-21,119.71428571428571
Region VII: Central Visayas,207,2020-07-22,122.71428571428571
Region VII: Central Visayas,132,2020-07-23,130.57142857142858
Region VII: Central Visayas,107,2020-07-24,131.42857142857142
Region VII: Central Visayas,76,2020-07-25,131.14285714285714
Region VII: Central Visayas,88,2020-07-26,132.85714285714286
Region VII: Central Visayas,105,2020-07-27,128.42857142857142
Region VII: Central Visayas,109,2020-07-28,117.71428571428571
Region VII: Central Visayas,302,2020-07-29,131.28571428571428
Region VII: Central Visayas,133,2020-07-30,131.42857142857142
Region VII: Central Visayas,59,2020-07-31,124.57142857142857
Region VII: Central Visayas,54,2020-08-01,121.42857142857143
Region VII: Central Visayas,62,2020-08-02,117.71428571428571
Region VII: Central Visayas,65,2020-08-03,112.0
Region VII: Central Visayas,95,2020-08-04,110.0
Region VII: Central Visayas,76,2020-08-05,77.71428571428571
Region VII: Central Visayas,48,2020-08-06,65.57142857142857
Region VII: Central Visayas,126,2020-08-07,75.14285714285714
Region VII: Central Visayas,46,2020-08-08,74.0
Region VII: Central Visayas,63,2020-08-09,74.14285714285714
Region VII: Central Visayas,53,2020-08-10,72.42857142857143
Region VII: Central Visayas,65,2020-08-11,68.14285714285714
Region VII: Central Visayas,110,2020-08-12,73.0
Region VII: Central Visayas,54,2020-08-13,73.85714285714286
Region VII: Central Visayas,120,2020-08-14,73.0
Region VII: Central Visayas,84,2020-08-15,78.42857142857143
Region VII: Central Visayas,52,2020-08-16,76.85714285714286
Region VII: Central Visayas,69,2020-08-17,79.14285714285714
Region VII: Central Visayas,83,2020-08-18,81.71428571428571
Region VII: Central Visayas,89,2020-08-19,78.71428571428571
Region VII: Central Visayas,62,2020-08-20,79.85714285714286
Region VII: Central Visayas,35,2020-08-21,67.71428571428571
Region VII: Central Visayas,22,2020-08-22,58.857142857142854
Region VII: Central Visayas,82,2020-08-23,63.142857142857146
Region VII: Central Visayas,55,2020-08-24,61.142857142857146
Region VII: Central Visayas,45,2020-08-25,55.714285714285715
Region VII: Central Visayas,59,2020-08-26,51.42857142857143
Region VII: Central Visayas,52,2020-08-27,50.0
Region VII: Central Visayas,42,2020-08-28,51.0
Region VII: Central Visayas,19,2020-08-29,50.57142857142857
Region VII: Central Visayas,23,2020-08-30,42.142857142857146
Region VII: Central Visayas,32,2020-08-31,38.857142857142854
Region VII: Central Visayas,124,2020-09-01,50.142857142857146
Region VII: Central Visayas,84,2020-09-02,53.714285714285715
Region VII: Central Visayas,46,2020-09-03,52.857142857142854
Region VII: Central Visayas,49,2020-09-04,53.857142857142854
Region VII: Central Visayas,44,2020-09-05,57.42857142857143
Region VII: Central Visayas,86,2020-09-06,66.42857142857143
Region VII: Central Visayas,44,2020-09-07,68.14285714285714
Region VII: Central Visayas,48,2020-09-08,57.285714285714285
Region VII: Central Visayas,22,2020-09-09,48.42857142857143
Region VII: Central Visayas,50,2020-09-10,49.0
Region VII: Central Visayas,54,2020-09-11,49.714285714285715
Region VII: Central Visayas,38,2020-09-12,48.857142857142854
Region VII: Central Visayas,31,2020-09-13,41.0
Region VII: Central Visayas,70,2020-09-14,44.714285714285715
Region VII: Central Visayas,123,2020-09-15,55.42857142857143
Region VII: Central Visayas,38,2020-09-16,57.714285714285715
Region VII: Central Visayas,36,2020-09-17,55.714285714285715
Region VII: Central Visayas,34,2020-09-18,52.857142857142854
Region VII: Central Visayas,29,2020-09-19,51.57142857142857
Region VII: Central Visayas,21,2020-09-20,50.142857142857146
Region VII: Central Visayas,62,2020-09-21,49.0
Region VII: Central Visayas,35,2020-09-22,36.42857142857143
Region VII: Central Visayas,31,2020-09-23,35.42857142857143
Region VII: Central Visayas,29,2020-09-24,34.42857142857143
Region VII: Central Visayas,39,2020-09-25,35.142857142857146
Region VII: Central Visayas,24,2020-09-26,34.42857142857143
Region VII: Central Visayas,30,2020-09-27,35.714285714285715
Region VII: Central Visayas,52,2020-09-28,34.285714285714285
Region VII: Central Visayas,62,2020-09-29,38.142857142857146
Region VII: Central Visayas,17,2020-09-30,36.142857142857146
Region VII: Central Visayas,77,2020-10-01,43.0
Region VII: Central Visayas,62,2020-10-02,46.285714285714285
Region VII: Central Visayas,41,2020-10-03,48.714285714285715
Region VII: Central Visayas,38,2020-10-04,49.857142857142854
Region VII: Central Visayas,72,2020-10-05,52.714285714285715
Region VII: Central Visayas,22,2020-10-06,47.0
Region VII: Central Visayas,86,2020-10-07,56.857142857142854
Region VII: Central Visayas,39,2020-10-08,51.42857142857143
Region VII: Central Visayas,54,2020-10-09,50.285714285714285
Region VII: Central Visayas,8,2020-10-10,45.57142857142857
Region VII: Central Visayas,54,2020-10-11,47.857142857142854
Region VII: Central Visayas,61,2020-10-12,46.285714285714285
Region VII: Central Visayas,48,2020-10-13,50.0
Region VII: Central Visayas,35,2020-10-14,42.714285714285715
Region VII: Central Visayas,47,2020-10-15,43.857142857142854
Region VII: Central Visayas,20,2020-10-16,39.0
Region VII: Central Visayas,16,2020-10-17,40.142857142857146
Region VII: Central Visayas,3,2020-10-18,32.857142857142854
Region VII: Central Visayas,62,2020-10-19,33.0
Region VII: Central Visayas,69,2020-10-20,36.0
Region VII: Central Visayas,18,2020-10-21,33.57142857142857
Region VII: Central Visayas,23,2020-10-22,30.142857142857142
Region VII: Central Visayas,23,2020-10-23,30.571428571428573
Region VII: Central Visayas,15,2020-10-24,30.428571428571427
Region VII: Central Visayas,6,2020-10-25,30.857142857142858
Region VII: Central Visayas,90,2020-10-26,34.857142857142854
Region VII: Central Visayas,56,2020-10-27,33.0
Region VII: Central Visayas,60,2020-10-28,39.0
Region VII: Central Visayas,17,2020-10-29,38.142857142857146
Region VII: Central Visayas,56,2020-10-30,42.857142857142854
Region VII: Central Visayas,21,2020-10-31,43.714285714285715
Region VII: Central Visayas,6,2020-11-01,43.714285714285715
Region VII: Central Visayas,26,2020-11-02,34.57142857142857
Region VII: Central Visayas,39,2020-11-03,32.142857142857146
Region VII: Central Visayas,13,2020-11-04,25.428571428571427
Region VII: Central Visayas,6,2020-11-05,23.857142857142858
Region VII: Central Visayas,71,2020-11-06,26.0
Region VII: Central Visayas,22,2020-11-07,26.142857142857142
Region VII: Central Visayas,5,2020-11-08,26.0
Region VII: Central Visayas,19,2020-11-09,25.0
Region VII: Central Visayas,15,2020-11-10,21.571428571428573
Region VII: Central Visayas,41,2020-11-11,25.571428571428573
Region VII: Central Visayas,55,2020-11-12,32.57142857142857
Region VII: Central Visayas,66,2020-11-13,31.857142857142858
Region VII: Central Visayas,9,2020-11-14,30.0
Region VII: Central Visayas,7,2020-11-15,30.285714285714285
Region VII: Central Visayas,16,2020-11-16,29.857142857142858
Region VII: Central Visayas,34,2020-11-17,32.57142857142857
Region VII: Central Visayas,20,2020-11-18,29.571428571428573
Region VII: Central Visayas,12,2020-11-19,23.428571428571427
Region VII: Central Visayas,11,2020-11-20,15.571428571428571
Region VII: Central Visayas,8,2020-11-21,15.428571428571429
Region VII: Central Visayas,23,2020-11-22,17.714285714285715
Region VII: Central Visayas,28,2020-11-23,19.428571428571427
Region VII: Central Visayas,51,2020-11-24,21.857142857142858
Region VII: Central Visayas,39,2020-11-25,24.571428571428573
Region VII: Central Visayas,59,2020-11-26,31.285714285714285
Region VII: Central Visayas,42,2020-11-27,35.714285714285715
Region VII: Central Visayas,38,2020-11-28,40.0
Region VII: Central Visayas,66,2020-11-29,46.142857142857146
Region VII: Central Visayas,20,2020-11-30,45.0
Region VII: Central Visayas,127,2020-12-01,55.857142857142854
Region VII: Central Visayas,51,2020-12-02,57.57142857142857
Region VII: Central Visayas,42,2020-12-03,55.142857142857146
Region VII: Central Visayas,25,2020-12-04,52.714285714285715
Region VII: Central Visayas,21,2020-12-05,50.285714285714285
Region VII: Central Visayas,49,2020-12-06,47.857142857142854
Region VII: Central Visayas,23,2020-12-07,48.285714285714285
Region VII: Central Visayas,4,2020-12-08,30.714285714285715
Region VII: Central Visayas,46,2020-12-09,30.0
Region VII: Central Visayas,71,2020-12-10,34.142857142857146
Region VII: Central Visayas,46,2020-12-11,37.142857142857146
Region VII: Central Visayas,23,2020-12-12,37.42857142857143
Region VII: Central Visayas,8,2020-12-13,31.571428571428573
Region VII: Central Visayas,30,2020-12-14,32.57142857142857
Region VII: Central Visayas,26,2020-12-15,35.714285714285715
Region VII: Central Visayas,13,2020-12-16,31.0
Region VII: Central Visayas,40,2020-12-17,26.571428571428573
Region VII: Central Visayas,29,2020-12-18,24.142857142857142
Region VII: Central Visayas,10,2020-12-19,22.285714285714285
Region VII: Central Visayas,6,2020-12-20,22.0
Region VII: Central Visayas,15,2020-12-21,19.857142857142858
Region VII: Central Visayas,26,2020-12-22,19.857142857142858
Region VII: Central Visayas,7,2020-12-23,19.0
Region VII: Central Visayas,2,2020-12-24,13.571428571428571
Region VII: Central Visayas,22,2020-12-25,12.571428571428571
Region VII: Central Visayas,16,2020-12-26,13.428571428571429
Region VII: Central Visayas,46,2020-12-27,19.142857142857142
Region VII: Central Visayas,9,2020-12-28,18.285714285714285
Region VII: Central Visayas,16,2020-12-29,16.857142857142858
Region VII: Central Visayas,9,2020-12-30,17.142857142857142
Region VII: Central Visayas,5,2020-12-31,17.571428571428573
Region VII: Central Visayas,11,2021-01-01,16.0
Region VII: Central Visayas,17,2021-01-02,16.142857142857142
Region VII: Central Visayas,13,2021-01-03,11.428571428571429
Region VII: Central Visayas,4,2021-01-04,10.714285714285714
Region VII: Central Visayas,11,2021-01-05,10.0
Region VII: Central Visayas,11,2021-01-06,10.285714285714286
Region VII: Central Visayas,8,2021-01-07,10.714285714285714
Region VII: Central Visayas,27,2021-01-08,13.0
Region VII: Central Visayas,10,2021-01-09,12.0
Region VII: Central Visayas,9,2021-01-10,11.428571428571429
Region VII: Central Visayas,15,2021-01-11,13.0
Region VII: Central Visayas,13,2021-01-12,13.285714285714286
Region VII: Central Visayas,27,2021-01-13,15.571428571428571
Region VII: Central Visayas,22,2021-01-14,17.571428571428573
Region VII: Central Visayas,20,2021-01-15,16.571428571428573
Region VII: Central Visayas,35,2021-01-16,20.142857142857142
Region VII: Central Visayas,47,2021-01-17,25.571428571428573
Region VII: Central Visayas,8,2021-01-18,24.571428571428573
Region VII: Central Visayas,48,2021-01-19,29.571428571428573
Region VII: Central Visayas,53,2021-01-20,33.285714285714285
Region VII: Central Visayas,31,2021-01-21,34.57142857142857
Region VII: Central Visayas,24,2021-01-22,35.142857142857146
Region VII: Central Visayas,31,2021-01-23,34.57142857142857
Region VII: Central Visayas,22,2021-01-24,31.0
Region VII: Central Visayas,28,2021-01-25,33.857142857142854
Region VII: Central Visayas,62,2021-01-26,35.857142857142854
Region VII: Central Visayas,98,2021-01-27,42.285714285714285
Region VII: Central Visayas,78,2021-01-28,49.0
Region VII: Central Visayas,26,2021-01-29,49.285714285714285
Region VII: Central Visayas,54,2021-01-30,52.57142857142857
Region VII: Central Visayas,68,2021-01-31,59.142857142857146
Region VII: Central Visayas,52,2021-02-01,62.57142857142857
Region VII: Central Visayas,86,2021-02-02,66.0
Region VII: Central Visayas,18,2021-02-03,54.57142857142857
Region VII: Central Visayas,131,2021-02-04,62.142857142857146
Region VII: Central Visayas,133,2021-02-05,77.42857142857143
Region VII: Central Visayas,64,2021-02-06,78.85714285714286
Region VII: Central Visayas,63,2021-02-07,78.14285714285714
Region VII: Central Visayas,115,2021-02-08,87.14285714285714
Region VII: Central Visayas,94,2021-02-09,88.28571428571429
Region VII: Central Visayas,89,2021-02-10,98.42857142857143
Region VII: Central Visayas,109,2021-02-11,95.28571428571429
Region VII: Central Visayas,139,2021-02-12,96.14285714285714
Region VII: Central Visayas,170,2021-02-13,111.28571428571429
Region VII: Central Visayas,207,2021-02-14,131.85714285714286
Region VII: Central Visayas,185,2021-02-15,141.85714285714286
Region VII: Central Visayas,373,2021-02-16,181.71428571428572
Region VII: Central Visayas,208,2021-02-17,198.71428571428572
Region VII: Central Visayas,120,2021-02-18,200.28571428571428
Region VII: Central Visayas,283,2021-02-19,220.85714285714286
Region VII: Central Visayas,333,2021-02-20,244.14285714285714
Region VII: Central Visayas,130,2021-02-21,233.14285714285714
Region VII: Central Visayas,368,2021-02-22,259.2857142857143
Region VII: Central Visayas,61,2021-02-23,214.71428571428572
Region VII: Central Visayas,418,2021-02-24,244.71428571428572
Region VII: Central Visayas,242,2021-02-25,262.14285714285717
Region VII: Central Visayas,221,2021-02-26,253.28571428571428
Region VII: Central Visayas,352,2021-02-27,256.0
Region VII: Central Visayas,116,2021-02-28,254.0
Region VII: Central Visayas,101,2021-03-01,215.85714285714286
Region VII: Central Visayas,108,2021-03-02,222.57142857142858
Region VII: Central Visayas,74,2021-03-03,173.42857142857142
Region VII: Central Visayas,82,2021-03-04,150.57142857142858
Region VII: Central Visayas,136,2021-03-05,138.42857142857142
Region VII: Central Visayas,88,2021-03-06,100.71428571428571
Region VII: Central Visayas,41,2021-03-07,90.0
Region VII: Central Visayas,145,2021-03-08,96.28571428571429
Region VII: Central Visayas,431,2021-03-09,142.42857142857142
Region VII: Central Visayas,126,2021-03-10,149.85714285714286
Region VII: Central Visayas,77,2021-03-11,149.14285714285714
Region VII: Central Visayas,160,2021-03-12,152.57142857142858
Region VII: Central Visayas,126,2021-03-13,158.0
Region VII: Central Visayas,93,2021-03-14,165.42857142857142
Region VII: Central Visayas,135,2021-03-15,164.0
Region VII: Central Visayas,109,2021-03-16,118.0
Region VII: Central Visayas,200,2021-03-17,128.57142857142858
Region VII: Central Visayas,130,2021-03-18,136.14285714285714
Region VII: Central Visayas,226,2021-03-19,145.57142857142858
Region VII: Central Visayas,51,2021-03-20,134.85714285714286
Region VII: Central Visayas,83,2021-03-21,133.42857142857142
Region VII: Central Visayas,102,2021-03-22,128.71428571428572
Region VII: Central Visayas,152,2021-03-23,134.85714285714286
Region VII: Central Visayas,89,2021-03-24,119.0
Region VII: Central Visayas,158,2021-03-25,123.0
Region VII: Central Visayas,105,2021-03-26,105.71428571428571
Region VII: Central Visayas,93,2021-03-27,111.71428571428571
Region VII: Central Visayas,60,2021-03-28,108.42857142857143
Region VII: Central Visayas,185,2021-03-29,120.28571428571429
Region VII: Central Visayas,126,2021-03-30,116.57142857142857
Region VII: Central Visayas,212,2021-03-31,134.14285714285714
Region VII: Central Visayas,89,2021-04-01,124.28571428571429
Region VII: Central Visayas,187,2021-04-02,136.0
Region VII: Central Visayas,168,2021-04-03,146.71428571428572
Region VII: Central Visayas,171,2021-04-04,162.57142857142858
Region VII: Central Visayas,84,2021-04-05,148.14285714285714
Region VII: Central Visayas,90,2021-04-06,143.0
Region VII: Central Visayas,108,2021-04-07,128.14285714285714
Region VII: Central Visayas,44,2021-04-08,121.71428571428571
Region VII: Central Visayas,96,2021-04-09,108.71428571428571
Region VII: Central Visayas,84,2021-04-10,96.71428571428571
Region VII: Central Visayas,31,2021-04-11,76.71428571428571
Region VII: Central Visayas,10,2021-04-12,66.14285714285714
Region VII: Central Visayas,11,2021-04-13,54.857142857142854
Region VII: Central Visayas,19,2021-04-14,42.142857142857146
Region VII: Central Visayas,24,2021-04-15,39.285714285714285
Region VII: Central Visayas,68,2021-04-16,35.285714285714285
Region VII: Central Visayas,81,2021-04-17,34.857142857142854
Region VII: Central Visayas,20,2021-04-18,33.285714285714285
Region VII: Central Visayas,175,2021-04-19,56.857142857142854
Region VII: Central Visayas,181,2021-04-20,81.14285714285714
Region VII: Central Visayas,129,2021-04-21,96.85714285714286
Region VII: Central Visayas,81,2021-04-22,105.0
Region VII: Central Visayas,66,2021-04-23,104.71428571428571
Region VII: Central Visayas,80,2021-04-24,104.57142857142857
Region VII: Central Visayas,18,2021-04-25,104.28571428571429
Region VII: Central Visayas,10,2021-04-26,80.71428571428571
Region VII: Central Visayas,8,2021-04-27,56.0
Region VII: Central Visayas,4,2021-04-28,38.142857142857146
Region VII: Central Visayas,3,2021-04-29,27.0
Region VII: Central Visayas,8,2021-04-30,18.714285714285715
Region VII: Central Visayas,13,2021-05-01,9.142857142857142
Region VII: Central Visayas,7,2021-05-02,7.571428571428571
Region VII: Central Visayas,9,2021-05-03,7.428571428571429
Region VII: Central Visayas,7,2021-05-04,7.285714285714286
Region VII: Central Visayas,20,2021-05-05,9.571428571428571
Region VII: Central Visayas,5,2021-05-06,9.857142857142858
Region VII: Central Visayas,40,2021-05-07,14.428571428571429
Region VII: Central Visayas,38,2021-05-08,18.0
Region VII: Central Visayas,6,2021-05-09,17.857142857142858
Region VII: Central Visayas,29,2021-05-10,20.714285714285715
Region VII: Central Visayas,39,2021-05-11,25.285714285714285
Region VII: Central Visayas,38,2021-05-12,27.857142857142858
Region VII: Central Visayas,37,2021-05-13,32.42857142857143
Region VII: Central Visayas,49,2021-05-14,33.714285714285715
Region VII: Central Visayas,48,2021-05-15,35.142857142857146
Region VII: Central Visayas,10,2021-05-16,35.714285714285715
Region VII: Central Visayas,3,2021-05-17,32.0
Region VII: Central Visayas,15,2021-05-18,28.571428571428573
Region VII: Central Visayas,51,2021-05-19,30.428571428571427
Region VII: Central Visayas,7,2021-05-20,26.142857142857142
Region VII: Central Visayas,77,2021-05-21,30.142857142857142
Region VII: Central Visayas,27,2021-05-22,27.142857142857142
Region VII: Central Visayas,23,2021-05-23,29.0
Region VII: Central Visayas,38,2021-05-24,34.0
Region VII: Central Visayas,40,2021-05-25,37.57142857142857
Region VII: Central Visayas,36,2021-05-26,35.42857142857143
Region VII: Central Visayas,48,2021-05-27,41.285714285714285
Region VII: Central Visayas,23,2021-05-28,33.57142857142857
Region VII: Central Visayas,19,2021-05-29,32.42857142857143
Region VII: Central Visayas,7,2021-05-30,30.142857142857142
Region VII: Central Visayas,59,2021-05-31,33.142857142857146
Region VII: Central Visayas,20,2021-06-01,30.285714285714285
Region VII: Central Visayas,36,2021-06-02,30.285714285714285
Region VII: Central Visayas,22,2021-06-03,26.571428571428573
Region VII: Central Visayas,35,2021-06-04,28.285714285714285
Region VII: Central Visayas,62,2021-06-05,34.42857142857143
Region VII: Central Visayas,41,2021-06-06,39.285714285714285
Region VII: Central Visayas,59,2021-06-07,39.285714285714285
Region VII: Central Visayas,128,2021-06-08,54.714285714285715
Region VII: Central Visayas,79,2021-06-09,60.857142857142854
Region VII: Central Visayas,14,2021-06-10,59.714285714285715
Region VII: Central Visayas,73,2021-06-11,65.14285714285714
Region VII: Central Visayas,38,2021-06-12,61.714285714285715
Region VII: Central Visayas,9,2021-06-13,57.142857142857146
Region VII: Central Visayas,24,2021-06-14,52.142857142857146
Region VII: Central Visayas,15,2021-06-15,36.0
Region VII: Central Visayas,57,2021-06-16,32.857142857142854
Region VII: Central Visayas,27,2021-06-17,34.714285714285715
Region VII: Central Visayas,5,2021-06-18,25.0
Region VII: Central Visayas,12,2021-06-19,21.285714285714285
Region VII: Central Visayas,13,2021-06-20,21.857142857142858
Region VII: Central Visayas,104,2021-06-21,33.285714285714285
Region VII: Central Visayas,1,2021-06-22,31.285714285714285
Region VII: Central Visayas,67,2021-06-23,32.714285714285715
Region VII: Central Visayas,9,2021-06-24,30.142857142857142
Region VII: Central Visayas,29,2021-06-25,33.57142857142857
Region VII: Central Visayas,171,2021-06-26,56.285714285714285
Region VII: Central Visayas,22,2021-06-27,57.57142857142857
Region VII: Central Visayas,5,2021-06-28,43.42857142857143
Region VII: Central Visayas,44,2021-06-29,49.57142857142857
Region VII: Central Visayas,92,2021-06-30,53.142857142857146
Region VII: Central Visayas,9,2021-07-01,53.142857142857146
Region VII: Central Visayas,60,2021-07-02,57.57142857142857
Region VII: Central Visayas,69,2021-07-03,43.0
Region VII: Central Visayas,14,2021-07-04,41.857142857142854
Region VII: Central Visayas,67,2021-07-05,50.714285714285715
Region VII: Central Visayas,111,2021-07-06,60.285714285714285
Region VII: Central Visayas,48,2021-07-07,54.0
Region VII: Central Visayas,59,2021-07-08,61.142857142857146
Region VII: Central Visayas,21,2021-07-09,55.57142857142857
Region VII: Central Visayas,57,2021-07-10,53.857142857142854
Region VII: Central Visayas,55,2021-07-11,59.714285714285715
Region VII: Central Visayas,6,2021-07-12,51.0
Region VII: Central Visayas,13,2021-07-13,37.0
Region VII: Central Visayas,34,2021-07-14,35.0
Region VII: Central Visayas,21,2021-07-15,29.571428571428573
Region VII: Central Visayas,116,2021-07-16,43.142857142857146
Region VII: Central Visayas,49,2021-07-17,42.0
Region VII: Central Visayas,20,2021-07-18,37.0
Region VII: Central Visayas,2,2021-07-19,36.42857142857143
Region VII: Central Visayas,8,2021-07-20,35.714285714285715
Region VII: Central Visayas,18,2021-07-21,33.42857142857143
Region VII: Central Visayas,2,2021-07-22,30.714285714285715
Region VII: Central Visayas,5,2021-07-23,14.857142857142858
Region VII: Central Visayas,7,2021-07-24,8.857142857142858
Region VII: Central Visayas,13,2021-07-25,7.857142857142857
Region VII: Central Visayas,12,2021-07-26,9.285714285714286
Region VII: Central Visayas,24,2021-07-27,11.571428571428571
Region VII: Central Visayas,46,2021-07-28,15.571428571428571
Region VII: Central Visayas,17,2021-07-29,17.714285714285715
Region VII: Central Visayas,53,2021-07-30,24.571428571428573
Region VII: Central Visayas,64,2021-07-31,32.714285714285715
Region VII: Central Visayas,3,2021-08-01,31.285714285714285
Region VII: Central Visayas,27,2021-08-02,33.42857142857143
Region VII: Central Visayas,18,2021-08-03,32.57142857142857
Region VII: Central Visayas,0,2021-08-04,26.0
Region VII: Central Visayas,18,2021-08-05,26.142857142857142
Region VII: Central Visayas,5,2021-08-06,19.285714285714285
Region VII: Central Visayas,3,2021-08-07,10.571428571428571
Region VII: Central Visayas,17,2021-08-08,12.571428571428571
Region VII: Central Visayas,33,2021-08-09,13.428571428571429
Region VII: Central Visayas,14,2021-08-10,12.857142857142858
Region VII: Central Visayas,91,2021-08-11,25.857142857142858
Region VII: Central Visayas,11,2021-08-12,24.857142857142858
Region VII: Central Visayas,90,2021-08-13,37.0
Region VII: Central Visayas,85,2021-08-14,48.714285714285715
Region VII: Central Visayas,16,2021-08-15,48.57142857142857
Region VII: Central Visayas,169,2021-08-16,68.0
Region VII: Central Visayas,8,2021-08-17,67.14285714285714
Region VII: Central Visayas,1,2021-08-18,54.285714285714285
Region VII: Central Visayas,3,2021-08-19,53.142857142857146
Region VII: Central Visayas,1,2021-08-20,40.42857142857143
Region VII: Central Visayas,2,2021-08-21,28.571428571428573
Region VII: Central Visayas,0,2021-08-22,26.285714285714285
Region VII: Central Visayas,4,2021-08-23,2.7142857142857144
Region VII: Central Visayas,2,2021-08-24,1.8571428571428572
Region VII: Central Visayas,0,2021-08-25,1.7142857142857142
Region VII: Central Visayas,15,2021-08-26,3.4285714285714284
Region VII: Central Visayas,22,2021-08-27,6.428571428571429
Region VII: Central Visayas,8,2021-08-28,7.285714285714286
Region VII: Central Visayas,22,2021-08-29,10.428571428571429
Region VII: Central Visayas,9,2021-08-30,11.142857142857142
Region VII: Central Visayas,22,2021-08-31,14.0
Region VII: Central Visayas,43,2021-09-01,20.142857142857142
Region VII: Central Visayas,2,2021-09-02,18.285714285714285
Region VII: Central Visayas,2,2021-09-03,15.428571428571429
Region VII: Central Visayas,2,2021-09-04,14.571428571428571
Region VII: Central Visayas,1,2021-09-05,11.571428571428571
Region VII: Central Visayas,3,2021-09-06,10.714285714285714
Region VII: Central Visayas,4,2021-09-07,8.142857142857142
Region VII: Central Visayas,2,2021-09-08,2.2857142857142856
Region VII: Central Visayas,2,2021-09-09,2.2857142857142856
Region VII: Central Visayas,2,2021-09-10,2.2857142857142856
Region VII: Central Visayas,20,2021-09-11,4.857142857142857
Region VII: Central Visayas,50,2021-09-12,11.857142857142858
Region VII: Central Visayas,265,2021-09-13,49.285714285714285
Region VII: Central Visayas,48,2021-09-14,55.57142857142857
Region VII: Central Visayas,119,2021-09-15,72.28571428571429
Region VII: Central Visayas,99,2021-09-16,86.14285714285714
Region VII: Central Visayas,104,2021-09-17,100.71428571428571
Region VII: Central Visayas,28,2021-09-18,101.85714285714286
Region VII: Central Visayas,30,2021-09-19,99.0
Region VII: Central Visayas,60,2021-09-20,69.71428571428571
Region VII: Central Visayas,110,2021-09-21,78.57142857142857
Region VII: Central Visayas,107,2021-09-22,76.85714285714286
Region VII: Central Visayas,49,2021-09-23,69.71428571428571
Region VII: Central Visayas,38,2021-09-24,60.285714285714285
Region VII: Central Visayas,48,2021-09-25,63.142857142857146
Region VII: Central Visayas,50,2021-09-26,66.0
Region VII: Central Visayas,53,2021-09-27,65.0
Region VII: Central Visayas,164,2021-09-28,72.71428571428571
Region VII: Central Visayas,1,2021-09-29,57.57142857142857
Region VII: Central Visayas,0,2021-09-30,50.57142857142857
Region VII: Central Visayas,0,2021-10-01,45.142857142857146
Region VII: Central Visayas,1,2021-10-02,38.42857142857143
Region VII: Central Visayas,3,2021-10-03,31.714285714285715
Region VII: Central Visayas,2,2021-10-04,24.428571428571427
Region VII: Central Visayas,1,2021-10-05,1.1428571428571428
Region VII: Central Visayas,7,2021-10-06,2.0
Region VII: Central Visayas,2,2021-10-07,2.2857142857142856
Region VII: Central Visayas,12,2021-10-08,4.0
Region VII: Central Visayas,21,2021-10-09,6.857142857142857
Region VII: Central Visayas,25,2021-10-10,10.0
Region VII: Central Visayas,26,2021-10-11,13.428571428571429
Region VII: Central Visayas,21,2021-10-12,16.285714285714285
Region VII: Central Visayas,70,2021-10-13,25.285714285714285
Region VII: Central Visayas,5,2021-10-14,25.714285714285715
Region VII: Central Visayas,40,2021-10-15,29.714285714285715
Region VII: Central Visayas,26,2021-10-16,30.428571428571427
Region VII: Central Visayas,37,2021-10-17,32.142857142857146
Region VII: Central Visayas,23,2021-10-18,31.714285714285715
Region VII: Central Visayas,19,2021-10-19,31.428571428571427
Region VII: Central Visayas,80,2021-10-20,32.857142857142854
Region VII: Central Visayas,13,2021-10-21,34.0
Region VII: Central Visayas,29,2021-10-22,32.42857142857143
Region VII: Central Visayas,79,2021-10-23,40.0
Region VII: Central Visayas,8,2021-10-24,35.857142857142854
Region VII: Central Visayas,41,2021-10-25,38.42857142857143
Region VII: Central Visayas,53,2021-10-26,43.285714285714285
Region VII: Central Visayas,22,2021-10-27,35.0
Region VII: Central Visayas,36,2021-10-28,38.285714285714285
Region VII: Central Visayas,62,2021-10-29,43.0
Region VII: Central Visayas,35,2021-10-30,36.714285714285715
Region VII: Central Visayas,11,2021-10-31,37.142857142857146
Region VII: Central Visayas,3,2021-11-01,31.714285714285715
Region VII: Central Visayas,4,2021-11-02,24.714285714285715
Region VII: Central Visayas,1,2021-11-03,21.714285714285715
Region VII: Central Visayas,1,2021-11-04,16.714285714285715
Region VII: Central Visayas,1,2021-11-05,8.0
Region VII: Central Visayas,1,2021-11-06,3.142857142857143
Region VII: Central Visayas,0,2021-11-07,1.5714285714285714
Region VII: Central Visayas,1,2021-11-08,1.2857142857142858
Region VII: Central Visayas,4,2021-11-09,1.2857142857142858
Region VII: Central Visayas,13,2021-11-10,3.0
Region VII: Central Visayas,12,2021-11-11,4.571428571428571
Region VII: Central Visayas,22,2021-11-12,7.571428571428571
Region VII: Central Visayas,14,2021-11-13,9.428571428571429
Region VII: Central Visayas,1,2021-11-14,9.571428571428571
Region VII: Central Visayas,12,2021-11-15,11.142857142857142
Region VII: Central Visayas,19,2021-11-16,13.285714285714286
Region VII: Central Visayas,30,2021-11-17,15.714285714285714
Region VII: Central Visayas,25,2021-11-18,17.571428571428573
Region VII: Central Visayas,0,2021-11-19,14.428571428571429
Region VII: Central Visayas,0,2021-11-20,12.428571428571429
Region VII: Central Visayas,1,2021-11-21,12.428571428571429
Region VII: Central Visayas,0,2021-11-22,10.714285714285714
Region VII: Central Visayas,0,2021-11-23,8.0
Region VII: Central Visayas,1,2021-11-24,3.857142857142857
Region VII: Central Visayas,0,2021-11-25,0.2857142857142857
Region VII: Central Visayas,0,2021-11-26,0.2857142857142857
Region VII: Central Visayas,1,2021-11-27,0.42857142857142855
Region VII: Central Visayas,0,2021-11-28,0.2857142857142857
Region VII: Central Visayas,0,2021-11-29,0.2857142857142857
Region VII: Central Visayas,1,2021-11-30,0.42857142857142855
Region VII: Central Visayas,0,2021-12-01,0.2857142857142857
Region VII: Central Visayas,1,2021-12-02,0.42857142857142855
Region VII: Central Visayas,0,2021-12-03,0.42857142857142855
Region VII: Central Visayas,0,2021-12-04,0.2857142857142857
Region VII: Central Visayas,0,2021-12-05,0.2857142857142857
Region VII: Central Visayas,0,2021-12-06,0.2857142857142857
Region VII: Central Visayas,3,2021-12-07,0.5714285714285714
Region VII: Central Visayas,8,2021-12-08,1.7142857142857142
Region VII: Central Visayas,1,2021-12-09,1.7142857142857142
Region VII: Central Visayas,3,2021-12-10,2.142857142857143
Region VII: Central Visayas,0,2021-12-11,2.142857142857143
Region VII: Central Visayas,4,2021-12-12,2.7142857142857144
Region VII: Central Visayas,3,2021-12-13,3.142857142857143
Region VII: Central Visayas,9,2021-12-14,4.0
Region VII: Central Visayas,0,2021-12-15,2.857142857142857
Region VII: Central Visayas,5,2021-12-16,3.4285714285714284
Region VII: Central Visayas,0,2021-12-17,3.0
Region VII: Central Visayas,0,2021-12-18,3.0
Region VII: Central Visayas,0,2021-12-19,2.4285714285714284
Region VII: Central Visayas,0,2021-12-20,2.0
Region VII: Central Visayas,4,2021-12-21,1.2857142857142858
Region VII: Central Visayas,7,2021-12-22,2.2857142857142856
Region VII: Central Visayas,2,2021-12-23,1.8571428571428572
Region VII: Central Visayas,0,2021-12-24,1.8571428571428572
Region VII: Central Visayas,0,2021-12-25,1.8571428571428572
Region VII: Central Visayas,0,2021-12-26,1.8571428571428572
Region VII: Central Visayas,0,2021-12-27,1.8571428571428572
Region VII: Central Visayas,1,2021-12-28,1.4285714285714286
Region VII: Central Visayas,0,2021-12-29,0.42857142857142855
Region VII: Central Visayas,0,2021-12-30,0.14285714285714285
Region VII: Central Visayas,0,2021-12-31,0.14285714285714285
Region VII: Central Visayas,0,2022-01-01,0.14285714285714285
Region VII: Central Visayas,1,2022-01-02,0.2857142857142857
Region VII: Central Visayas,0,2022-01-03,0.2857142857142857
Region VII: Central Visayas,0,2022-01-04,0.14285714285714285
Region VII: Central Visayas,1,2022-01-05,0.2857142857142857
Region VII: Central Visayas,3,2022-01-06,0.7142857142857143
Region VII: Central Visayas,3,2022-01-07,1.1428571428571428
Region VII: Central Visayas,0,2022-01-08,1.1428571428571428
Region VII: Central Visayas,3,2022-01-09,1.4285714285714286
Region VII: Central Visayas,3,2022-01-10,1.8571428571428572
Region VII: Central Visayas,2,2022-01-11,2.142857142857143
Region VII: Central Visayas,11,2022-01-12,3.5714285714285716
Region VII: Central Visayas,12,2022-01-13,4.857142857142857
Region VII: Central Visayas,22,2022-01-14,7.571428571428571
Region VII: Central Visayas,66,2022-01-15,17.0
Region VII: Central Visayas,18,2022-01-16,19.142857142857142
Region VII: Central Visayas,95,2022-01-17,32.285714285714285
Region VII: Central Visayas,57,2022-01-18,40.142857142857146
Region VII: Central Visayas,161,2022-01-19,61.57142857142857
Region VII: Central Visayas,84,2022-01-20,71.85714285714286
Region VII: Central Visayas,205,2022-01-21,98.0
Region VII: Central Visayas,430,2022-01-22,150.0
Region VII: Central Visayas,19,2022-01-23,150.14285714285714
Region VII: Central Visayas,641,2022-01-24,228.14285714285714
Region VII: Central Visayas,628,2022-01-25,309.7142857142857
Region VII: Central Visayas,836,2022-01-26,406.14285714285717
Region VII: Central Visayas,381,2022-01-27,448.57142857142856
Region VII: Central Visayas,338,2022-01-28,467.57142857142856
Region VII: Central Visayas,245,2022-01-29,441.14285714285717
Region VII: Central Visayas,200,2022-01-30,467.0
Region VII: Central Visayas,446,2022-01-31,439.14285714285717
Region VII: Central Visayas,340,2022-02-01,398.0
Region VII: Central Visayas,635,2022-02-02,369.2857142857143
Region VII: Central Visayas,532,2022-02-03,390.85714285714283
Region VII: Central Visayas,68,2022-02-04,352.2857142857143
Region VII: Central Visayas,268,2022-02-05,355.57142857142856
Region VII: Central Visayas,255,2022-02-06,363.42857142857144
Region VII: Central Visayas,379,2022-02-07,353.85714285714283
Region VII: Central Visayas,211,2022-02-08,335.42857142857144
Region VII: Central Visayas,2,2022-02-09,245.0
Region VII: Central Visayas,3,2022-02-10,169.42857142857142
Region VII: Central Visayas,7,2022-02-11,160.71428571428572
Region VII: Central Visayas,6,2022-02-12,123.28571428571429
Region VII: Central Visayas,4,2022-02-13,87.42857142857143
Region VII: Central Visayas,41,2022-02-14,39.142857142857146
Region VII: Central Visayas,1,2022-02-15,9.142857142857142
Region VII: Central Visayas,82,2022-02-16,20.571428571428573
Region VII: Central Visayas,24,2022-02-17,23.571428571428573
Region VII: Central Visayas,66,2022-02-18,32.0
Region VII: Central Visayas,53,2022-02-19,38.714285714285715
Region VII: Central Visayas,24,2022-02-20,41.57142857142857
Region VII: Central Visayas,104,2022-02-21,50.57142857142857
Region VII: Central Visayas,154,2022-02-22,72.42857142857143
Region VII: Central Visayas,66,2022-02-23,70.14285714285714
Region VII: Central Visayas,18,2022-02-24,69.28571428571429
Region VII: Central Visayas,18,2022-02-25,62.42857142857143
Region VII: Central Visayas,81,2022-02-26,66.42857142857143
Region VII: Central Visayas,0,2022-02-27,63.0
Region VII: Central Visayas,44,2022-02-28,54.42857142857143
Region VII: Central Visayas,26,2022-03-01,36.142857142857146
Region VII: Central Visayas,92,2022-03-02,39.857142857142854
Region VII: Central Visayas,11,2022-03-03,38.857142857142854
Region VII: Central Visayas,56,2022-03-04,44.285714285714285
Region VII: Central Visayas,17,2022-03-05,35.142857142857146
Region VII: Central Visayas,15,2022-03-06,37.285714285714285
Region VII: Central Visayas,49,2022-03-07,38.0
Region VII: Central Visayas,29,2022-03-08,38.42857142857143
Region VII: Central Visayas,64,2022-03-09,34.42857142857143
Region VII: Central Visayas,9,2022-03-10,34.142857142857146
Region VII: Central Visayas,70,2022-03-11,36.142857142857146
Region VII: Central Visayas,45,2022-03-12,40.142857142857146
Region VII: Central Visayas,10,2022-03-13,39.42857142857143
Region VII: Central Visayas,15,2022-03-14,34.57142857142857
Region VII: Central Visayas,5,2022-03-15,31.142857142857142
Region VII: Central Visayas,1,2022-03-16,22.142857142857142
Region VII: Central Visayas,0,2022-03-17,20.857142857142858
Region VII: Central Visayas,0,2022-03-18,10.857142857142858
Region VII: Central Visayas,0,2022-03-19,4.428571428571429
Region VII: Central Visayas,0,2022-03-20,3.0
Region VII: Central Visayas,0,2022-03-21,0.8571428571428571
Region VII: Central Visayas,0,2022-03-22,0.14285714285714285
Region VII: Central Visayas,0,2022-03-23,0.0
Region VII: Central Visayas,0,2022-03-24,0.0
Region VII: Central Visayas,0,2022-03-25,0.0
Region VII: Central Visayas,0,2022-03-26,0.0
Region VII: Central Visayas,0,2022-03-27,0.0
Region VII: Central Visayas,0,2022-03-28,0.0
Region VII: Central Visayas,0,2022-03-29,0.0
Region VII: Central Visayas,0,2022-03-30,0.0
Region VII: Central Visayas,0,2022-03-31,0.0
Region VII: Central Visayas,1,2022-04-01,0.14285714285714285
Region VII: Central Visayas,0,2022-04-02,0.14285714285714285
Region VII: Central Visayas,0,2022-04-03,0.14285714285714285
Region VII: Central Visayas,0,2022-04-04,0.14285714285714285
Region VII: Central Visayas,0,2022-04-05,0.14285714285714285
Region VII: Central Visayas,0,2022-04-06,0.14285714285714285
Region VII: Central Visayas,0,2022-04-07,0.14285714285714285
Region VII: Central Visayas,0,2022-04-08,0.0
Region VII: Central Visayas,0,2022-04-09,0.0
Region VII: Central Visayas,0,2022-04-10,0.0
Region VII: Central Visayas,0,2022-04-11,0.0
Region VII: Central Visayas,0,2022-04-12,0.0
Region VII: Central Visayas,0,2022-04-13,0.0
Region VII: Central Visayas,0,2022-04-14,0.0
Region VII: Central Visayas,0,2022-04-15,0.0
Region VII: Central Visayas,1,2022-04-16,0.14285714285714285
