region,count,date,7DayMA
Region IV-B: MIMAROPA,1,2020-04-11,
Region IV-B: MIMAROPA,2,2020-04-12,
Region IV-B: MIMAROPA,0,2020-04-13,
Region IV-B: MIMAROPA,0,2020-04-14,
Region IV-B: MIMAROPA,0,2020-04-15,
Region IV-B: MIMAROPA,0,2020-04-16,
Region IV-B: MIMAROPA,0,2020-04-17,0.42857142857142855
Region IV-B: MIMAROPA,0,2020-04-18,0.2857142857142857
Region IV-B: MIMAROPA,1,2020-04-19,0.14285714285714285
Region IV-B: MIMAROPA,0,2020-04-20,0.14285714285714285
Region IV-B: MIMAROPA,0,2020-04-21,0.14285714285714285
Region IV-B: MIMAROPA,0,2020-04-22,0.14285714285714285
Region IV-B: MIMAROPA,1,2020-04-23,0.2857142857142857
Region IV-B: MIMAROPA,0,2020-04-24,0.2857142857142857
Region IV-B: MIMAROPA,0,2020-04-25,0.2857142857142857
Region IV-B: MIMAROPA,0,2020-04-26,0.14285714285714285
Region IV-B: MIMAROPA,1,2020-04-27,0.2857142857142857
Region IV-B: MIMAROPA,0,2020-04-28,0.2857142857142857
Region IV-B: MIMAROPA,0,2020-04-29,0.2857142857142857
Region IV-B: MIMAROPA,0,2020-04-30,0.14285714285714285
Region IV-B: MIMAROPA,2,2020-05-01,0.42857142857142855
Region IV-B: MIMAROPA,1,2020-05-02,0.5714285714285714
Region IV-B: MIMAROPA,0,2020-05-03,0.5714285714285714
Region IV-B: MIMAROPA,1,2020-05-04,0.5714285714285714
Region IV-B: MIMAROPA,0,2020-05-05,0.5714285714285714
Region IV-B: MIMAROPA,0,2020-05-06,0.5714285714285714
Region IV-B: MIMAROPA,2,2020-05-07,0.8571428571428571
Region IV-B: MIMAROPA,0,2020-05-08,0.5714285714285714
Region IV-B: MIMAROPA,0,2020-05-09,0.42857142857142855
Region IV-B: MIMAROPA,0,2020-05-10,0.42857142857142855
Region IV-B: MIMAROPA,1,2020-05-11,0.42857142857142855
Region IV-B: MIMAROPA,0,2020-05-12,0.42857142857142855
Region IV-B: MIMAROPA,4,2020-05-13,1.0
Region IV-B: MIMAROPA,1,2020-05-14,0.8571428571428571
Region IV-B: MIMAROPA,0,2020-05-15,0.8571428571428571
Region IV-B: MIMAROPA,1,2020-05-16,1.0
Region IV-B: MIMAROPA,1,2020-05-17,1.1428571428571428
Region IV-B: MIMAROPA,0,2020-05-18,1.0
Region IV-B: MIMAROPA,0,2020-05-19,1.0
Region IV-B: MIMAROPA,1,2020-05-20,0.5714285714285714
Region IV-B: MIMAROPA,3,2020-05-21,0.8571428571428571
Region IV-B: MIMAROPA,0,2020-05-22,0.8571428571428571
Region IV-B: MIMAROPA,0,2020-05-23,0.7142857142857143
Region IV-B: MIMAROPA,1,2020-05-24,0.7142857142857143
Region IV-B: MIMAROPA,0,2020-05-25,0.7142857142857143
Region IV-B: MIMAROPA,0,2020-05-26,0.7142857142857143
Region IV-B: MIMAROPA,0,2020-05-27,0.5714285714285714
Region IV-B: MIMAROPA,0,2020-05-28,0.14285714285714285
Region IV-B: MIMAROPA,0,2020-05-29,0.14285714285714285
Region IV-B: MIMAROPA,0,2020-05-30,0.14285714285714285
Region IV-B: MIMAROPA,0,2020-05-31,0.0
Region IV-B: MIMAROPA,0,2020-06-01,0.0
Region IV-B: MIMAROPA,0,2020-06-02,0.0
Region IV-B: MIMAROPA,0,2020-06-03,0.0
Region IV-B: MIMAROPA,0,2020-06-04,0.0
Region IV-B: MIMAROPA,0,2020-06-05,0.0
Region IV-B: MIMAROPA,1,2020-06-06,0.14285714285714285
Region IV-B: MIMAROPA,0,2020-06-07,0.14285714285714285
Region IV-B: MIMAROPA,0,2020-06-08,0.14285714285714285
Region IV-B: MIMAROPA,1,2020-06-09,0.2857142857142857
Region IV-B: MIMAROPA,0,2020-06-10,0.2857142857142857
Region IV-B: MIMAROPA,0,2020-06-11,0.2857142857142857
Region IV-B: MIMAROPA,0,2020-06-12,0.2857142857142857
Region IV-B: MIMAROPA,16,2020-06-13,2.4285714285714284
Region IV-B: MIMAROPA,9,2020-06-14,3.7142857142857144
Region IV-B: MIMAROPA,1,2020-06-15,3.857142857142857
Region IV-B: MIMAROPA,0,2020-06-16,3.7142857142857144
Region IV-B: MIMAROPA,0,2020-06-17,3.7142857142857144
Region IV-B: MIMAROPA,0,2020-06-18,3.7142857142857144
Region IV-B: MIMAROPA,3,2020-06-19,4.142857142857143
Region IV-B: MIMAROPA,1,2020-06-20,2.0
Region IV-B: MIMAROPA,1,2020-06-21,0.8571428571428571
Region IV-B: MIMAROPA,0,2020-06-22,0.7142857142857143
Region IV-B: MIMAROPA,0,2020-06-23,0.7142857142857143
Region IV-B: MIMAROPA,0,2020-06-24,0.7142857142857143
Region IV-B: MIMAROPA,0,2020-06-25,0.7142857142857143
Region IV-B: MIMAROPA,0,2020-06-26,0.2857142857142857
Region IV-B: MIMAROPA,0,2020-06-27,0.14285714285714285
Region IV-B: MIMAROPA,0,2020-06-28,0.0
Region IV-B: MIMAROPA,1,2020-06-29,0.14285714285714285
Region IV-B: MIMAROPA,0,2020-06-30,0.14285714285714285
Region IV-B: MIMAROPA,1,2020-07-01,0.2857142857142857
Region IV-B: MIMAROPA,0,2020-07-02,0.2857142857142857
Region IV-B: MIMAROPA,0,2020-07-03,0.2857142857142857
Region IV-B: MIMAROPA,0,2020-07-04,0.2857142857142857
Region IV-B: MIMAROPA,0,2020-07-05,0.2857142857142857
Region IV-B: MIMAROPA,0,2020-07-06,0.14285714285714285
Region IV-B: MIMAROPA,1,2020-07-07,0.2857142857142857
Region IV-B: MIMAROPA,0,2020-07-08,0.14285714285714285
Region IV-B: MIMAROPA,2,2020-07-09,0.42857142857142855
Region IV-B: MIMAROPA,8,2020-07-10,1.5714285714285714
Region IV-B: MIMAROPA,0,2020-07-11,1.5714285714285714
Region IV-B: MIMAROPA,0,2020-07-12,1.5714285714285714
Region IV-B: MIMAROPA,1,2020-07-13,1.7142857142857142
Region IV-B: MIMAROPA,1,2020-07-14,1.7142857142857142
Region IV-B: MIMAROPA,6,2020-07-15,2.5714285714285716
Region IV-B: MIMAROPA,7,2020-07-16,3.2857142857142856
Region IV-B: MIMAROPA,0,2020-07-17,2.142857142857143
Region IV-B: MIMAROPA,0,2020-07-18,2.142857142857143
Region IV-B: MIMAROPA,4,2020-07-19,2.7142857142857144
Region IV-B: MIMAROPA,0,2020-07-20,2.5714285714285716
Region IV-B: MIMAROPA,0,2020-07-21,2.4285714285714284
Region IV-B: MIMAROPA,1,2020-07-22,1.7142857142857142
Region IV-B: MIMAROPA,3,2020-07-23,1.1428571428571428
Region IV-B: MIMAROPA,3,2020-07-24,1.5714285714285714
Region IV-B: MIMAROPA,1,2020-07-25,1.7142857142857142
Region IV-B: MIMAROPA,1,2020-07-26,1.2857142857142858
Region IV-B: MIMAROPA,0,2020-07-27,1.2857142857142858
Region IV-B: MIMAROPA,1,2020-07-28,1.4285714285714286
Region IV-B: MIMAROPA,4,2020-07-29,1.8571428571428572
Region IV-B: MIMAROPA,1,2020-07-30,1.5714285714285714
Region IV-B: MIMAROPA,4,2020-07-31,1.7142857142857142
Region IV-B: MIMAROPA,3,2020-08-01,2.0
Region IV-B: MIMAROPA,2,2020-08-02,2.142857142857143
Region IV-B: MIMAROPA,1,2020-08-03,2.2857142857142856
Region IV-B: MIMAROPA,1,2020-08-04,2.2857142857142856
Region IV-B: MIMAROPA,6,2020-08-05,2.5714285714285716
Region IV-B: MIMAROPA,15,2020-08-06,4.571428571428571
Region IV-B: MIMAROPA,3,2020-08-07,4.428571428571429
Region IV-B: MIMAROPA,3,2020-08-08,4.428571428571429
Region IV-B: MIMAROPA,2,2020-08-09,4.428571428571429
Region IV-B: MIMAROPA,1,2020-08-10,4.428571428571429
Region IV-B: MIMAROPA,6,2020-08-11,5.142857142857143
Region IV-B: MIMAROPA,7,2020-08-12,5.285714285714286
Region IV-B: MIMAROPA,3,2020-08-13,3.5714285714285716
Region IV-B: MIMAROPA,5,2020-08-14,3.857142857142857
Region IV-B: MIMAROPA,3,2020-08-15,3.857142857142857
Region IV-B: MIMAROPA,1,2020-08-16,3.7142857142857144
Region IV-B: MIMAROPA,15,2020-08-17,5.714285714285714
Region IV-B: MIMAROPA,3,2020-08-18,5.285714285714286
Region IV-B: MIMAROPA,3,2020-08-19,4.714285714285714
Region IV-B: MIMAROPA,14,2020-08-20,6.285714285714286
Region IV-B: MIMAROPA,10,2020-08-21,7.0
Region IV-B: MIMAROPA,4,2020-08-22,7.142857142857143
Region IV-B: MIMAROPA,2,2020-08-23,7.285714285714286
Region IV-B: MIMAROPA,42,2020-08-24,11.142857142857142
Region IV-B: MIMAROPA,2,2020-08-25,11.0
Region IV-B: MIMAROPA,3,2020-08-26,11.0
Region IV-B: MIMAROPA,7,2020-08-27,10.0
Region IV-B: MIMAROPA,2,2020-08-28,8.857142857142858
Region IV-B: MIMAROPA,8,2020-08-29,9.428571428571429
Region IV-B: MIMAROPA,7,2020-08-30,10.142857142857142
Region IV-B: MIMAROPA,4,2020-08-31,4.714285714285714
Region IV-B: MIMAROPA,13,2020-09-01,6.285714285714286
Region IV-B: MIMAROPA,3,2020-09-02,6.285714285714286
Region IV-B: MIMAROPA,2,2020-09-03,5.571428571428571
Region IV-B: MIMAROPA,1,2020-09-04,5.428571428571429
Region IV-B: MIMAROPA,12,2020-09-05,6.0
Region IV-B: MIMAROPA,0,2020-09-06,5.0
Region IV-B: MIMAROPA,12,2020-09-07,6.142857142857143
Region IV-B: MIMAROPA,5,2020-09-08,5.0
Region IV-B: MIMAROPA,0,2020-09-09,4.571428571428571
Region IV-B: MIMAROPA,12,2020-09-10,6.0
Region IV-B: MIMAROPA,3,2020-09-11,6.285714285714286
Region IV-B: MIMAROPA,4,2020-09-12,5.142857142857143
Region IV-B: MIMAROPA,37,2020-09-13,10.428571428571429
Region IV-B: MIMAROPA,9,2020-09-14,10.0
Region IV-B: MIMAROPA,4,2020-09-15,9.857142857142858
Region IV-B: MIMAROPA,46,2020-09-16,16.428571428571427
Region IV-B: MIMAROPA,9,2020-09-17,16.0
Region IV-B: MIMAROPA,24,2020-09-18,19.0
Region IV-B: MIMAROPA,8,2020-09-19,19.571428571428573
Region IV-B: MIMAROPA,9,2020-09-20,15.571428571428571
Region IV-B: MIMAROPA,29,2020-09-21,18.428571428571427
Region IV-B: MIMAROPA,12,2020-09-22,19.571428571428573
Region IV-B: MIMAROPA,11,2020-09-23,14.571428571428571
Region IV-B: MIMAROPA,20,2020-09-24,16.142857142857142
Region IV-B: MIMAROPA,18,2020-09-25,15.285714285714286
Region IV-B: MIMAROPA,9,2020-09-26,15.428571428571429
Region IV-B: MIMAROPA,13,2020-09-27,16.0
Region IV-B: MIMAROPA,9,2020-09-28,13.142857142857142
Region IV-B: MIMAROPA,28,2020-09-29,15.428571428571429
Region IV-B: MIMAROPA,12,2020-09-30,15.571428571428571
Region IV-B: MIMAROPA,48,2020-10-01,19.571428571428573
Region IV-B: MIMAROPA,17,2020-10-02,19.428571428571427
Region IV-B: MIMAROPA,19,2020-10-03,20.857142857142858
Region IV-B: MIMAROPA,7,2020-10-04,20.0
Region IV-B: MIMAROPA,25,2020-10-05,22.285714285714285
Region IV-B: MIMAROPA,14,2020-10-06,20.285714285714285
Region IV-B: MIMAROPA,16,2020-10-07,20.857142857142858
Region IV-B: MIMAROPA,5,2020-10-08,14.714285714285714
Region IV-B: MIMAROPA,27,2020-10-09,16.142857142857142
Region IV-B: MIMAROPA,11,2020-10-10,15.0
Region IV-B: MIMAROPA,20,2020-10-11,16.857142857142858
Region IV-B: MIMAROPA,5,2020-10-12,14.0
Region IV-B: MIMAROPA,52,2020-10-13,19.428571428571427
Region IV-B: MIMAROPA,17,2020-10-14,19.571428571428573
Region IV-B: MIMAROPA,11,2020-10-15,20.428571428571427
Region IV-B: MIMAROPA,20,2020-10-16,19.428571428571427
Region IV-B: MIMAROPA,7,2020-10-17,18.857142857142858
Region IV-B: MIMAROPA,4,2020-10-18,16.571428571428573
Region IV-B: MIMAROPA,31,2020-10-19,20.285714285714285
Region IV-B: MIMAROPA,3,2020-10-20,13.285714285714286
Region IV-B: MIMAROPA,2,2020-10-21,11.142857142857142
Region IV-B: MIMAROPA,7,2020-10-22,10.571428571428571
Region IV-B: MIMAROPA,7,2020-10-23,8.714285714285714
Region IV-B: MIMAROPA,6,2020-10-24,8.571428571428571
Region IV-B: MIMAROPA,3,2020-10-25,8.428571428571429
Region IV-B: MIMAROPA,4,2020-10-26,4.571428571428571
Region IV-B: MIMAROPA,16,2020-10-27,6.428571428571429
Region IV-B: MIMAROPA,4,2020-10-28,6.714285714285714
Region IV-B: MIMAROPA,11,2020-10-29,7.285714285714286
Region IV-B: MIMAROPA,8,2020-10-30,7.428571428571429
Region IV-B: MIMAROPA,3,2020-10-31,7.0
Region IV-B: MIMAROPA,8,2020-11-01,7.714285714285714
Region IV-B: MIMAROPA,7,2020-11-02,8.142857142857142
Region IV-B: MIMAROPA,7,2020-11-03,6.857142857142857
Region IV-B: MIMAROPA,6,2020-11-04,7.142857142857143
Region IV-B: MIMAROPA,1,2020-11-05,5.714285714285714
Region IV-B: MIMAROPA,6,2020-11-06,5.428571428571429
Region IV-B: MIMAROPA,1,2020-11-07,5.142857142857143
Region IV-B: MIMAROPA,4,2020-11-08,4.571428571428571
Region IV-B: MIMAROPA,0,2020-11-09,3.5714285714285716
Region IV-B: MIMAROPA,1,2020-11-10,2.7142857142857144
Region IV-B: MIMAROPA,9,2020-11-11,3.142857142857143
Region IV-B: MIMAROPA,4,2020-11-12,3.5714285714285716
Region IV-B: MIMAROPA,4,2020-11-13,3.2857142857142856
Region IV-B: MIMAROPA,13,2020-11-14,5.0
Region IV-B: MIMAROPA,9,2020-11-15,5.714285714285714
Region IV-B: MIMAROPA,1,2020-11-16,5.857142857142857
Region IV-B: MIMAROPA,1,2020-11-17,5.857142857142857
Region IV-B: MIMAROPA,14,2020-11-18,6.571428571428571
Region IV-B: MIMAROPA,5,2020-11-19,6.714285714285714
Region IV-B: MIMAROPA,9,2020-11-20,7.428571428571429
Region IV-B: MIMAROPA,5,2020-11-21,6.285714285714286
Region IV-B: MIMAROPA,10,2020-11-22,6.428571428571429
Region IV-B: MIMAROPA,3,2020-11-23,6.714285714285714
Region IV-B: MIMAROPA,16,2020-11-24,8.857142857142858
Region IV-B: MIMAROPA,2,2020-11-25,7.142857142857143
Region IV-B: MIMAROPA,0,2020-11-26,6.428571428571429
Region IV-B: MIMAROPA,3,2020-11-27,5.571428571428571
Region IV-B: MIMAROPA,5,2020-11-28,5.571428571428571
Region IV-B: MIMAROPA,0,2020-11-29,4.142857142857143
Region IV-B: MIMAROPA,17,2020-11-30,6.142857142857143
Region IV-B: MIMAROPA,4,2020-12-01,4.428571428571429
Region IV-B: MIMAROPA,8,2020-12-02,5.285714285714286
Region IV-B: MIMAROPA,10,2020-12-03,6.714285714285714
Region IV-B: MIMAROPA,10,2020-12-04,7.714285714285714
Region IV-B: MIMAROPA,15,2020-12-05,9.142857142857142
Region IV-B: MIMAROPA,8,2020-12-06,10.285714285714286
Region IV-B: MIMAROPA,28,2020-12-07,11.857142857142858
Region IV-B: MIMAROPA,7,2020-12-08,12.285714285714286
Region IV-B: MIMAROPA,14,2020-12-09,13.142857142857142
Region IV-B: MIMAROPA,36,2020-12-10,16.857142857142858
Region IV-B: MIMAROPA,14,2020-12-11,17.428571428571427
Region IV-B: MIMAROPA,11,2020-12-12,16.857142857142858
Region IV-B: MIMAROPA,23,2020-12-13,19.0
Region IV-B: MIMAROPA,6,2020-12-14,15.857142857142858
Region IV-B: MIMAROPA,14,2020-12-15,16.857142857142858
Region IV-B: MIMAROPA,32,2020-12-16,19.428571428571427
Region IV-B: MIMAROPA,18,2020-12-17,16.857142857142858
Region IV-B: MIMAROPA,10,2020-12-18,16.285714285714285
Region IV-B: MIMAROPA,2,2020-12-19,15.0
Region IV-B: MIMAROPA,4,2020-12-20,12.285714285714286
Region IV-B: MIMAROPA,7,2020-12-21,12.428571428571429
Region IV-B: MIMAROPA,6,2020-12-22,11.285714285714286
Region IV-B: MIMAROPA,4,2020-12-23,7.285714285714286
Region IV-B: MIMAROPA,10,2020-12-24,6.142857142857143
Region IV-B: MIMAROPA,4,2020-12-25,5.285714285714286
Region IV-B: MIMAROPA,6,2020-12-26,5.857142857142857
Region IV-B: MIMAROPA,3,2020-12-27,5.714285714285714
Region IV-B: MIMAROPA,3,2020-12-28,5.142857142857143
Region IV-B: MIMAROPA,13,2020-12-29,6.142857142857143
Region IV-B: MIMAROPA,4,2020-12-30,6.142857142857143
Region IV-B: MIMAROPA,3,2020-12-31,5.142857142857143
Region IV-B: MIMAROPA,1,2021-01-01,4.714285714285714
Region IV-B: MIMAROPA,2,2021-01-02,4.142857142857143
Region IV-B: MIMAROPA,4,2021-01-03,4.285714285714286
Region IV-B: MIMAROPA,0,2021-01-04,3.857142857142857
Region IV-B: MIMAROPA,6,2021-01-05,2.857142857142857
Region IV-B: MIMAROPA,3,2021-01-06,2.7142857142857144
Region IV-B: MIMAROPA,12,2021-01-07,4.0
Region IV-B: MIMAROPA,2,2021-01-08,4.142857142857143
Region IV-B: MIMAROPA,11,2021-01-09,5.428571428571429
Region IV-B: MIMAROPA,3,2021-01-10,5.285714285714286
Region IV-B: MIMAROPA,15,2021-01-11,7.428571428571429
Region IV-B: MIMAROPA,6,2021-01-12,7.428571428571429
Region IV-B: MIMAROPA,2,2021-01-13,7.285714285714286
Region IV-B: MIMAROPA,12,2021-01-14,7.285714285714286
Region IV-B: MIMAROPA,5,2021-01-15,7.714285714285714
Region IV-B: MIMAROPA,3,2021-01-16,6.571428571428571
Region IV-B: MIMAROPA,1,2021-01-17,6.285714285714286
Region IV-B: MIMAROPA,4,2021-01-18,4.714285714285714
Region IV-B: MIMAROPA,10,2021-01-19,5.285714285714286
Region IV-B: MIMAROPA,5,2021-01-20,5.714285714285714
Region IV-B: MIMAROPA,17,2021-01-21,6.428571428571429
Region IV-B: MIMAROPA,6,2021-01-22,6.571428571428571
Region IV-B: MIMAROPA,4,2021-01-23,6.714285714285714
Region IV-B: MIMAROPA,1,2021-01-24,6.714285714285714
Region IV-B: MIMAROPA,6,2021-01-25,7.0
Region IV-B: MIMAROPA,10,2021-01-26,7.0
Region IV-B: MIMAROPA,21,2021-01-27,9.285714285714286
Region IV-B: MIMAROPA,12,2021-01-28,8.571428571428571
Region IV-B: MIMAROPA,8,2021-01-29,8.857142857142858
Region IV-B: MIMAROPA,16,2021-01-30,10.571428571428571
Region IV-B: MIMAROPA,2,2021-01-31,10.714285714285714
Region IV-B: MIMAROPA,4,2021-02-01,10.428571428571429
Region IV-B: MIMAROPA,4,2021-02-02,9.571428571428571
Region IV-B: MIMAROPA,11,2021-02-03,8.142857142857142
Region IV-B: MIMAROPA,5,2021-02-04,7.142857142857143
Region IV-B: MIMAROPA,10,2021-02-05,7.428571428571429
Region IV-B: MIMAROPA,7,2021-02-06,6.142857142857143
Region IV-B: MIMAROPA,1,2021-02-07,6.0
Region IV-B: MIMAROPA,2,2021-02-08,5.714285714285714
Region IV-B: MIMAROPA,0,2021-02-09,5.142857142857143
Region IV-B: MIMAROPA,1,2021-02-10,3.7142857142857144
Region IV-B: MIMAROPA,4,2021-02-11,3.5714285714285716
Region IV-B: MIMAROPA,8,2021-02-12,3.2857142857142856
Region IV-B: MIMAROPA,4,2021-02-13,2.857142857142857
Region IV-B: MIMAROPA,0,2021-02-14,2.7142857142857144
Region IV-B: MIMAROPA,4,2021-02-15,3.0
Region IV-B: MIMAROPA,3,2021-02-16,3.4285714285714284
Region IV-B: MIMAROPA,0,2021-02-17,3.2857142857142856
Region IV-B: MIMAROPA,3,2021-02-18,3.142857142857143
Region IV-B: MIMAROPA,1,2021-02-19,2.142857142857143
Region IV-B: MIMAROPA,1,2021-02-20,1.7142857142857142
Region IV-B: MIMAROPA,4,2021-02-21,2.2857142857142856
Region IV-B: MIMAROPA,0,2021-02-22,1.7142857142857142
Region IV-B: MIMAROPA,3,2021-02-23,1.7142857142857142
Region IV-B: MIMAROPA,19,2021-02-24,4.428571428571429
Region IV-B: MIMAROPA,1,2021-02-25,4.142857142857143
Region IV-B: MIMAROPA,8,2021-02-26,5.142857142857143
Region IV-B: MIMAROPA,1,2021-02-27,5.142857142857143
Region IV-B: MIMAROPA,0,2021-02-28,4.571428571428571
Region IV-B: MIMAROPA,1,2021-03-01,4.714285714285714
Region IV-B: MIMAROPA,15,2021-03-02,6.428571428571429
Region IV-B: MIMAROPA,4,2021-03-03,4.285714285714286
Region IV-B: MIMAROPA,4,2021-03-04,4.714285714285714
Region IV-B: MIMAROPA,2,2021-03-05,3.857142857142857
Region IV-B: MIMAROPA,7,2021-03-06,4.714285714285714
Region IV-B: MIMAROPA,4,2021-03-07,5.285714285714286
Region IV-B: MIMAROPA,1,2021-03-08,5.285714285714286
Region IV-B: MIMAROPA,7,2021-03-09,4.142857142857143
Region IV-B: MIMAROPA,1,2021-03-10,3.7142857142857144
Region IV-B: MIMAROPA,1,2021-03-11,3.2857142857142856
Region IV-B: MIMAROPA,4,2021-03-12,3.5714285714285716
Region IV-B: MIMAROPA,6,2021-03-13,3.4285714285714284
Region IV-B: MIMAROPA,2,2021-03-14,3.142857142857143
Region IV-B: MIMAROPA,7,2021-03-15,4.0
Region IV-B: MIMAROPA,12,2021-03-16,4.714285714285714
Region IV-B: MIMAROPA,6,2021-03-17,5.428571428571429
Region IV-B: MIMAROPA,6,2021-03-18,6.142857142857143
Region IV-B: MIMAROPA,16,2021-03-19,7.857142857142857
Region IV-B: MIMAROPA,8,2021-03-20,8.142857142857142
Region IV-B: MIMAROPA,13,2021-03-21,9.714285714285714
Region IV-B: MIMAROPA,21,2021-03-22,11.714285714285714
Region IV-B: MIMAROPA,11,2021-03-23,11.571428571428571
Region IV-B: MIMAROPA,21,2021-03-24,13.714285714285714
Region IV-B: MIMAROPA,3,2021-03-25,13.285714285714286
Region IV-B: MIMAROPA,37,2021-03-26,16.285714285714285
Region IV-B: MIMAROPA,15,2021-03-27,17.285714285714285
Region IV-B: MIMAROPA,6,2021-03-28,16.285714285714285
Region IV-B: MIMAROPA,28,2021-03-29,17.285714285714285
Region IV-B: MIMAROPA,17,2021-03-30,18.142857142857142
Region IV-B: MIMAROPA,12,2021-03-31,16.857142857142858
Region IV-B: MIMAROPA,16,2021-04-01,18.714285714285715
Region IV-B: MIMAROPA,9,2021-04-02,14.714285714285714
Region IV-B: MIMAROPA,41,2021-04-03,18.428571428571427
Region IV-B: MIMAROPA,36,2021-04-04,22.714285714285715
Region IV-B: MIMAROPA,11,2021-04-05,20.285714285714285
Region IV-B: MIMAROPA,49,2021-04-06,24.857142857142858
Region IV-B: MIMAROPA,1,2021-04-07,23.285714285714285
Region IV-B: MIMAROPA,22,2021-04-08,24.142857142857142
Region IV-B: MIMAROPA,15,2021-04-09,25.0
Region IV-B: MIMAROPA,12,2021-04-10,20.857142857142858
Region IV-B: MIMAROPA,75,2021-04-11,26.428571428571427
Region IV-B: MIMAROPA,22,2021-04-12,28.0
Region IV-B: MIMAROPA,32,2021-04-13,25.571428571428573
Region IV-B: MIMAROPA,15,2021-04-14,27.571428571428573
Region IV-B: MIMAROPA,25,2021-04-15,28.0
Region IV-B: MIMAROPA,16,2021-04-16,28.142857142857142
Region IV-B: MIMAROPA,21,2021-04-17,29.428571428571427
Region IV-B: MIMAROPA,29,2021-04-18,22.857142857142858
Region IV-B: MIMAROPA,32,2021-04-19,24.285714285714285
Region IV-B: MIMAROPA,78,2021-04-20,30.857142857142858
Region IV-B: MIMAROPA,62,2021-04-21,37.57142857142857
Region IV-B: MIMAROPA,53,2021-04-22,41.57142857142857
Region IV-B: MIMAROPA,39,2021-04-23,44.857142857142854
Region IV-B: MIMAROPA,14,2021-04-24,43.857142857142854
Region IV-B: MIMAROPA,30,2021-04-25,44.0
Region IV-B: MIMAROPA,17,2021-04-26,41.857142857142854
Region IV-B: MIMAROPA,85,2021-04-27,42.857142857142854
Region IV-B: MIMAROPA,15,2021-04-28,36.142857142857146
Region IV-B: MIMAROPA,28,2021-04-29,32.57142857142857
Region IV-B: MIMAROPA,12,2021-04-30,28.714285714285715
Region IV-B: MIMAROPA,15,2021-05-01,28.857142857142858
Region IV-B: MIMAROPA,20,2021-05-02,27.428571428571427
Region IV-B: MIMAROPA,23,2021-05-03,28.285714285714285
Region IV-B: MIMAROPA,37,2021-05-04,21.428571428571427
Region IV-B: MIMAROPA,38,2021-05-05,24.714285714285715
Region IV-B: MIMAROPA,40,2021-05-06,26.428571428571427
Region IV-B: MIMAROPA,30,2021-05-07,29.0
Region IV-B: MIMAROPA,64,2021-05-08,36.0
Region IV-B: MIMAROPA,34,2021-05-09,38.0
Region IV-B: MIMAROPA,98,2021-05-10,48.714285714285715
Region IV-B: MIMAROPA,41,2021-05-11,49.285714285714285
Region IV-B: MIMAROPA,42,2021-05-12,49.857142857142854
Region IV-B: MIMAROPA,63,2021-05-13,53.142857142857146
Region IV-B: MIMAROPA,38,2021-05-14,54.285714285714285
Region IV-B: MIMAROPA,35,2021-05-15,50.142857142857146
Region IV-B: MIMAROPA,35,2021-05-16,50.285714285714285
Region IV-B: MIMAROPA,29,2021-05-17,40.42857142857143
Region IV-B: MIMAROPA,29,2021-05-18,38.714285714285715
Region IV-B: MIMAROPA,32,2021-05-19,37.285714285714285
Region IV-B: MIMAROPA,30,2021-05-20,32.57142857142857
Region IV-B: MIMAROPA,16,2021-05-21,29.428571428571427
Region IV-B: MIMAROPA,22,2021-05-22,27.571428571428573
Region IV-B: MIMAROPA,32,2021-05-23,27.142857142857142
Region IV-B: MIMAROPA,98,2021-05-24,37.0
Region IV-B: MIMAROPA,131,2021-05-25,51.57142857142857
Region IV-B: MIMAROPA,79,2021-05-26,58.285714285714285
Region IV-B: MIMAROPA,14,2021-05-27,56.0
Region IV-B: MIMAROPA,50,2021-05-28,60.857142857142854
Region IV-B: MIMAROPA,40,2021-05-29,63.42857142857143
Region IV-B: MIMAROPA,68,2021-05-30,68.57142857142857
Region IV-B: MIMAROPA,101,2021-05-31,69.0
Region IV-B: MIMAROPA,37,2021-06-01,55.57142857142857
Region IV-B: MIMAROPA,18,2021-06-02,46.857142857142854
Region IV-B: MIMAROPA,37,2021-06-03,50.142857142857146
Region IV-B: MIMAROPA,35,2021-06-04,48.0
Region IV-B: MIMAROPA,38,2021-06-05,47.714285714285715
Region IV-B: MIMAROPA,29,2021-06-06,42.142857142857146
Region IV-B: MIMAROPA,49,2021-06-07,34.714285714285715
Region IV-B: MIMAROPA,44,2021-06-08,35.714285714285715
Region IV-B: MIMAROPA,26,2021-06-09,36.857142857142854
Region IV-B: MIMAROPA,24,2021-06-10,35.0
Region IV-B: MIMAROPA,3,2021-06-11,30.428571428571427
Region IV-B: MIMAROPA,11,2021-06-12,26.571428571428573
Region IV-B: MIMAROPA,19,2021-06-13,25.142857142857142
Region IV-B: MIMAROPA,88,2021-06-14,30.714285714285715
Region IV-B: MIMAROPA,64,2021-06-15,33.57142857142857
Region IV-B: MIMAROPA,15,2021-06-16,32.0
Region IV-B: MIMAROPA,8,2021-06-17,29.714285714285715
Region IV-B: MIMAROPA,25,2021-06-18,32.857142857142854
Region IV-B: MIMAROPA,46,2021-06-19,37.857142857142854
Region IV-B: MIMAROPA,44,2021-06-20,41.42857142857143
Region IV-B: MIMAROPA,29,2021-06-21,33.0
Region IV-B: MIMAROPA,12,2021-06-22,25.571428571428573
Region IV-B: MIMAROPA,21,2021-06-23,26.428571428571427
Region IV-B: MIMAROPA,33,2021-06-24,30.0
Region IV-B: MIMAROPA,10,2021-06-25,27.857142857142858
Region IV-B: MIMAROPA,22,2021-06-26,24.428571428571427
Region IV-B: MIMAROPA,19,2021-06-27,20.857142857142858
Region IV-B: MIMAROPA,25,2021-06-28,20.285714285714285
Region IV-B: MIMAROPA,15,2021-06-29,20.714285714285715
Region IV-B: MIMAROPA,42,2021-06-30,23.714285714285715
Region IV-B: MIMAROPA,24,2021-07-01,22.428571428571427
Region IV-B: MIMAROPA,14,2021-07-02,23.0
Region IV-B: MIMAROPA,39,2021-07-03,25.428571428571427
Region IV-B: MIMAROPA,30,2021-07-04,27.0
Region IV-B: MIMAROPA,21,2021-07-05,26.428571428571427
Region IV-B: MIMAROPA,36,2021-07-06,29.428571428571427
Region IV-B: MIMAROPA,25,2021-07-07,27.0
Region IV-B: MIMAROPA,23,2021-07-08,26.857142857142858
Region IV-B: MIMAROPA,42,2021-07-09,30.857142857142858
Region IV-B: MIMAROPA,44,2021-07-10,31.571428571428573
Region IV-B: MIMAROPA,35,2021-07-11,32.285714285714285
Region IV-B: MIMAROPA,1,2021-07-12,29.428571428571427
Region IV-B: MIMAROPA,36,2021-07-13,29.428571428571427
Region IV-B: MIMAROPA,42,2021-07-14,31.857142857142858
Region IV-B: MIMAROPA,22,2021-07-15,31.714285714285715
Region IV-B: MIMAROPA,35,2021-07-16,30.714285714285715
Region IV-B: MIMAROPA,22,2021-07-17,27.571428571428573
Region IV-B: MIMAROPA,18,2021-07-18,25.142857142857142
Region IV-B: MIMAROPA,27,2021-07-19,28.857142857142858
Region IV-B: MIMAROPA,24,2021-07-20,27.142857142857142
Region IV-B: MIMAROPA,35,2021-07-21,26.142857142857142
Region IV-B: MIMAROPA,9,2021-07-22,24.285714285714285
Region IV-B: MIMAROPA,20,2021-07-23,22.142857142857142
Region IV-B: MIMAROPA,48,2021-07-24,25.857142857142858
Region IV-B: MIMAROPA,23,2021-07-25,26.571428571428573
Region IV-B: MIMAROPA,15,2021-07-26,24.857142857142858
Region IV-B: MIMAROPA,69,2021-07-27,31.285714285714285
Region IV-B: MIMAROPA,1,2021-07-28,26.428571428571427
Region IV-B: MIMAROPA,30,2021-07-29,29.428571428571427
Region IV-B: MIMAROPA,22,2021-07-30,29.714285714285715
Region IV-B: MIMAROPA,46,2021-07-31,29.428571428571427
Region IV-B: MIMAROPA,9,2021-08-01,27.428571428571427
Region IV-B: MIMAROPA,43,2021-08-02,31.428571428571427
Region IV-B: MIMAROPA,13,2021-08-03,23.428571428571427
Region IV-B: MIMAROPA,8,2021-08-04,24.428571428571427
Region IV-B: MIMAROPA,14,2021-08-05,22.142857142857142
Region IV-B: MIMAROPA,48,2021-08-06,25.857142857142858
Region IV-B: MIMAROPA,37,2021-08-07,24.571428571428573
Region IV-B: MIMAROPA,17,2021-08-08,25.714285714285715
Region IV-B: MIMAROPA,29,2021-08-09,23.714285714285715
Region IV-B: MIMAROPA,19,2021-08-10,24.571428571428573
Region IV-B: MIMAROPA,27,2021-08-11,27.285714285714285
Region IV-B: MIMAROPA,30,2021-08-12,29.571428571428573
Region IV-B: MIMAROPA,46,2021-08-13,29.285714285714285
Region IV-B: MIMAROPA,17,2021-08-14,26.428571428571427
Region IV-B: MIMAROPA,37,2021-08-15,29.285714285714285
Region IV-B: MIMAROPA,38,2021-08-16,30.571428571428573
Region IV-B: MIMAROPA,9,2021-08-17,29.142857142857142
Region IV-B: MIMAROPA,10,2021-08-18,26.714285714285715
Region IV-B: MIMAROPA,19,2021-08-19,25.142857142857142
Region IV-B: MIMAROPA,24,2021-08-20,22.0
Region IV-B: MIMAROPA,21,2021-08-21,22.571428571428573
Region IV-B: MIMAROPA,32,2021-08-22,21.857142857142858
Region IV-B: MIMAROPA,27,2021-08-23,20.285714285714285
Region IV-B: MIMAROPA,3,2021-08-24,19.428571428571427
Region IV-B: MIMAROPA,12,2021-08-25,19.714285714285715
Region IV-B: MIMAROPA,58,2021-08-26,25.285714285714285
Region IV-B: MIMAROPA,60,2021-08-27,30.428571428571427
Region IV-B: MIMAROPA,36,2021-08-28,32.57142857142857
Region IV-B: MIMAROPA,17,2021-08-29,30.428571428571427
Region IV-B: MIMAROPA,29,2021-08-30,30.714285714285715
Region IV-B: MIMAROPA,17,2021-08-31,32.714285714285715
Region IV-B: MIMAROPA,23,2021-09-01,34.285714285714285
Region IV-B: MIMAROPA,23,2021-09-02,29.285714285714285
Region IV-B: MIMAROPA,36,2021-09-03,25.857142857142858
Region IV-B: MIMAROPA,54,2021-09-04,28.428571428571427
Region IV-B: MIMAROPA,34,2021-09-05,30.857142857142858
Region IV-B: MIMAROPA,29,2021-09-06,30.857142857142858
Region IV-B: MIMAROPA,20,2021-09-07,31.285714285714285
Region IV-B: MIMAROPA,35,2021-09-08,33.0
Region IV-B: MIMAROPA,23,2021-09-09,33.0
Region IV-B: MIMAROPA,22,2021-09-10,31.0
Region IV-B: MIMAROPA,55,2021-09-11,31.142857142857142
Region IV-B: MIMAROPA,70,2021-09-12,36.285714285714285
Region IV-B: MIMAROPA,36,2021-09-13,37.285714285714285
Region IV-B: MIMAROPA,20,2021-09-14,37.285714285714285
Region IV-B: MIMAROPA,17,2021-09-15,34.714285714285715
Region IV-B: MIMAROPA,15,2021-09-16,33.57142857142857
Region IV-B: MIMAROPA,17,2021-09-17,32.857142857142854
Region IV-B: MIMAROPA,15,2021-09-18,27.142857142857142
Region IV-B: MIMAROPA,26,2021-09-19,20.857142857142858
Region IV-B: MIMAROPA,36,2021-09-20,20.857142857142858
Region IV-B: MIMAROPA,30,2021-09-21,22.285714285714285
Region IV-B: MIMAROPA,51,2021-09-22,27.142857142857142
Region IV-B: MIMAROPA,47,2021-09-23,31.714285714285715
Region IV-B: MIMAROPA,35,2021-09-24,34.285714285714285
Region IV-B: MIMAROPA,63,2021-09-25,41.142857142857146
Region IV-B: MIMAROPA,124,2021-09-26,55.142857142857146
Region IV-B: MIMAROPA,31,2021-09-27,54.42857142857143
Region IV-B: MIMAROPA,62,2021-09-28,59.0
Region IV-B: MIMAROPA,9,2021-09-29,53.0
Region IV-B: MIMAROPA,32,2021-09-30,50.857142857142854
Region IV-B: MIMAROPA,11,2021-10-01,47.42857142857143
Region IV-B: MIMAROPA,34,2021-10-02,43.285714285714285
Region IV-B: MIMAROPA,14,2021-10-03,27.571428571428573
Region IV-B: MIMAROPA,24,2021-10-04,26.571428571428573
Region IV-B: MIMAROPA,21,2021-10-05,20.714285714285715
Region IV-B: MIMAROPA,43,2021-10-06,25.571428571428573
Region IV-B: MIMAROPA,39,2021-10-07,26.571428571428573
Region IV-B: MIMAROPA,61,2021-10-08,33.714285714285715
Region IV-B: MIMAROPA,42,2021-10-09,34.857142857142854
Region IV-B: MIMAROPA,48,2021-10-10,39.714285714285715
Region IV-B: MIMAROPA,27,2021-10-11,40.142857142857146
Region IV-B: MIMAROPA,52,2021-10-12,44.57142857142857
Region IV-B: MIMAROPA,17,2021-10-13,40.857142857142854
Region IV-B: MIMAROPA,25,2021-10-14,38.857142857142854
Region IV-B: MIMAROPA,30,2021-10-15,34.42857142857143
Region IV-B: MIMAROPA,54,2021-10-16,36.142857142857146
Region IV-B: MIMAROPA,26,2021-10-17,33.0
Region IV-B: MIMAROPA,62,2021-10-18,38.0
Region IV-B: MIMAROPA,58,2021-10-19,38.857142857142854
Region IV-B: MIMAROPA,11,2021-10-20,38.0
Region IV-B: MIMAROPA,16,2021-10-21,36.714285714285715
Region IV-B: MIMAROPA,46,2021-10-22,39.0
Region IV-B: MIMAROPA,66,2021-10-23,40.714285714285715
Region IV-B: MIMAROPA,18,2021-10-24,39.57142857142857
Region IV-B: MIMAROPA,62,2021-10-25,39.57142857142857
Region IV-B: MIMAROPA,32,2021-10-26,35.857142857142854
Region IV-B: MIMAROPA,21,2021-10-27,37.285714285714285
Region IV-B: MIMAROPA,39,2021-10-28,40.57142857142857
Region IV-B: MIMAROPA,49,2021-10-29,41.0
Region IV-B: MIMAROPA,29,2021-10-30,35.714285714285715
Region IV-B: MIMAROPA,55,2021-10-31,41.0
Region IV-B: MIMAROPA,20,2021-11-01,35.0
Region IV-B: MIMAROPA,19,2021-11-02,33.142857142857146
Region IV-B: MIMAROPA,7,2021-11-03,31.142857142857142
Region IV-B: MIMAROPA,6,2021-11-04,26.428571428571427
Region IV-B: MIMAROPA,20,2021-11-05,22.285714285714285
Region IV-B: MIMAROPA,5,2021-11-06,18.857142857142858
Region IV-B: MIMAROPA,42,2021-11-07,17.0
Region IV-B: MIMAROPA,26,2021-11-08,17.857142857142858
Region IV-B: MIMAROPA,52,2021-11-09,22.571428571428573
Region IV-B: MIMAROPA,27,2021-11-10,25.428571428571427
Region IV-B: MIMAROPA,25,2021-11-11,28.142857142857142
Region IV-B: MIMAROPA,5,2021-11-12,26.0
Region IV-B: MIMAROPA,1,2021-11-13,25.428571428571427
Region IV-B: MIMAROPA,19,2021-11-14,22.142857142857142
Region IV-B: MIMAROPA,23,2021-11-15,21.714285714285715
Region IV-B: MIMAROPA,11,2021-11-16,15.857142857142858
Region IV-B: MIMAROPA,19,2021-11-17,14.714285714285714
Region IV-B: MIMAROPA,27,2021-11-18,15.0
Region IV-B: MIMAROPA,30,2021-11-19,18.571428571428573
Region IV-B: MIMAROPA,23,2021-11-20,21.714285714285715
Region IV-B: MIMAROPA,21,2021-11-21,22.0
Region IV-B: MIMAROPA,21,2021-11-22,21.714285714285715
Region IV-B: MIMAROPA,16,2021-11-23,22.428571428571427
Region IV-B: MIMAROPA,16,2021-11-24,22.0
Region IV-B: MIMAROPA,6,2021-11-25,19.0
Region IV-B: MIMAROPA,7,2021-11-26,15.714285714285714
Region IV-B: MIMAROPA,29,2021-11-27,16.571428571428573
Region IV-B: MIMAROPA,19,2021-11-28,16.285714285714285
Region IV-B: MIMAROPA,13,2021-11-29,15.142857142857142
Region IV-B: MIMAROPA,9,2021-11-30,14.142857142857142
Region IV-B: MIMAROPA,11,2021-12-01,13.428571428571429
Region IV-B: MIMAROPA,3,2021-12-02,13.0
Region IV-B: MIMAROPA,4,2021-12-03,12.571428571428571
Region IV-B: MIMAROPA,5,2021-12-04,9.142857142857142
Region IV-B: MIMAROPA,16,2021-12-05,8.714285714285714
Region IV-B: MIMAROPA,8,2021-12-06,8.0
Region IV-B: MIMAROPA,2,2021-12-07,7.0
Region IV-B: MIMAROPA,1,2021-12-08,5.571428571428571
Region IV-B: MIMAROPA,0,2021-12-09,5.142857142857143
Region IV-B: MIMAROPA,0,2021-12-10,4.571428571428571
Region IV-B: MIMAROPA,0,2021-12-11,3.857142857142857
Region IV-B: MIMAROPA,0,2021-12-12,1.5714285714285714
Region IV-B: MIMAROPA,0,2021-12-13,0.42857142857142855
Region IV-B: MIMAROPA,0,2021-12-14,0.14285714285714285
Region IV-B: MIMAROPA,7,2021-12-15,1.0
Region IV-B: MIMAROPA,2,2021-12-16,1.2857142857142858
Region IV-B: MIMAROPA,11,2021-12-17,2.857142857142857
Region IV-B: MIMAROPA,2,2021-12-18,3.142857142857143
Region IV-B: MIMAROPA,1,2021-12-19,3.2857142857142856
Region IV-B: MIMAROPA,4,2021-12-20,3.857142857142857
Region IV-B: MIMAROPA,0,2021-12-21,3.857142857142857
Region IV-B: MIMAROPA,0,2021-12-22,2.857142857142857
Region IV-B: MIMAROPA,0,2021-12-23,2.5714285714285716
Region IV-B: MIMAROPA,1,2021-12-24,1.1428571428571428
Region IV-B: MIMAROPA,3,2021-12-25,1.2857142857142858
Region IV-B: MIMAROPA,0,2021-12-26,1.1428571428571428
Region IV-B: MIMAROPA,7,2021-12-27,1.5714285714285714
Region IV-B: MIMAROPA,1,2021-12-28,1.7142857142857142
Region IV-B: MIMAROPA,1,2021-12-29,1.8571428571428572
Region IV-B: MIMAROPA,0,2021-12-30,1.8571428571428572
Region IV-B: MIMAROPA,0,2021-12-31,1.7142857142857142
Region IV-B: MIMAROPA,0,2022-01-01,1.2857142857142858
Region IV-B: MIMAROPA,0,2022-01-02,1.2857142857142858
Region IV-B: MIMAROPA,0,2022-01-03,0.2857142857142857
Region IV-B: MIMAROPA,1,2022-01-04,0.2857142857142857
Region IV-B: MIMAROPA,3,2022-01-05,0.5714285714285714
Region IV-B: MIMAROPA,0,2022-01-06,0.5714285714285714
Region IV-B: MIMAROPA,0,2022-01-07,0.5714285714285714
Region IV-B: MIMAROPA,1,2022-01-08,0.7142857142857143
Region IV-B: MIMAROPA,9,2022-01-09,2.0
Region IV-B: MIMAROPA,2,2022-01-10,2.2857142857142856
Region IV-B: MIMAROPA,7,2022-01-11,3.142857142857143
Region IV-B: MIMAROPA,10,2022-01-12,4.142857142857143
Region IV-B: MIMAROPA,8,2022-01-13,5.285714285714286
Region IV-B: MIMAROPA,7,2022-01-14,6.285714285714286
Region IV-B: MIMAROPA,20,2022-01-15,9.0
Region IV-B: MIMAROPA,30,2022-01-16,12.0
Region IV-B: MIMAROPA,44,2022-01-17,18.0
Region IV-B: MIMAROPA,60,2022-01-18,25.571428571428573
Region IV-B: MIMAROPA,87,2022-01-19,36.57142857142857
Region IV-B: MIMAROPA,81,2022-01-20,47.0
Region IV-B: MIMAROPA,72,2022-01-21,56.285714285714285
Region IV-B: MIMAROPA,71,2022-01-22,63.57142857142857
Region IV-B: MIMAROPA,64,2022-01-23,68.42857142857143
Region IV-B: MIMAROPA,87,2022-01-24,74.57142857142857
Region IV-B: MIMAROPA,105,2022-01-25,81.0
Region IV-B: MIMAROPA,79,2022-01-26,79.85714285714286
Region IV-B: MIMAROPA,149,2022-01-27,89.57142857142857
Region IV-B: MIMAROPA,1,2022-01-28,79.42857142857143
Region IV-B: MIMAROPA,32,2022-01-29,73.85714285714286
Region IV-B: MIMAROPA,53,2022-01-30,72.28571428571429
Region IV-B: MIMAROPA,85,2022-01-31,72.0
Region IV-B: MIMAROPA,50,2022-02-01,64.14285714285714
Region IV-B: MIMAROPA,115,2022-02-02,69.28571428571429
Region IV-B: MIMAROPA,37,2022-02-03,53.285714285714285
Region IV-B: MIMAROPA,58,2022-02-04,61.42857142857143
Region IV-B: MIMAROPA,53,2022-02-05,64.42857142857143
Region IV-B: MIMAROPA,17,2022-02-06,59.285714285714285
Region IV-B: MIMAROPA,11,2022-02-07,48.714285714285715
Region IV-B: MIMAROPA,3,2022-02-08,42.0
Region IV-B: MIMAROPA,18,2022-02-09,28.142857142857142
Region IV-B: MIMAROPA,3,2022-02-10,23.285714285714285
Region IV-B: MIMAROPA,2,2022-02-11,15.285714285714286
Region IV-B: MIMAROPA,2,2022-02-12,8.0
Region IV-B: MIMAROPA,6,2022-02-13,6.428571428571429
Region IV-B: MIMAROPA,4,2022-02-14,5.428571428571429
Region IV-B: MIMAROPA,3,2022-02-15,5.428571428571429
Region IV-B: MIMAROPA,1,2022-02-16,3.0
Region IV-B: MIMAROPA,1,2022-02-17,2.7142857142857144
Region IV-B: MIMAROPA,0,2022-02-18,2.4285714285714284
Region IV-B: MIMAROPA,0,2022-02-19,2.142857142857143
Region IV-B: MIMAROPA,0,2022-02-20,1.2857142857142858
Region IV-B: MIMAROPA,0,2022-02-21,0.7142857142857143
Region IV-B: MIMAROPA,0,2022-02-22,0.2857142857142857
Region IV-B: MIMAROPA,3,2022-02-23,0.5714285714285714
Region IV-B: MIMAROPA,0,2022-02-24,0.42857142857142855
Region IV-B: MIMAROPA,1,2022-02-25,0.5714285714285714
Region IV-B: MIMAROPA,1,2022-02-26,0.7142857142857143
Region IV-B: MIMAROPA,0,2022-02-27,0.7142857142857143
Region IV-B: MIMAROPA,0,2022-02-28,0.7142857142857143
Region IV-B: MIMAROPA,0,2022-03-01,0.7142857142857143
Region IV-B: MIMAROPA,0,2022-03-02,0.2857142857142857
Region IV-B: MIMAROPA,1,2022-03-03,0.42857142857142855
Region IV-B: MIMAROPA,0,2022-03-04,0.2857142857142857
Region IV-B: MIMAROPA,0,2022-03-05,0.14285714285714285
Region IV-B: MIMAROPA,1,2022-03-06,0.2857142857142857
Region IV-B: MIMAROPA,0,2022-03-07,0.2857142857142857
Region IV-B: MIMAROPA,1,2022-03-08,0.42857142857142855
Region IV-B: MIMAROPA,0,2022-03-09,0.42857142857142855
Region IV-B: MIMAROPA,1,2022-03-10,0.42857142857142855
Region IV-B: MIMAROPA,0,2022-03-11,0.42857142857142855
Region IV-B: MIMAROPA,0,2022-03-12,0.42857142857142855
Region IV-B: MIMAROPA,0,2022-03-13,0.2857142857142857
Region IV-B: MIMAROPA,0,2022-03-14,0.2857142857142857
Region IV-B: MIMAROPA,0,2022-03-15,0.14285714285714285
Region IV-B: MIMAROPA,0,2022-03-16,0.14285714285714285
Region IV-B: MIMAROPA,0,2022-03-17,0.0
Region IV-B: MIMAROPA,0,2022-03-18,0.0
Region IV-B: MIMAROPA,2,2022-03-19,0.2857142857142857
Region IV-B: MIMAROPA,0,2022-03-20,0.2857142857142857
Region IV-B: MIMAROPA,1,2022-03-21,0.42857142857142855
Region IV-B: MIMAROPA,0,2022-03-22,0.42857142857142855
Region IV-B: MIMAROPA,0,2022-03-23,0.42857142857142855
Region IV-B: MIMAROPA,0,2022-03-24,0.42857142857142855
Region IV-B: MIMAROPA,0,2022-03-25,0.42857142857142855
Region IV-B: MIMAROPA,0,2022-03-26,0.14285714285714285
Region IV-B: MIMAROPA,0,2022-03-27,0.14285714285714285
Region IV-B: MIMAROPA,0,2022-03-28,0.0
Region IV-B: MIMAROPA,0,2022-03-29,0.0
Region IV-B: MIMAROPA,0,2022-03-30,0.0
Region IV-B: MIMAROPA,0,2022-03-31,0.0
Region IV-B: MIMAROPA,0,2022-04-01,0.0
Region IV-B: MIMAROPA,0,2022-04-02,0.0
Region IV-B: MIMAROPA,0,2022-04-03,0.0
Region IV-B: MIMAROPA,0,2022-04-04,0.0
Region IV-B: MIMAROPA,1,2022-04-05,0.14285714285714285
