region,count,date,7DayMA
Region VIII: Eastern Visayas,1,2020-04-03,
Region VIII: Eastern Visayas,0,2020-04-04,
Region VIII: Eastern Visayas,0,2020-04-05,
Region VIII: Eastern Visayas,0,2020-04-06,
Region VIII: Eastern Visayas,0,2020-04-07,
Region VIII: Eastern Visayas,0,2020-04-08,
Region VIII: Eastern Visayas,0,2020-04-09,0.14285714285714285
Region VIII: Eastern Visayas,0,2020-04-10,0.0
Region VIII: Eastern Visayas,0,2020-04-11,0.0
Region VIII: Eastern Visayas,0,2020-04-12,0.0
Region VIII: Eastern Visayas,0,2020-04-13,0.0
Region VIII: Eastern Visayas,0,2020-04-14,0.0
Region VIII: Eastern Visayas,0,2020-04-15,0.0
Region VIII: Eastern Visayas,0,2020-04-16,0.0
Region VIII: Eastern Visayas,0,2020-04-17,0.0
Region VIII: Eastern Visayas,0,2020-04-18,0.0
Region VIII: Eastern Visayas,0,2020-04-19,0.0
Region VIII: Eastern Visayas,2,2020-04-20,0.2857142857142857
Region VIII: Eastern Visayas,0,2020-04-21,0.2857142857142857
Region VIII: Eastern Visayas,0,2020-04-22,0.2857142857142857
Region VIII: Eastern Visayas,0,2020-04-23,0.2857142857142857
Region VIII: Eastern Visayas,0,2020-04-24,0.2857142857142857
Region VIII: Eastern Visayas,0,2020-04-25,0.2857142857142857
Region VIII: Eastern Visayas,0,2020-04-26,0.2857142857142857
Region VIII: Eastern Visayas,0,2020-04-27,0.0
Region VIII: Eastern Visayas,0,2020-04-28,0.0
Region VIII: Eastern Visayas,0,2020-04-29,0.0
Region VIII: Eastern Visayas,0,2020-04-30,0.0
Region VIII: Eastern Visayas,0,2020-05-01,0.0
Region VIII: Eastern Visayas,0,2020-05-02,0.0
Region VIII: Eastern Visayas,0,2020-05-03,0.0
Region VIII: Eastern Visayas,1,2020-05-04,0.14285714285714285
Region VIII: Eastern Visayas,0,2020-05-05,0.14285714285714285
Region VIII: Eastern Visayas,0,2020-05-06,0.14285714285714285
Region VIII: Eastern Visayas,0,2020-05-07,0.14285714285714285
Region VIII: Eastern Visayas,0,2020-05-08,0.14285714285714285
Region VIII: Eastern Visayas,0,2020-05-09,0.14285714285714285
Region VIII: Eastern Visayas,1,2020-05-10,0.2857142857142857
Region VIII: Eastern Visayas,1,2020-05-11,0.2857142857142857
Region VIII: Eastern Visayas,1,2020-05-12,0.42857142857142855
Region VIII: Eastern Visayas,0,2020-05-13,0.42857142857142855
Region VIII: Eastern Visayas,0,2020-05-14,0.42857142857142855
Region VIII: Eastern Visayas,0,2020-05-15,0.42857142857142855
Region VIII: Eastern Visayas,2,2020-05-16,0.7142857142857143
Region VIII: Eastern Visayas,1,2020-05-17,0.7142857142857143
Region VIII: Eastern Visayas,0,2020-05-18,0.5714285714285714
Region VIII: Eastern Visayas,0,2020-05-19,0.42857142857142855
Region VIII: Eastern Visayas,0,2020-05-20,0.42857142857142855
Region VIII: Eastern Visayas,0,2020-05-21,0.42857142857142855
Region VIII: Eastern Visayas,0,2020-05-22,0.42857142857142855
Region VIII: Eastern Visayas,0,2020-05-23,0.14285714285714285
Region VIII: Eastern Visayas,0,2020-05-24,0.0
Region VIII: Eastern Visayas,0,2020-05-25,0.0
Region VIII: Eastern Visayas,1,2020-05-26,0.14285714285714285
Region VIII: Eastern Visayas,0,2020-05-27,0.14285714285714285
Region VIII: Eastern Visayas,0,2020-05-28,0.14285714285714285
Region VIII: Eastern Visayas,8,2020-05-29,1.2857142857142858
Region VIII: Eastern Visayas,2,2020-05-30,1.5714285714285714
Region VIII: Eastern Visayas,0,2020-05-31,1.5714285714285714
Region VIII: Eastern Visayas,0,2020-06-01,1.5714285714285714
Region VIII: Eastern Visayas,0,2020-06-02,1.4285714285714286
Region VIII: Eastern Visayas,0,2020-06-03,1.4285714285714286
Region VIII: Eastern Visayas,0,2020-06-04,1.4285714285714286
Region VIII: Eastern Visayas,6,2020-06-05,1.1428571428571428
Region VIII: Eastern Visayas,0,2020-06-06,0.8571428571428571
Region VIII: Eastern Visayas,1,2020-06-07,1.0
Region VIII: Eastern Visayas,0,2020-06-08,1.0
Region VIII: Eastern Visayas,1,2020-06-09,1.1428571428571428
Region VIII: Eastern Visayas,0,2020-06-10,1.1428571428571428
Region VIII: Eastern Visayas,0,2020-06-11,1.1428571428571428
Region VIII: Eastern Visayas,0,2020-06-12,0.2857142857142857
Region VIII: Eastern Visayas,0,2020-06-13,0.2857142857142857
Region VIII: Eastern Visayas,0,2020-06-14,0.14285714285714285
Region VIII: Eastern Visayas,1,2020-06-15,0.2857142857142857
Region VIII: Eastern Visayas,0,2020-06-16,0.14285714285714285
Region VIII: Eastern Visayas,0,2020-06-17,0.14285714285714285
Region VIII: Eastern Visayas,0,2020-06-18,0.14285714285714285
Region VIII: Eastern Visayas,1,2020-06-19,0.2857142857142857
Region VIII: Eastern Visayas,0,2020-06-20,0.2857142857142857
Region VIII: Eastern Visayas,0,2020-06-21,0.2857142857142857
Region VIII: Eastern Visayas,0,2020-06-22,0.14285714285714285
Region VIII: Eastern Visayas,0,2020-06-23,0.14285714285714285
Region VIII: Eastern Visayas,35,2020-06-24,5.142857142857143
Region VIII: Eastern Visayas,35,2020-06-25,10.142857142857142
Region VIII: Eastern Visayas,0,2020-06-26,10.0
Region VIII: Eastern Visayas,35,2020-06-27,15.0
Region VIII: Eastern Visayas,14,2020-06-28,17.0
Region VIII: Eastern Visayas,10,2020-06-29,18.428571428571427
Region VIII: Eastern Visayas,3,2020-06-30,18.857142857142858
Region VIII: Eastern Visayas,64,2020-07-01,23.0
Region VIII: Eastern Visayas,0,2020-07-02,18.0
Region VIII: Eastern Visayas,6,2020-07-03,18.857142857142858
Region VIII: Eastern Visayas,18,2020-07-04,16.428571428571427
Region VIII: Eastern Visayas,1,2020-07-05,14.571428571428571
Region VIII: Eastern Visayas,80,2020-07-06,24.571428571428573
Region VIII: Eastern Visayas,11,2020-07-07,25.714285714285715
Region VIII: Eastern Visayas,5,2020-07-08,17.285714285714285
Region VIII: Eastern Visayas,4,2020-07-09,17.857142857142858
Region VIII: Eastern Visayas,22,2020-07-10,20.142857142857142
Region VIII: Eastern Visayas,14,2020-07-11,19.571428571428573
Region VIII: Eastern Visayas,35,2020-07-12,24.428571428571427
Region VIII: Eastern Visayas,16,2020-07-13,15.285714285714286
Region VIII: Eastern Visayas,2,2020-07-14,14.0
Region VIII: Eastern Visayas,0,2020-07-15,13.285714285714286
Region VIII: Eastern Visayas,6,2020-07-16,13.571428571428571
Region VIII: Eastern Visayas,7,2020-07-17,11.428571428571429
Region VIII: Eastern Visayas,9,2020-07-18,10.714285714285714
Region VIII: Eastern Visayas,0,2020-07-19,5.714285714285714
Region VIII: Eastern Visayas,2,2020-07-20,3.7142857142857144
Region VIII: Eastern Visayas,0,2020-07-21,3.4285714285714284
Region VIII: Eastern Visayas,0,2020-07-22,3.4285714285714284
Region VIII: Eastern Visayas,1,2020-07-23,2.7142857142857144
Region VIII: Eastern Visayas,0,2020-07-24,1.7142857142857142
Region VIII: Eastern Visayas,5,2020-07-25,1.1428571428571428
Region VIII: Eastern Visayas,0,2020-07-26,1.1428571428571428
Region VIII: Eastern Visayas,0,2020-07-27,0.8571428571428571
Region VIII: Eastern Visayas,4,2020-07-28,1.4285714285714286
Region VIII: Eastern Visayas,3,2020-07-29,1.8571428571428572
Region VIII: Eastern Visayas,6,2020-07-30,2.5714285714285716
Region VIII: Eastern Visayas,4,2020-07-31,3.142857142857143
Region VIII: Eastern Visayas,6,2020-08-01,3.2857142857142856
Region VIII: Eastern Visayas,11,2020-08-02,4.857142857142857
Region VIII: Eastern Visayas,1,2020-08-03,5.0
Region VIII: Eastern Visayas,9,2020-08-04,5.714285714285714
Region VIII: Eastern Visayas,31,2020-08-05,9.714285714285714
Region VIII: Eastern Visayas,12,2020-08-06,10.571428571428571
Region VIII: Eastern Visayas,11,2020-08-07,11.571428571428571
Region VIII: Eastern Visayas,13,2020-08-08,12.571428571428571
Region VIII: Eastern Visayas,0,2020-08-09,11.0
Region VIII: Eastern Visayas,29,2020-08-10,15.0
Region VIII: Eastern Visayas,32,2020-08-11,18.285714285714285
Region VIII: Eastern Visayas,34,2020-08-12,18.714285714285715
Region VIII: Eastern Visayas,43,2020-08-13,23.142857142857142
Region VIII: Eastern Visayas,20,2020-08-14,24.428571428571427
Region VIII: Eastern Visayas,18,2020-08-15,25.142857142857142
Region VIII: Eastern Visayas,8,2020-08-16,26.285714285714285
Region VIII: Eastern Visayas,16,2020-08-17,24.428571428571427
Region VIII: Eastern Visayas,60,2020-08-18,28.428571428571427
Region VIII: Eastern Visayas,59,2020-08-19,32.0
Region VIII: Eastern Visayas,39,2020-08-20,31.428571428571427
Region VIII: Eastern Visayas,73,2020-08-21,39.0
Region VIII: Eastern Visayas,24,2020-08-22,39.857142857142854
Region VIII: Eastern Visayas,15,2020-08-23,40.857142857142854
Region VIII: Eastern Visayas,32,2020-08-24,43.142857142857146
Region VIII: Eastern Visayas,52,2020-08-25,42.0
Region VIII: Eastern Visayas,38,2020-08-26,39.0
Region VIII: Eastern Visayas,52,2020-08-27,40.857142857142854
Region VIII: Eastern Visayas,43,2020-08-28,36.57142857142857
Region VIII: Eastern Visayas,19,2020-08-29,35.857142857142854
Region VIII: Eastern Visayas,27,2020-08-30,37.57142857142857
Region VIII: Eastern Visayas,91,2020-08-31,46.0
Region VIII: Eastern Visayas,120,2020-09-01,55.714285714285715
Region VIII: Eastern Visayas,47,2020-09-02,57.0
Region VIII: Eastern Visayas,117,2020-09-03,66.28571428571429
Region VIII: Eastern Visayas,133,2020-09-04,79.14285714285714
Region VIII: Eastern Visayas,153,2020-09-05,98.28571428571429
Region VIII: Eastern Visayas,38,2020-09-06,99.85714285714286
Region VIII: Eastern Visayas,50,2020-09-07,94.0
Region VIII: Eastern Visayas,133,2020-09-08,95.85714285714286
Region VIII: Eastern Visayas,88,2020-09-09,101.71428571428571
Region VIII: Eastern Visayas,139,2020-09-10,104.85714285714286
Region VIII: Eastern Visayas,109,2020-09-11,101.42857142857143
Region VIII: Eastern Visayas,72,2020-09-12,89.85714285714286
Region VIII: Eastern Visayas,23,2020-09-13,87.71428571428571
Region VIII: Eastern Visayas,65,2020-09-14,89.85714285714286
Region VIII: Eastern Visayas,82,2020-09-15,82.57142857142857
Region VIII: Eastern Visayas,167,2020-09-16,93.85714285714286
Region VIII: Eastern Visayas,53,2020-09-17,81.57142857142857
Region VIII: Eastern Visayas,19,2020-09-18,68.71428571428571
Region VIII: Eastern Visayas,17,2020-09-19,60.857142857142854
Region VIII: Eastern Visayas,51,2020-09-20,64.85714285714286
Region VIII: Eastern Visayas,49,2020-09-21,62.57142857142857
Region VIII: Eastern Visayas,63,2020-09-22,59.857142857142854
Region VIII: Eastern Visayas,58,2020-09-23,44.285714285714285
Region VIII: Eastern Visayas,42,2020-09-24,42.714285714285715
Region VIII: Eastern Visayas,39,2020-09-25,45.57142857142857
Region VIII: Eastern Visayas,15,2020-09-26,45.285714285714285
Region VIII: Eastern Visayas,0,2020-09-27,38.0
Region VIII: Eastern Visayas,63,2020-09-28,40.0
Region VIII: Eastern Visayas,52,2020-09-29,38.42857142857143
Region VIII: Eastern Visayas,83,2020-09-30,42.0
Region VIII: Eastern Visayas,49,2020-10-01,43.0
Region VIII: Eastern Visayas,39,2020-10-02,43.0
Region VIII: Eastern Visayas,37,2020-10-03,46.142857142857146
Region VIII: Eastern Visayas,17,2020-10-04,48.57142857142857
Region VIII: Eastern Visayas,52,2020-10-05,47.0
Region VIII: Eastern Visayas,59,2020-10-06,48.0
Region VIII: Eastern Visayas,76,2020-10-07,47.0
Region VIII: Eastern Visayas,40,2020-10-08,45.714285714285715
Region VIII: Eastern Visayas,68,2020-10-09,49.857142857142854
Region VIII: Eastern Visayas,36,2020-10-10,49.714285714285715
Region VIII: Eastern Visayas,21,2020-10-11,50.285714285714285
Region VIII: Eastern Visayas,69,2020-10-12,52.714285714285715
Region VIII: Eastern Visayas,55,2020-10-13,52.142857142857146
Region VIII: Eastern Visayas,53,2020-10-14,48.857142857142854
Region VIII: Eastern Visayas,31,2020-10-15,47.57142857142857
Region VIII: Eastern Visayas,58,2020-10-16,46.142857142857146
Region VIII: Eastern Visayas,38,2020-10-17,46.42857142857143
Region VIII: Eastern Visayas,10,2020-10-18,44.857142857142854
Region VIII: Eastern Visayas,83,2020-10-19,46.857142857142854
Region VIII: Eastern Visayas,33,2020-10-20,43.714285714285715
Region VIII: Eastern Visayas,78,2020-10-21,47.285714285714285
Region VIII: Eastern Visayas,51,2020-10-22,50.142857142857146
Region VIII: Eastern Visayas,43,2020-10-23,48.0
Region VIII: Eastern Visayas,16,2020-10-24,44.857142857142854
Region VIII: Eastern Visayas,29,2020-10-25,47.57142857142857
Region VIII: Eastern Visayas,24,2020-10-26,39.142857142857146
Region VIII: Eastern Visayas,144,2020-10-27,55.0
Region VIII: Eastern Visayas,62,2020-10-28,52.714285714285715
Region VIII: Eastern Visayas,86,2020-10-29,57.714285714285715
Region VIII: Eastern Visayas,74,2020-10-30,62.142857142857146
Region VIII: Eastern Visayas,110,2020-10-31,75.57142857142857
Region VIII: Eastern Visayas,52,2020-11-01,78.85714285714286
Region VIII: Eastern Visayas,15,2020-11-02,77.57142857142857
Region VIII: Eastern Visayas,60,2020-11-03,65.57142857142857
Region VIII: Eastern Visayas,404,2020-11-04,114.42857142857143
Region VIII: Eastern Visayas,48,2020-11-05,109.0
Region VIII: Eastern Visayas,56,2020-11-06,106.42857142857143
Region VIII: Eastern Visayas,60,2020-11-07,99.28571428571429
Region VIII: Eastern Visayas,38,2020-11-08,97.28571428571429
Region VIII: Eastern Visayas,114,2020-11-09,111.42857142857143
Region VIII: Eastern Visayas,28,2020-11-10,106.85714285714286
Region VIII: Eastern Visayas,50,2020-11-11,56.285714285714285
Region VIII: Eastern Visayas,40,2020-11-12,55.142857142857146
Region VIII: Eastern Visayas,84,2020-11-13,59.142857142857146
Region VIII: Eastern Visayas,69,2020-11-14,60.42857142857143
Region VIII: Eastern Visayas,49,2020-11-15,62.0
Region VIII: Eastern Visayas,66,2020-11-16,55.142857142857146
Region VIII: Eastern Visayas,49,2020-11-17,58.142857142857146
Region VIII: Eastern Visayas,21,2020-11-18,54.0
Region VIII: Eastern Visayas,103,2020-11-19,63.0
Region VIII: Eastern Visayas,93,2020-11-20,64.28571428571429
Region VIII: Eastern Visayas,56,2020-11-21,62.42857142857143
Region VIII: Eastern Visayas,24,2020-11-22,58.857142857142854
Region VIII: Eastern Visayas,82,2020-11-23,61.142857142857146
Region VIII: Eastern Visayas,34,2020-11-24,59.0
Region VIII: Eastern Visayas,16,2020-11-25,58.285714285714285
Region VIII: Eastern Visayas,70,2020-11-26,53.57142857142857
Region VIII: Eastern Visayas,46,2020-11-27,46.857142857142854
Region VIII: Eastern Visayas,58,2020-11-28,47.142857142857146
Region VIII: Eastern Visayas,55,2020-11-29,51.57142857142857
Region VIII: Eastern Visayas,65,2020-11-30,49.142857142857146
Region VIII: Eastern Visayas,71,2020-12-01,54.42857142857143
Region VIII: Eastern Visayas,41,2020-12-02,58.0
Region VIII: Eastern Visayas,24,2020-12-03,51.42857142857143
Region VIII: Eastern Visayas,69,2020-12-04,54.714285714285715
Region VIII: Eastern Visayas,68,2020-12-05,56.142857142857146
Region VIII: Eastern Visayas,33,2020-12-06,53.0
Region VIII: Eastern Visayas,71,2020-12-07,53.857142857142854
Region VIII: Eastern Visayas,88,2020-12-08,56.285714285714285
Region VIII: Eastern Visayas,42,2020-12-09,56.42857142857143
Region VIII: Eastern Visayas,69,2020-12-10,62.857142857142854
Region VIII: Eastern Visayas,103,2020-12-11,67.71428571428571
Region VIII: Eastern Visayas,2,2020-12-12,58.285714285714285
Region VIII: Eastern Visayas,32,2020-12-13,58.142857142857146
Region VIII: Eastern Visayas,47,2020-12-14,54.714285714285715
Region VIII: Eastern Visayas,35,2020-12-15,47.142857142857146
Region VIII: Eastern Visayas,50,2020-12-16,48.285714285714285
Region VIII: Eastern Visayas,43,2020-12-17,44.57142857142857
Region VIII: Eastern Visayas,59,2020-12-18,38.285714285714285
Region VIII: Eastern Visayas,130,2020-12-19,56.57142857142857
Region VIII: Eastern Visayas,27,2020-12-20,55.857142857142854
Region VIII: Eastern Visayas,116,2020-12-21,65.71428571428571
Region VIII: Eastern Visayas,51,2020-12-22,68.0
Region VIII: Eastern Visayas,23,2020-12-23,64.14285714285714
Region VIII: Eastern Visayas,44,2020-12-24,64.28571428571429
Region VIII: Eastern Visayas,145,2020-12-25,76.57142857142857
Region VIII: Eastern Visayas,80,2020-12-26,69.42857142857143
Region VIII: Eastern Visayas,94,2020-12-27,79.0
Region VIII: Eastern Visayas,101,2020-12-28,76.85714285714286
Region VIII: Eastern Visayas,68,2020-12-29,79.28571428571429
Region VIII: Eastern Visayas,29,2020-12-30,80.14285714285714
Region VIII: Eastern Visayas,128,2020-12-31,92.14285714285714
Region VIII: Eastern Visayas,269,2021-01-01,109.85714285714286
Region VIII: Eastern Visayas,141,2021-01-02,118.57142857142857
Region VIII: Eastern Visayas,46,2021-01-03,111.71428571428571
Region VIII: Eastern Visayas,27,2021-01-04,101.14285714285714
Region VIII: Eastern Visayas,25,2021-01-05,95.0
Region VIII: Eastern Visayas,23,2021-01-06,94.14285714285714
Region VIII: Eastern Visayas,32,2021-01-07,80.42857142857143
Region VIII: Eastern Visayas,191,2021-01-08,69.28571428571429
Region VIII: Eastern Visayas,122,2021-01-09,66.57142857142857
Region VIII: Eastern Visayas,80,2021-01-10,71.42857142857143
Region VIII: Eastern Visayas,23,2021-01-11,70.85714285714286
Region VIII: Eastern Visayas,85,2021-01-12,79.42857142857143
Region VIII: Eastern Visayas,30,2021-01-13,80.42857142857143
Region VIII: Eastern Visayas,20,2021-01-14,78.71428571428571
Region VIII: Eastern Visayas,112,2021-01-15,67.42857142857143
Region VIII: Eastern Visayas,266,2021-01-16,88.0
Region VIII: Eastern Visayas,12,2021-01-17,78.28571428571429
Region VIII: Eastern Visayas,128,2021-01-18,93.28571428571429
Region VIII: Eastern Visayas,28,2021-01-19,85.14285714285714
Region VIII: Eastern Visayas,128,2021-01-20,99.14285714285714
Region VIII: Eastern Visayas,8,2021-01-21,97.42857142857143
Region VIII: Eastern Visayas,52,2021-01-22,88.85714285714286
Region VIII: Eastern Visayas,0,2021-01-23,50.857142857142854
Region VIII: Eastern Visayas,355,2021-01-24,99.85714285714286
Region VIII: Eastern Visayas,102,2021-01-25,96.14285714285714
Region VIII: Eastern Visayas,96,2021-01-26,105.85714285714286
Region VIII: Eastern Visayas,40,2021-01-27,93.28571428571429
Region VIII: Eastern Visayas,31,2021-01-28,96.57142857142857
Region VIII: Eastern Visayas,44,2021-01-29,95.42857142857143
Region VIII: Eastern Visayas,62,2021-01-30,104.28571428571429
Region VIII: Eastern Visayas,154,2021-01-31,75.57142857142857
Region VIII: Eastern Visayas,102,2021-02-01,75.57142857142857
Region VIII: Eastern Visayas,45,2021-02-02,68.28571428571429
Region VIII: Eastern Visayas,22,2021-02-03,65.71428571428571
Region VIII: Eastern Visayas,77,2021-02-04,72.28571428571429
Region VIII: Eastern Visayas,35,2021-02-05,71.0
Region VIII: Eastern Visayas,60,2021-02-06,70.71428571428571
Region VIII: Eastern Visayas,89,2021-02-07,61.42857142857143
Region VIII: Eastern Visayas,123,2021-02-08,64.42857142857143
Region VIII: Eastern Visayas,112,2021-02-09,74.0
Region VIII: Eastern Visayas,105,2021-02-10,85.85714285714286
Region VIII: Eastern Visayas,34,2021-02-11,79.71428571428571
Region VIII: Eastern Visayas,74,2021-02-12,85.28571428571429
Region VIII: Eastern Visayas,37,2021-02-13,82.0
Region VIII: Eastern Visayas,72,2021-02-14,79.57142857142857
Region VIII: Eastern Visayas,75,2021-02-15,72.71428571428571
Region VIII: Eastern Visayas,41,2021-02-16,62.57142857142857
Region VIII: Eastern Visayas,61,2021-02-17,56.285714285714285
Region VIII: Eastern Visayas,23,2021-02-18,54.714285714285715
Region VIII: Eastern Visayas,59,2021-02-19,52.57142857142857
Region VIII: Eastern Visayas,58,2021-02-20,55.57142857142857
Region VIII: Eastern Visayas,53,2021-02-21,52.857142857142854
Region VIII: Eastern Visayas,45,2021-02-22,48.57142857142857
Region VIII: Eastern Visayas,47,2021-02-23,49.42857142857143
Region VIII: Eastern Visayas,45,2021-02-24,47.142857142857146
Region VIII: Eastern Visayas,14,2021-02-25,45.857142857142854
Region VIII: Eastern Visayas,32,2021-02-26,42.0
Region VIII: Eastern Visayas,10,2021-02-27,35.142857142857146
Region VIII: Eastern Visayas,74,2021-02-28,38.142857142857146
Region VIII: Eastern Visayas,52,2021-03-01,39.142857142857146
Region VIII: Eastern Visayas,60,2021-03-02,41.0
Region VIII: Eastern Visayas,15,2021-03-03,36.714285714285715
Region VIII: Eastern Visayas,7,2021-03-04,35.714285714285715
Region VIII: Eastern Visayas,47,2021-03-05,37.857142857142854
Region VIII: Eastern Visayas,58,2021-03-06,44.714285714285715
Region VIII: Eastern Visayas,64,2021-03-07,43.285714285714285
Region VIII: Eastern Visayas,30,2021-03-08,40.142857142857146
Region VIII: Eastern Visayas,44,2021-03-09,37.857142857142854
Region VIII: Eastern Visayas,19,2021-03-10,38.42857142857143
Region VIII: Eastern Visayas,11,2021-03-11,39.0
Region VIII: Eastern Visayas,0,2021-03-12,32.285714285714285
Region VIII: Eastern Visayas,7,2021-03-13,25.0
Region VIII: Eastern Visayas,26,2021-03-14,19.571428571428573
Region VIII: Eastern Visayas,45,2021-03-15,21.714285714285715
Region VIII: Eastern Visayas,117,2021-03-16,32.142857142857146
Region VIII: Eastern Visayas,22,2021-03-17,32.57142857142857
Region VIII: Eastern Visayas,34,2021-03-18,35.857142857142854
Region VIII: Eastern Visayas,29,2021-03-19,40.0
Region VIII: Eastern Visayas,50,2021-03-20,46.142857142857146
Region VIII: Eastern Visayas,34,2021-03-21,47.285714285714285
Region VIII: Eastern Visayas,34,2021-03-22,45.714285714285715
Region VIII: Eastern Visayas,43,2021-03-23,35.142857142857146
Region VIII: Eastern Visayas,59,2021-03-24,40.42857142857143
Region VIII: Eastern Visayas,25,2021-03-25,39.142857142857146
Region VIII: Eastern Visayas,25,2021-03-26,38.57142857142857
Region VIII: Eastern Visayas,28,2021-03-27,35.42857142857143
Region VIII: Eastern Visayas,23,2021-03-28,33.857142857142854
Region VIII: Eastern Visayas,15,2021-03-29,31.142857142857142
Region VIII: Eastern Visayas,28,2021-03-30,29.0
Region VIII: Eastern Visayas,10,2021-03-31,22.0
Region VIII: Eastern Visayas,14,2021-04-01,20.428571428571427
Region VIII: Eastern Visayas,63,2021-04-02,25.857142857142858
Region VIII: Eastern Visayas,32,2021-04-03,26.428571428571427
Region VIII: Eastern Visayas,30,2021-04-04,27.428571428571427
Region VIII: Eastern Visayas,22,2021-04-05,28.428571428571427
Region VIII: Eastern Visayas,48,2021-04-06,31.285714285714285
Region VIII: Eastern Visayas,10,2021-04-07,31.285714285714285
Region VIII: Eastern Visayas,22,2021-04-08,32.42857142857143
Region VIII: Eastern Visayas,64,2021-04-09,32.57142857142857
Region VIII: Eastern Visayas,44,2021-04-10,34.285714285714285
Region VIII: Eastern Visayas,48,2021-04-11,36.857142857142854
Region VIII: Eastern Visayas,40,2021-04-12,39.42857142857143
Region VIII: Eastern Visayas,1,2021-04-13,32.714285714285715
Region VIII: Eastern Visayas,8,2021-04-14,32.42857142857143
Region VIII: Eastern Visayas,31,2021-04-15,33.714285714285715
Region VIII: Eastern Visayas,11,2021-04-16,26.142857142857142
Region VIII: Eastern Visayas,14,2021-04-17,21.857142857142858
Region VIII: Eastern Visayas,48,2021-04-18,21.857142857142858
Region VIII: Eastern Visayas,22,2021-04-19,19.285714285714285
Region VIII: Eastern Visayas,55,2021-04-20,27.0
Region VIII: Eastern Visayas,25,2021-04-21,29.428571428571427
Region VIII: Eastern Visayas,61,2021-04-22,33.714285714285715
Region VIII: Eastern Visayas,15,2021-04-23,34.285714285714285
Region VIII: Eastern Visayas,12,2021-04-24,34.0
Region VIII: Eastern Visayas,29,2021-04-25,31.285714285714285
Region VIII: Eastern Visayas,57,2021-04-26,36.285714285714285
Region VIII: Eastern Visayas,67,2021-04-27,38.0
Region VIII: Eastern Visayas,13,2021-04-28,36.285714285714285
Region VIII: Eastern Visayas,60,2021-04-29,36.142857142857146
Region VIII: Eastern Visayas,124,2021-04-30,51.714285714285715
Region VIII: Eastern Visayas,2,2021-05-01,50.285714285714285
Region VIII: Eastern Visayas,93,2021-05-02,59.42857142857143
Region VIII: Eastern Visayas,0,2021-05-03,51.285714285714285
Region VIII: Eastern Visayas,1,2021-05-04,41.857142857142854
Region VIII: Eastern Visayas,95,2021-05-05,53.57142857142857
Region VIII: Eastern Visayas,91,2021-05-06,58.0
Region VIII: Eastern Visayas,35,2021-05-07,45.285714285714285
Region VIII: Eastern Visayas,118,2021-05-08,61.857142857142854
Region VIII: Eastern Visayas,50,2021-05-09,55.714285714285715
Region VIII: Eastern Visayas,59,2021-05-10,64.14285714285714
Region VIII: Eastern Visayas,34,2021-05-11,68.85714285714286
Region VIII: Eastern Visayas,10,2021-05-12,56.714285714285715
Region VIII: Eastern Visayas,91,2021-05-13,56.714285714285715
Region VIII: Eastern Visayas,100,2021-05-14,66.0
Region VIII: Eastern Visayas,39,2021-05-15,54.714285714285715
Region VIII: Eastern Visayas,58,2021-05-16,55.857142857142854
Region VIII: Eastern Visayas,19,2021-05-17,50.142857142857146
Region VIII: Eastern Visayas,57,2021-05-18,53.42857142857143
Region VIII: Eastern Visayas,51,2021-05-19,59.285714285714285
Region VIII: Eastern Visayas,143,2021-05-20,66.71428571428571
Region VIII: Eastern Visayas,119,2021-05-21,69.42857142857143
Region VIII: Eastern Visayas,70,2021-05-22,73.85714285714286
Region VIII: Eastern Visayas,44,2021-05-23,71.85714285714286
Region VIII: Eastern Visayas,66,2021-05-24,78.57142857142857
Region VIII: Eastern Visayas,40,2021-05-25,76.14285714285714
Region VIII: Eastern Visayas,63,2021-05-26,77.85714285714286
Region VIII: Eastern Visayas,117,2021-05-27,74.14285714285714
Region VIII: Eastern Visayas,122,2021-05-28,74.57142857142857
Region VIII: Eastern Visayas,88,2021-05-29,77.14285714285714
Region VIII: Eastern Visayas,117,2021-05-30,87.57142857142857
Region VIII: Eastern Visayas,86,2021-05-31,90.42857142857143
Region VIII: Eastern Visayas,44,2021-06-01,91.0
Region VIII: Eastern Visayas,83,2021-06-02,93.85714285714286
Region VIII: Eastern Visayas,25,2021-06-03,80.71428571428571
Region VIII: Eastern Visayas,278,2021-06-04,103.0
Region VIII: Eastern Visayas,110,2021-06-05,106.14285714285714
Region VIII: Eastern Visayas,167,2021-06-06,113.28571428571429
Region VIII: Eastern Visayas,88,2021-06-07,113.57142857142857
Region VIII: Eastern Visayas,105,2021-06-08,122.28571428571429
Region VIII: Eastern Visayas,176,2021-06-09,135.57142857142858
Region VIII: Eastern Visayas,158,2021-06-10,154.57142857142858
Region VIII: Eastern Visayas,210,2021-06-11,144.85714285714286
Region VIII: Eastern Visayas,245,2021-06-12,164.14285714285714
Region VIII: Eastern Visayas,166,2021-06-13,164.0
Region VIII: Eastern Visayas,39,2021-06-14,157.0
Region VIII: Eastern Visayas,356,2021-06-15,192.85714285714286
Region VIII: Eastern Visayas,204,2021-06-16,196.85714285714286
Region VIII: Eastern Visayas,605,2021-06-17,260.7142857142857
Region VIII: Eastern Visayas,231,2021-06-18,263.7142857142857
Region VIII: Eastern Visayas,267,2021-06-19,266.85714285714283
Region VIII: Eastern Visayas,148,2021-06-20,264.2857142857143
Region VIII: Eastern Visayas,539,2021-06-21,335.7142857142857
Region VIII: Eastern Visayas,98,2021-06-22,298.85714285714283
Region VIII: Eastern Visayas,230,2021-06-23,302.57142857142856
Region VIII: Eastern Visayas,310,2021-06-24,260.42857142857144
Region VIII: Eastern Visayas,0,2021-06-25,227.42857142857142
Region VIII: Eastern Visayas,5,2021-06-26,190.0
Region VIII: Eastern Visayas,363,2021-06-27,220.71428571428572
Region VIII: Eastern Visayas,179,2021-06-28,169.28571428571428
Region VIII: Eastern Visayas,97,2021-06-29,169.14285714285714
Region VIII: Eastern Visayas,90,2021-06-30,149.14285714285714
Region VIII: Eastern Visayas,642,2021-07-01,196.57142857142858
Region VIII: Eastern Visayas,208,2021-07-02,226.28571428571428
Region VIII: Eastern Visayas,211,2021-07-03,255.71428571428572
Region VIII: Eastern Visayas,275,2021-07-04,243.14285714285714
Region VIII: Eastern Visayas,307,2021-07-05,261.42857142857144
Region VIII: Eastern Visayas,171,2021-07-06,272.0
Region VIII: Eastern Visayas,141,2021-07-07,279.2857142857143
Region VIII: Eastern Visayas,306,2021-07-08,231.28571428571428
Region VIII: Eastern Visayas,306,2021-07-09,245.28571428571428
Region VIII: Eastern Visayas,239,2021-07-10,249.28571428571428
Region VIII: Eastern Visayas,252,2021-07-11,246.0
Region VIII: Eastern Visayas,160,2021-07-12,225.0
Region VIII: Eastern Visayas,118,2021-07-13,217.42857142857142
Region VIII: Eastern Visayas,91,2021-07-14,210.28571428571428
Region VIII: Eastern Visayas,226,2021-07-15,198.85714285714286
Region VIII: Eastern Visayas,115,2021-07-16,171.57142857142858
Region VIII: Eastern Visayas,270,2021-07-17,176.0
Region VIII: Eastern Visayas,136,2021-07-18,159.42857142857142
Region VIII: Eastern Visayas,143,2021-07-19,157.0
Region VIII: Eastern Visayas,101,2021-07-20,154.57142857142858
Region VIII: Eastern Visayas,98,2021-07-21,155.57142857142858
Region VIII: Eastern Visayas,264,2021-07-22,161.0
Region VIII: Eastern Visayas,169,2021-07-23,168.71428571428572
Region VIII: Eastern Visayas,200,2021-07-24,158.71428571428572
Region VIII: Eastern Visayas,131,2021-07-25,158.0
Region VIII: Eastern Visayas,204,2021-07-26,166.71428571428572
Region VIII: Eastern Visayas,74,2021-07-27,162.85714285714286
Region VIII: Eastern Visayas,74,2021-07-28,159.42857142857142
Region VIII: Eastern Visayas,151,2021-07-29,143.28571428571428
Region VIII: Eastern Visayas,159,2021-07-30,141.85714285714286
Region VIII: Eastern Visayas,143,2021-07-31,133.71428571428572
Region VIII: Eastern Visayas,145,2021-08-01,135.71428571428572
Region VIII: Eastern Visayas,140,2021-08-02,126.57142857142857
Region VIII: Eastern Visayas,76,2021-08-03,126.85714285714286
Region VIII: Eastern Visayas,85,2021-08-04,128.42857142857142
Region VIII: Eastern Visayas,194,2021-08-05,134.57142857142858
Region VIII: Eastern Visayas,200,2021-08-06,140.42857142857142
Region VIII: Eastern Visayas,122,2021-08-07,137.42857142857142
Region VIII: Eastern Visayas,111,2021-08-08,132.57142857142858
Region VIII: Eastern Visayas,134,2021-08-09,131.71428571428572
Region VIII: Eastern Visayas,77,2021-08-10,131.85714285714286
Region VIII: Eastern Visayas,97,2021-08-11,133.57142857142858
Region VIII: Eastern Visayas,225,2021-08-12,138.0
Region VIII: Eastern Visayas,154,2021-08-13,131.42857142857142
Region VIII: Eastern Visayas,109,2021-08-14,129.57142857142858
Region VIII: Eastern Visayas,145,2021-08-15,134.42857142857142
Region VIII: Eastern Visayas,105,2021-08-16,130.28571428571428
Region VIII: Eastern Visayas,69,2021-08-17,129.14285714285714
Region VIII: Eastern Visayas,35,2021-08-18,120.28571428571429
Region VIII: Eastern Visayas,223,2021-08-19,120.0
Region VIII: Eastern Visayas,132,2021-08-20,116.85714285714286
Region VIII: Eastern Visayas,131,2021-08-21,120.0
Region VIII: Eastern Visayas,301,2021-08-22,142.28571428571428
Region VIII: Eastern Visayas,4,2021-08-23,127.85714285714286
Region VIII: Eastern Visayas,16,2021-08-24,120.28571428571429
Region VIII: Eastern Visayas,74,2021-08-25,125.85714285714286
Region VIII: Eastern Visayas,317,2021-08-26,139.28571428571428
Region VIII: Eastern Visayas,1,2021-08-27,120.57142857142857
Region VIII: Eastern Visayas,3,2021-08-28,102.28571428571429
Region VIII: Eastern Visayas,0,2021-08-29,59.285714285714285
Region VIII: Eastern Visayas,608,2021-08-30,145.57142857142858
Region VIII: Eastern Visayas,31,2021-08-31,147.71428571428572
Region VIII: Eastern Visayas,112,2021-09-01,153.14285714285714
Region VIII: Eastern Visayas,239,2021-09-02,142.0
Region VIII: Eastern Visayas,220,2021-09-03,173.28571428571428
Region VIII: Eastern Visayas,158,2021-09-04,195.42857142857142
Region VIII: Eastern Visayas,266,2021-09-05,233.42857142857142
Region VIII: Eastern Visayas,171,2021-09-06,171.0
Region VIII: Eastern Visayas,75,2021-09-07,177.28571428571428
Region VIII: Eastern Visayas,81,2021-09-08,172.85714285714286
Region VIII: Eastern Visayas,180,2021-09-09,164.42857142857142
Region VIII: Eastern Visayas,295,2021-09-10,175.14285714285714
Region VIII: Eastern Visayas,152,2021-09-11,174.28571428571428
Region VIII: Eastern Visayas,228,2021-09-12,168.85714285714286
Region VIII: Eastern Visayas,137,2021-09-13,164.0
Region VIII: Eastern Visayas,96,2021-09-14,167.0
Region VIII: Eastern Visayas,97,2021-09-15,169.28571428571428
Region VIII: Eastern Visayas,251,2021-09-16,179.42857142857142
Region VIII: Eastern Visayas,252,2021-09-17,173.28571428571428
Region VIII: Eastern Visayas,191,2021-09-18,178.85714285714286
Region VIII: Eastern Visayas,184,2021-09-19,172.57142857142858
Region VIII: Eastern Visayas,221,2021-09-20,184.57142857142858
Region VIII: Eastern Visayas,115,2021-09-21,187.28571428571428
Region VIII: Eastern Visayas,127,2021-09-22,191.57142857142858
Region VIII: Eastern Visayas,377,2021-09-23,209.57142857142858
Region VIII: Eastern Visayas,224,2021-09-24,205.57142857142858
Region VIII: Eastern Visayas,438,2021-09-25,240.85714285714286
Region VIII: Eastern Visayas,158,2021-09-26,237.14285714285714
Region VIII: Eastern Visayas,134,2021-09-27,224.71428571428572
Region VIII: Eastern Visayas,114,2021-09-28,224.57142857142858
Region VIII: Eastern Visayas,143,2021-09-29,226.85714285714286
Region VIII: Eastern Visayas,178,2021-09-30,198.42857142857142
Region VIII: Eastern Visayas,210,2021-10-01,196.42857142857142
Region VIII: Eastern Visayas,101,2021-10-02,148.28571428571428
Region VIII: Eastern Visayas,183,2021-10-03,151.85714285714286
Region VIII: Eastern Visayas,137,2021-10-04,152.28571428571428
Region VIII: Eastern Visayas,112,2021-10-05,152.0
Region VIII: Eastern Visayas,75,2021-10-06,142.28571428571428
Region VIII: Eastern Visayas,204,2021-10-07,146.0
Region VIII: Eastern Visayas,152,2021-10-08,137.71428571428572
Region VIII: Eastern Visayas,105,2021-10-09,138.28571428571428
Region VIII: Eastern Visayas,46,2021-10-10,118.71428571428571
Region VIII: Eastern Visayas,88,2021-10-11,111.71428571428571
Region VIII: Eastern Visayas,130,2021-10-12,114.28571428571429
Region VIII: Eastern Visayas,56,2021-10-13,111.57142857142857
Region VIII: Eastern Visayas,101,2021-10-14,96.85714285714286
Region VIII: Eastern Visayas,124,2021-10-15,92.85714285714286
Region VIII: Eastern Visayas,11,2021-10-16,79.42857142857143
Region VIII: Eastern Visayas,53,2021-10-17,80.42857142857143
Region VIII: Eastern Visayas,128,2021-10-18,86.14285714285714
Region VIII: Eastern Visayas,61,2021-10-19,76.28571428571429
Region VIII: Eastern Visayas,53,2021-10-20,75.85714285714286
Region VIII: Eastern Visayas,117,2021-10-21,78.14285714285714
Region VIII: Eastern Visayas,89,2021-10-22,73.14285714285714
Region VIII: Eastern Visayas,46,2021-10-23,78.14285714285714
Region VIII: Eastern Visayas,83,2021-10-24,82.42857142857143
Region VIII: Eastern Visayas,74,2021-10-25,74.71428571428571
Region VIII: Eastern Visayas,69,2021-10-26,75.85714285714286
Region VIII: Eastern Visayas,42,2021-10-27,74.28571428571429
Region VIII: Eastern Visayas,106,2021-10-28,72.71428571428571
Region VIII: Eastern Visayas,53,2021-10-29,67.57142857142857
Region VIII: Eastern Visayas,44,2021-10-30,67.28571428571429
Region VIII: Eastern Visayas,28,2021-10-31,59.42857142857143
Region VIII: Eastern Visayas,30,2021-11-01,53.142857142857146
Region VIII: Eastern Visayas,42,2021-11-02,49.285714285714285
Region VIII: Eastern Visayas,36,2021-11-03,48.42857142857143
Region VIII: Eastern Visayas,49,2021-11-04,40.285714285714285
Region VIII: Eastern Visayas,29,2021-11-05,36.857142857142854
Region VIII: Eastern Visayas,46,2021-11-06,37.142857142857146
Region VIII: Eastern Visayas,42,2021-11-07,39.142857142857146
Region VIII: Eastern Visayas,19,2021-11-08,37.57142857142857
Region VIII: Eastern Visayas,21,2021-11-09,34.57142857142857
Region VIII: Eastern Visayas,16,2021-11-10,31.714285714285715
Region VIII: Eastern Visayas,37,2021-11-11,30.0
Region VIII: Eastern Visayas,9,2021-11-12,27.142857142857142
Region VIII: Eastern Visayas,46,2021-11-13,27.142857142857142
Region VIII: Eastern Visayas,8,2021-11-14,22.285714285714285
Region VIII: Eastern Visayas,28,2021-11-15,23.571428571428573
Region VIII: Eastern Visayas,13,2021-11-16,22.428571428571427
Region VIII: Eastern Visayas,23,2021-11-17,23.428571428571427
Region VIII: Eastern Visayas,27,2021-11-18,22.0
Region VIII: Eastern Visayas,21,2021-11-19,23.714285714285715
Region VIII: Eastern Visayas,24,2021-11-20,20.571428571428573
Region VIII: Eastern Visayas,26,2021-11-21,23.142857142857142
Region VIII: Eastern Visayas,18,2021-11-22,21.714285714285715
Region VIII: Eastern Visayas,9,2021-11-23,21.142857142857142
Region VIII: Eastern Visayas,26,2021-11-24,21.571428571428573
Region VIII: Eastern Visayas,18,2021-11-25,20.285714285714285
Region VIII: Eastern Visayas,23,2021-11-26,20.571428571428573
Region VIII: Eastern Visayas,12,2021-11-27,18.857142857142858
Region VIII: Eastern Visayas,13,2021-11-28,17.0
Region VIII: Eastern Visayas,20,2021-11-29,17.285714285714285
Region VIII: Eastern Visayas,11,2021-11-30,17.571428571428573
Region VIII: Eastern Visayas,8,2021-12-01,15.0
Region VIII: Eastern Visayas,17,2021-12-02,14.857142857142858
Region VIII: Eastern Visayas,8,2021-12-03,12.714285714285714
Region VIII: Eastern Visayas,9,2021-12-04,12.285714285714286
Region VIII: Eastern Visayas,17,2021-12-05,12.857142857142858
Region VIII: Eastern Visayas,15,2021-12-06,12.142857142857142
Region VIII: Eastern Visayas,9,2021-12-07,11.857142857142858
Region VIII: Eastern Visayas,4,2021-12-08,11.285714285714286
Region VIII: Eastern Visayas,14,2021-12-09,10.857142857142858
Region VIII: Eastern Visayas,8,2021-12-10,10.857142857142858
Region VIII: Eastern Visayas,12,2021-12-11,11.285714285714286
Region VIII: Eastern Visayas,15,2021-12-12,11.0
Region VIII: Eastern Visayas,15,2021-12-13,11.0
Region VIII: Eastern Visayas,7,2021-12-14,10.714285714285714
Region VIII: Eastern Visayas,7,2021-12-15,11.142857142857142
Region VIII: Eastern Visayas,8,2021-12-16,10.285714285714286
Region VIII: Eastern Visayas,9,2021-12-17,10.428571428571429
Region VIII: Eastern Visayas,4,2021-12-18,9.285714285714286
Region VIII: Eastern Visayas,3,2021-12-19,7.571428571428571
Region VIII: Eastern Visayas,9,2021-12-20,6.714285714285714
Region VIII: Eastern Visayas,1,2021-12-21,5.857142857142857
Region VIII: Eastern Visayas,7,2021-12-22,5.857142857142857
Region VIII: Eastern Visayas,6,2021-12-23,5.571428571428571
Region VIII: Eastern Visayas,3,2021-12-24,4.714285714285714
Region VIII: Eastern Visayas,1,2021-12-25,4.285714285714286
Region VIII: Eastern Visayas,1,2021-12-26,4.0
Region VIII: Eastern Visayas,0,2021-12-27,2.7142857142857144
Region VIII: Eastern Visayas,2,2021-12-28,2.857142857142857
Region VIII: Eastern Visayas,0,2021-12-29,1.8571428571428572
Region VIII: Eastern Visayas,1,2021-12-30,1.1428571428571428
Region VIII: Eastern Visayas,0,2021-12-31,0.7142857142857143
Region VIII: Eastern Visayas,7,2022-01-01,1.5714285714285714
Region VIII: Eastern Visayas,4,2022-01-02,2.0
Region VIII: Eastern Visayas,3,2022-01-03,2.4285714285714284
Region VIII: Eastern Visayas,3,2022-01-04,2.5714285714285716
Region VIII: Eastern Visayas,0,2022-01-05,2.5714285714285716
Region VIII: Eastern Visayas,0,2022-01-06,2.4285714285714284
Region VIII: Eastern Visayas,7,2022-01-07,3.4285714285714284
Region VIII: Eastern Visayas,2,2022-01-08,2.7142857142857144
Region VIII: Eastern Visayas,4,2022-01-09,2.7142857142857144
Region VIII: Eastern Visayas,4,2022-01-10,2.857142857142857
Region VIII: Eastern Visayas,8,2022-01-11,3.5714285714285716
Region VIII: Eastern Visayas,13,2022-01-12,5.428571428571429
Region VIII: Eastern Visayas,24,2022-01-13,8.857142857142858
Region VIII: Eastern Visayas,20,2022-01-14,10.714285714285714
Region VIII: Eastern Visayas,67,2022-01-15,20.0
Region VIII: Eastern Visayas,70,2022-01-16,29.428571428571427
Region VIII: Eastern Visayas,129,2022-01-17,47.285714285714285
Region VIII: Eastern Visayas,134,2022-01-18,65.28571428571429
Region VIII: Eastern Visayas,341,2022-01-19,112.14285714285714
Region VIII: Eastern Visayas,341,2022-01-20,157.42857142857142
Region VIII: Eastern Visayas,352,2022-01-21,204.85714285714286
Region VIII: Eastern Visayas,229,2022-01-22,228.0
Region VIII: Eastern Visayas,217,2022-01-23,249.0
Region VIII: Eastern Visayas,182,2022-01-24,256.57142857142856
Region VIII: Eastern Visayas,184,2022-01-25,263.7142857142857
Region VIII: Eastern Visayas,461,2022-01-26,280.85714285714283
Region VIII: Eastern Visayas,690,2022-01-27,330.7142857142857
Region VIII: Eastern Visayas,310,2022-01-28,324.7142857142857
Region VIII: Eastern Visayas,250,2022-01-29,327.7142857142857
Region VIII: Eastern Visayas,322,2022-01-30,342.7142857142857
Region VIII: Eastern Visayas,174,2022-01-31,341.57142857142856
Region VIII: Eastern Visayas,206,2022-02-01,344.7142857142857
Region VIII: Eastern Visayas,217,2022-02-02,309.85714285714283
Region VIII: Eastern Visayas,313,2022-02-03,256.0
Region VIII: Eastern Visayas,167,2022-02-04,235.57142857142858
Region VIII: Eastern Visayas,89,2022-02-05,212.57142857142858
Region VIII: Eastern Visayas,227,2022-02-06,199.0
Region VIII: Eastern Visayas,164,2022-02-07,197.57142857142858
Region VIII: Eastern Visayas,86,2022-02-08,180.42857142857142
Region VIII: Eastern Visayas,48,2022-02-09,156.28571428571428
Region VIII: Eastern Visayas,133,2022-02-10,130.57142857142858
Region VIII: Eastern Visayas,82,2022-02-11,118.42857142857143
Region VIII: Eastern Visayas,46,2022-02-12,112.28571428571429
Region VIII: Eastern Visayas,36,2022-02-13,85.0
Region VIII: Eastern Visayas,47,2022-02-14,68.28571428571429
Region VIII: Eastern Visayas,27,2022-02-15,59.857142857142854
Region VIII: Eastern Visayas,53,2022-02-16,60.57142857142857
Region VIII: Eastern Visayas,87,2022-02-17,54.0
Region VIII: Eastern Visayas,57,2022-02-18,50.42857142857143
Region VIII: Eastern Visayas,39,2022-02-19,49.42857142857143
Region VIII: Eastern Visayas,41,2022-02-20,50.142857142857146
Region VIII: Eastern Visayas,29,2022-02-21,47.57142857142857
Region VIII: Eastern Visayas,24,2022-02-22,47.142857142857146
Region VIII: Eastern Visayas,14,2022-02-23,41.57142857142857
Region VIII: Eastern Visayas,26,2022-02-24,32.857142857142854
Region VIII: Eastern Visayas,20,2022-02-25,27.571428571428573
Region VIII: Eastern Visayas,24,2022-02-26,25.428571428571427
Region VIII: Eastern Visayas,25,2022-02-27,23.142857142857142
Region VIII: Eastern Visayas,13,2022-02-28,20.857142857142858
Region VIII: Eastern Visayas,12,2022-03-01,19.142857142857142
Region VIII: Eastern Visayas,3,2022-03-02,17.571428571428573
Region VIII: Eastern Visayas,26,2022-03-03,17.571428571428573
Region VIII: Eastern Visayas,8,2022-03-04,15.857142857142858
Region VIII: Eastern Visayas,18,2022-03-05,15.0
Region VIII: Eastern Visayas,10,2022-03-06,12.857142857142858
Region VIII: Eastern Visayas,8,2022-03-07,12.142857142857142
Region VIII: Eastern Visayas,13,2022-03-08,12.285714285714286
Region VIII: Eastern Visayas,1,2022-03-09,12.0
Region VIII: Eastern Visayas,26,2022-03-10,12.0
Region VIII: Eastern Visayas,11,2022-03-11,12.428571428571429
Region VIII: Eastern Visayas,8,2022-03-12,11.0
Region VIII: Eastern Visayas,9,2022-03-13,10.857142857142858
Region VIII: Eastern Visayas,4,2022-03-14,10.285714285714286
Region VIII: Eastern Visayas,4,2022-03-15,9.0
Region VIII: Eastern Visayas,2,2022-03-16,9.142857142857142
Region VIII: Eastern Visayas,12,2022-03-17,7.142857142857143
Region VIII: Eastern Visayas,10,2022-03-18,7.0
Region VIII: Eastern Visayas,5,2022-03-19,6.571428571428571
Region VIII: Eastern Visayas,4,2022-03-20,5.857142857142857
Region VIII: Eastern Visayas,4,2022-03-21,5.857142857142857
Region VIII: Eastern Visayas,0,2022-03-22,5.285714285714286
Region VIII: Eastern Visayas,1,2022-03-23,5.142857142857143
Region VIII: Eastern Visayas,5,2022-03-24,4.142857142857143
Region VIII: Eastern Visayas,12,2022-03-25,4.428571428571429
Region VIII: Eastern Visayas,4,2022-03-26,4.285714285714286
Region VIII: Eastern Visayas,1,2022-03-27,3.857142857142857
Region VIII: Eastern Visayas,3,2022-03-28,3.7142857142857144
Region VIII: Eastern Visayas,3,2022-03-29,4.142857142857143
Region VIII: Eastern Visayas,1,2022-03-30,4.142857142857143
