region,count,date,7DayMA
Region XII: SOCCSKSARGEN,1,2020-04-09,
Region XII: SOCCSKSARGEN,0,2020-04-10,
Region XII: SOCCSKSARGEN,0,2020-04-11,
Region XII: SOCCSKSARGEN,1,2020-04-12,
Region XII: SOCCSKSARGEN,1,2020-04-13,
Region XII: SOCCSKSARGEN,0,2020-04-14,
Region XII: SOCCSKSARGEN,1,2020-04-15,0.5714285714285714
Region XII: SOCCSKSARGEN,1,2020-04-16,0.5714285714285714
Region XII: SOCCSKSARGEN,0,2020-04-17,0.5714285714285714
Region XII: SOCCSKSARGEN,0,2020-04-18,0.5714285714285714
Region XII: SOCCSKSARGEN,0,2020-04-19,0.42857142857142855
Region XII: SOCCSKSARGEN,0,2020-04-20,0.2857142857142857
Region XII: SOCCSKSARGEN,0,2020-04-21,0.2857142857142857
Region XII: SOCCSKSARGEN,0,2020-04-22,0.14285714285714285
Region XII: SOCCSKSARGEN,3,2020-04-23,0.42857142857142855
Region XII: SOCCSKSARGEN,0,2020-04-24,0.42857142857142855
Region XII: SOCCSKSARGEN,0,2020-04-25,0.42857142857142855
Region XII: SOCCSKSARGEN,0,2020-04-26,0.42857142857142855
Region XII: SOCCSKSARGEN,0,2020-04-27,0.42857142857142855
Region XII: SOCCSKSARGEN,0,2020-04-28,0.42857142857142855
Region XII: SOCCSKSARGEN,1,2020-04-29,0.5714285714285714
Region XII: SOCCSKSARGEN,0,2020-04-30,0.14285714285714285
Region XII: SOCCSKSARGEN,0,2020-05-01,0.14285714285714285
Region XII: SOCCSKSARGEN,0,2020-05-02,0.14285714285714285
Region XII: SOCCSKSARGEN,0,2020-05-03,0.14285714285714285
Region XII: SOCCSKSARGEN,0,2020-05-04,0.14285714285714285
Region XII: SOCCSKSARGEN,0,2020-05-05,0.14285714285714285
Region XII: SOCCSKSARGEN,0,2020-05-06,0.0
Region XII: SOCCSKSARGEN,0,2020-05-07,0.0
Region XII: SOCCSKSARGEN,0,2020-05-08,0.0
Region XII: SOCCSKSARGEN,0,2020-05-09,0.0
Region XII: SOCCSKSARGEN,0,2020-05-10,0.0
Region XII: SOCCSKSARGEN,0,2020-05-11,0.0
Region XII: SOCCSKSARGEN,0,2020-05-12,0.0
Region XII: SOCCSKSARGEN,0,2020-05-13,0.0
Region XII: SOCCSKSARGEN,0,2020-05-14,0.0
Region XII: SOCCSKSARGEN,0,2020-05-15,0.0
Region XII: SOCCSKSARGEN,0,2020-05-16,0.0
Region XII: SOCCSKSARGEN,0,2020-05-17,0.0
Region XII: SOCCSKSARGEN,0,2020-05-18,0.0
Region XII: SOCCSKSARGEN,0,2020-05-19,0.0
Region XII: SOCCSKSARGEN,0,2020-05-20,0.0
Region XII: SOCCSKSARGEN,0,2020-05-21,0.0
Region XII: SOCCSKSARGEN,1,2020-05-22,0.14285714285714285
Region XII: SOCCSKSARGEN,0,2020-05-23,0.14285714285714285
Region XII: SOCCSKSARGEN,0,2020-05-24,0.14285714285714285
Region XII: SOCCSKSARGEN,0,2020-05-25,0.14285714285714285
Region XII: SOCCSKSARGEN,0,2020-05-26,0.14285714285714285
Region XII: SOCCSKSARGEN,0,2020-05-27,0.14285714285714285
Region XII: SOCCSKSARGEN,0,2020-05-28,0.14285714285714285
Region XII: SOCCSKSARGEN,0,2020-05-29,0.0
Region XII: SOCCSKSARGEN,0,2020-05-30,0.0
Region XII: SOCCSKSARGEN,1,2020-05-31,0.14285714285714285
Region XII: SOCCSKSARGEN,0,2020-06-01,0.14285714285714285
Region XII: SOCCSKSARGEN,0,2020-06-02,0.14285714285714285
Region XII: SOCCSKSARGEN,1,2020-06-03,0.2857142857142857
Region XII: SOCCSKSARGEN,0,2020-06-04,0.2857142857142857
Region XII: SOCCSKSARGEN,0,2020-06-05,0.2857142857142857
Region XII: SOCCSKSARGEN,0,2020-06-06,0.2857142857142857
Region XII: SOCCSKSARGEN,0,2020-06-07,0.14285714285714285
Region XII: SOCCSKSARGEN,0,2020-06-08,0.14285714285714285
Region XII: SOCCSKSARGEN,0,2020-06-09,0.14285714285714285
Region XII: SOCCSKSARGEN,1,2020-06-10,0.14285714285714285
Region XII: SOCCSKSARGEN,0,2020-06-11,0.14285714285714285
Region XII: SOCCSKSARGEN,0,2020-06-12,0.14285714285714285
Region XII: SOCCSKSARGEN,0,2020-06-13,0.14285714285714285
Region XII: SOCCSKSARGEN,0,2020-06-14,0.14285714285714285
Region XII: SOCCSKSARGEN,0,2020-06-15,0.14285714285714285
Region XII: SOCCSKSARGEN,0,2020-06-16,0.14285714285714285
Region XII: SOCCSKSARGEN,0,2020-06-17,0.0
Region XII: SOCCSKSARGEN,0,2020-06-18,0.0
Region XII: SOCCSKSARGEN,0,2020-06-19,0.0
Region XII: SOCCSKSARGEN,1,2020-06-20,0.14285714285714285
Region XII: SOCCSKSARGEN,0,2020-06-21,0.14285714285714285
Region XII: SOCCSKSARGEN,0,2020-06-22,0.14285714285714285
Region XII: SOCCSKSARGEN,0,2020-06-23,0.14285714285714285
Region XII: SOCCSKSARGEN,0,2020-06-24,0.14285714285714285
Region XII: SOCCSKSARGEN,3,2020-06-25,0.5714285714285714
Region XII: SOCCSKSARGEN,1,2020-06-26,0.7142857142857143
Region XII: SOCCSKSARGEN,0,2020-06-27,0.5714285714285714
Region XII: SOCCSKSARGEN,0,2020-06-28,0.5714285714285714
Region XII: SOCCSKSARGEN,4,2020-06-29,1.1428571428571428
Region XII: SOCCSKSARGEN,0,2020-06-30,1.1428571428571428
Region XII: SOCCSKSARGEN,0,2020-07-01,1.1428571428571428
Region XII: SOCCSKSARGEN,2,2020-07-02,1.0
Region XII: SOCCSKSARGEN,2,2020-07-03,1.1428571428571428
Region XII: SOCCSKSARGEN,0,2020-07-04,1.1428571428571428
Region XII: SOCCSKSARGEN,0,2020-07-05,1.1428571428571428
Region XII: SOCCSKSARGEN,0,2020-07-06,0.5714285714285714
Region XII: SOCCSKSARGEN,0,2020-07-07,0.5714285714285714
Region XII: SOCCSKSARGEN,0,2020-07-08,0.5714285714285714
Region XII: SOCCSKSARGEN,1,2020-07-09,0.42857142857142855
Region XII: SOCCSKSARGEN,1,2020-07-10,0.2857142857142857
Region XII: SOCCSKSARGEN,2,2020-07-11,0.5714285714285714
Region XII: SOCCSKSARGEN,0,2020-07-12,0.5714285714285714
Region XII: SOCCSKSARGEN,1,2020-07-13,0.7142857142857143
Region XII: SOCCSKSARGEN,1,2020-07-14,0.8571428571428571
Region XII: SOCCSKSARGEN,2,2020-07-15,1.1428571428571428
Region XII: SOCCSKSARGEN,5,2020-07-16,1.7142857142857142
Region XII: SOCCSKSARGEN,2,2020-07-17,1.8571428571428572
Region XII: SOCCSKSARGEN,0,2020-07-18,1.5714285714285714
Region XII: SOCCSKSARGEN,0,2020-07-19,1.5714285714285714
Region XII: SOCCSKSARGEN,1,2020-07-20,1.5714285714285714
Region XII: SOCCSKSARGEN,2,2020-07-21,1.7142857142857142
Region XII: SOCCSKSARGEN,1,2020-07-22,1.5714285714285714
Region XII: SOCCSKSARGEN,3,2020-07-23,1.2857142857142858
Region XII: SOCCSKSARGEN,4,2020-07-24,1.5714285714285714
Region XII: SOCCSKSARGEN,8,2020-07-25,2.7142857142857144
Region XII: SOCCSKSARGEN,0,2020-07-26,2.7142857142857144
Region XII: SOCCSKSARGEN,5,2020-07-27,3.2857142857142856
Region XII: SOCCSKSARGEN,1,2020-07-28,3.142857142857143
Region XII: SOCCSKSARGEN,4,2020-07-29,3.5714285714285716
Region XII: SOCCSKSARGEN,12,2020-07-30,4.857142857142857
Region XII: SOCCSKSARGEN,2,2020-07-31,4.571428571428571
Region XII: SOCCSKSARGEN,6,2020-08-01,4.285714285714286
Region XII: SOCCSKSARGEN,1,2020-08-02,4.428571428571429
Region XII: SOCCSKSARGEN,1,2020-08-03,3.857142857142857
Region XII: SOCCSKSARGEN,1,2020-08-04,3.857142857142857
Region XII: SOCCSKSARGEN,2,2020-08-05,3.5714285714285716
Region XII: SOCCSKSARGEN,4,2020-08-06,2.4285714285714284
Region XII: SOCCSKSARGEN,7,2020-08-07,3.142857142857143
Region XII: SOCCSKSARGEN,3,2020-08-08,2.7142857142857144
Region XII: SOCCSKSARGEN,2,2020-08-09,2.857142857142857
Region XII: SOCCSKSARGEN,11,2020-08-10,4.285714285714286
Region XII: SOCCSKSARGEN,2,2020-08-11,4.428571428571429
Region XII: SOCCSKSARGEN,10,2020-08-12,5.571428571428571
Region XII: SOCCSKSARGEN,2,2020-08-13,5.285714285714286
Region XII: SOCCSKSARGEN,4,2020-08-14,4.857142857142857
Region XII: SOCCSKSARGEN,13,2020-08-15,6.285714285714286
Region XII: SOCCSKSARGEN,8,2020-08-16,7.142857142857143
Region XII: SOCCSKSARGEN,5,2020-08-17,6.285714285714286
Region XII: SOCCSKSARGEN,6,2020-08-18,6.857142857142857
Region XII: SOCCSKSARGEN,9,2020-08-19,6.714285714285714
Region XII: SOCCSKSARGEN,3,2020-08-20,6.857142857142857
Region XII: SOCCSKSARGEN,1,2020-08-21,6.428571428571429
Region XII: SOCCSKSARGEN,2,2020-08-22,4.857142857142857
Region XII: SOCCSKSARGEN,1,2020-08-23,3.857142857142857
Region XII: SOCCSKSARGEN,0,2020-08-24,3.142857142857143
Region XII: SOCCSKSARGEN,2,2020-08-25,2.5714285714285716
Region XII: SOCCSKSARGEN,2,2020-08-26,1.5714285714285714
Region XII: SOCCSKSARGEN,2,2020-08-27,1.4285714285714286
Region XII: SOCCSKSARGEN,2,2020-08-28,1.5714285714285714
Region XII: SOCCSKSARGEN,3,2020-08-29,1.7142857142857142
Region XII: SOCCSKSARGEN,3,2020-08-30,2.0
Region XII: SOCCSKSARGEN,1,2020-08-31,2.142857142857143
Region XII: SOCCSKSARGEN,3,2020-09-01,2.2857142857142856
Region XII: SOCCSKSARGEN,0,2020-09-02,2.0
Region XII: SOCCSKSARGEN,0,2020-09-03,1.7142857142857142
Region XII: SOCCSKSARGEN,2,2020-09-04,1.7142857142857142
Region XII: SOCCSKSARGEN,1,2020-09-05,1.4285714285714286
Region XII: SOCCSKSARGEN,0,2020-09-06,1.0
Region XII: SOCCSKSARGEN,2,2020-09-07,1.1428571428571428
Region XII: SOCCSKSARGEN,0,2020-09-08,0.7142857142857143
Region XII: SOCCSKSARGEN,6,2020-09-09,1.5714285714285714
Region XII: SOCCSKSARGEN,3,2020-09-10,2.0
Region XII: SOCCSKSARGEN,2,2020-09-11,2.0
Region XII: SOCCSKSARGEN,5,2020-09-12,2.5714285714285716
Region XII: SOCCSKSARGEN,2,2020-09-13,2.857142857142857
Region XII: SOCCSKSARGEN,1,2020-09-14,2.7142857142857144
Region XII: SOCCSKSARGEN,7,2020-09-15,3.7142857142857144
Region XII: SOCCSKSARGEN,23,2020-09-16,6.142857142857143
Region XII: SOCCSKSARGEN,6,2020-09-17,6.571428571428571
Region XII: SOCCSKSARGEN,6,2020-09-18,7.142857142857143
Region XII: SOCCSKSARGEN,11,2020-09-19,8.0
Region XII: SOCCSKSARGEN,29,2020-09-20,11.857142857142858
Region XII: SOCCSKSARGEN,13,2020-09-21,13.571428571428571
Region XII: SOCCSKSARGEN,12,2020-09-22,14.285714285714286
Region XII: SOCCSKSARGEN,9,2020-09-23,12.285714285714286
Region XII: SOCCSKSARGEN,18,2020-09-24,14.0
Region XII: SOCCSKSARGEN,5,2020-09-25,13.857142857142858
Region XII: SOCCSKSARGEN,10,2020-09-26,13.714285714285714
Region XII: SOCCSKSARGEN,5,2020-09-27,10.285714285714286
Region XII: SOCCSKSARGEN,12,2020-09-28,10.142857142857142
Region XII: SOCCSKSARGEN,4,2020-09-29,9.0
Region XII: SOCCSKSARGEN,15,2020-09-30,9.857142857142858
Region XII: SOCCSKSARGEN,8,2020-10-01,8.428571428571429
Region XII: SOCCSKSARGEN,11,2020-10-02,9.285714285714286
Region XII: SOCCSKSARGEN,7,2020-10-03,8.857142857142858
Region XII: SOCCSKSARGEN,29,2020-10-04,12.285714285714286
Region XII: SOCCSKSARGEN,19,2020-10-05,13.285714285714286
Region XII: SOCCSKSARGEN,24,2020-10-06,16.142857142857142
Region XII: SOCCSKSARGEN,9,2020-10-07,15.285714285714286
Region XII: SOCCSKSARGEN,13,2020-10-08,16.0
Region XII: SOCCSKSARGEN,29,2020-10-09,18.571428571428573
Region XII: SOCCSKSARGEN,7,2020-10-10,18.571428571428573
Region XII: SOCCSKSARGEN,15,2020-10-11,16.571428571428573
Region XII: SOCCSKSARGEN,4,2020-10-12,14.428571428571429
Region XII: SOCCSKSARGEN,24,2020-10-13,14.428571428571429
Region XII: SOCCSKSARGEN,4,2020-10-14,13.714285714285714
Region XII: SOCCSKSARGEN,11,2020-10-15,13.428571428571429
Region XII: SOCCSKSARGEN,10,2020-10-16,10.714285714285714
Region XII: SOCCSKSARGEN,7,2020-10-17,10.714285714285714
Region XII: SOCCSKSARGEN,4,2020-10-18,9.142857142857142
Region XII: SOCCSKSARGEN,12,2020-10-19,10.285714285714286
Region XII: SOCCSKSARGEN,17,2020-10-20,9.285714285714286
Region XII: SOCCSKSARGEN,9,2020-10-21,10.0
Region XII: SOCCSKSARGEN,22,2020-10-22,11.571428571428571
Region XII: SOCCSKSARGEN,25,2020-10-23,13.714285714285714
Region XII: SOCCSKSARGEN,9,2020-10-24,14.0
Region XII: SOCCSKSARGEN,18,2020-10-25,16.0
Region XII: SOCCSKSARGEN,32,2020-10-26,18.857142857142858
Region XII: SOCCSKSARGEN,21,2020-10-27,19.428571428571427
Region XII: SOCCSKSARGEN,15,2020-10-28,20.285714285714285
Region XII: SOCCSKSARGEN,31,2020-10-29,21.571428571428573
Region XII: SOCCSKSARGEN,35,2020-10-30,23.0
Region XII: SOCCSKSARGEN,19,2020-10-31,24.428571428571427
Region XII: SOCCSKSARGEN,29,2020-11-01,26.0
Region XII: SOCCSKSARGEN,27,2020-11-02,25.285714285714285
Region XII: SOCCSKSARGEN,42,2020-11-03,28.285714285714285
Region XII: SOCCSKSARGEN,33,2020-11-04,30.857142857142858
Region XII: SOCCSKSARGEN,24,2020-11-05,29.857142857142858
Region XII: SOCCSKSARGEN,31,2020-11-06,29.285714285714285
Region XII: SOCCSKSARGEN,34,2020-11-07,31.428571428571427
Region XII: SOCCSKSARGEN,8,2020-11-08,28.428571428571427
Region XII: SOCCSKSARGEN,7,2020-11-09,25.571428571428573
Region XII: SOCCSKSARGEN,23,2020-11-10,22.857142857142858
Region XII: SOCCSKSARGEN,12,2020-11-11,19.857142857142858
Region XII: SOCCSKSARGEN,18,2020-11-12,19.0
Region XII: SOCCSKSARGEN,16,2020-11-13,16.857142857142858
Region XII: SOCCSKSARGEN,12,2020-11-14,13.714285714285714
Region XII: SOCCSKSARGEN,6,2020-11-15,13.428571428571429
Region XII: SOCCSKSARGEN,15,2020-11-16,14.571428571428571
Region XII: SOCCSKSARGEN,9,2020-11-17,12.571428571428571
Region XII: SOCCSKSARGEN,10,2020-11-18,12.285714285714286
Region XII: SOCCSKSARGEN,23,2020-11-19,13.0
Region XII: SOCCSKSARGEN,23,2020-11-20,14.0
Region XII: SOCCSKSARGEN,44,2020-11-21,18.571428571428573
Region XII: SOCCSKSARGEN,7,2020-11-22,18.714285714285715
Region XII: SOCCSKSARGEN,43,2020-11-23,22.714285714285715
Region XII: SOCCSKSARGEN,30,2020-11-24,25.714285714285715
Region XII: SOCCSKSARGEN,13,2020-11-25,26.142857142857142
Region XII: SOCCSKSARGEN,16,2020-11-26,25.142857142857142
Region XII: SOCCSKSARGEN,45,2020-11-27,28.285714285714285
Region XII: SOCCSKSARGEN,21,2020-11-28,25.0
Region XII: SOCCSKSARGEN,10,2020-11-29,25.428571428571427
Region XII: SOCCSKSARGEN,7,2020-11-30,20.285714285714285
Region XII: SOCCSKSARGEN,21,2020-12-01,19.0
Region XII: SOCCSKSARGEN,15,2020-12-02,19.285714285714285
Region XII: SOCCSKSARGEN,21,2020-12-03,20.0
Region XII: SOCCSKSARGEN,20,2020-12-04,16.428571428571427
Region XII: SOCCSKSARGEN,27,2020-12-05,17.285714285714285
Region XII: SOCCSKSARGEN,10,2020-12-06,17.285714285714285
Region XII: SOCCSKSARGEN,24,2020-12-07,19.714285714285715
Region XII: SOCCSKSARGEN,15,2020-12-08,18.857142857142858
Region XII: SOCCSKSARGEN,19,2020-12-09,19.428571428571427
Region XII: SOCCSKSARGEN,11,2020-12-10,18.0
Region XII: SOCCSKSARGEN,19,2020-12-11,17.857142857142858
Region XII: SOCCSKSARGEN,14,2020-12-12,16.0
Region XII: SOCCSKSARGEN,9,2020-12-13,15.857142857142858
Region XII: SOCCSKSARGEN,18,2020-12-14,15.0
Region XII: SOCCSKSARGEN,13,2020-12-15,14.714285714285714
Region XII: SOCCSKSARGEN,14,2020-12-16,14.0
Region XII: SOCCSKSARGEN,17,2020-12-17,14.857142857142858
Region XII: SOCCSKSARGEN,24,2020-12-18,15.571428571428571
Region XII: SOCCSKSARGEN,3,2020-12-19,14.0
Region XII: SOCCSKSARGEN,4,2020-12-20,13.285714285714286
Region XII: SOCCSKSARGEN,21,2020-12-21,13.714285714285714
Region XII: SOCCSKSARGEN,11,2020-12-22,13.428571428571429
Region XII: SOCCSKSARGEN,15,2020-12-23,13.571428571428571
Region XII: SOCCSKSARGEN,10,2020-12-24,12.571428571428571
Region XII: SOCCSKSARGEN,19,2020-12-25,11.857142857142858
Region XII: SOCCSKSARGEN,16,2020-12-26,13.714285714285714
Region XII: SOCCSKSARGEN,7,2020-12-27,14.142857142857142
Region XII: SOCCSKSARGEN,26,2020-12-28,14.857142857142858
Region XII: SOCCSKSARGEN,3,2020-12-29,13.714285714285714
Region XII: SOCCSKSARGEN,2,2020-12-30,11.857142857142858
Region XII: SOCCSKSARGEN,7,2020-12-31,11.428571428571429
Region XII: SOCCSKSARGEN,6,2021-01-01,9.571428571428571
Region XII: SOCCSKSARGEN,1,2021-01-02,7.428571428571429
Region XII: SOCCSKSARGEN,11,2021-01-03,8.0
Region XII: SOCCSKSARGEN,4,2021-01-04,4.857142857142857
Region XII: SOCCSKSARGEN,17,2021-01-05,6.857142857142857
Region XII: SOCCSKSARGEN,9,2021-01-06,7.857142857142857
Region XII: SOCCSKSARGEN,27,2021-01-07,10.714285714285714
Region XII: SOCCSKSARGEN,21,2021-01-08,12.857142857142858
Region XII: SOCCSKSARGEN,3,2021-01-09,13.142857142857142
Region XII: SOCCSKSARGEN,18,2021-01-10,14.142857142857142
Region XII: SOCCSKSARGEN,4,2021-01-11,14.142857142857142
Region XII: SOCCSKSARGEN,6,2021-01-12,12.571428571428571
Region XII: SOCCSKSARGEN,29,2021-01-13,15.428571428571429
Region XII: SOCCSKSARGEN,16,2021-01-14,13.857142857142858
Region XII: SOCCSKSARGEN,0,2021-01-15,10.857142857142858
Region XII: SOCCSKSARGEN,4,2021-01-16,11.0
Region XII: SOCCSKSARGEN,8,2021-01-17,9.571428571428571
Region XII: SOCCSKSARGEN,12,2021-01-18,10.714285714285714
Region XII: SOCCSKSARGEN,1,2021-01-19,10.0
Region XII: SOCCSKSARGEN,7,2021-01-20,6.857142857142857
Region XII: SOCCSKSARGEN,29,2021-01-21,8.714285714285714
Region XII: SOCCSKSARGEN,18,2021-01-22,11.285714285714286
Region XII: SOCCSKSARGEN,20,2021-01-23,13.571428571428571
Region XII: SOCCSKSARGEN,15,2021-01-24,14.571428571428571
Region XII: SOCCSKSARGEN,29,2021-01-25,17.0
Region XII: SOCCSKSARGEN,32,2021-01-26,21.428571428571427
Region XII: SOCCSKSARGEN,5,2021-01-27,21.142857142857142
Region XII: SOCCSKSARGEN,20,2021-01-28,19.857142857142858
Region XII: SOCCSKSARGEN,34,2021-01-29,22.142857142857142
Region XII: SOCCSKSARGEN,14,2021-01-30,21.285714285714285
Region XII: SOCCSKSARGEN,8,2021-01-31,20.285714285714285
Region XII: SOCCSKSARGEN,19,2021-02-01,18.857142857142858
Region XII: SOCCSKSARGEN,20,2021-02-02,17.142857142857142
Region XII: SOCCSKSARGEN,20,2021-02-03,19.285714285714285
Region XII: SOCCSKSARGEN,8,2021-02-04,17.571428571428573
Region XII: SOCCSKSARGEN,21,2021-02-05,15.714285714285714
Region XII: SOCCSKSARGEN,26,2021-02-06,17.428571428571427
Region XII: SOCCSKSARGEN,1,2021-02-07,16.428571428571427
Region XII: SOCCSKSARGEN,22,2021-02-08,16.857142857142858
Region XII: SOCCSKSARGEN,25,2021-02-09,17.571428571428573
Region XII: SOCCSKSARGEN,43,2021-02-10,20.857142857142858
Region XII: SOCCSKSARGEN,27,2021-02-11,23.571428571428573
Region XII: SOCCSKSARGEN,30,2021-02-12,24.857142857142858
Region XII: SOCCSKSARGEN,20,2021-02-13,24.0
Region XII: SOCCSKSARGEN,7,2021-02-14,24.857142857142858
Region XII: SOCCSKSARGEN,24,2021-02-15,25.142857142857142
Region XII: SOCCSKSARGEN,22,2021-02-16,24.714285714285715
Region XII: SOCCSKSARGEN,16,2021-02-17,20.857142857142858
Region XII: SOCCSKSARGEN,6,2021-02-18,17.857142857142858
Region XII: SOCCSKSARGEN,25,2021-02-19,17.142857142857142
Region XII: SOCCSKSARGEN,15,2021-02-20,16.428571428571427
Region XII: SOCCSKSARGEN,12,2021-02-21,17.142857142857142
Region XII: SOCCSKSARGEN,6,2021-02-22,14.571428571428571
Region XII: SOCCSKSARGEN,6,2021-02-23,12.285714285714286
Region XII: SOCCSKSARGEN,1,2021-02-24,10.142857142857142
Region XII: SOCCSKSARGEN,11,2021-02-25,10.857142857142858
Region XII: SOCCSKSARGEN,4,2021-02-26,7.857142857142857
Region XII: SOCCSKSARGEN,9,2021-02-27,7.0
Region XII: SOCCSKSARGEN,2,2021-02-28,5.571428571428571
Region XII: SOCCSKSARGEN,8,2021-03-01,5.857142857142857
Region XII: SOCCSKSARGEN,4,2021-03-02,5.571428571428571
Region XII: SOCCSKSARGEN,8,2021-03-03,6.571428571428571
Region XII: SOCCSKSARGEN,20,2021-03-04,7.857142857142857
Region XII: SOCCSKSARGEN,23,2021-03-05,10.571428571428571
Region XII: SOCCSKSARGEN,10,2021-03-06,10.714285714285714
Region XII: SOCCSKSARGEN,6,2021-03-07,11.285714285714286
Region XII: SOCCSKSARGEN,21,2021-03-08,13.142857142857142
Region XII: SOCCSKSARGEN,27,2021-03-09,16.428571428571427
Region XII: SOCCSKSARGEN,22,2021-03-10,18.428571428571427
Region XII: SOCCSKSARGEN,29,2021-03-11,19.714285714285715
Region XII: SOCCSKSARGEN,29,2021-03-12,20.571428571428573
Region XII: SOCCSKSARGEN,24,2021-03-13,22.571428571428573
Region XII: SOCCSKSARGEN,3,2021-03-14,22.142857142857142
Region XII: SOCCSKSARGEN,19,2021-03-15,21.857142857142858
Region XII: SOCCSKSARGEN,23,2021-03-16,21.285714285714285
Region XII: SOCCSKSARGEN,12,2021-03-17,19.857142857142858
Region XII: SOCCSKSARGEN,5,2021-03-18,16.428571428571427
Region XII: SOCCSKSARGEN,2,2021-03-19,12.571428571428571
Region XII: SOCCSKSARGEN,3,2021-03-20,9.571428571428571
Region XII: SOCCSKSARGEN,9,2021-03-21,10.428571428571429
Region XII: SOCCSKSARGEN,8,2021-03-22,8.857142857142858
Region XII: SOCCSKSARGEN,3,2021-03-23,6.0
Region XII: SOCCSKSARGEN,5,2021-03-24,5.0
Region XII: SOCCSKSARGEN,1,2021-03-25,4.428571428571429
Region XII: SOCCSKSARGEN,8,2021-03-26,5.285714285714286
Region XII: SOCCSKSARGEN,4,2021-03-27,5.428571428571429
Region XII: SOCCSKSARGEN,6,2021-03-28,5.0
Region XII: SOCCSKSARGEN,10,2021-03-29,5.285714285714286
Region XII: SOCCSKSARGEN,13,2021-03-30,6.714285714285714
Region XII: SOCCSKSARGEN,26,2021-03-31,9.714285714285714
Region XII: SOCCSKSARGEN,10,2021-04-01,11.0
Region XII: SOCCSKSARGEN,8,2021-04-02,11.0
Region XII: SOCCSKSARGEN,21,2021-04-03,13.428571428571429
Region XII: SOCCSKSARGEN,13,2021-04-04,14.428571428571429
Region XII: SOCCSKSARGEN,11,2021-04-05,14.571428571428571
Region XII: SOCCSKSARGEN,26,2021-04-06,16.428571428571427
Region XII: SOCCSKSARGEN,13,2021-04-07,14.571428571428571
Region XII: SOCCSKSARGEN,10,2021-04-08,14.571428571428571
Region XII: SOCCSKSARGEN,19,2021-04-09,16.142857142857142
Region XII: SOCCSKSARGEN,39,2021-04-10,18.714285714285715
Region XII: SOCCSKSARGEN,28,2021-04-11,20.857142857142858
Region XII: SOCCSKSARGEN,4,2021-04-12,19.857142857142858
Region XII: SOCCSKSARGEN,6,2021-04-13,17.0
Region XII: SOCCSKSARGEN,18,2021-04-14,17.714285714285715
Region XII: SOCCSKSARGEN,18,2021-04-15,18.857142857142858
Region XII: SOCCSKSARGEN,4,2021-04-16,16.714285714285715
Region XII: SOCCSKSARGEN,11,2021-04-17,12.714285714285714
Region XII: SOCCSKSARGEN,16,2021-04-18,11.0
Region XII: SOCCSKSARGEN,17,2021-04-19,12.857142857142858
Region XII: SOCCSKSARGEN,2,2021-04-20,12.285714285714286
Region XII: SOCCSKSARGEN,16,2021-04-21,12.0
Region XII: SOCCSKSARGEN,9,2021-04-22,10.714285714285714
Region XII: SOCCSKSARGEN,9,2021-04-23,11.428571428571429
Region XII: SOCCSKSARGEN,0,2021-04-24,9.857142857142858
Region XII: SOCCSKSARGEN,3,2021-04-25,8.0
Region XII: SOCCSKSARGEN,2,2021-04-26,5.857142857142857
Region XII: SOCCSKSARGEN,3,2021-04-27,6.0
Region XII: SOCCSKSARGEN,1,2021-04-28,3.857142857142857
Region XII: SOCCSKSARGEN,2,2021-04-29,2.857142857142857
Region XII: SOCCSKSARGEN,4,2021-04-30,2.142857142857143
Region XII: SOCCSKSARGEN,7,2021-05-01,3.142857142857143
Region XII: SOCCSKSARGEN,5,2021-05-02,3.4285714285714284
Region XII: SOCCSKSARGEN,1,2021-05-03,3.2857142857142856
Region XII: SOCCSKSARGEN,5,2021-05-04,3.5714285714285716
Region XII: SOCCSKSARGEN,4,2021-05-05,4.0
Region XII: SOCCSKSARGEN,0,2021-05-06,3.7142857142857144
Region XII: SOCCSKSARGEN,17,2021-05-07,5.571428571428571
Region XII: SOCCSKSARGEN,14,2021-05-08,6.571428571428571
Region XII: SOCCSKSARGEN,1,2021-05-09,6.0
Region XII: SOCCSKSARGEN,5,2021-05-10,6.571428571428571
Region XII: SOCCSKSARGEN,1,2021-05-11,6.0
Region XII: SOCCSKSARGEN,5,2021-05-12,6.142857142857143
Region XII: SOCCSKSARGEN,0,2021-05-13,6.142857142857143
Region XII: SOCCSKSARGEN,21,2021-05-14,6.714285714285714
Region XII: SOCCSKSARGEN,34,2021-05-15,9.571428571428571
Region XII: SOCCSKSARGEN,20,2021-05-16,12.285714285714286
Region XII: SOCCSKSARGEN,14,2021-05-17,13.571428571428571
Region XII: SOCCSKSARGEN,7,2021-05-18,14.428571428571429
Region XII: SOCCSKSARGEN,2,2021-05-19,14.0
Region XII: SOCCSKSARGEN,17,2021-05-20,16.428571428571427
Region XII: SOCCSKSARGEN,8,2021-05-21,14.571428571428571
Region XII: SOCCSKSARGEN,0,2021-05-22,9.714285714285714
Region XII: SOCCSKSARGEN,2,2021-05-23,7.142857142857143
Region XII: SOCCSKSARGEN,5,2021-05-24,5.857142857142857
Region XII: SOCCSKSARGEN,18,2021-05-25,7.428571428571429
Region XII: SOCCSKSARGEN,21,2021-05-26,10.142857142857142
Region XII: SOCCSKSARGEN,2,2021-05-27,8.0
Region XII: SOCCSKSARGEN,28,2021-05-28,10.857142857142858
Region XII: SOCCSKSARGEN,26,2021-05-29,14.571428571428571
Region XII: SOCCSKSARGEN,50,2021-05-30,21.428571428571427
Region XII: SOCCSKSARGEN,25,2021-05-31,24.285714285714285
Region XII: SOCCSKSARGEN,13,2021-06-01,23.571428571428573
Region XII: SOCCSKSARGEN,46,2021-06-02,27.142857142857142
Region XII: SOCCSKSARGEN,68,2021-06-03,36.57142857142857
Region XII: SOCCSKSARGEN,83,2021-06-04,44.42857142857143
Region XII: SOCCSKSARGEN,105,2021-06-05,55.714285714285715
Region XII: SOCCSKSARGEN,133,2021-06-06,67.57142857142857
Region XII: SOCCSKSARGEN,131,2021-06-07,82.71428571428571
Region XII: SOCCSKSARGEN,39,2021-06-08,86.42857142857143
Region XII: SOCCSKSARGEN,18,2021-06-09,82.42857142857143
Region XII: SOCCSKSARGEN,26,2021-06-10,76.42857142857143
Region XII: SOCCSKSARGEN,39,2021-06-11,70.14285714285714
Region XII: SOCCSKSARGEN,58,2021-06-12,63.42857142857143
Region XII: SOCCSKSARGEN,37,2021-06-13,49.714285714285715
Region XII: SOCCSKSARGEN,48,2021-06-14,37.857142857142854
Region XII: SOCCSKSARGEN,37,2021-06-15,37.57142857142857
Region XII: SOCCSKSARGEN,20,2021-06-16,37.857142857142854
Region XII: SOCCSKSARGEN,43,2021-06-17,40.285714285714285
Region XII: SOCCSKSARGEN,52,2021-06-18,42.142857142857146
Region XII: SOCCSKSARGEN,44,2021-06-19,40.142857142857146
Region XII: SOCCSKSARGEN,8,2021-06-20,36.0
Region XII: SOCCSKSARGEN,26,2021-06-21,32.857142857142854
Region XII: SOCCSKSARGEN,24,2021-06-22,31.0
Region XII: SOCCSKSARGEN,11,2021-06-23,29.714285714285715
Region XII: SOCCSKSARGEN,19,2021-06-24,26.285714285714285
Region XII: SOCCSKSARGEN,42,2021-06-25,24.857142857142858
Region XII: SOCCSKSARGEN,32,2021-06-26,23.142857142857142
Region XII: SOCCSKSARGEN,29,2021-06-27,26.142857142857142
Region XII: SOCCSKSARGEN,18,2021-06-28,25.0
Region XII: SOCCSKSARGEN,31,2021-06-29,26.0
Region XII: SOCCSKSARGEN,15,2021-06-30,26.571428571428573
Region XII: SOCCSKSARGEN,15,2021-07-01,26.0
Region XII: SOCCSKSARGEN,71,2021-07-02,30.142857142857142
Region XII: SOCCSKSARGEN,58,2021-07-03,33.857142857142854
Region XII: SOCCSKSARGEN,0,2021-07-04,29.714285714285715
Region XII: SOCCSKSARGEN,45,2021-07-05,33.57142857142857
Region XII: SOCCSKSARGEN,44,2021-07-06,35.42857142857143
Region XII: SOCCSKSARGEN,16,2021-07-07,35.57142857142857
Region XII: SOCCSKSARGEN,33,2021-07-08,38.142857142857146
Region XII: SOCCSKSARGEN,48,2021-07-09,34.857142857142854
Region XII: SOCCSKSARGEN,34,2021-07-10,31.428571428571427
Region XII: SOCCSKSARGEN,53,2021-07-11,39.0
Region XII: SOCCSKSARGEN,31,2021-07-12,37.0
Region XII: SOCCSKSARGEN,18,2021-07-13,33.285714285714285
Region XII: SOCCSKSARGEN,9,2021-07-14,32.285714285714285
Region XII: SOCCSKSARGEN,22,2021-07-15,30.714285714285715
Region XII: SOCCSKSARGEN,43,2021-07-16,30.0
Region XII: SOCCSKSARGEN,39,2021-07-17,30.714285714285715
Region XII: SOCCSKSARGEN,11,2021-07-18,24.714285714285715
Region XII: SOCCSKSARGEN,34,2021-07-19,25.142857142857142
Region XII: SOCCSKSARGEN,31,2021-07-20,27.0
Region XII: SOCCSKSARGEN,16,2021-07-21,28.0
Region XII: SOCCSKSARGEN,11,2021-07-22,26.428571428571427
Region XII: SOCCSKSARGEN,53,2021-07-23,27.857142857142858
Region XII: SOCCSKSARGEN,2,2021-07-24,22.571428571428573
Region XII: SOCCSKSARGEN,13,2021-07-25,22.857142857142858
Region XII: SOCCSKSARGEN,59,2021-07-26,26.428571428571427
Region XII: SOCCSKSARGEN,14,2021-07-27,24.0
Region XII: SOCCSKSARGEN,20,2021-07-28,24.571428571428573
Region XII: SOCCSKSARGEN,22,2021-07-29,26.142857142857142
Region XII: SOCCSKSARGEN,0,2021-07-30,18.571428571428573
Region XII: SOCCSKSARGEN,40,2021-07-31,24.0
Region XII: SOCCSKSARGEN,8,2021-08-01,23.285714285714285
Region XII: SOCCSKSARGEN,28,2021-08-02,18.857142857142858
Region XII: SOCCSKSARGEN,17,2021-08-03,19.285714285714285
Region XII: SOCCSKSARGEN,33,2021-08-04,21.142857142857142
Region XII: SOCCSKSARGEN,16,2021-08-05,20.285714285714285
Region XII: SOCCSKSARGEN,40,2021-08-06,26.0
Region XII: SOCCSKSARGEN,44,2021-08-07,26.571428571428573
Region XII: SOCCSKSARGEN,11,2021-08-08,27.0
Region XII: SOCCSKSARGEN,33,2021-08-09,27.714285714285715
Region XII: SOCCSKSARGEN,43,2021-08-10,31.428571428571427
Region XII: SOCCSKSARGEN,8,2021-08-11,27.857142857142858
Region XII: SOCCSKSARGEN,23,2021-08-12,28.857142857142858
Region XII: SOCCSKSARGEN,27,2021-08-13,27.0
Region XII: SOCCSKSARGEN,49,2021-08-14,27.714285714285715
Region XII: SOCCSKSARGEN,26,2021-08-15,29.857142857142858
Region XII: SOCCSKSARGEN,43,2021-08-16,31.285714285714285
Region XII: SOCCSKSARGEN,20,2021-08-17,28.0
Region XII: SOCCSKSARGEN,12,2021-08-18,28.571428571428573
Region XII: SOCCSKSARGEN,40,2021-08-19,31.0
Region XII: SOCCSKSARGEN,28,2021-08-20,31.142857142857142
Region XII: SOCCSKSARGEN,11,2021-08-21,25.714285714285715
Region XII: SOCCSKSARGEN,33,2021-08-22,26.714285714285715
Region XII: SOCCSKSARGEN,43,2021-08-23,26.714285714285715
Region XII: SOCCSKSARGEN,9,2021-08-24,25.142857142857142
Region XII: SOCCSKSARGEN,31,2021-08-25,27.857142857142858
Region XII: SOCCSKSARGEN,25,2021-08-26,25.714285714285715
Region XII: SOCCSKSARGEN,0,2021-08-27,21.714285714285715
Region XII: SOCCSKSARGEN,1,2021-08-28,20.285714285714285
Region XII: SOCCSKSARGEN,2,2021-08-29,15.857142857142858
Region XII: SOCCSKSARGEN,0,2021-08-30,9.714285714285714
Region XII: SOCCSKSARGEN,0,2021-08-31,8.428571428571429
Region XII: SOCCSKSARGEN,0,2021-09-01,4.0
Region XII: SOCCSKSARGEN,0,2021-09-02,0.42857142857142855
Region XII: SOCCSKSARGEN,0,2021-09-03,0.42857142857142855
Region XII: SOCCSKSARGEN,0,2021-09-04,0.2857142857142857
Region XII: SOCCSKSARGEN,0,2021-09-05,0.0
Region XII: SOCCSKSARGEN,0,2021-09-06,0.0
Region XII: SOCCSKSARGEN,0,2021-09-07,0.0
Region XII: SOCCSKSARGEN,0,2021-09-08,0.0
Region XII: SOCCSKSARGEN,1,2021-09-09,0.14285714285714285
Region XII: SOCCSKSARGEN,0,2021-09-10,0.14285714285714285
Region XII: SOCCSKSARGEN,0,2021-09-11,0.14285714285714285
Region XII: SOCCSKSARGEN,0,2021-09-12,0.14285714285714285
Region XII: SOCCSKSARGEN,1,2021-09-13,0.2857142857142857
Region XII: SOCCSKSARGEN,0,2021-09-14,0.2857142857142857
Region XII: SOCCSKSARGEN,0,2021-09-15,0.2857142857142857
Region XII: SOCCSKSARGEN,0,2021-09-16,0.14285714285714285
Region XII: SOCCSKSARGEN,1,2021-09-17,0.2857142857142857
Region XII: SOCCSKSARGEN,0,2021-09-18,0.2857142857142857
Region XII: SOCCSKSARGEN,0,2021-09-19,0.2857142857142857
Region XII: SOCCSKSARGEN,0,2021-09-20,0.14285714285714285
Region XII: SOCCSKSARGEN,0,2021-09-21,0.14285714285714285
Region XII: SOCCSKSARGEN,0,2021-09-22,0.14285714285714285
Region XII: SOCCSKSARGEN,0,2021-09-23,0.14285714285714285
Region XII: SOCCSKSARGEN,3,2021-09-24,0.42857142857142855
Region XII: SOCCSKSARGEN,0,2021-09-25,0.42857142857142855
Region XII: SOCCSKSARGEN,0,2021-09-26,0.42857142857142855
Region XII: SOCCSKSARGEN,0,2021-09-27,0.42857142857142855
Region XII: SOCCSKSARGEN,1,2021-09-28,0.5714285714285714
Region XII: SOCCSKSARGEN,0,2021-09-29,0.5714285714285714
Region XII: SOCCSKSARGEN,0,2021-09-30,0.5714285714285714
Region XII: SOCCSKSARGEN,1,2021-10-01,0.2857142857142857
Region XII: SOCCSKSARGEN,0,2021-10-02,0.2857142857142857
Region XII: SOCCSKSARGEN,1,2021-10-03,0.42857142857142855
Region XII: SOCCSKSARGEN,0,2021-10-04,0.42857142857142855
Region XII: SOCCSKSARGEN,0,2021-10-05,0.2857142857142857
Region XII: SOCCSKSARGEN,0,2021-10-06,0.2857142857142857
Region XII: SOCCSKSARGEN,0,2021-10-07,0.2857142857142857
Region XII: SOCCSKSARGEN,0,2021-10-08,0.14285714285714285
Region XII: SOCCSKSARGEN,1,2021-10-09,0.2857142857142857
Region XII: SOCCSKSARGEN,1,2021-10-10,0.2857142857142857
Region XII: SOCCSKSARGEN,1,2021-10-11,0.42857142857142855
Region XII: SOCCSKSARGEN,0,2021-10-12,0.42857142857142855
Region XII: SOCCSKSARGEN,0,2021-10-13,0.42857142857142855
Region XII: SOCCSKSARGEN,0,2021-10-14,0.42857142857142855
Region XII: SOCCSKSARGEN,0,2021-10-15,0.42857142857142855
Region XII: SOCCSKSARGEN,1,2021-10-16,0.42857142857142855
Region XII: SOCCSKSARGEN,0,2021-10-17,0.2857142857142857
Region XII: SOCCSKSARGEN,0,2021-10-18,0.14285714285714285
Region XII: SOCCSKSARGEN,0,2021-10-19,0.14285714285714285
Region XII: SOCCSKSARGEN,0,2021-10-20,0.14285714285714285
Region XII: SOCCSKSARGEN,0,2021-10-21,0.14285714285714285
Region XII: SOCCSKSARGEN,0,2021-10-22,0.14285714285714285
Region XII: SOCCSKSARGEN,0,2021-10-23,0.0
Region XII: SOCCSKSARGEN,0,2021-10-24,0.0
Region XII: SOCCSKSARGEN,1,2021-10-25,0.14285714285714285
Region XII: SOCCSKSARGEN,0,2021-10-26,0.14285714285714285
Region XII: SOCCSKSARGEN,1,2021-10-27,0.2857142857142857
Region XII: SOCCSKSARGEN,0,2021-10-28,0.2857142857142857
Region XII: SOCCSKSARGEN,0,2021-10-29,0.2857142857142857
Region XII: SOCCSKSARGEN,1,2021-10-30,0.42857142857142855
Region XII: SOCCSKSARGEN,0,2021-10-31,0.42857142857142855
Region XII: SOCCSKSARGEN,0,2021-11-01,0.2857142857142857
Region XII: SOCCSKSARGEN,0,2021-11-02,0.2857142857142857
Region XII: SOCCSKSARGEN,0,2021-11-03,0.14285714285714285
Region XII: SOCCSKSARGEN,0,2021-11-04,0.14285714285714285
Region XII: SOCCSKSARGEN,0,2021-11-05,0.14285714285714285
Region XII: SOCCSKSARGEN,0,2021-11-06,0.0
Region XII: SOCCSKSARGEN,0,2021-11-07,0.0
Region XII: SOCCSKSARGEN,0,2021-11-08,0.0
Region XII: SOCCSKSARGEN,0,2021-11-09,0.0
Region XII: SOCCSKSARGEN,0,2021-11-10,0.0
Region XII: SOCCSKSARGEN,0,2021-11-11,0.0
Region XII: SOCCSKSARGEN,0,2021-11-12,0.0
Region XII: SOCCSKSARGEN,1,2021-11-13,0.14285714285714285
Region XII: SOCCSKSARGEN,0,2021-11-14,0.14285714285714285
Region XII: SOCCSKSARGEN,0,2021-11-15,0.14285714285714285
Region XII: SOCCSKSARGEN,0,2021-11-16,0.14285714285714285
Region XII: SOCCSKSARGEN,0,2021-11-17,0.14285714285714285
Region XII: SOCCSKSARGEN,0,2021-11-18,0.14285714285714285
Region XII: SOCCSKSARGEN,0,2021-11-19,0.14285714285714285
Region XII: SOCCSKSARGEN,0,2021-11-20,0.0
Region XII: SOCCSKSARGEN,0,2021-11-21,0.0
Region XII: SOCCSKSARGEN,0,2021-11-22,0.0
Region XII: SOCCSKSARGEN,0,2021-11-23,0.0
Region XII: SOCCSKSARGEN,0,2021-11-24,0.0
Region XII: SOCCSKSARGEN,0,2021-11-25,0.0
Region XII: SOCCSKSARGEN,0,2021-11-26,0.0
Region XII: SOCCSKSARGEN,0,2021-11-27,0.0
Region XII: SOCCSKSARGEN,0,2021-11-28,0.0
Region XII: SOCCSKSARGEN,0,2021-11-29,0.0
Region XII: SOCCSKSARGEN,0,2021-11-30,0.0
Region XII: SOCCSKSARGEN,0,2021-12-01,0.0
Region XII: SOCCSKSARGEN,0,2021-12-02,0.0
Region XII: SOCCSKSARGEN,0,2021-12-03,0.0
Region XII: SOCCSKSARGEN,0,2021-12-04,0.0
Region XII: SOCCSKSARGEN,0,2021-12-05,0.0
Region XII: SOCCSKSARGEN,0,2021-12-06,0.0
Region XII: SOCCSKSARGEN,0,2021-12-07,0.0
Region XII: SOCCSKSARGEN,0,2021-12-08,0.0
Region XII: SOCCSKSARGEN,0,2021-12-09,0.0
Region XII: SOCCSKSARGEN,0,2021-12-10,0.0
Region XII: SOCCSKSARGEN,0,2021-12-11,0.0
Region XII: SOCCSKSARGEN,0,2021-12-12,0.0
Region XII: SOCCSKSARGEN,0,2021-12-13,0.0
Region XII: SOCCSKSARGEN,0,2021-12-14,0.0
Region XII: SOCCSKSARGEN,0,2021-12-15,0.0
Region XII: SOCCSKSARGEN,0,2021-12-16,0.0
Region XII: SOCCSKSARGEN,0,2021-12-17,0.0
Region XII: SOCCSKSARGEN,0,2021-12-18,0.0
Region XII: SOCCSKSARGEN,0,2021-12-19,0.0
Region XII: SOCCSKSARGEN,0,2021-12-20,0.0
Region XII: SOCCSKSARGEN,0,2021-12-21,0.0
Region XII: SOCCSKSARGEN,0,2021-12-22,0.0
Region XII: SOCCSKSARGEN,0,2021-12-23,0.0
Region XII: SOCCSKSARGEN,0,2021-12-24,0.0
Region XII: SOCCSKSARGEN,0,2021-12-25,0.0
Region XII: SOCCSKSARGEN,0,2021-12-26,0.0
Region XII: SOCCSKSARGEN,0,2021-12-27,0.0
Region XII: SOCCSKSARGEN,0,2021-12-28,0.0
Region XII: SOCCSKSARGEN,1,2021-12-29,0.14285714285714285
Region XII: SOCCSKSARGEN,0,2021-12-30,0.14285714285714285
Region XII: SOCCSKSARGEN,0,2021-12-31,0.14285714285714285
Region XII: SOCCSKSARGEN,0,2022-01-01,0.14285714285714285
Region XII: SOCCSKSARGEN,0,2022-01-02,0.14285714285714285
Region XII: SOCCSKSARGEN,0,2022-01-03,0.14285714285714285
Region XII: SOCCSKSARGEN,0,2022-01-04,0.14285714285714285
Region XII: SOCCSKSARGEN,0,2022-01-05,0.0
Region XII: SOCCSKSARGEN,0,2022-01-06,0.0
Region XII: SOCCSKSARGEN,0,2022-01-07,0.0
Region XII: SOCCSKSARGEN,0,2022-01-08,0.0
Region XII: SOCCSKSARGEN,0,2022-01-09,0.0
Region XII: SOCCSKSARGEN,0,2022-01-10,0.0
Region XII: SOCCSKSARGEN,0,2022-01-11,0.0
Region XII: SOCCSKSARGEN,0,2022-01-12,0.0
Region XII: SOCCSKSARGEN,0,2022-01-13,0.0
Region XII: SOCCSKSARGEN,0,2022-01-14,0.0
Region XII: SOCCSKSARGEN,0,2022-01-15,0.0
Region XII: SOCCSKSARGEN,0,2022-01-16,0.0
Region XII: SOCCSKSARGEN,0,2022-01-17,0.0
Region XII: SOCCSKSARGEN,2,2022-01-18,0.2857142857142857
Region XII: SOCCSKSARGEN,0,2022-01-19,0.2857142857142857
Region XII: SOCCSKSARGEN,0,2022-01-20,0.2857142857142857
Region XII: SOCCSKSARGEN,0,2022-01-21,0.2857142857142857
Region XII: SOCCSKSARGEN,1,2022-01-22,0.42857142857142855
Region XII: SOCCSKSARGEN,1,2022-01-23,0.5714285714285714
Region XII: SOCCSKSARGEN,1,2022-01-24,0.7142857142857143
Region XII: SOCCSKSARGEN,0,2022-01-25,0.42857142857142855
Region XII: SOCCSKSARGEN,0,2022-01-26,0.42857142857142855
Region XII: SOCCSKSARGEN,1,2022-01-27,0.5714285714285714
Region XII: SOCCSKSARGEN,1,2022-01-28,0.7142857142857143
Region XII: SOCCSKSARGEN,0,2022-01-29,0.5714285714285714
Region XII: SOCCSKSARGEN,0,2022-01-30,0.42857142857142855
Region XII: SOCCSKSARGEN,0,2022-01-31,0.2857142857142857
Region XII: SOCCSKSARGEN,2,2022-02-01,0.5714285714285714
Region XII: SOCCSKSARGEN,0,2022-02-02,0.5714285714285714
Region XII: SOCCSKSARGEN,1,2022-02-03,0.5714285714285714
Region XII: SOCCSKSARGEN,2,2022-02-04,0.7142857142857143
Region XII: SOCCSKSARGEN,2,2022-02-05,1.0
Region XII: SOCCSKSARGEN,0,2022-02-06,1.0
Region XII: SOCCSKSARGEN,1,2022-02-07,1.1428571428571428
Region XII: SOCCSKSARGEN,1,2022-02-08,1.0
Region XII: SOCCSKSARGEN,0,2022-02-09,1.0
Region XII: SOCCSKSARGEN,1,2022-02-10,1.0
Region XII: SOCCSKSARGEN,1,2022-02-11,0.8571428571428571
Region XII: SOCCSKSARGEN,0,2022-02-12,0.5714285714285714
Region XII: SOCCSKSARGEN,1,2022-02-13,0.7142857142857143
Region XII: SOCCSKSARGEN,1,2022-02-14,0.7142857142857143
Region XII: SOCCSKSARGEN,0,2022-02-15,0.5714285714285714
Region XII: SOCCSKSARGEN,0,2022-02-16,0.5714285714285714
Region XII: SOCCSKSARGEN,1,2022-02-17,0.5714285714285714
Region XII: SOCCSKSARGEN,0,2022-02-18,0.42857142857142855
Region XII: SOCCSKSARGEN,0,2022-02-19,0.42857142857142855
Region XII: SOCCSKSARGEN,0,2022-02-20,0.2857142857142857
Region XII: SOCCSKSARGEN,1,2022-02-21,0.2857142857142857
Region XII: SOCCSKSARGEN,1,2022-02-22,0.42857142857142855
Region XII: SOCCSKSARGEN,0,2022-02-23,0.42857142857142855
Region XII: SOCCSKSARGEN,0,2022-02-24,0.2857142857142857
Region XII: SOCCSKSARGEN,0,2022-02-25,0.2857142857142857
Region XII: SOCCSKSARGEN,1,2022-02-26,0.42857142857142855
Region XII: SOCCSKSARGEN,0,2022-02-27,0.42857142857142855
Region XII: SOCCSKSARGEN,0,2022-02-28,0.2857142857142857
Region XII: SOCCSKSARGEN,0,2022-03-01,0.14285714285714285
Region XII: SOCCSKSARGEN,1,2022-03-02,0.2857142857142857
Region XII: SOCCSKSARGEN,0,2022-03-03,0.2857142857142857
Region XII: SOCCSKSARGEN,0,2022-03-04,0.2857142857142857
Region XII: SOCCSKSARGEN,2,2022-03-05,0.42857142857142855
Region XII: SOCCSKSARGEN,22,2022-03-06,3.5714285714285716
Region XII: SOCCSKSARGEN,7,2022-03-07,4.571428571428571
Region XII: SOCCSKSARGEN,12,2022-03-08,6.285714285714286
Region XII: SOCCSKSARGEN,11,2022-03-09,7.714285714285714
Region XII: SOCCSKSARGEN,4,2022-03-10,8.285714285714286
Region XII: SOCCSKSARGEN,9,2022-03-11,9.571428571428571
Region XII: SOCCSKSARGEN,8,2022-03-12,10.428571428571429
Region XII: SOCCSKSARGEN,2,2022-03-13,7.571428571428571
Region XII: SOCCSKSARGEN,25,2022-03-14,10.142857142857142
Region XII: SOCCSKSARGEN,5,2022-03-15,9.142857142857142
Region XII: SOCCSKSARGEN,27,2022-03-16,11.428571428571429
Region XII: SOCCSKSARGEN,2,2022-03-17,11.142857142857142
Region XII: SOCCSKSARGEN,1,2022-03-18,10.0
Region XII: SOCCSKSARGEN,0,2022-03-19,8.857142857142858
Region XII: SOCCSKSARGEN,0,2022-03-20,8.571428571428571
Region XII: SOCCSKSARGEN,0,2022-03-21,5.0
Region XII: SOCCSKSARGEN,2,2022-03-22,4.571428571428571
Region XII: SOCCSKSARGEN,0,2022-03-23,0.7142857142857143
Region XII: SOCCSKSARGEN,0,2022-03-24,0.42857142857142855
Region XII: SOCCSKSARGEN,0,2022-03-25,0.2857142857142857
Region XII: SOCCSKSARGEN,0,2022-03-26,0.2857142857142857
Region XII: SOCCSKSARGEN,0,2022-03-27,0.2857142857142857
Region XII: SOCCSKSARGEN,0,2022-03-28,0.2857142857142857
Region XII: SOCCSKSARGEN,0,2022-03-29,0.0
Region XII: SOCCSKSARGEN,0,2022-03-30,0.0
Region XII: SOCCSKSARGEN,0,2022-03-31,0.0
Region XII: SOCCSKSARGEN,0,2022-04-01,0.0
Region XII: SOCCSKSARGEN,0,2022-04-02,0.0
Region XII: SOCCSKSARGEN,0,2022-04-03,0.0
Region XII: SOCCSKSARGEN,0,2022-04-04,0.0
Region XII: SOCCSKSARGEN,2,2022-04-05,0.2857142857142857
Region XII: SOCCSKSARGEN,0,2022-04-06,0.2857142857142857
Region XII: SOCCSKSARGEN,0,2022-04-07,0.2857142857142857
Region XII: SOCCSKSARGEN,0,2022-04-08,0.2857142857142857
Region XII: SOCCSKSARGEN,0,2022-04-09,0.2857142857142857
Region XII: SOCCSKSARGEN,0,2022-04-10,0.2857142857142857
Region XII: SOCCSKSARGEN,15,2022-04-11,2.4285714285714284
Region XII: SOCCSKSARGEN,8,2022-04-12,3.2857142857142856
Region XII: SOCCSKSARGEN,5,2022-04-13,4.0
Region XII: SOCCSKSARGEN,2,2022-04-14,4.285714285714286
Region XII: SOCCSKSARGEN,1,2022-04-15,4.428571428571429
Region XII: SOCCSKSARGEN,0,2022-04-16,4.428571428571429
Region XII: SOCCSKSARGEN,3,2022-04-17,4.857142857142857
Region XII: SOCCSKSARGEN,9,2022-04-18,4.0
Region XII: SOCCSKSARGEN,0,2022-04-19,2.857142857142857
Region XII: SOCCSKSARGEN,6,2022-04-20,3.0
Region XII: SOCCSKSARGEN,8,2022-04-21,3.857142857142857
Region XII: SOCCSKSARGEN,6,2022-04-22,4.571428571428571
Region XII: SOCCSKSARGEN,0,2022-04-23,4.571428571428571
Region XII: SOCCSKSARGEN,1,2022-04-24,4.285714285714286
