region,count,date,7DayMA
Region V: Bicol Region,1,2020-03-17,
Region V: Bicol Region,0,2020-03-18,
Region V: Bicol Region,0,2020-03-19,
Region V: Bicol Region,0,2020-03-20,
Region V: Bicol Region,0,2020-03-21,
Region V: Bicol Region,0,2020-03-22,
Region V: Bicol Region,0,2020-03-23,0.14285714285714285
Region V: Bicol Region,0,2020-03-24,0.0
Region V: Bicol Region,0,2020-03-25,0.0
Region V: Bicol Region,0,2020-03-26,0.0
Region V: Bicol Region,0,2020-03-27,0.0
Region V: Bicol Region,0,2020-03-28,0.0
Region V: Bicol Region,0,2020-03-29,0.0
Region V: Bicol Region,0,2020-03-30,0.0
Region V: Bicol Region,0,2020-03-31,0.0
Region V: Bicol Region,0,2020-04-01,0.0
Region V: Bicol Region,3,2020-04-02,0.42857142857142855
Region V: Bicol Region,0,2020-04-03,0.42857142857142855
Region V: Bicol Region,0,2020-04-04,0.42857142857142855
Region V: Bicol Region,2,2020-04-05,0.7142857142857143
Region V: Bicol Region,0,2020-04-06,0.7142857142857143
Region V: Bicol Region,3,2020-04-07,1.1428571428571428
Region V: Bicol Region,2,2020-04-08,1.4285714285714286
Region V: Bicol Region,0,2020-04-09,1.0
Region V: Bicol Region,1,2020-04-10,1.1428571428571428
Region V: Bicol Region,0,2020-04-11,1.1428571428571428
Region V: Bicol Region,0,2020-04-12,0.8571428571428571
Region V: Bicol Region,0,2020-04-13,0.8571428571428571
Region V: Bicol Region,2,2020-04-14,0.7142857142857143
Region V: Bicol Region,1,2020-04-15,0.5714285714285714
Region V: Bicol Region,0,2020-04-16,0.5714285714285714
Region V: Bicol Region,0,2020-04-17,0.42857142857142855
Region V: Bicol Region,0,2020-04-18,0.42857142857142855
Region V: Bicol Region,0,2020-04-19,0.42857142857142855
Region V: Bicol Region,0,2020-04-20,0.42857142857142855
Region V: Bicol Region,5,2020-04-21,0.8571428571428571
Region V: Bicol Region,0,2020-04-22,0.7142857142857143
Region V: Bicol Region,0,2020-04-23,0.7142857142857143
Region V: Bicol Region,1,2020-04-24,0.8571428571428571
Region V: Bicol Region,0,2020-04-25,0.8571428571428571
Region V: Bicol Region,2,2020-04-26,1.1428571428571428
Region V: Bicol Region,0,2020-04-27,1.1428571428571428
Region V: Bicol Region,1,2020-04-28,0.5714285714285714
Region V: Bicol Region,0,2020-04-29,0.5714285714285714
Region V: Bicol Region,1,2020-04-30,0.7142857142857143
Region V: Bicol Region,0,2020-05-01,0.5714285714285714
Region V: Bicol Region,0,2020-05-02,0.5714285714285714
Region V: Bicol Region,0,2020-05-03,0.2857142857142857
Region V: Bicol Region,0,2020-05-04,0.2857142857142857
Region V: Bicol Region,4,2020-05-05,0.7142857142857143
Region V: Bicol Region,0,2020-05-06,0.7142857142857143
Region V: Bicol Region,0,2020-05-07,0.5714285714285714
Region V: Bicol Region,1,2020-05-08,0.7142857142857143
Region V: Bicol Region,0,2020-05-09,0.7142857142857143
Region V: Bicol Region,0,2020-05-10,0.7142857142857143
Region V: Bicol Region,0,2020-05-11,0.7142857142857143
Region V: Bicol Region,4,2020-05-12,0.7142857142857143
Region V: Bicol Region,3,2020-05-13,1.1428571428571428
Region V: Bicol Region,0,2020-05-14,1.1428571428571428
Region V: Bicol Region,1,2020-05-15,1.1428571428571428
Region V: Bicol Region,0,2020-05-16,1.1428571428571428
Region V: Bicol Region,0,2020-05-17,1.1428571428571428
Region V: Bicol Region,0,2020-05-18,1.1428571428571428
Region V: Bicol Region,2,2020-05-19,0.8571428571428571
Region V: Bicol Region,0,2020-05-20,0.42857142857142855
Region V: Bicol Region,2,2020-05-21,0.7142857142857143
Region V: Bicol Region,1,2020-05-22,0.7142857142857143
Region V: Bicol Region,2,2020-05-23,1.0
Region V: Bicol Region,0,2020-05-24,1.0
Region V: Bicol Region,0,2020-05-25,1.0
Region V: Bicol Region,1,2020-05-26,0.8571428571428571
Region V: Bicol Region,0,2020-05-27,0.8571428571428571
Region V: Bicol Region,2,2020-05-28,0.8571428571428571
Region V: Bicol Region,3,2020-05-29,1.1428571428571428
Region V: Bicol Region,1,2020-05-30,1.0
Region V: Bicol Region,0,2020-05-31,1.0
Region V: Bicol Region,0,2020-06-01,1.0
Region V: Bicol Region,0,2020-06-02,0.8571428571428571
Region V: Bicol Region,0,2020-06-03,0.8571428571428571
Region V: Bicol Region,0,2020-06-04,0.5714285714285714
Region V: Bicol Region,0,2020-06-05,0.14285714285714285
Region V: Bicol Region,3,2020-06-06,0.42857142857142855
Region V: Bicol Region,0,2020-06-07,0.42857142857142855
Region V: Bicol Region,0,2020-06-08,0.42857142857142855
Region V: Bicol Region,2,2020-06-09,0.7142857142857143
Region V: Bicol Region,1,2020-06-10,0.8571428571428571
Region V: Bicol Region,0,2020-06-11,0.8571428571428571
Region V: Bicol Region,0,2020-06-12,0.8571428571428571
Region V: Bicol Region,0,2020-06-13,0.42857142857142855
Region V: Bicol Region,1,2020-06-14,0.5714285714285714
Region V: Bicol Region,0,2020-06-15,0.5714285714285714
Region V: Bicol Region,0,2020-06-16,0.2857142857142857
Region V: Bicol Region,0,2020-06-17,0.14285714285714285
Region V: Bicol Region,0,2020-06-18,0.14285714285714285
Region V: Bicol Region,0,2020-06-19,0.14285714285714285
Region V: Bicol Region,0,2020-06-20,0.14285714285714285
Region V: Bicol Region,0,2020-06-21,0.0
Region V: Bicol Region,0,2020-06-22,0.0
Region V: Bicol Region,2,2020-06-23,0.2857142857142857
Region V: Bicol Region,0,2020-06-24,0.2857142857142857
Region V: Bicol Region,3,2020-06-25,0.7142857142857143
Region V: Bicol Region,0,2020-06-26,0.7142857142857143
Region V: Bicol Region,1,2020-06-27,0.8571428571428571
Region V: Bicol Region,2,2020-06-28,1.1428571428571428
Region V: Bicol Region,1,2020-06-29,1.2857142857142858
Region V: Bicol Region,0,2020-06-30,1.0
Region V: Bicol Region,0,2020-07-01,1.0
Region V: Bicol Region,0,2020-07-02,0.5714285714285714
Region V: Bicol Region,0,2020-07-03,0.5714285714285714
Region V: Bicol Region,0,2020-07-04,0.42857142857142855
Region V: Bicol Region,0,2020-07-05,0.14285714285714285
Region V: Bicol Region,1,2020-07-06,0.14285714285714285
Region V: Bicol Region,1,2020-07-07,0.2857142857142857
Region V: Bicol Region,3,2020-07-08,0.7142857142857143
Region V: Bicol Region,1,2020-07-09,0.8571428571428571
Region V: Bicol Region,2,2020-07-10,1.1428571428571428
Region V: Bicol Region,0,2020-07-11,1.1428571428571428
Region V: Bicol Region,5,2020-07-12,1.8571428571428572
Region V: Bicol Region,0,2020-07-13,1.7142857142857142
Region V: Bicol Region,5,2020-07-14,2.2857142857142856
Region V: Bicol Region,6,2020-07-15,2.7142857142857144
Region V: Bicol Region,1,2020-07-16,2.7142857142857144
Region V: Bicol Region,4,2020-07-17,3.0
Region V: Bicol Region,7,2020-07-18,4.0
Region V: Bicol Region,0,2020-07-19,3.2857142857142856
Region V: Bicol Region,12,2020-07-20,5.0
Region V: Bicol Region,10,2020-07-21,5.714285714285714
Region V: Bicol Region,2,2020-07-22,5.142857142857143
Region V: Bicol Region,8,2020-07-23,6.142857142857143
Region V: Bicol Region,4,2020-07-24,6.142857142857143
Region V: Bicol Region,2,2020-07-25,5.428571428571429
Region V: Bicol Region,4,2020-07-26,6.0
Region V: Bicol Region,4,2020-07-27,4.857142857142857
Region V: Bicol Region,0,2020-07-28,3.4285714285714284
Region V: Bicol Region,0,2020-07-29,3.142857142857143
Region V: Bicol Region,25,2020-07-30,5.571428571428571
Region V: Bicol Region,1,2020-07-31,5.142857142857143
Region V: Bicol Region,3,2020-08-01,5.285714285714286
Region V: Bicol Region,2,2020-08-02,5.0
Region V: Bicol Region,19,2020-08-03,7.142857142857143
Region V: Bicol Region,5,2020-08-04,7.857142857142857
Region V: Bicol Region,4,2020-08-05,8.428571428571429
Region V: Bicol Region,1,2020-08-06,5.0
Region V: Bicol Region,2,2020-08-07,5.142857142857143
Region V: Bicol Region,1,2020-08-08,4.857142857142857
Region V: Bicol Region,9,2020-08-09,5.857142857142857
Region V: Bicol Region,6,2020-08-10,4.0
Region V: Bicol Region,8,2020-08-11,4.428571428571429
Region V: Bicol Region,0,2020-08-12,3.857142857142857
Region V: Bicol Region,52,2020-08-13,11.142857142857142
Region V: Bicol Region,3,2020-08-14,11.285714285714286
Region V: Bicol Region,1,2020-08-15,11.285714285714286
Region V: Bicol Region,21,2020-08-16,13.0
Region V: Bicol Region,1,2020-08-17,12.285714285714286
Region V: Bicol Region,14,2020-08-18,13.142857142857142
Region V: Bicol Region,31,2020-08-19,17.571428571428573
Region V: Bicol Region,0,2020-08-20,10.142857142857142
Region V: Bicol Region,0,2020-08-21,9.714285714285714
Region V: Bicol Region,1,2020-08-22,9.714285714285714
Region V: Bicol Region,3,2020-08-23,7.142857142857143
Region V: Bicol Region,19,2020-08-24,9.714285714285714
Region V: Bicol Region,16,2020-08-25,10.0
Region V: Bicol Region,20,2020-08-26,8.428571428571429
Region V: Bicol Region,43,2020-08-27,14.571428571428571
Region V: Bicol Region,15,2020-08-28,16.714285714285715
Region V: Bicol Region,25,2020-08-29,20.142857142857142
Region V: Bicol Region,4,2020-08-30,20.285714285714285
Region V: Bicol Region,6,2020-08-31,18.428571428571427
Region V: Bicol Region,4,2020-09-01,16.714285714285715
Region V: Bicol Region,27,2020-09-02,17.714285714285715
Region V: Bicol Region,41,2020-09-03,17.428571428571427
Region V: Bicol Region,17,2020-09-04,17.714285714285715
Region V: Bicol Region,32,2020-09-05,18.714285714285715
Region V: Bicol Region,17,2020-09-06,20.571428571428573
Region V: Bicol Region,13,2020-09-07,21.571428571428573
Region V: Bicol Region,14,2020-09-08,23.0
Region V: Bicol Region,38,2020-09-09,24.571428571428573
Region V: Bicol Region,33,2020-09-10,23.428571428571427
Region V: Bicol Region,3,2020-09-11,21.428571428571427
Region V: Bicol Region,24,2020-09-12,20.285714285714285
Region V: Bicol Region,9,2020-09-13,19.142857142857142
Region V: Bicol Region,16,2020-09-14,19.571428571428573
Region V: Bicol Region,16,2020-09-15,19.857142857142858
Region V: Bicol Region,10,2020-09-16,15.857142857142858
Region V: Bicol Region,36,2020-09-17,16.285714285714285
Region V: Bicol Region,11,2020-09-18,17.428571428571427
Region V: Bicol Region,10,2020-09-19,15.428571428571429
Region V: Bicol Region,1,2020-09-20,14.285714285714286
Region V: Bicol Region,32,2020-09-21,16.571428571428573
Region V: Bicol Region,7,2020-09-22,15.285714285714286
Region V: Bicol Region,14,2020-09-23,15.857142857142858
Region V: Bicol Region,3,2020-09-24,11.142857142857142
Region V: Bicol Region,12,2020-09-25,11.285714285714286
Region V: Bicol Region,6,2020-09-26,10.714285714285714
Region V: Bicol Region,5,2020-09-27,11.285714285714286
Region V: Bicol Region,20,2020-09-28,9.571428571428571
Region V: Bicol Region,6,2020-09-29,9.428571428571429
Region V: Bicol Region,23,2020-09-30,10.714285714285714
Region V: Bicol Region,1,2020-10-01,10.428571428571429
Region V: Bicol Region,7,2020-10-02,9.714285714285714
Region V: Bicol Region,1,2020-10-03,9.0
Region V: Bicol Region,4,2020-10-04,8.857142857142858
Region V: Bicol Region,0,2020-10-05,6.0
Region V: Bicol Region,3,2020-10-06,5.571428571428571
Region V: Bicol Region,15,2020-10-07,4.428571428571429
Region V: Bicol Region,9,2020-10-08,5.571428571428571
Region V: Bicol Region,10,2020-10-09,6.0
Region V: Bicol Region,4,2020-10-10,6.428571428571429
Region V: Bicol Region,16,2020-10-11,8.142857142857142
Region V: Bicol Region,1,2020-10-12,8.285714285714286
Region V: Bicol Region,1,2020-10-13,8.0
Region V: Bicol Region,2,2020-10-14,6.142857142857143
Region V: Bicol Region,1,2020-10-15,5.0
Region V: Bicol Region,0,2020-10-16,3.5714285714285716
Region V: Bicol Region,1,2020-10-17,3.142857142857143
Region V: Bicol Region,0,2020-10-18,0.8571428571428571
Region V: Bicol Region,0,2020-10-19,0.7142857142857143
Region V: Bicol Region,8,2020-10-20,1.7142857142857142
Region V: Bicol Region,12,2020-10-21,3.142857142857143
Region V: Bicol Region,14,2020-10-22,5.0
Region V: Bicol Region,22,2020-10-23,8.142857142857142
Region V: Bicol Region,6,2020-10-24,8.857142857142858
Region V: Bicol Region,0,2020-10-25,8.857142857142858
Region V: Bicol Region,2,2020-10-26,9.142857142857142
Region V: Bicol Region,17,2020-10-27,10.428571428571429
Region V: Bicol Region,40,2020-10-28,14.428571428571429
Region V: Bicol Region,19,2020-10-29,15.142857142857142
Region V: Bicol Region,14,2020-10-30,14.0
Region V: Bicol Region,3,2020-10-31,13.571428571428571
Region V: Bicol Region,2,2020-11-01,13.857142857142858
Region V: Bicol Region,7,2020-11-02,14.571428571428571
Region V: Bicol Region,20,2020-11-03,15.0
Region V: Bicol Region,8,2020-11-04,10.428571428571429
Region V: Bicol Region,20,2020-11-05,10.571428571428571
Region V: Bicol Region,33,2020-11-06,13.285714285714286
Region V: Bicol Region,0,2020-11-07,12.857142857142858
Region V: Bicol Region,15,2020-11-08,14.714285714285714
Region V: Bicol Region,0,2020-11-09,13.714285714285714
Region V: Bicol Region,2,2020-11-10,11.142857142857142
Region V: Bicol Region,2,2020-11-11,10.285714285714286
Region V: Bicol Region,2,2020-11-12,7.714285714285714
Region V: Bicol Region,2,2020-11-13,3.2857142857142856
Region V: Bicol Region,2,2020-11-14,3.5714285714285716
Region V: Bicol Region,0,2020-11-15,1.4285714285714286
Region V: Bicol Region,8,2020-11-16,2.5714285714285716
Region V: Bicol Region,19,2020-11-17,5.0
Region V: Bicol Region,11,2020-11-18,6.285714285714286
Region V: Bicol Region,26,2020-11-19,9.714285714285714
Region V: Bicol Region,6,2020-11-20,10.285714285714286
Region V: Bicol Region,4,2020-11-21,10.571428571428571
Region V: Bicol Region,5,2020-11-22,11.285714285714286
Region V: Bicol Region,34,2020-11-23,15.0
Region V: Bicol Region,23,2020-11-24,15.571428571428571
Region V: Bicol Region,8,2020-11-25,15.142857142857142
Region V: Bicol Region,52,2020-11-26,18.857142857142858
Region V: Bicol Region,7,2020-11-27,19.0
Region V: Bicol Region,5,2020-11-28,19.142857142857142
Region V: Bicol Region,1,2020-11-29,18.571428571428573
Region V: Bicol Region,5,2020-11-30,14.428571428571429
Region V: Bicol Region,12,2020-12-01,12.857142857142858
Region V: Bicol Region,5,2020-12-02,12.428571428571429
Region V: Bicol Region,18,2020-12-03,7.571428571428571
Region V: Bicol Region,8,2020-12-04,7.714285714285714
Region V: Bicol Region,3,2020-12-05,7.428571428571429
Region V: Bicol Region,1,2020-12-06,7.428571428571429
Region V: Bicol Region,11,2020-12-07,8.285714285714286
Region V: Bicol Region,4,2020-12-08,7.142857142857143
Region V: Bicol Region,26,2020-12-09,10.142857142857142
Region V: Bicol Region,17,2020-12-10,10.0
Region V: Bicol Region,9,2020-12-11,10.142857142857142
Region V: Bicol Region,1,2020-12-12,9.857142857142858
Region V: Bicol Region,1,2020-12-13,9.857142857142858
Region V: Bicol Region,15,2020-12-14,10.428571428571429
Region V: Bicol Region,10,2020-12-15,11.285714285714286
Region V: Bicol Region,2,2020-12-16,7.857142857142857
Region V: Bicol Region,20,2020-12-17,8.285714285714286
Region V: Bicol Region,4,2020-12-18,7.571428571428571
Region V: Bicol Region,1,2020-12-19,7.571428571428571
Region V: Bicol Region,0,2020-12-20,7.428571428571429
Region V: Bicol Region,1,2020-12-21,5.428571428571429
Region V: Bicol Region,11,2020-12-22,5.571428571428571
Region V: Bicol Region,11,2020-12-23,6.857142857142857
Region V: Bicol Region,1,2020-12-24,4.142857142857143
Region V: Bicol Region,0,2020-12-25,3.5714285714285716
Region V: Bicol Region,2,2020-12-26,3.7142857142857144
Region V: Bicol Region,0,2020-12-27,3.7142857142857144
Region V: Bicol Region,17,2020-12-28,6.0
Region V: Bicol Region,12,2020-12-29,6.142857142857143
Region V: Bicol Region,1,2020-12-30,4.714285714285714
Region V: Bicol Region,1,2020-12-31,4.714285714285714
Region V: Bicol Region,2,2021-01-01,5.0
Region V: Bicol Region,9,2021-01-02,6.0
Region V: Bicol Region,3,2021-01-03,6.428571428571429
Region V: Bicol Region,11,2021-01-04,5.571428571428571
Region V: Bicol Region,16,2021-01-05,6.142857142857143
Region V: Bicol Region,18,2021-01-06,8.571428571428571
Region V: Bicol Region,11,2021-01-07,10.0
Region V: Bicol Region,0,2021-01-08,9.714285714285714
Region V: Bicol Region,4,2021-01-09,9.0
Region V: Bicol Region,0,2021-01-10,8.571428571428571
Region V: Bicol Region,0,2021-01-11,7.0
Region V: Bicol Region,0,2021-01-12,4.714285714285714
Region V: Bicol Region,0,2021-01-13,2.142857142857143
Region V: Bicol Region,0,2021-01-14,0.5714285714285714
Region V: Bicol Region,0,2021-01-15,0.5714285714285714
Region V: Bicol Region,4,2021-01-16,0.5714285714285714
Region V: Bicol Region,7,2021-01-17,1.5714285714285714
Region V: Bicol Region,14,2021-01-18,3.5714285714285716
Region V: Bicol Region,16,2021-01-19,5.857142857142857
Region V: Bicol Region,22,2021-01-20,9.0
Region V: Bicol Region,3,2021-01-21,9.428571428571429
Region V: Bicol Region,19,2021-01-22,12.142857142857142
Region V: Bicol Region,6,2021-01-23,12.428571428571429
Region V: Bicol Region,5,2021-01-24,12.142857142857142
Region V: Bicol Region,17,2021-01-25,12.571428571428571
Region V: Bicol Region,18,2021-01-26,12.857142857142858
Region V: Bicol Region,16,2021-01-27,12.0
Region V: Bicol Region,37,2021-01-28,16.857142857142858
Region V: Bicol Region,3,2021-01-29,14.571428571428571
Region V: Bicol Region,16,2021-01-30,16.0
Region V: Bicol Region,4,2021-01-31,15.857142857142858
Region V: Bicol Region,8,2021-02-01,14.571428571428571
Region V: Bicol Region,7,2021-02-02,13.0
Region V: Bicol Region,8,2021-02-03,11.857142857142858
Region V: Bicol Region,20,2021-02-04,9.428571428571429
Region V: Bicol Region,3,2021-02-05,9.428571428571429
Region V: Bicol Region,12,2021-02-06,8.857142857142858
Region V: Bicol Region,6,2021-02-07,9.142857142857142
Region V: Bicol Region,4,2021-02-08,8.571428571428571
Region V: Bicol Region,7,2021-02-09,8.571428571428571
Region V: Bicol Region,12,2021-02-10,9.142857142857142
Region V: Bicol Region,13,2021-02-11,8.142857142857142
Region V: Bicol Region,1,2021-02-12,7.857142857142857
Region V: Bicol Region,2,2021-02-13,6.428571428571429
Region V: Bicol Region,5,2021-02-14,6.285714285714286
Region V: Bicol Region,22,2021-02-15,8.857142857142858
Region V: Bicol Region,7,2021-02-16,8.857142857142858
Region V: Bicol Region,17,2021-02-17,9.571428571428571
Region V: Bicol Region,26,2021-02-18,11.428571428571429
Region V: Bicol Region,23,2021-02-19,14.571428571428571
Region V: Bicol Region,6,2021-02-20,15.142857142857142
Region V: Bicol Region,2,2021-02-21,14.714285714285714
Region V: Bicol Region,11,2021-02-22,13.142857142857142
Region V: Bicol Region,30,2021-02-23,16.428571428571427
Region V: Bicol Region,13,2021-02-24,15.857142857142858
Region V: Bicol Region,3,2021-02-25,12.571428571428571
Region V: Bicol Region,10,2021-02-26,10.714285714285714
Region V: Bicol Region,13,2021-02-27,11.714285714285714
Region V: Bicol Region,2,2021-02-28,11.714285714285714
Region V: Bicol Region,5,2021-03-01,10.857142857142858
Region V: Bicol Region,1,2021-03-02,6.714285714285714
Region V: Bicol Region,20,2021-03-03,7.714285714285714
Region V: Bicol Region,9,2021-03-04,8.571428571428571
Region V: Bicol Region,4,2021-03-05,7.714285714285714
Region V: Bicol Region,0,2021-03-06,5.857142857142857
Region V: Bicol Region,3,2021-03-07,6.0
Region V: Bicol Region,16,2021-03-08,7.571428571428571
Region V: Bicol Region,4,2021-03-09,8.0
Region V: Bicol Region,13,2021-03-10,7.0
Region V: Bicol Region,25,2021-03-11,9.285714285714286
Region V: Bicol Region,7,2021-03-12,9.714285714285714
Region V: Bicol Region,10,2021-03-13,11.142857142857142
Region V: Bicol Region,2,2021-03-14,11.0
Region V: Bicol Region,8,2021-03-15,9.857142857142858
Region V: Bicol Region,8,2021-03-16,10.428571428571429
Region V: Bicol Region,12,2021-03-17,10.285714285714286
Region V: Bicol Region,17,2021-03-18,9.142857142857142
Region V: Bicol Region,25,2021-03-19,11.714285714285714
Region V: Bicol Region,2,2021-03-20,10.571428571428571
Region V: Bicol Region,6,2021-03-21,11.142857142857142
Region V: Bicol Region,2,2021-03-22,10.285714285714286
Region V: Bicol Region,1,2021-03-23,9.285714285714286
Region V: Bicol Region,17,2021-03-24,10.0
Region V: Bicol Region,12,2021-03-25,9.285714285714286
Region V: Bicol Region,17,2021-03-26,8.142857142857142
Region V: Bicol Region,8,2021-03-27,9.0
Region V: Bicol Region,3,2021-03-28,8.571428571428571
Region V: Bicol Region,17,2021-03-29,10.714285714285714
Region V: Bicol Region,8,2021-03-30,11.714285714285714
Region V: Bicol Region,24,2021-03-31,12.714285714285714
Region V: Bicol Region,4,2021-04-01,11.571428571428571
Region V: Bicol Region,3,2021-04-02,9.571428571428571
Region V: Bicol Region,12,2021-04-03,10.142857142857142
Region V: Bicol Region,4,2021-04-04,10.285714285714286
Region V: Bicol Region,9,2021-04-05,9.142857142857142
Region V: Bicol Region,15,2021-04-06,10.142857142857142
Region V: Bicol Region,36,2021-04-07,11.857142857142858
Region V: Bicol Region,30,2021-04-08,15.571428571428571
Region V: Bicol Region,21,2021-04-09,18.142857142857142
Region V: Bicol Region,12,2021-04-10,18.142857142857142
Region V: Bicol Region,3,2021-04-11,18.0
Region V: Bicol Region,14,2021-04-12,18.714285714285715
Region V: Bicol Region,41,2021-04-13,22.428571428571427
Region V: Bicol Region,38,2021-04-14,22.714285714285715
Region V: Bicol Region,15,2021-04-15,20.571428571428573
Region V: Bicol Region,18,2021-04-16,20.142857142857142
Region V: Bicol Region,29,2021-04-17,22.571428571428573
Region V: Bicol Region,23,2021-04-18,25.428571428571427
Region V: Bicol Region,13,2021-04-19,25.285714285714285
Region V: Bicol Region,25,2021-04-20,23.0
Region V: Bicol Region,49,2021-04-21,24.571428571428573
Region V: Bicol Region,0,2021-04-22,22.428571428571427
Region V: Bicol Region,39,2021-04-23,25.428571428571427
Region V: Bicol Region,23,2021-04-24,24.571428571428573
Region V: Bicol Region,15,2021-04-25,23.428571428571427
Region V: Bicol Region,24,2021-04-26,25.0
Region V: Bicol Region,6,2021-04-27,22.285714285714285
Region V: Bicol Region,12,2021-04-28,17.0
Region V: Bicol Region,16,2021-04-29,19.285714285714285
Region V: Bicol Region,9,2021-04-30,15.0
Region V: Bicol Region,10,2021-05-01,13.142857142857142
Region V: Bicol Region,6,2021-05-02,11.857142857142858
Region V: Bicol Region,15,2021-05-03,10.571428571428571
Region V: Bicol Region,14,2021-05-04,11.714285714285714
Region V: Bicol Region,9,2021-05-05,11.285714285714286
Region V: Bicol Region,9,2021-05-06,10.285714285714286
Region V: Bicol Region,76,2021-05-07,19.857142857142858
Region V: Bicol Region,13,2021-05-08,20.285714285714285
Region V: Bicol Region,10,2021-05-09,20.857142857142858
Region V: Bicol Region,20,2021-05-10,21.571428571428573
Region V: Bicol Region,10,2021-05-11,21.0
Region V: Bicol Region,12,2021-05-12,21.428571428571427
Region V: Bicol Region,29,2021-05-13,24.285714285714285
Region V: Bicol Region,14,2021-05-14,15.428571428571429
Region V: Bicol Region,13,2021-05-15,15.428571428571429
Region V: Bicol Region,7,2021-05-16,15.0
Region V: Bicol Region,9,2021-05-17,13.428571428571429
Region V: Bicol Region,3,2021-05-18,12.428571428571429
Region V: Bicol Region,4,2021-05-19,11.285714285714286
Region V: Bicol Region,13,2021-05-20,9.0
Region V: Bicol Region,14,2021-05-21,9.0
Region V: Bicol Region,8,2021-05-22,8.285714285714286
Region V: Bicol Region,13,2021-05-23,9.142857142857142
Region V: Bicol Region,19,2021-05-24,10.571428571428571
Region V: Bicol Region,2,2021-05-25,10.428571428571429
Region V: Bicol Region,11,2021-05-26,11.428571428571429
Region V: Bicol Region,7,2021-05-27,10.571428571428571
Region V: Bicol Region,10,2021-05-28,10.0
Region V: Bicol Region,14,2021-05-29,10.857142857142858
Region V: Bicol Region,12,2021-05-30,10.714285714285714
Region V: Bicol Region,16,2021-05-31,10.285714285714286
Region V: Bicol Region,9,2021-06-01,11.285714285714286
Region V: Bicol Region,32,2021-06-02,14.285714285714286
Region V: Bicol Region,22,2021-06-03,16.428571428571427
Region V: Bicol Region,27,2021-06-04,18.857142857142858
Region V: Bicol Region,11,2021-06-05,18.428571428571427
Region V: Bicol Region,1,2021-06-06,16.857142857142858
Region V: Bicol Region,1,2021-06-07,14.714285714285714
Region V: Bicol Region,1,2021-06-08,13.571428571428571
Region V: Bicol Region,0,2021-06-09,9.0
Region V: Bicol Region,0,2021-06-10,5.857142857142857
Region V: Bicol Region,3,2021-06-11,2.4285714285714284
Region V: Bicol Region,8,2021-06-12,2.0
Region V: Bicol Region,12,2021-06-13,3.5714285714285716
Region V: Bicol Region,11,2021-06-14,5.0
Region V: Bicol Region,20,2021-06-15,7.714285714285714
Region V: Bicol Region,14,2021-06-16,9.714285714285714
Region V: Bicol Region,20,2021-06-17,12.571428571428571
Region V: Bicol Region,21,2021-06-18,15.142857142857142
Region V: Bicol Region,18,2021-06-19,16.571428571428573
Region V: Bicol Region,8,2021-06-20,16.0
Region V: Bicol Region,23,2021-06-21,17.714285714285715
Region V: Bicol Region,11,2021-06-22,16.428571428571427
Region V: Bicol Region,11,2021-06-23,16.0
Region V: Bicol Region,20,2021-06-24,16.0
Region V: Bicol Region,21,2021-06-25,16.0
Region V: Bicol Region,16,2021-06-26,15.714285714285714
Region V: Bicol Region,6,2021-06-27,15.428571428571429
Region V: Bicol Region,22,2021-06-28,15.285714285714286
Region V: Bicol Region,11,2021-06-29,15.285714285714286
Region V: Bicol Region,29,2021-06-30,17.857142857142858
Region V: Bicol Region,21,2021-07-01,18.0
Region V: Bicol Region,22,2021-07-02,18.142857142857142
Region V: Bicol Region,22,2021-07-03,19.0
Region V: Bicol Region,36,2021-07-04,23.285714285714285
Region V: Bicol Region,24,2021-07-05,23.571428571428573
Region V: Bicol Region,7,2021-07-06,23.0
Region V: Bicol Region,0,2021-07-07,18.857142857142858
Region V: Bicol Region,10,2021-07-08,17.285714285714285
Region V: Bicol Region,0,2021-07-09,14.142857142857142
Region V: Bicol Region,4,2021-07-10,11.571428571428571
Region V: Bicol Region,11,2021-07-11,8.0
Region V: Bicol Region,3,2021-07-12,5.0
Region V: Bicol Region,1,2021-07-13,4.142857142857143
Region V: Bicol Region,1,2021-07-14,4.285714285714286
Region V: Bicol Region,5,2021-07-15,3.5714285714285716
Region V: Bicol Region,18,2021-07-16,6.142857142857143
Region V: Bicol Region,29,2021-07-17,9.714285714285714
Region V: Bicol Region,7,2021-07-18,9.142857142857142
Region V: Bicol Region,29,2021-07-19,12.857142857142858
Region V: Bicol Region,11,2021-07-20,14.285714285714286
Region V: Bicol Region,13,2021-07-21,16.0
Region V: Bicol Region,5,2021-07-22,16.0
Region V: Bicol Region,9,2021-07-23,14.714285714285714
Region V: Bicol Region,5,2021-07-24,11.285714285714286
Region V: Bicol Region,9,2021-07-25,11.571428571428571
Region V: Bicol Region,10,2021-07-26,8.857142857142858
Region V: Bicol Region,8,2021-07-27,8.428571428571429
Region V: Bicol Region,7,2021-07-28,7.571428571428571
Region V: Bicol Region,0,2021-07-29,6.857142857142857
Region V: Bicol Region,6,2021-07-30,6.428571428571429
Region V: Bicol Region,12,2021-07-31,7.428571428571429
Region V: Bicol Region,0,2021-08-01,6.142857142857143
Region V: Bicol Region,0,2021-08-02,4.714285714285714
Region V: Bicol Region,0,2021-08-03,3.5714285714285716
Region V: Bicol Region,7,2021-08-04,3.5714285714285716
Region V: Bicol Region,9,2021-08-05,4.857142857142857
Region V: Bicol Region,8,2021-08-06,5.142857142857143
Region V: Bicol Region,12,2021-08-07,5.142857142857143
Region V: Bicol Region,11,2021-08-08,6.714285714285714
Region V: Bicol Region,1,2021-08-09,6.857142857142857
Region V: Bicol Region,9,2021-08-10,8.142857142857142
Region V: Bicol Region,1,2021-08-11,7.285714285714286
Region V: Bicol Region,5,2021-08-12,6.714285714285714
Region V: Bicol Region,5,2021-08-13,6.285714285714286
Region V: Bicol Region,1,2021-08-14,4.714285714285714
Region V: Bicol Region,14,2021-08-15,5.142857142857143
Region V: Bicol Region,8,2021-08-16,6.142857142857143
Region V: Bicol Region,4,2021-08-17,5.428571428571429
Region V: Bicol Region,10,2021-08-18,6.714285714285714
Region V: Bicol Region,19,2021-08-19,8.714285714285714
Region V: Bicol Region,14,2021-08-20,10.0
Region V: Bicol Region,8,2021-08-21,11.0
Region V: Bicol Region,10,2021-08-22,10.428571428571429
Region V: Bicol Region,19,2021-08-23,12.0
Region V: Bicol Region,15,2021-08-24,13.571428571428571
Region V: Bicol Region,10,2021-08-25,13.571428571428571
Region V: Bicol Region,13,2021-08-26,12.714285714285714
Region V: Bicol Region,20,2021-08-27,13.571428571428571
Region V: Bicol Region,19,2021-08-28,15.142857142857142
Region V: Bicol Region,18,2021-08-29,16.285714285714285
Region V: Bicol Region,6,2021-08-30,14.428571428571429
Region V: Bicol Region,13,2021-08-31,14.142857142857142
Region V: Bicol Region,20,2021-09-01,15.571428571428571
Region V: Bicol Region,23,2021-09-02,17.0
Region V: Bicol Region,25,2021-09-03,17.714285714285715
Region V: Bicol Region,18,2021-09-04,17.571428571428573
Region V: Bicol Region,44,2021-09-05,21.285714285714285
Region V: Bicol Region,23,2021-09-06,23.714285714285715
Region V: Bicol Region,16,2021-09-07,24.142857142857142
Region V: Bicol Region,23,2021-09-08,24.571428571428573
Region V: Bicol Region,28,2021-09-09,25.285714285714285
Region V: Bicol Region,28,2021-09-10,25.714285714285715
Region V: Bicol Region,37,2021-09-11,28.428571428571427
Region V: Bicol Region,48,2021-09-12,29.0
Region V: Bicol Region,42,2021-09-13,31.714285714285715
Region V: Bicol Region,27,2021-09-14,33.285714285714285
Region V: Bicol Region,18,2021-09-15,32.57142857142857
Region V: Bicol Region,33,2021-09-16,33.285714285714285
Region V: Bicol Region,37,2021-09-17,34.57142857142857
Region V: Bicol Region,48,2021-09-18,36.142857142857146
Region V: Bicol Region,60,2021-09-19,37.857142857142854
Region V: Bicol Region,32,2021-09-20,36.42857142857143
Region V: Bicol Region,23,2021-09-21,35.857142857142854
Region V: Bicol Region,50,2021-09-22,40.42857142857143
Region V: Bicol Region,57,2021-09-23,43.857142857142854
Region V: Bicol Region,58,2021-09-24,46.857142857142854
Region V: Bicol Region,26,2021-09-25,43.714285714285715
Region V: Bicol Region,42,2021-09-26,41.142857142857146
Region V: Bicol Region,65,2021-09-27,45.857142857142854
Region V: Bicol Region,19,2021-09-28,45.285714285714285
Region V: Bicol Region,0,2021-09-29,38.142857142857146
Region V: Bicol Region,0,2021-09-30,30.0
Region V: Bicol Region,1,2021-10-01,21.857142857142858
Region V: Bicol Region,0,2021-10-02,18.142857142857142
Region V: Bicol Region,0,2021-10-03,12.142857142857142
Region V: Bicol Region,0,2021-10-04,2.857142857142857
Region V: Bicol Region,0,2021-10-05,0.14285714285714285
Region V: Bicol Region,4,2021-10-06,0.7142857142857143
Region V: Bicol Region,7,2021-10-07,1.7142857142857142
Region V: Bicol Region,22,2021-10-08,4.714285714285714
Region V: Bicol Region,47,2021-10-09,11.428571428571429
Region V: Bicol Region,35,2021-10-10,16.428571428571427
Region V: Bicol Region,29,2021-10-11,20.571428571428573
Region V: Bicol Region,19,2021-10-12,23.285714285714285
Region V: Bicol Region,17,2021-10-13,25.142857142857142
Region V: Bicol Region,20,2021-10-14,27.0
Region V: Bicol Region,24,2021-10-15,27.285714285714285
Region V: Bicol Region,12,2021-10-16,22.285714285714285
Region V: Bicol Region,34,2021-10-17,22.142857142857142
Region V: Bicol Region,22,2021-10-18,21.142857142857142
Region V: Bicol Region,13,2021-10-19,20.285714285714285
Region V: Bicol Region,20,2021-10-20,20.714285714285715
Region V: Bicol Region,34,2021-10-21,22.714285714285715
Region V: Bicol Region,28,2021-10-22,23.285714285714285
Region V: Bicol Region,21,2021-10-23,24.571428571428573
Region V: Bicol Region,27,2021-10-24,23.571428571428573
Region V: Bicol Region,36,2021-10-25,25.571428571428573
Region V: Bicol Region,43,2021-10-26,29.857142857142858
Region V: Bicol Region,22,2021-10-27,30.142857142857142
Region V: Bicol Region,61,2021-10-28,34.0
Region V: Bicol Region,48,2021-10-29,36.857142857142854
Region V: Bicol Region,26,2021-10-30,37.57142857142857
Region V: Bicol Region,16,2021-10-31,36.0
Region V: Bicol Region,25,2021-11-01,34.42857142857143
Region V: Bicol Region,0,2021-11-02,28.285714285714285
Region V: Bicol Region,0,2021-11-03,25.142857142857142
Region V: Bicol Region,0,2021-11-04,16.428571428571427
Region V: Bicol Region,0,2021-11-05,9.571428571428571
Region V: Bicol Region,2,2021-11-06,6.142857142857143
Region V: Bicol Region,0,2021-11-07,3.857142857142857
Region V: Bicol Region,0,2021-11-08,0.2857142857142857
Region V: Bicol Region,1,2021-11-09,0.42857142857142855
Region V: Bicol Region,5,2021-11-10,1.1428571428571428
Region V: Bicol Region,4,2021-11-11,1.7142857142857142
Region V: Bicol Region,6,2021-11-12,2.5714285714285716
Region V: Bicol Region,12,2021-11-13,4.0
Region V: Bicol Region,22,2021-11-14,7.142857142857143
Region V: Bicol Region,14,2021-11-15,9.142857142857142
Region V: Bicol Region,29,2021-11-16,13.142857142857142
Region V: Bicol Region,5,2021-11-17,13.142857142857142
Region V: Bicol Region,16,2021-11-18,14.857142857142858
Region V: Bicol Region,16,2021-11-19,16.285714285714285
Region V: Bicol Region,2,2021-11-20,14.857142857142858
Region V: Bicol Region,0,2021-11-21,11.714285714285714
Region V: Bicol Region,1,2021-11-22,9.857142857142858
Region V: Bicol Region,0,2021-11-23,5.714285714285714
Region V: Bicol Region,0,2021-11-24,5.0
Region V: Bicol Region,0,2021-11-25,2.7142857142857144
Region V: Bicol Region,0,2021-11-26,0.42857142857142855
Region V: Bicol Region,0,2021-11-27,0.14285714285714285
Region V: Bicol Region,0,2021-11-28,0.14285714285714285
Region V: Bicol Region,0,2021-11-29,0.0
Region V: Bicol Region,0,2021-11-30,0.0
Region V: Bicol Region,0,2021-12-01,0.0
Region V: Bicol Region,0,2021-12-02,0.0
Region V: Bicol Region,0,2021-12-03,0.0
Region V: Bicol Region,0,2021-12-04,0.0
Region V: Bicol Region,0,2021-12-05,0.0
Region V: Bicol Region,0,2021-12-06,0.0
Region V: Bicol Region,0,2021-12-07,0.0
Region V: Bicol Region,0,2021-12-08,0.0
Region V: Bicol Region,0,2021-12-09,0.0
Region V: Bicol Region,0,2021-12-10,0.0
Region V: Bicol Region,0,2021-12-11,0.0
Region V: Bicol Region,0,2021-12-12,0.0
Region V: Bicol Region,0,2021-12-13,0.0
Region V: Bicol Region,0,2021-12-14,0.0
Region V: Bicol Region,0,2021-12-15,0.0
Region V: Bicol Region,0,2021-12-16,0.0
Region V: Bicol Region,0,2021-12-17,0.0
Region V: Bicol Region,0,2021-12-18,0.0
Region V: Bicol Region,0,2021-12-19,0.0
Region V: Bicol Region,0,2021-12-20,0.0
Region V: Bicol Region,0,2021-12-21,0.0
Region V: Bicol Region,0,2021-12-22,0.0
Region V: Bicol Region,0,2021-12-23,0.0
Region V: Bicol Region,0,2021-12-24,0.0
Region V: Bicol Region,0,2021-12-25,0.0
Region V: Bicol Region,0,2021-12-26,0.0
Region V: Bicol Region,0,2021-12-27,0.0
Region V: Bicol Region,0,2021-12-28,0.0
Region V: Bicol Region,0,2021-12-29,0.0
Region V: Bicol Region,0,2021-12-30,0.0
Region V: Bicol Region,0,2021-12-31,0.0
Region V: Bicol Region,0,2022-01-01,0.0
Region V: Bicol Region,0,2022-01-02,0.0
Region V: Bicol Region,1,2022-01-03,0.14285714285714285
Region V: Bicol Region,0,2022-01-04,0.14285714285714285
Region V: Bicol Region,2,2022-01-05,0.42857142857142855
Region V: Bicol Region,0,2022-01-06,0.42857142857142855
Region V: Bicol Region,0,2022-01-07,0.42857142857142855
Region V: Bicol Region,0,2022-01-08,0.42857142857142855
Region V: Bicol Region,1,2022-01-09,0.5714285714285714
Region V: Bicol Region,0,2022-01-10,0.42857142857142855
Region V: Bicol Region,7,2022-01-11,1.4285714285714286
Region V: Bicol Region,1,2022-01-12,1.2857142857142858
Region V: Bicol Region,0,2022-01-13,1.2857142857142858
Region V: Bicol Region,1,2022-01-14,1.4285714285714286
Region V: Bicol Region,0,2022-01-15,1.4285714285714286
Region V: Bicol Region,0,2022-01-16,1.2857142857142858
Region V: Bicol Region,0,2022-01-17,1.2857142857142858
Region V: Bicol Region,0,2022-01-18,0.2857142857142857
Region V: Bicol Region,2,2022-01-19,0.42857142857142855
Region V: Bicol Region,1,2022-01-20,0.5714285714285714
Region V: Bicol Region,0,2022-01-21,0.42857142857142855
Region V: Bicol Region,2,2022-01-22,0.7142857142857143
Region V: Bicol Region,5,2022-01-23,1.4285714285714286
Region V: Bicol Region,6,2022-01-24,2.2857142857142856
Region V: Bicol Region,6,2022-01-25,3.142857142857143
Region V: Bicol Region,20,2022-01-26,5.714285714285714
Region V: Bicol Region,7,2022-01-27,6.571428571428571
Region V: Bicol Region,2,2022-01-28,6.857142857142857
Region V: Bicol Region,7,2022-01-29,7.571428571428571
Region V: Bicol Region,5,2022-01-30,7.571428571428571
Region V: Bicol Region,0,2022-01-31,6.714285714285714
Region V: Bicol Region,6,2022-02-01,6.714285714285714
Region V: Bicol Region,3,2022-02-02,4.285714285714286
Region V: Bicol Region,1,2022-02-03,3.4285714285714284
Region V: Bicol Region,4,2022-02-04,3.7142857142857144
Region V: Bicol Region,1,2022-02-05,2.857142857142857
Region V: Bicol Region,7,2022-02-06,3.142857142857143
Region V: Bicol Region,8,2022-02-07,4.285714285714286
Region V: Bicol Region,1,2022-02-08,3.5714285714285716
Region V: Bicol Region,5,2022-02-09,3.857142857142857
Region V: Bicol Region,1,2022-02-10,3.857142857142857
Region V: Bicol Region,2,2022-02-11,3.5714285714285716
Region V: Bicol Region,1,2022-02-12,3.5714285714285716
Region V: Bicol Region,0,2022-02-13,2.5714285714285716
Region V: Bicol Region,6,2022-02-14,2.2857142857142856
Region V: Bicol Region,1,2022-02-15,2.2857142857142856
Region V: Bicol Region,3,2022-02-16,2.0
Region V: Bicol Region,3,2022-02-17,2.2857142857142856
Region V: Bicol Region,1,2022-02-18,2.142857142857143
Region V: Bicol Region,0,2022-02-19,2.0
Region V: Bicol Region,1,2022-02-20,2.142857142857143
Region V: Bicol Region,0,2022-02-21,1.2857142857142858
Region V: Bicol Region,3,2022-02-22,1.5714285714285714
Region V: Bicol Region,2,2022-02-23,1.4285714285714286
Region V: Bicol Region,0,2022-02-24,1.0
Region V: Bicol Region,0,2022-02-25,0.8571428571428571
Region V: Bicol Region,1,2022-02-26,1.0
Region V: Bicol Region,0,2022-02-27,0.8571428571428571
Region V: Bicol Region,5,2022-02-28,1.5714285714285714
Region V: Bicol Region,1,2022-03-01,1.2857142857142858
Region V: Bicol Region,0,2022-03-02,1.0
Region V: Bicol Region,0,2022-03-03,1.0
Region V: Bicol Region,0,2022-03-04,1.0
Region V: Bicol Region,0,2022-03-05,0.8571428571428571
Region V: Bicol Region,0,2022-03-06,0.8571428571428571
Region V: Bicol Region,0,2022-03-07,0.14285714285714285
Region V: Bicol Region,0,2022-03-08,0.0
Region V: Bicol Region,1,2022-03-09,0.14285714285714285
Region V: Bicol Region,1,2022-03-10,0.2857142857142857
Region V: Bicol Region,1,2022-03-11,0.42857142857142855
Region V: Bicol Region,0,2022-03-12,0.42857142857142855
Region V: Bicol Region,0,2022-03-13,0.42857142857142855
Region V: Bicol Region,1,2022-03-14,0.5714285714285714
Region V: Bicol Region,0,2022-03-15,0.5714285714285714
Region V: Bicol Region,0,2022-03-16,0.42857142857142855
Region V: Bicol Region,0,2022-03-17,0.2857142857142857
Region V: Bicol Region,0,2022-03-18,0.14285714285714285
Region V: Bicol Region,0,2022-03-19,0.14285714285714285
Region V: Bicol Region,0,2022-03-20,0.14285714285714285
Region V: Bicol Region,0,2022-03-21,0.0
Region V: Bicol Region,0,2022-03-22,0.0
Region V: Bicol Region,0,2022-03-23,0.0
Region V: Bicol Region,0,2022-03-24,0.0
Region V: Bicol Region,0,2022-03-25,0.0
Region V: Bicol Region,0,2022-03-26,0.0
Region V: Bicol Region,0,2022-03-27,0.0
Region V: Bicol Region,1,2022-03-28,0.14285714285714285
Region V: Bicol Region,0,2022-03-29,0.14285714285714285
Region V: Bicol Region,5,2022-03-30,0.8571428571428571
Region V: Bicol Region,1,2022-03-31,1.0
Region V: Bicol Region,0,2022-04-01,1.0
Region V: Bicol Region,0,2022-04-02,1.0
Region V: Bicol Region,0,2022-04-03,1.0
Region V: Bicol Region,0,2022-04-04,0.8571428571428571
Region V: Bicol Region,0,2022-04-05,0.8571428571428571
Region V: Bicol Region,0,2022-04-06,0.14285714285714285
Region V: Bicol Region,2,2022-04-07,0.2857142857142857
Region V: Bicol Region,0,2022-04-08,0.2857142857142857
Region V: Bicol Region,0,2022-04-09,0.2857142857142857
Region V: Bicol Region,0,2022-04-10,0.2857142857142857
Region V: Bicol Region,0,2022-04-11,0.2857142857142857
Region V: Bicol Region,0,2022-04-12,0.2857142857142857
Region V: Bicol Region,0,2022-04-13,0.2857142857142857
Region V: Bicol Region,0,2022-04-14,0.0
Region V: Bicol Region,0,2022-04-15,0.0
Region V: Bicol Region,0,2022-04-16,0.0
Region V: Bicol Region,0,2022-04-17,0.0
Region V: Bicol Region,0,2022-04-18,0.0
Region V: Bicol Region,0,2022-04-19,0.0
Region V: Bicol Region,1,2022-04-20,0.14285714285714285
