region,count,date,7DayMA
Region X: Northern Mindanao,1,2020-04-09,
Region X: Northern Mindanao,1,2020-04-10,
Region X: Northern Mindanao,0,2020-04-11,
Region X: Northern Mindanao,0,2020-04-12,
Region X: Northern Mindanao,0,2020-04-13,
Region X: Northern Mindanao,0,2020-04-14,
Region X: Northern Mindanao,0,2020-04-15,0.2857142857142857
Region X: Northern Mindanao,0,2020-04-16,0.14285714285714285
Region X: Northern Mindanao,1,2020-04-17,0.14285714285714285
Region X: Northern Mindanao,0,2020-04-18,0.14285714285714285
Region X: Northern Mindanao,0,2020-04-19,0.14285714285714285
Region X: Northern Mindanao,0,2020-04-20,0.14285714285714285
Region X: Northern Mindanao,0,2020-04-21,0.14285714285714285
Region X: Northern Mindanao,0,2020-04-22,0.14285714285714285
Region X: Northern Mindanao,0,2020-04-23,0.14285714285714285
Region X: Northern Mindanao,0,2020-04-24,0.0
Region X: Northern Mindanao,0,2020-04-25,0.0
Region X: Northern Mindanao,0,2020-04-26,0.0
Region X: Northern Mindanao,0,2020-04-27,0.0
Region X: Northern Mindanao,0,2020-04-28,0.0
Region X: Northern Mindanao,0,2020-04-29,0.0
Region X: Northern Mindanao,1,2020-04-30,0.14285714285714285
Region X: Northern Mindanao,0,2020-05-01,0.14285714285714285
Region X: Northern Mindanao,0,2020-05-02,0.14285714285714285
Region X: Northern Mindanao,0,2020-05-03,0.14285714285714285
Region X: Northern Mindanao,0,2020-05-04,0.14285714285714285
Region X: Northern Mindanao,0,2020-05-05,0.14285714285714285
Region X: Northern Mindanao,0,2020-05-06,0.14285714285714285
Region X: Northern Mindanao,0,2020-05-07,0.0
Region X: Northern Mindanao,0,2020-05-08,0.0
Region X: Northern Mindanao,1,2020-05-09,0.14285714285714285
Region X: Northern Mindanao,0,2020-05-10,0.14285714285714285
Region X: Northern Mindanao,1,2020-05-11,0.2857142857142857
Region X: Northern Mindanao,0,2020-05-12,0.2857142857142857
Region X: Northern Mindanao,0,2020-05-13,0.2857142857142857
Region X: Northern Mindanao,0,2020-05-14,0.2857142857142857
Region X: Northern Mindanao,0,2020-05-15,0.2857142857142857
Region X: Northern Mindanao,0,2020-05-16,0.14285714285714285
Region X: Northern Mindanao,0,2020-05-17,0.14285714285714285
Region X: Northern Mindanao,1,2020-05-18,0.14285714285714285
Region X: Northern Mindanao,0,2020-05-19,0.14285714285714285
Region X: Northern Mindanao,0,2020-05-20,0.14285714285714285
Region X: Northern Mindanao,4,2020-05-21,0.7142857142857143
Region X: Northern Mindanao,0,2020-05-22,0.7142857142857143
Region X: Northern Mindanao,0,2020-05-23,0.7142857142857143
Region X: Northern Mindanao,0,2020-05-24,0.7142857142857143
Region X: Northern Mindanao,0,2020-05-25,0.5714285714285714
Region X: Northern Mindanao,0,2020-05-26,0.5714285714285714
Region X: Northern Mindanao,0,2020-05-27,0.5714285714285714
Region X: Northern Mindanao,0,2020-05-28,0.0
Region X: Northern Mindanao,0,2020-05-29,0.0
Region X: Northern Mindanao,0,2020-05-30,0.0
Region X: Northern Mindanao,0,2020-05-31,0.0
Region X: Northern Mindanao,0,2020-06-01,0.0
Region X: Northern Mindanao,0,2020-06-02,0.0
Region X: Northern Mindanao,0,2020-06-03,0.0
Region X: Northern Mindanao,1,2020-06-04,0.14285714285714285
Region X: Northern Mindanao,0,2020-06-05,0.14285714285714285
Region X: Northern Mindanao,0,2020-06-06,0.14285714285714285
Region X: Northern Mindanao,0,2020-06-07,0.14285714285714285
Region X: Northern Mindanao,0,2020-06-08,0.14285714285714285
Region X: Northern Mindanao,0,2020-06-09,0.14285714285714285
Region X: Northern Mindanao,2,2020-06-10,0.42857142857142855
Region X: Northern Mindanao,0,2020-06-11,0.2857142857142857
Region X: Northern Mindanao,0,2020-06-12,0.2857142857142857
Region X: Northern Mindanao,0,2020-06-13,0.2857142857142857
Region X: Northern Mindanao,0,2020-06-14,0.2857142857142857
Region X: Northern Mindanao,1,2020-06-15,0.42857142857142855
Region X: Northern Mindanao,0,2020-06-16,0.42857142857142855
Region X: Northern Mindanao,0,2020-06-17,0.14285714285714285
Region X: Northern Mindanao,2,2020-06-18,0.42857142857142855
Region X: Northern Mindanao,0,2020-06-19,0.42857142857142855
Region X: Northern Mindanao,1,2020-06-20,0.5714285714285714
Region X: Northern Mindanao,1,2020-06-21,0.7142857142857143
Region X: Northern Mindanao,0,2020-06-22,0.5714285714285714
Region X: Northern Mindanao,1,2020-06-23,0.7142857142857143
Region X: Northern Mindanao,0,2020-06-24,0.7142857142857143
Region X: Northern Mindanao,0,2020-06-25,0.42857142857142855
Region X: Northern Mindanao,3,2020-06-26,0.8571428571428571
Region X: Northern Mindanao,0,2020-06-27,0.7142857142857143
Region X: Northern Mindanao,0,2020-06-28,0.5714285714285714
Region X: Northern Mindanao,0,2020-06-29,0.5714285714285714
Region X: Northern Mindanao,0,2020-06-30,0.42857142857142855
Region X: Northern Mindanao,0,2020-07-01,0.42857142857142855
Region X: Northern Mindanao,0,2020-07-02,0.42857142857142855
Region X: Northern Mindanao,3,2020-07-03,0.42857142857142855
Region X: Northern Mindanao,3,2020-07-04,0.8571428571428571
Region X: Northern Mindanao,4,2020-07-05,1.4285714285714286
Region X: Northern Mindanao,6,2020-07-06,2.2857142857142856
Region X: Northern Mindanao,1,2020-07-07,2.4285714285714284
Region X: Northern Mindanao,2,2020-07-08,2.7142857142857144
Region X: Northern Mindanao,2,2020-07-09,3.0
Region X: Northern Mindanao,11,2020-07-10,4.142857142857143
Region X: Northern Mindanao,3,2020-07-11,4.142857142857143
Region X: Northern Mindanao,4,2020-07-12,4.142857142857143
Region X: Northern Mindanao,2,2020-07-13,3.5714285714285716
Region X: Northern Mindanao,7,2020-07-14,4.428571428571429
Region X: Northern Mindanao,10,2020-07-15,5.571428571428571
Region X: Northern Mindanao,22,2020-07-16,8.428571428571429
Region X: Northern Mindanao,12,2020-07-17,8.571428571428571
Region X: Northern Mindanao,8,2020-07-18,9.285714285714286
Region X: Northern Mindanao,4,2020-07-19,9.285714285714286
Region X: Northern Mindanao,18,2020-07-20,11.571428571428571
Region X: Northern Mindanao,9,2020-07-21,11.857142857142858
Region X: Northern Mindanao,13,2020-07-22,12.285714285714286
Region X: Northern Mindanao,11,2020-07-23,10.714285714285714
Region X: Northern Mindanao,8,2020-07-24,10.142857142857142
Region X: Northern Mindanao,4,2020-07-25,9.571428571428571
Region X: Northern Mindanao,3,2020-07-26,9.428571428571429
Region X: Northern Mindanao,22,2020-07-27,10.0
Region X: Northern Mindanao,10,2020-07-28,10.142857142857142
Region X: Northern Mindanao,19,2020-07-29,11.0
Region X: Northern Mindanao,14,2020-07-30,11.428571428571429
Region X: Northern Mindanao,2,2020-07-31,10.571428571428571
Region X: Northern Mindanao,5,2020-08-01,10.714285714285714
Region X: Northern Mindanao,0,2020-08-02,10.285714285714286
Region X: Northern Mindanao,3,2020-08-03,7.571428571428571
Region X: Northern Mindanao,6,2020-08-04,7.0
Region X: Northern Mindanao,6,2020-08-05,5.142857142857143
Region X: Northern Mindanao,5,2020-08-06,3.857142857142857
Region X: Northern Mindanao,7,2020-08-07,4.571428571428571
Region X: Northern Mindanao,1,2020-08-08,4.0
Region X: Northern Mindanao,8,2020-08-09,5.142857142857143
Region X: Northern Mindanao,11,2020-08-10,6.285714285714286
Region X: Northern Mindanao,15,2020-08-11,7.571428571428571
Region X: Northern Mindanao,9,2020-08-12,8.0
Region X: Northern Mindanao,4,2020-08-13,7.857142857142857
Region X: Northern Mindanao,12,2020-08-14,8.571428571428571
Region X: Northern Mindanao,10,2020-08-15,9.857142857142858
Region X: Northern Mindanao,6,2020-08-16,9.571428571428571
Region X: Northern Mindanao,12,2020-08-17,9.714285714285714
Region X: Northern Mindanao,4,2020-08-18,8.142857142857142
Region X: Northern Mindanao,6,2020-08-19,7.714285714285714
Region X: Northern Mindanao,10,2020-08-20,8.571428571428571
Region X: Northern Mindanao,3,2020-08-21,7.285714285714286
Region X: Northern Mindanao,1,2020-08-22,6.0
Region X: Northern Mindanao,2,2020-08-23,5.428571428571429
Region X: Northern Mindanao,25,2020-08-24,7.285714285714286
Region X: Northern Mindanao,10,2020-08-25,8.142857142857142
Region X: Northern Mindanao,18,2020-08-26,9.857142857142858
Region X: Northern Mindanao,8,2020-08-27,9.571428571428571
Region X: Northern Mindanao,0,2020-08-28,9.142857142857142
Region X: Northern Mindanao,5,2020-08-29,9.714285714285714
Region X: Northern Mindanao,14,2020-08-30,11.428571428571429
Region X: Northern Mindanao,16,2020-08-31,10.142857142857142
Region X: Northern Mindanao,11,2020-09-01,10.285714285714286
Region X: Northern Mindanao,19,2020-09-02,10.428571428571429
Region X: Northern Mindanao,14,2020-09-03,11.285714285714286
Region X: Northern Mindanao,28,2020-09-04,15.285714285714286
Region X: Northern Mindanao,11,2020-09-05,16.142857142857142
Region X: Northern Mindanao,5,2020-09-06,14.857142857142858
Region X: Northern Mindanao,3,2020-09-07,13.0
Region X: Northern Mindanao,30,2020-09-08,15.714285714285714
Region X: Northern Mindanao,5,2020-09-09,13.714285714285714
Region X: Northern Mindanao,5,2020-09-10,12.428571428571429
Region X: Northern Mindanao,8,2020-09-11,9.571428571428571
Region X: Northern Mindanao,10,2020-09-12,9.428571428571429
Region X: Northern Mindanao,17,2020-09-13,11.142857142857142
Region X: Northern Mindanao,16,2020-09-14,13.0
Region X: Northern Mindanao,66,2020-09-15,18.142857142857142
Region X: Northern Mindanao,1,2020-09-16,17.571428571428573
Region X: Northern Mindanao,6,2020-09-17,17.714285714285715
Region X: Northern Mindanao,16,2020-09-18,18.857142857142858
Region X: Northern Mindanao,7,2020-09-19,18.428571428571427
Region X: Northern Mindanao,6,2020-09-20,16.857142857142858
Region X: Northern Mindanao,31,2020-09-21,19.0
Region X: Northern Mindanao,1,2020-09-22,9.714285714285714
Region X: Northern Mindanao,0,2020-09-23,9.571428571428571
Region X: Northern Mindanao,1,2020-09-24,8.857142857142858
Region X: Northern Mindanao,2,2020-09-25,6.857142857142857
Region X: Northern Mindanao,2,2020-09-26,6.142857142857143
Region X: Northern Mindanao,1,2020-09-27,5.428571428571429
Region X: Northern Mindanao,0,2020-09-28,1.0
Region X: Northern Mindanao,20,2020-09-29,3.7142857142857144
Region X: Northern Mindanao,19,2020-09-30,6.428571428571429
Region X: Northern Mindanao,11,2020-10-01,7.857142857142857
Region X: Northern Mindanao,12,2020-10-02,9.285714285714286
Region X: Northern Mindanao,17,2020-10-03,11.428571428571429
Region X: Northern Mindanao,11,2020-10-04,12.857142857142858
Region X: Northern Mindanao,9,2020-10-05,14.142857142857142
Region X: Northern Mindanao,5,2020-10-06,12.0
Region X: Northern Mindanao,8,2020-10-07,10.428571428571429
Region X: Northern Mindanao,46,2020-10-08,15.428571428571429
Region X: Northern Mindanao,17,2020-10-09,16.142857142857142
Region X: Northern Mindanao,52,2020-10-10,21.142857142857142
Region X: Northern Mindanao,138,2020-10-11,39.285714285714285
Region X: Northern Mindanao,0,2020-10-12,38.0
Region X: Northern Mindanao,4,2020-10-13,37.857142857142854
Region X: Northern Mindanao,1,2020-10-14,36.857142857142854
Region X: Northern Mindanao,2,2020-10-15,30.571428571428573
Region X: Northern Mindanao,12,2020-10-16,29.857142857142858
Region X: Northern Mindanao,8,2020-10-17,23.571428571428573
Region X: Northern Mindanao,4,2020-10-18,4.428571428571429
Region X: Northern Mindanao,4,2020-10-19,5.0
Region X: Northern Mindanao,20,2020-10-20,7.285714285714286
Region X: Northern Mindanao,22,2020-10-21,10.285714285714286
Region X: Northern Mindanao,18,2020-10-22,12.571428571428571
Region X: Northern Mindanao,49,2020-10-23,17.857142857142858
Region X: Northern Mindanao,7,2020-10-24,17.714285714285715
Region X: Northern Mindanao,37,2020-10-25,22.428571428571427
Region X: Northern Mindanao,2,2020-10-26,22.142857142857142
Region X: Northern Mindanao,16,2020-10-27,21.571428571428573
Region X: Northern Mindanao,12,2020-10-28,20.142857142857142
Region X: Northern Mindanao,20,2020-10-29,20.428571428571427
Region X: Northern Mindanao,27,2020-10-30,17.285714285714285
Region X: Northern Mindanao,12,2020-10-31,18.0
Region X: Northern Mindanao,8,2020-11-01,13.857142857142858
Region X: Northern Mindanao,2,2020-11-02,13.857142857142858
Region X: Northern Mindanao,47,2020-11-03,18.285714285714285
Region X: Northern Mindanao,20,2020-11-04,19.428571428571427
Region X: Northern Mindanao,18,2020-11-05,19.142857142857142
Region X: Northern Mindanao,13,2020-11-06,17.142857142857142
Region X: Northern Mindanao,21,2020-11-07,18.428571428571427
Region X: Northern Mindanao,5,2020-11-08,18.0
Region X: Northern Mindanao,33,2020-11-09,22.428571428571427
Region X: Northern Mindanao,52,2020-11-10,23.142857142857142
Region X: Northern Mindanao,45,2020-11-11,26.714285714285715
Region X: Northern Mindanao,37,2020-11-12,29.428571428571427
Region X: Northern Mindanao,36,2020-11-13,32.714285714285715
Region X: Northern Mindanao,45,2020-11-14,36.142857142857146
Region X: Northern Mindanao,19,2020-11-15,38.142857142857146
Region X: Northern Mindanao,17,2020-11-16,35.857142857142854
Region X: Northern Mindanao,15,2020-11-17,30.571428571428573
Region X: Northern Mindanao,19,2020-11-18,26.857142857142858
Region X: Northern Mindanao,16,2020-11-19,23.857142857142858
Region X: Northern Mindanao,10,2020-11-20,20.142857142857142
Region X: Northern Mindanao,3,2020-11-21,14.142857142857142
Region X: Northern Mindanao,23,2020-11-22,14.714285714285714
Region X: Northern Mindanao,16,2020-11-23,14.571428571428571
Region X: Northern Mindanao,75,2020-11-24,23.142857142857142
Region X: Northern Mindanao,10,2020-11-25,21.857142857142858
Region X: Northern Mindanao,20,2020-11-26,22.428571428571427
Region X: Northern Mindanao,20,2020-11-27,23.857142857142858
Region X: Northern Mindanao,6,2020-11-28,24.285714285714285
Region X: Northern Mindanao,22,2020-11-29,24.142857142857142
Region X: Northern Mindanao,3,2020-11-30,22.285714285714285
Region X: Northern Mindanao,13,2020-12-01,13.428571428571429
Region X: Northern Mindanao,22,2020-12-02,15.142857142857142
Region X: Northern Mindanao,30,2020-12-03,16.571428571428573
Region X: Northern Mindanao,52,2020-12-04,21.142857142857142
Region X: Northern Mindanao,28,2020-12-05,24.285714285714285
Region X: Northern Mindanao,2,2020-12-06,21.428571428571427
Region X: Northern Mindanao,7,2020-12-07,22.0
Region X: Northern Mindanao,17,2020-12-08,22.571428571428573
Region X: Northern Mindanao,15,2020-12-09,21.571428571428573
Region X: Northern Mindanao,1,2020-12-10,17.428571428571427
Region X: Northern Mindanao,18,2020-12-11,12.571428571428571
Region X: Northern Mindanao,12,2020-12-12,10.285714285714286
Region X: Northern Mindanao,7,2020-12-13,11.0
Region X: Northern Mindanao,25,2020-12-14,13.571428571428571
Region X: Northern Mindanao,28,2020-12-15,15.142857142857142
Region X: Northern Mindanao,9,2020-12-16,14.285714285714286
Region X: Northern Mindanao,6,2020-12-17,15.0
Region X: Northern Mindanao,37,2020-12-18,17.714285714285715
Region X: Northern Mindanao,15,2020-12-19,18.142857142857142
Region X: Northern Mindanao,11,2020-12-20,18.714285714285715
Region X: Northern Mindanao,18,2020-12-21,17.714285714285715
Region X: Northern Mindanao,8,2020-12-22,14.857142857142858
Region X: Northern Mindanao,7,2020-12-23,14.571428571428571
Region X: Northern Mindanao,27,2020-12-24,17.571428571428573
Region X: Northern Mindanao,24,2020-12-25,15.714285714285714
Region X: Northern Mindanao,3,2020-12-26,14.0
Region X: Northern Mindanao,3,2020-12-27,12.857142857142858
Region X: Northern Mindanao,21,2020-12-28,13.285714285714286
Region X: Northern Mindanao,12,2020-12-29,13.857142857142858
Region X: Northern Mindanao,4,2020-12-30,13.428571428571429
Region X: Northern Mindanao,42,2020-12-31,15.571428571428571
Region X: Northern Mindanao,17,2021-01-01,14.571428571428571
Region X: Northern Mindanao,140,2021-01-02,34.142857142857146
Region X: Northern Mindanao,76,2021-01-03,44.57142857142857
Region X: Northern Mindanao,41,2021-01-04,47.42857142857143
Region X: Northern Mindanao,11,2021-01-05,47.285714285714285
Region X: Northern Mindanao,2,2021-01-06,47.0
Region X: Northern Mindanao,3,2021-01-07,41.42857142857143
Region X: Northern Mindanao,4,2021-01-08,39.57142857142857
Region X: Northern Mindanao,2,2021-01-09,19.857142857142858
Region X: Northern Mindanao,2,2021-01-10,9.285714285714286
Region X: Northern Mindanao,5,2021-01-11,4.142857142857143
Region X: Northern Mindanao,19,2021-01-12,5.285714285714286
Region X: Northern Mindanao,18,2021-01-13,7.571428571428571
Region X: Northern Mindanao,16,2021-01-14,9.428571428571429
Region X: Northern Mindanao,12,2021-01-15,10.571428571428571
Region X: Northern Mindanao,16,2021-01-16,12.571428571428571
Region X: Northern Mindanao,9,2021-01-17,13.571428571428571
Region X: Northern Mindanao,24,2021-01-18,16.285714285714285
Region X: Northern Mindanao,17,2021-01-19,16.0
Region X: Northern Mindanao,25,2021-01-20,17.0
Region X: Northern Mindanao,18,2021-01-21,17.285714285714285
Region X: Northern Mindanao,24,2021-01-22,19.0
Region X: Northern Mindanao,6,2021-01-23,17.571428571428573
Region X: Northern Mindanao,12,2021-01-24,18.0
Region X: Northern Mindanao,23,2021-01-25,17.857142857142858
Region X: Northern Mindanao,19,2021-01-26,18.142857142857142
Region X: Northern Mindanao,50,2021-01-27,21.714285714285715
Region X: Northern Mindanao,29,2021-01-28,23.285714285714285
Region X: Northern Mindanao,26,2021-01-29,23.571428571428573
Region X: Northern Mindanao,24,2021-01-30,26.142857142857142
Region X: Northern Mindanao,9,2021-01-31,25.714285714285715
Region X: Northern Mindanao,35,2021-02-01,27.428571428571427
Region X: Northern Mindanao,18,2021-02-02,27.285714285714285
Region X: Northern Mindanao,132,2021-02-03,39.0
Region X: Northern Mindanao,17,2021-02-04,37.285714285714285
Region X: Northern Mindanao,12,2021-02-05,35.285714285714285
Region X: Northern Mindanao,22,2021-02-06,35.0
Region X: Northern Mindanao,12,2021-02-07,35.42857142857143
Region X: Northern Mindanao,12,2021-02-08,32.142857142857146
Region X: Northern Mindanao,26,2021-02-09,33.285714285714285
Region X: Northern Mindanao,12,2021-02-10,16.142857142857142
Region X: Northern Mindanao,14,2021-02-11,15.714285714285714
Region X: Northern Mindanao,13,2021-02-12,15.857142857142858
Region X: Northern Mindanao,8,2021-02-13,13.857142857142858
Region X: Northern Mindanao,2,2021-02-14,12.428571428571429
Region X: Northern Mindanao,13,2021-02-15,12.571428571428571
Region X: Northern Mindanao,47,2021-02-16,15.571428571428571
Region X: Northern Mindanao,42,2021-02-17,19.857142857142858
Region X: Northern Mindanao,14,2021-02-18,19.857142857142858
Region X: Northern Mindanao,10,2021-02-19,19.428571428571427
Region X: Northern Mindanao,15,2021-02-20,20.428571428571427
Region X: Northern Mindanao,29,2021-02-21,24.285714285714285
Region X: Northern Mindanao,80,2021-02-22,33.857142857142854
Region X: Northern Mindanao,10,2021-02-23,28.571428571428573
Region X: Northern Mindanao,53,2021-02-24,30.142857142857142
Region X: Northern Mindanao,39,2021-02-25,33.714285714285715
Region X: Northern Mindanao,3,2021-02-26,32.714285714285715
Region X: Northern Mindanao,41,2021-02-27,36.42857142857143
Region X: Northern Mindanao,14,2021-02-28,34.285714285714285
Region X: Northern Mindanao,10,2021-03-01,24.285714285714285
Region X: Northern Mindanao,20,2021-03-02,25.714285714285715
Region X: Northern Mindanao,6,2021-03-03,19.0
Region X: Northern Mindanao,20,2021-03-04,16.285714285714285
Region X: Northern Mindanao,1,2021-03-05,16.0
Region X: Northern Mindanao,5,2021-03-06,10.857142857142858
Region X: Northern Mindanao,4,2021-03-07,9.428571428571429
Region X: Northern Mindanao,8,2021-03-08,9.142857142857142
Region X: Northern Mindanao,6,2021-03-09,7.142857142857143
Region X: Northern Mindanao,38,2021-03-10,11.714285714285714
Region X: Northern Mindanao,17,2021-03-11,11.285714285714286
Region X: Northern Mindanao,6,2021-03-12,12.0
Region X: Northern Mindanao,4,2021-03-13,11.857142857142858
Region X: Northern Mindanao,11,2021-03-14,12.857142857142858
Region X: Northern Mindanao,6,2021-03-15,12.571428571428571
Region X: Northern Mindanao,7,2021-03-16,12.714285714285714
Region X: Northern Mindanao,14,2021-03-17,9.285714285714286
Region X: Northern Mindanao,107,2021-03-18,22.142857142857142
Region X: Northern Mindanao,32,2021-03-19,25.857142857142858
Region X: Northern Mindanao,12,2021-03-20,27.0
Region X: Northern Mindanao,8,2021-03-21,26.571428571428573
Region X: Northern Mindanao,8,2021-03-22,26.857142857142858
Region X: Northern Mindanao,32,2021-03-23,30.428571428571427
Region X: Northern Mindanao,55,2021-03-24,36.285714285714285
Region X: Northern Mindanao,27,2021-03-25,24.857142857142858
Region X: Northern Mindanao,11,2021-03-26,21.857142857142858
Region X: Northern Mindanao,4,2021-03-27,20.714285714285715
Region X: Northern Mindanao,48,2021-03-28,26.428571428571427
Region X: Northern Mindanao,22,2021-03-29,28.428571428571427
Region X: Northern Mindanao,10,2021-03-30,25.285714285714285
Region X: Northern Mindanao,8,2021-03-31,18.571428571428573
Region X: Northern Mindanao,12,2021-04-01,16.428571428571427
Region X: Northern Mindanao,13,2021-04-02,16.714285714285715
Region X: Northern Mindanao,2,2021-04-03,16.428571428571427
Region X: Northern Mindanao,11,2021-04-04,11.142857142857142
Region X: Northern Mindanao,5,2021-04-05,8.714285714285714
Region X: Northern Mindanao,17,2021-04-06,9.714285714285714
Region X: Northern Mindanao,60,2021-04-07,17.142857142857142
Region X: Northern Mindanao,48,2021-04-08,22.285714285714285
Region X: Northern Mindanao,27,2021-04-09,24.285714285714285
Region X: Northern Mindanao,9,2021-04-10,25.285714285714285
Region X: Northern Mindanao,1,2021-04-11,23.857142857142858
Region X: Northern Mindanao,33,2021-04-12,27.857142857142858
Region X: Northern Mindanao,16,2021-04-13,27.714285714285715
Region X: Northern Mindanao,47,2021-04-14,25.857142857142858
Region X: Northern Mindanao,26,2021-04-15,22.714285714285715
Region X: Northern Mindanao,45,2021-04-16,25.285714285714285
Region X: Northern Mindanao,13,2021-04-17,25.857142857142858
Region X: Northern Mindanao,0,2021-04-18,25.714285714285715
Region X: Northern Mindanao,20,2021-04-19,23.857142857142858
Region X: Northern Mindanao,22,2021-04-20,24.714285714285715
Region X: Northern Mindanao,32,2021-04-21,22.571428571428573
Region X: Northern Mindanao,39,2021-04-22,24.428571428571427
Region X: Northern Mindanao,4,2021-04-23,18.571428571428573
Region X: Northern Mindanao,5,2021-04-24,17.428571428571427
Region X: Northern Mindanao,16,2021-04-25,19.714285714285715
Region X: Northern Mindanao,3,2021-04-26,17.285714285714285
Region X: Northern Mindanao,4,2021-04-27,14.714285714285714
Region X: Northern Mindanao,2,2021-04-28,10.428571428571429
Region X: Northern Mindanao,3,2021-04-29,5.285714285714286
Region X: Northern Mindanao,5,2021-04-30,5.428571428571429
Region X: Northern Mindanao,10,2021-05-01,6.142857142857143
Region X: Northern Mindanao,1,2021-05-02,4.0
Region X: Northern Mindanao,12,2021-05-03,5.285714285714286
Region X: Northern Mindanao,16,2021-05-04,7.0
Region X: Northern Mindanao,3,2021-05-05,7.142857142857143
Region X: Northern Mindanao,11,2021-05-06,8.285714285714286
Region X: Northern Mindanao,16,2021-05-07,9.857142857142858
Region X: Northern Mindanao,14,2021-05-08,10.428571428571429
Region X: Northern Mindanao,4,2021-05-09,10.857142857142858
Region X: Northern Mindanao,5,2021-05-10,9.857142857142858
Region X: Northern Mindanao,6,2021-05-11,8.428571428571429
Region X: Northern Mindanao,17,2021-05-12,10.428571428571429
Region X: Northern Mindanao,5,2021-05-13,9.571428571428571
Region X: Northern Mindanao,3,2021-05-14,7.714285714285714
Region X: Northern Mindanao,5,2021-05-15,6.428571428571429
Region X: Northern Mindanao,15,2021-05-16,8.0
Region X: Northern Mindanao,8,2021-05-17,8.428571428571429
Region X: Northern Mindanao,4,2021-05-18,8.142857142857142
Region X: Northern Mindanao,9,2021-05-19,7.0
Region X: Northern Mindanao,20,2021-05-20,9.142857142857142
Region X: Northern Mindanao,29,2021-05-21,12.857142857142858
Region X: Northern Mindanao,19,2021-05-22,14.857142857142858
Region X: Northern Mindanao,29,2021-05-23,16.857142857142858
Region X: Northern Mindanao,25,2021-05-24,19.285714285714285
Region X: Northern Mindanao,14,2021-05-25,20.714285714285715
Region X: Northern Mindanao,26,2021-05-26,23.142857142857142
Region X: Northern Mindanao,24,2021-05-27,23.714285714285715
Region X: Northern Mindanao,19,2021-05-28,22.285714285714285
Region X: Northern Mindanao,14,2021-05-29,21.571428571428573
Region X: Northern Mindanao,12,2021-05-30,19.142857142857142
Region X: Northern Mindanao,16,2021-05-31,17.857142857142858
Region X: Northern Mindanao,7,2021-06-01,16.857142857142858
Region X: Northern Mindanao,17,2021-06-02,15.571428571428571
Region X: Northern Mindanao,21,2021-06-03,15.142857142857142
Region X: Northern Mindanao,20,2021-06-04,15.285714285714286
Region X: Northern Mindanao,17,2021-06-05,15.714285714285714
Region X: Northern Mindanao,12,2021-06-06,15.714285714285714
Region X: Northern Mindanao,46,2021-06-07,20.0
Region X: Northern Mindanao,27,2021-06-08,22.857142857142858
Region X: Northern Mindanao,37,2021-06-09,25.714285714285715
Region X: Northern Mindanao,14,2021-06-10,24.714285714285715
Region X: Northern Mindanao,37,2021-06-11,27.142857142857142
Region X: Northern Mindanao,23,2021-06-12,28.0
Region X: Northern Mindanao,7,2021-06-13,27.285714285714285
Region X: Northern Mindanao,12,2021-06-14,22.428571428571427
Region X: Northern Mindanao,7,2021-06-15,19.571428571428573
Region X: Northern Mindanao,9,2021-06-16,15.571428571428571
Region X: Northern Mindanao,5,2021-06-17,14.285714285714286
Region X: Northern Mindanao,37,2021-06-18,14.285714285714286
Region X: Northern Mindanao,17,2021-06-19,13.428571428571429
Region X: Northern Mindanao,20,2021-06-20,15.285714285714286
Region X: Northern Mindanao,13,2021-06-21,15.428571428571429
Region X: Northern Mindanao,18,2021-06-22,17.0
Region X: Northern Mindanao,7,2021-06-23,16.714285714285715
Region X: Northern Mindanao,22,2021-06-24,19.142857142857142
Region X: Northern Mindanao,15,2021-06-25,16.0
Region X: Northern Mindanao,17,2021-06-26,16.0
Region X: Northern Mindanao,33,2021-06-27,17.857142857142858
Region X: Northern Mindanao,13,2021-06-28,17.857142857142858
Region X: Northern Mindanao,31,2021-06-29,19.714285714285715
Region X: Northern Mindanao,11,2021-06-30,20.285714285714285
Region X: Northern Mindanao,10,2021-07-01,18.571428571428573
Region X: Northern Mindanao,7,2021-07-02,17.428571428571427
Region X: Northern Mindanao,13,2021-07-03,16.857142857142858
Region X: Northern Mindanao,40,2021-07-04,17.857142857142858
Region X: Northern Mindanao,10,2021-07-05,17.428571428571427
Region X: Northern Mindanao,9,2021-07-06,14.285714285714286
Region X: Northern Mindanao,7,2021-07-07,13.714285714285714
Region X: Northern Mindanao,20,2021-07-08,15.142857142857142
Region X: Northern Mindanao,10,2021-07-09,15.571428571428571
Region X: Northern Mindanao,27,2021-07-10,17.571428571428573
Region X: Northern Mindanao,14,2021-07-11,13.857142857142858
Region X: Northern Mindanao,17,2021-07-12,14.857142857142858
Region X: Northern Mindanao,33,2021-07-13,18.285714285714285
Region X: Northern Mindanao,24,2021-07-14,20.714285714285715
Region X: Northern Mindanao,2,2021-07-15,18.142857142857142
Region X: Northern Mindanao,25,2021-07-16,20.285714285714285
Region X: Northern Mindanao,32,2021-07-17,21.0
Region X: Northern Mindanao,15,2021-07-18,21.142857142857142
Region X: Northern Mindanao,13,2021-07-19,20.571428571428573
Region X: Northern Mindanao,22,2021-07-20,19.0
Region X: Northern Mindanao,9,2021-07-21,16.857142857142858
Region X: Northern Mindanao,9,2021-07-22,17.857142857142858
Region X: Northern Mindanao,15,2021-07-23,16.428571428571427
Region X: Northern Mindanao,15,2021-07-24,14.0
Region X: Northern Mindanao,15,2021-07-25,14.0
Region X: Northern Mindanao,15,2021-07-26,14.285714285714286
Region X: Northern Mindanao,30,2021-07-27,15.428571428571429
Region X: Northern Mindanao,24,2021-07-28,17.571428571428573
Region X: Northern Mindanao,19,2021-07-29,19.0
Region X: Northern Mindanao,9,2021-07-30,18.142857142857142
Region X: Northern Mindanao,28,2021-07-31,20.0
Region X: Northern Mindanao,0,2021-08-01,17.857142857142858
Region X: Northern Mindanao,0,2021-08-02,15.714285714285714
Region X: Northern Mindanao,1,2021-08-03,11.571428571428571
Region X: Northern Mindanao,2,2021-08-04,8.428571428571429
Region X: Northern Mindanao,1,2021-08-05,5.857142857142857
Region X: Northern Mindanao,2,2021-08-06,4.857142857142857
Region X: Northern Mindanao,0,2021-08-07,0.8571428571428571
Region X: Northern Mindanao,4,2021-08-08,1.4285714285714286
Region X: Northern Mindanao,6,2021-08-09,2.2857142857142856
Region X: Northern Mindanao,7,2021-08-10,3.142857142857143
Region X: Northern Mindanao,16,2021-08-11,5.142857142857143
Region X: Northern Mindanao,6,2021-08-12,5.857142857142857
Region X: Northern Mindanao,27,2021-08-13,9.428571428571429
Region X: Northern Mindanao,15,2021-08-14,11.571428571428571
Region X: Northern Mindanao,10,2021-08-15,12.428571428571429
Region X: Northern Mindanao,0,2021-08-16,11.571428571428571
Region X: Northern Mindanao,0,2021-08-17,10.571428571428571
Region X: Northern Mindanao,0,2021-08-18,8.285714285714286
Region X: Northern Mindanao,1,2021-08-19,7.571428571428571
Region X: Northern Mindanao,1,2021-08-20,3.857142857142857
Region X: Northern Mindanao,3,2021-08-21,2.142857142857143
Region X: Northern Mindanao,0,2021-08-22,0.7142857142857143
Region X: Northern Mindanao,4,2021-08-23,1.2857142857142858
Region X: Northern Mindanao,1,2021-08-24,1.4285714285714286
Region X: Northern Mindanao,4,2021-08-25,2.0
Region X: Northern Mindanao,12,2021-08-26,3.5714285714285716
Region X: Northern Mindanao,11,2021-08-27,5.0
Region X: Northern Mindanao,6,2021-08-28,5.428571428571429
Region X: Northern Mindanao,16,2021-08-29,7.714285714285714
Region X: Northern Mindanao,1,2021-08-30,7.285714285714286
Region X: Northern Mindanao,14,2021-08-31,9.142857142857142
Region X: Northern Mindanao,11,2021-09-01,10.142857142857142
Region X: Northern Mindanao,3,2021-09-02,8.857142857142858
Region X: Northern Mindanao,11,2021-09-03,8.857142857142858
Region X: Northern Mindanao,16,2021-09-04,10.285714285714286
Region X: Northern Mindanao,10,2021-09-05,9.428571428571429
Region X: Northern Mindanao,10,2021-09-06,10.714285714285714
Region X: Northern Mindanao,8,2021-09-07,9.857142857142858
Region X: Northern Mindanao,8,2021-09-08,9.428571428571429
Region X: Northern Mindanao,13,2021-09-09,10.857142857142858
Region X: Northern Mindanao,19,2021-09-10,12.0
Region X: Northern Mindanao,10,2021-09-11,11.142857142857142
Region X: Northern Mindanao,14,2021-09-12,11.714285714285714
Region X: Northern Mindanao,1,2021-09-13,10.428571428571429
Region X: Northern Mindanao,14,2021-09-14,11.285714285714286
Region X: Northern Mindanao,13,2021-09-15,12.0
Region X: Northern Mindanao,19,2021-09-16,12.857142857142858
Region X: Northern Mindanao,23,2021-09-17,13.428571428571429
Region X: Northern Mindanao,18,2021-09-18,14.571428571428571
Region X: Northern Mindanao,19,2021-09-19,15.285714285714286
Region X: Northern Mindanao,15,2021-09-20,17.285714285714285
Region X: Northern Mindanao,10,2021-09-21,16.714285714285715
Region X: Northern Mindanao,14,2021-09-22,16.857142857142858
Region X: Northern Mindanao,3,2021-09-23,14.571428571428571
Region X: Northern Mindanao,9,2021-09-24,12.571428571428571
Region X: Northern Mindanao,14,2021-09-25,12.0
Region X: Northern Mindanao,35,2021-09-26,14.285714285714286
Region X: Northern Mindanao,22,2021-09-27,15.285714285714286
Region X: Northern Mindanao,4,2021-09-28,14.428571428571429
Region X: Northern Mindanao,2,2021-09-29,12.714285714285714
Region X: Northern Mindanao,0,2021-09-30,12.285714285714286
Region X: Northern Mindanao,1,2021-10-01,11.142857142857142
Region X: Northern Mindanao,1,2021-10-02,9.285714285714286
Region X: Northern Mindanao,0,2021-10-03,4.285714285714286
Region X: Northern Mindanao,1,2021-10-04,1.2857142857142858
Region X: Northern Mindanao,0,2021-10-05,0.7142857142857143
Region X: Northern Mindanao,1,2021-10-06,0.5714285714285714
Region X: Northern Mindanao,0,2021-10-07,0.5714285714285714
Region X: Northern Mindanao,7,2021-10-08,1.4285714285714286
Region X: Northern Mindanao,3,2021-10-09,1.7142857142857142
Region X: Northern Mindanao,12,2021-10-10,3.4285714285714284
Region X: Northern Mindanao,0,2021-10-11,3.2857142857142856
Region X: Northern Mindanao,2,2021-10-12,3.5714285714285716
Region X: Northern Mindanao,1,2021-10-13,3.5714285714285716
Region X: Northern Mindanao,2,2021-10-14,3.857142857142857
Region X: Northern Mindanao,8,2021-10-15,4.0
Region X: Northern Mindanao,4,2021-10-16,4.142857142857143
Region X: Northern Mindanao,3,2021-10-17,2.857142857142857
Region X: Northern Mindanao,0,2021-10-18,2.857142857142857
Region X: Northern Mindanao,1,2021-10-19,2.7142857142857144
Region X: Northern Mindanao,3,2021-10-20,3.0
Region X: Northern Mindanao,6,2021-10-21,3.5714285714285716
Region X: Northern Mindanao,1,2021-10-22,2.5714285714285716
Region X: Northern Mindanao,0,2021-10-23,2.0
Region X: Northern Mindanao,30,2021-10-24,5.857142857142857
Region X: Northern Mindanao,12,2021-10-25,7.571428571428571
Region X: Northern Mindanao,0,2021-10-26,7.428571428571429
Region X: Northern Mindanao,0,2021-10-27,7.0
Region X: Northern Mindanao,0,2021-10-28,6.142857142857143
Region X: Northern Mindanao,1,2021-10-29,6.142857142857143
Region X: Northern Mindanao,1,2021-10-30,6.285714285714286
Region X: Northern Mindanao,1,2021-10-31,2.142857142857143
Region X: Northern Mindanao,2,2021-11-01,0.7142857142857143
Region X: Northern Mindanao,0,2021-11-02,0.7142857142857143
Region X: Northern Mindanao,0,2021-11-03,0.7142857142857143
Region X: Northern Mindanao,0,2021-11-04,0.7142857142857143
Region X: Northern Mindanao,3,2021-11-05,1.0
Region X: Northern Mindanao,0,2021-11-06,0.8571428571428571
Region X: Northern Mindanao,0,2021-11-07,0.7142857142857143
Region X: Northern Mindanao,0,2021-11-08,0.42857142857142855
Region X: Northern Mindanao,0,2021-11-09,0.42857142857142855
Region X: Northern Mindanao,0,2021-11-10,0.42857142857142855
Region X: Northern Mindanao,1,2021-11-11,0.5714285714285714
Region X: Northern Mindanao,0,2021-11-12,0.14285714285714285
Region X: Northern Mindanao,1,2021-11-13,0.2857142857142857
Region X: Northern Mindanao,2,2021-11-14,0.5714285714285714
Region X: Northern Mindanao,0,2021-11-15,0.5714285714285714
Region X: Northern Mindanao,0,2021-11-16,0.5714285714285714
Region X: Northern Mindanao,1,2021-11-17,0.7142857142857143
Region X: Northern Mindanao,0,2021-11-18,0.5714285714285714
Region X: Northern Mindanao,0,2021-11-19,0.5714285714285714
Region X: Northern Mindanao,0,2021-11-20,0.42857142857142855
Region X: Northern Mindanao,0,2021-11-21,0.14285714285714285
Region X: Northern Mindanao,0,2021-11-22,0.14285714285714285
Region X: Northern Mindanao,0,2021-11-23,0.14285714285714285
Region X: Northern Mindanao,0,2021-11-24,0.0
Region X: Northern Mindanao,1,2021-11-25,0.14285714285714285
Region X: Northern Mindanao,0,2021-11-26,0.14285714285714285
Region X: Northern Mindanao,1,2021-11-27,0.2857142857142857
Region X: Northern Mindanao,0,2021-11-28,0.2857142857142857
Region X: Northern Mindanao,0,2021-11-29,0.2857142857142857
Region X: Northern Mindanao,0,2021-11-30,0.2857142857142857
Region X: Northern Mindanao,1,2021-12-01,0.42857142857142855
Region X: Northern Mindanao,0,2021-12-02,0.2857142857142857
Region X: Northern Mindanao,1,2021-12-03,0.42857142857142855
Region X: Northern Mindanao,0,2021-12-04,0.2857142857142857
Region X: Northern Mindanao,0,2021-12-05,0.2857142857142857
Region X: Northern Mindanao,2,2021-12-06,0.5714285714285714
Region X: Northern Mindanao,0,2021-12-07,0.5714285714285714
Region X: Northern Mindanao,0,2021-12-08,0.42857142857142855
Region X: Northern Mindanao,0,2021-12-09,0.42857142857142855
Region X: Northern Mindanao,0,2021-12-10,0.2857142857142857
Region X: Northern Mindanao,0,2021-12-11,0.2857142857142857
Region X: Northern Mindanao,0,2021-12-12,0.2857142857142857
Region X: Northern Mindanao,0,2021-12-13,0.0
Region X: Northern Mindanao,0,2021-12-14,0.0
Region X: Northern Mindanao,0,2021-12-15,0.0
Region X: Northern Mindanao,0,2021-12-16,0.0
Region X: Northern Mindanao,0,2021-12-17,0.0
Region X: Northern Mindanao,0,2021-12-18,0.0
Region X: Northern Mindanao,0,2021-12-19,0.0
Region X: Northern Mindanao,0,2021-12-20,0.0
Region X: Northern Mindanao,1,2021-12-21,0.14285714285714285
Region X: Northern Mindanao,1,2021-12-22,0.2857142857142857
Region X: Northern Mindanao,0,2021-12-23,0.2857142857142857
Region X: Northern Mindanao,1,2021-12-24,0.42857142857142855
Region X: Northern Mindanao,0,2021-12-25,0.42857142857142855
Region X: Northern Mindanao,0,2021-12-26,0.42857142857142855
Region X: Northern Mindanao,0,2021-12-27,0.42857142857142855
Region X: Northern Mindanao,0,2021-12-28,0.2857142857142857
Region X: Northern Mindanao,2,2021-12-29,0.42857142857142855
Region X: Northern Mindanao,0,2021-12-30,0.42857142857142855
Region X: Northern Mindanao,0,2021-12-31,0.2857142857142857
Region X: Northern Mindanao,0,2022-01-01,0.2857142857142857
Region X: Northern Mindanao,0,2022-01-02,0.2857142857142857
Region X: Northern Mindanao,0,2022-01-03,0.2857142857142857
Region X: Northern Mindanao,0,2022-01-04,0.2857142857142857
Region X: Northern Mindanao,0,2022-01-05,0.0
Region X: Northern Mindanao,1,2022-01-06,0.14285714285714285
Region X: Northern Mindanao,0,2022-01-07,0.14285714285714285
Region X: Northern Mindanao,0,2022-01-08,0.14285714285714285
Region X: Northern Mindanao,1,2022-01-09,0.2857142857142857
Region X: Northern Mindanao,2,2022-01-10,0.5714285714285714
Region X: Northern Mindanao,1,2022-01-11,0.7142857142857143
Region X: Northern Mindanao,4,2022-01-12,1.2857142857142858
Region X: Northern Mindanao,0,2022-01-13,1.1428571428571428
Region X: Northern Mindanao,0,2022-01-14,1.1428571428571428
Region X: Northern Mindanao,5,2022-01-15,1.8571428571428572
Region X: Northern Mindanao,1,2022-01-16,1.8571428571428572
Region X: Northern Mindanao,1,2022-01-17,1.7142857142857142
Region X: Northern Mindanao,15,2022-01-18,3.7142857142857144
Region X: Northern Mindanao,11,2022-01-19,4.714285714285714
Region X: Northern Mindanao,19,2022-01-20,7.428571428571429
Region X: Northern Mindanao,36,2022-01-21,12.571428571428571
Region X: Northern Mindanao,3,2022-01-22,12.285714285714286
Region X: Northern Mindanao,14,2022-01-23,14.142857142857142
Region X: Northern Mindanao,1,2022-01-24,14.142857142857142
Region X: Northern Mindanao,5,2022-01-25,12.714285714285714
Region X: Northern Mindanao,48,2022-01-26,18.0
Region X: Northern Mindanao,9,2022-01-27,16.571428571428573
Region X: Northern Mindanao,8,2022-01-28,12.571428571428571
Region X: Northern Mindanao,2,2022-01-29,12.428571428571429
Region X: Northern Mindanao,1,2022-01-30,10.571428571428571
Region X: Northern Mindanao,1,2022-01-31,10.571428571428571
Region X: Northern Mindanao,3,2022-02-01,10.285714285714286
Region X: Northern Mindanao,9,2022-02-02,4.714285714285714
Region X: Northern Mindanao,4,2022-02-03,4.0
Region X: Northern Mindanao,1,2022-02-04,3.0
Region X: Northern Mindanao,1,2022-02-05,2.857142857142857
Region X: Northern Mindanao,0,2022-02-06,2.7142857142857144
Region X: Northern Mindanao,3,2022-02-07,3.0
Region X: Northern Mindanao,1,2022-02-08,2.7142857142857144
Region X: Northern Mindanao,0,2022-02-09,1.4285714285714286
Region X: Northern Mindanao,0,2022-02-10,0.8571428571428571
Region X: Northern Mindanao,1,2022-02-11,0.8571428571428571
Region X: Northern Mindanao,0,2022-02-12,0.7142857142857143
Region X: Northern Mindanao,0,2022-02-13,0.7142857142857143
Region X: Northern Mindanao,0,2022-02-14,0.2857142857142857
Region X: Northern Mindanao,0,2022-02-15,0.14285714285714285
Region X: Northern Mindanao,0,2022-02-16,0.14285714285714285
Region X: Northern Mindanao,0,2022-02-17,0.14285714285714285
Region X: Northern Mindanao,1,2022-02-18,0.14285714285714285
Region X: Northern Mindanao,1,2022-02-19,0.2857142857142857
Region X: Northern Mindanao,0,2022-02-20,0.2857142857142857
Region X: Northern Mindanao,0,2022-02-21,0.2857142857142857
Region X: Northern Mindanao,0,2022-02-22,0.2857142857142857
Region X: Northern Mindanao,1,2022-02-23,0.42857142857142855
Region X: Northern Mindanao,0,2022-02-24,0.42857142857142855
Region X: Northern Mindanao,0,2022-02-25,0.2857142857142857
Region X: Northern Mindanao,0,2022-02-26,0.14285714285714285
Region X: Northern Mindanao,0,2022-02-27,0.14285714285714285
Region X: Northern Mindanao,0,2022-02-28,0.14285714285714285
Region X: Northern Mindanao,0,2022-03-01,0.14285714285714285
Region X: Northern Mindanao,0,2022-03-02,0.0
Region X: Northern Mindanao,0,2022-03-03,0.0
Region X: Northern Mindanao,0,2022-03-04,0.0
Region X: Northern Mindanao,0,2022-03-05,0.0
Region X: Northern Mindanao,1,2022-03-06,0.14285714285714285
Region X: Northern Mindanao,0,2022-03-07,0.14285714285714285
Region X: Northern Mindanao,0,2022-03-08,0.14285714285714285
Region X: Northern Mindanao,0,2022-03-09,0.14285714285714285
Region X: Northern Mindanao,0,2022-03-10,0.14285714285714285
Region X: Northern Mindanao,0,2022-03-11,0.14285714285714285
Region X: Northern Mindanao,0,2022-03-12,0.14285714285714285
Region X: Northern Mindanao,0,2022-03-13,0.0
Region X: Northern Mindanao,0,2022-03-14,0.0
Region X: Northern Mindanao,0,2022-03-15,0.0
Region X: Northern Mindanao,1,2022-03-16,0.14285714285714285
Region X: Northern Mindanao,0,2022-03-17,0.14285714285714285
Region X: Northern Mindanao,0,2022-03-18,0.14285714285714285
Region X: Northern Mindanao,0,2022-03-19,0.14285714285714285
Region X: Northern Mindanao,0,2022-03-20,0.14285714285714285
Region X: Northern Mindanao,0,2022-03-21,0.14285714285714285
Region X: Northern Mindanao,0,2022-03-22,0.14285714285714285
Region X: Northern Mindanao,0,2022-03-23,0.0
Region X: Northern Mindanao,0,2022-03-24,0.0
Region X: Northern Mindanao,0,2022-03-25,0.0
Region X: Northern Mindanao,0,2022-03-26,0.0
Region X: Northern Mindanao,0,2022-03-27,0.0
Region X: Northern Mindanao,1,2022-03-28,0.14285714285714285
