region,count,date,7DayMA
Region II: Cagayan Valley,1,2020-04-01,
Region II: Cagayan Valley,0,2020-04-02,
Region II: Cagayan Valley,0,2020-04-03,
Region II: Cagayan Valley,0,2020-04-04,
Region II: Cagayan Valley,0,2020-04-05,
Region II: Cagayan Valley,0,2020-04-06,
Region II: Cagayan Valley,0,2020-04-07,0.14285714285714285
Region II: Cagayan Valley,0,2020-04-08,0.0
Region II: Cagayan Valley,2,2020-04-09,0.2857142857142857
Region II: Cagayan Valley,1,2020-04-10,0.42857142857142855
Region II: Cagayan Valley,2,2020-04-11,0.7142857142857143
Region II: Cagayan Valley,0,2020-04-12,0.7142857142857143
Region II: Cagayan Valley,0,2020-04-13,0.7142857142857143
Region II: Cagayan Valley,3,2020-04-14,1.1428571428571428
Region II: Cagayan Valley,1,2020-04-15,1.2857142857142858
Region II: Cagayan Valley,1,2020-04-16,1.1428571428571428
Region II: Cagayan Valley,2,2020-04-17,1.2857142857142858
Region II: Cagayan Valley,2,2020-04-18,1.2857142857142858
Region II: Cagayan Valley,1,2020-04-19,1.4285714285714286
Region II: Cagayan Valley,3,2020-04-20,1.8571428571428572
Region II: Cagayan Valley,2,2020-04-21,1.7142857142857142
Region II: Cagayan Valley,0,2020-04-22,1.5714285714285714
Region II: Cagayan Valley,0,2020-04-23,1.4285714285714286
Region II: Cagayan Valley,0,2020-04-24,1.1428571428571428
Region II: Cagayan Valley,1,2020-04-25,1.0
Region II: Cagayan Valley,0,2020-04-26,0.8571428571428571
Region II: Cagayan Valley,0,2020-04-27,0.42857142857142855
Region II: Cagayan Valley,1,2020-04-28,0.2857142857142857
Region II: Cagayan Valley,0,2020-04-29,0.2857142857142857
Region II: Cagayan Valley,0,2020-04-30,0.2857142857142857
Region II: Cagayan Valley,0,2020-05-01,0.2857142857142857
Region II: Cagayan Valley,0,2020-05-02,0.14285714285714285
Region II: Cagayan Valley,0,2020-05-03,0.14285714285714285
Region II: Cagayan Valley,1,2020-05-04,0.2857142857142857
Region II: Cagayan Valley,0,2020-05-05,0.14285714285714285
Region II: Cagayan Valley,2,2020-05-06,0.42857142857142855
Region II: Cagayan Valley,1,2020-05-07,0.5714285714285714
Region II: Cagayan Valley,0,2020-05-08,0.5714285714285714
Region II: Cagayan Valley,0,2020-05-09,0.5714285714285714
Region II: Cagayan Valley,0,2020-05-10,0.5714285714285714
Region II: Cagayan Valley,0,2020-05-11,0.42857142857142855
Region II: Cagayan Valley,1,2020-05-12,0.5714285714285714
Region II: Cagayan Valley,1,2020-05-13,0.42857142857142855
Region II: Cagayan Valley,0,2020-05-14,0.2857142857142857
Region II: Cagayan Valley,0,2020-05-15,0.2857142857142857
Region II: Cagayan Valley,0,2020-05-16,0.2857142857142857
Region II: Cagayan Valley,0,2020-05-17,0.2857142857142857
Region II: Cagayan Valley,0,2020-05-18,0.2857142857142857
Region II: Cagayan Valley,0,2020-05-19,0.14285714285714285
Region II: Cagayan Valley,0,2020-05-20,0.0
Region II: Cagayan Valley,0,2020-05-21,0.0
Region II: Cagayan Valley,0,2020-05-22,0.0
Region II: Cagayan Valley,0,2020-05-23,0.0
Region II: Cagayan Valley,0,2020-05-24,0.0
Region II: Cagayan Valley,0,2020-05-25,0.0
Region II: Cagayan Valley,1,2020-05-26,0.14285714285714285
Region II: Cagayan Valley,0,2020-05-27,0.14285714285714285
Region II: Cagayan Valley,0,2020-05-28,0.14285714285714285
Region II: Cagayan Valley,0,2020-05-29,0.14285714285714285
Region II: Cagayan Valley,0,2020-05-30,0.14285714285714285
Region II: Cagayan Valley,0,2020-05-31,0.14285714285714285
Region II: Cagayan Valley,0,2020-06-01,0.14285714285714285
Region II: Cagayan Valley,0,2020-06-02,0.0
Region II: Cagayan Valley,0,2020-06-03,0.0
Region II: Cagayan Valley,0,2020-06-04,0.0
Region II: Cagayan Valley,0,2020-06-05,0.0
Region II: Cagayan Valley,0,2020-06-06,0.0
Region II: Cagayan Valley,0,2020-06-07,0.0
Region II: Cagayan Valley,0,2020-06-08,0.0
Region II: Cagayan Valley,0,2020-06-09,0.0
Region II: Cagayan Valley,1,2020-06-10,0.14285714285714285
Region II: Cagayan Valley,0,2020-06-11,0.14285714285714285
Region II: Cagayan Valley,0,2020-06-12,0.14285714285714285
Region II: Cagayan Valley,0,2020-06-13,0.14285714285714285
Region II: Cagayan Valley,0,2020-06-14,0.14285714285714285
Region II: Cagayan Valley,1,2020-06-15,0.2857142857142857
Region II: Cagayan Valley,0,2020-06-16,0.2857142857142857
Region II: Cagayan Valley,0,2020-06-17,0.14285714285714285
Region II: Cagayan Valley,0,2020-06-18,0.14285714285714285
Region II: Cagayan Valley,0,2020-06-19,0.14285714285714285
Region II: Cagayan Valley,1,2020-06-20,0.2857142857142857
Region II: Cagayan Valley,0,2020-06-21,0.2857142857142857
Region II: Cagayan Valley,0,2020-06-22,0.14285714285714285
Region II: Cagayan Valley,1,2020-06-23,0.2857142857142857
Region II: Cagayan Valley,0,2020-06-24,0.2857142857142857
Region II: Cagayan Valley,0,2020-06-25,0.2857142857142857
Region II: Cagayan Valley,0,2020-06-26,0.2857142857142857
Region II: Cagayan Valley,0,2020-06-27,0.14285714285714285
Region II: Cagayan Valley,1,2020-06-28,0.2857142857142857
Region II: Cagayan Valley,0,2020-06-29,0.2857142857142857
Region II: Cagayan Valley,1,2020-06-30,0.2857142857142857
Region II: Cagayan Valley,0,2020-07-01,0.2857142857142857
Region II: Cagayan Valley,1,2020-07-02,0.42857142857142855
Region II: Cagayan Valley,1,2020-07-03,0.5714285714285714
Region II: Cagayan Valley,0,2020-07-04,0.5714285714285714
Region II: Cagayan Valley,0,2020-07-05,0.42857142857142855
Region II: Cagayan Valley,1,2020-07-06,0.5714285714285714
Region II: Cagayan Valley,2,2020-07-07,0.7142857142857143
Region II: Cagayan Valley,2,2020-07-08,1.0
Region II: Cagayan Valley,3,2020-07-09,1.2857142857142858
Region II: Cagayan Valley,1,2020-07-10,1.2857142857142858
Region II: Cagayan Valley,2,2020-07-11,1.5714285714285714
Region II: Cagayan Valley,0,2020-07-12,1.5714285714285714
Region II: Cagayan Valley,2,2020-07-13,1.7142857142857142
Region II: Cagayan Valley,3,2020-07-14,1.8571428571428572
Region II: Cagayan Valley,6,2020-07-15,2.4285714285714284
Region II: Cagayan Valley,1,2020-07-16,2.142857142857143
Region II: Cagayan Valley,10,2020-07-17,3.4285714285714284
Region II: Cagayan Valley,4,2020-07-18,3.7142857142857144
Region II: Cagayan Valley,6,2020-07-19,4.571428571428571
Region II: Cagayan Valley,5,2020-07-20,5.0
Region II: Cagayan Valley,1,2020-07-21,4.714285714285714
Region II: Cagayan Valley,1,2020-07-22,4.0
Region II: Cagayan Valley,4,2020-07-23,4.428571428571429
Region II: Cagayan Valley,3,2020-07-24,3.4285714285714284
Region II: Cagayan Valley,5,2020-07-25,3.5714285714285716
Region II: Cagayan Valley,3,2020-07-26,3.142857142857143
Region II: Cagayan Valley,11,2020-07-27,4.0
Region II: Cagayan Valley,1,2020-07-28,4.0
Region II: Cagayan Valley,5,2020-07-29,4.571428571428571
Region II: Cagayan Valley,2,2020-07-30,4.285714285714286
Region II: Cagayan Valley,0,2020-07-31,3.857142857142857
Region II: Cagayan Valley,4,2020-08-01,3.7142857142857144
Region II: Cagayan Valley,3,2020-08-02,3.7142857142857144
Region II: Cagayan Valley,1,2020-08-03,2.2857142857142856
Region II: Cagayan Valley,16,2020-08-04,4.428571428571429
Region II: Cagayan Valley,17,2020-08-05,6.142857142857143
Region II: Cagayan Valley,1,2020-08-06,6.0
Region II: Cagayan Valley,0,2020-08-07,6.0
Region II: Cagayan Valley,3,2020-08-08,5.857142857142857
Region II: Cagayan Valley,0,2020-08-09,5.428571428571429
Region II: Cagayan Valley,9,2020-08-10,6.571428571428571
Region II: Cagayan Valley,6,2020-08-11,5.142857142857143
Region II: Cagayan Valley,1,2020-08-12,2.857142857142857
Region II: Cagayan Valley,11,2020-08-13,4.285714285714286
Region II: Cagayan Valley,9,2020-08-14,5.571428571428571
Region II: Cagayan Valley,10,2020-08-15,6.571428571428571
Region II: Cagayan Valley,10,2020-08-16,8.0
Region II: Cagayan Valley,13,2020-08-17,8.571428571428571
Region II: Cagayan Valley,20,2020-08-18,10.571428571428571
Region II: Cagayan Valley,10,2020-08-19,11.857142857142858
Region II: Cagayan Valley,20,2020-08-20,13.142857142857142
Region II: Cagayan Valley,15,2020-08-21,14.0
Region II: Cagayan Valley,10,2020-08-22,14.0
Region II: Cagayan Valley,4,2020-08-23,13.142857142857142
Region II: Cagayan Valley,14,2020-08-24,13.285714285714286
Region II: Cagayan Valley,2,2020-08-25,10.714285714285714
Region II: Cagayan Valley,2,2020-08-26,9.571428571428571
Region II: Cagayan Valley,8,2020-08-27,7.857142857142857
Region II: Cagayan Valley,9,2020-08-28,7.0
Region II: Cagayan Valley,2,2020-08-29,5.857142857142857
Region II: Cagayan Valley,6,2020-08-30,6.142857142857143
Region II: Cagayan Valley,10,2020-08-31,5.571428571428571
Region II: Cagayan Valley,7,2020-09-01,6.285714285714286
Region II: Cagayan Valley,8,2020-09-02,7.142857142857143
Region II: Cagayan Valley,16,2020-09-03,8.285714285714286
Region II: Cagayan Valley,9,2020-09-04,8.285714285714286
Region II: Cagayan Valley,8,2020-09-05,9.142857142857142
Region II: Cagayan Valley,9,2020-09-06,9.571428571428571
Region II: Cagayan Valley,0,2020-09-07,8.142857142857142
Region II: Cagayan Valley,0,2020-09-08,7.142857142857143
Region II: Cagayan Valley,0,2020-09-09,6.0
Region II: Cagayan Valley,1,2020-09-10,3.857142857142857
Region II: Cagayan Valley,1,2020-09-11,2.7142857142857144
Region II: Cagayan Valley,0,2020-09-12,1.5714285714285714
Region II: Cagayan Valley,0,2020-09-13,0.2857142857142857
Region II: Cagayan Valley,0,2020-09-14,0.2857142857142857
Region II: Cagayan Valley,0,2020-09-15,0.2857142857142857
Region II: Cagayan Valley,0,2020-09-16,0.2857142857142857
Region II: Cagayan Valley,0,2020-09-17,0.14285714285714285
Region II: Cagayan Valley,1,2020-09-18,0.14285714285714285
Region II: Cagayan Valley,1,2020-09-19,0.2857142857142857
Region II: Cagayan Valley,0,2020-09-20,0.2857142857142857
Region II: Cagayan Valley,0,2020-09-21,0.2857142857142857
Region II: Cagayan Valley,0,2020-09-22,0.2857142857142857
Region II: Cagayan Valley,0,2020-09-23,0.2857142857142857
Region II: Cagayan Valley,0,2020-09-24,0.2857142857142857
Region II: Cagayan Valley,4,2020-09-25,0.7142857142857143
Region II: Cagayan Valley,0,2020-09-26,0.5714285714285714
Region II: Cagayan Valley,0,2020-09-27,0.5714285714285714
Region II: Cagayan Valley,0,2020-09-28,0.5714285714285714
Region II: Cagayan Valley,0,2020-09-29,0.5714285714285714
Region II: Cagayan Valley,0,2020-09-30,0.5714285714285714
Region II: Cagayan Valley,1,2020-10-01,0.7142857142857143
Region II: Cagayan Valley,1,2020-10-02,0.2857142857142857
Region II: Cagayan Valley,1,2020-10-03,0.42857142857142855
Region II: Cagayan Valley,0,2020-10-04,0.42857142857142855
Region II: Cagayan Valley,1,2020-10-05,0.5714285714285714
Region II: Cagayan Valley,2,2020-10-06,0.8571428571428571
Region II: Cagayan Valley,31,2020-10-07,5.285714285714286
Region II: Cagayan Valley,22,2020-10-08,8.285714285714286
Region II: Cagayan Valley,24,2020-10-09,11.571428571428571
Region II: Cagayan Valley,26,2020-10-10,15.142857142857142
Region II: Cagayan Valley,8,2020-10-11,16.285714285714285
Region II: Cagayan Valley,5,2020-10-12,16.857142857142858
Region II: Cagayan Valley,25,2020-10-13,20.142857142857142
Region II: Cagayan Valley,31,2020-10-14,20.142857142857142
Region II: Cagayan Valley,45,2020-10-15,23.428571428571427
Region II: Cagayan Valley,17,2020-10-16,22.428571428571427
Region II: Cagayan Valley,24,2020-10-17,22.142857142857142
Region II: Cagayan Valley,20,2020-10-18,23.857142857142858
Region II: Cagayan Valley,32,2020-10-19,27.714285714285715
Region II: Cagayan Valley,38,2020-10-20,29.571428571428573
Region II: Cagayan Valley,40,2020-10-21,30.857142857142858
Region II: Cagayan Valley,33,2020-10-22,29.142857142857142
Region II: Cagayan Valley,51,2020-10-23,34.0
Region II: Cagayan Valley,2,2020-10-24,30.857142857142858
Region II: Cagayan Valley,30,2020-10-25,32.285714285714285
Region II: Cagayan Valley,49,2020-10-26,34.714285714285715
Region II: Cagayan Valley,17,2020-10-27,31.714285714285715
Region II: Cagayan Valley,5,2020-10-28,26.714285714285715
Region II: Cagayan Valley,59,2020-10-29,30.428571428571427
Region II: Cagayan Valley,46,2020-10-30,29.714285714285715
Region II: Cagayan Valley,9,2020-10-31,30.714285714285715
Region II: Cagayan Valley,6,2020-11-01,27.285714285714285
Region II: Cagayan Valley,14,2020-11-02,22.285714285714285
Region II: Cagayan Valley,6,2020-11-03,20.714285714285715
Region II: Cagayan Valley,12,2020-11-04,21.714285714285715
Region II: Cagayan Valley,14,2020-11-05,15.285714285714286
Region II: Cagayan Valley,22,2020-11-06,11.857142857142858
Region II: Cagayan Valley,10,2020-11-07,12.0
Region II: Cagayan Valley,23,2020-11-08,14.428571428571429
Region II: Cagayan Valley,25,2020-11-09,16.0
Region II: Cagayan Valley,0,2020-11-10,15.142857142857142
Region II: Cagayan Valley,0,2020-11-11,13.428571428571429
Region II: Cagayan Valley,0,2020-11-12,11.428571428571429
Region II: Cagayan Valley,1,2020-11-13,8.428571428571429
Region II: Cagayan Valley,0,2020-11-14,7.0
Region II: Cagayan Valley,1,2020-11-15,3.857142857142857
Region II: Cagayan Valley,1,2020-11-16,0.42857142857142855
Region II: Cagayan Valley,1,2020-11-17,0.5714285714285714
Region II: Cagayan Valley,0,2020-11-18,0.5714285714285714
Region II: Cagayan Valley,8,2020-11-19,1.7142857142857142
Region II: Cagayan Valley,2,2020-11-20,1.8571428571428572
Region II: Cagayan Valley,2,2020-11-21,2.142857142857143
Region II: Cagayan Valley,2,2020-11-22,2.2857142857142856
Region II: Cagayan Valley,7,2020-11-23,3.142857142857143
Region II: Cagayan Valley,7,2020-11-24,4.0
Region II: Cagayan Valley,6,2020-11-25,4.857142857142857
Region II: Cagayan Valley,0,2020-11-26,3.7142857142857144
Region II: Cagayan Valley,3,2020-11-27,3.857142857142857
Region II: Cagayan Valley,1,2020-11-28,3.7142857142857144
Region II: Cagayan Valley,1,2020-11-29,3.5714285714285716
Region II: Cagayan Valley,0,2020-11-30,2.5714285714285716
Region II: Cagayan Valley,0,2020-12-01,1.5714285714285714
Region II: Cagayan Valley,0,2020-12-02,0.7142857142857143
Region II: Cagayan Valley,0,2020-12-03,0.7142857142857143
Region II: Cagayan Valley,0,2020-12-04,0.2857142857142857
Region II: Cagayan Valley,1,2020-12-05,0.2857142857142857
Region II: Cagayan Valley,1,2020-12-06,0.2857142857142857
Region II: Cagayan Valley,0,2020-12-07,0.2857142857142857
Region II: Cagayan Valley,0,2020-12-08,0.2857142857142857
Region II: Cagayan Valley,1,2020-12-09,0.42857142857142855
Region II: Cagayan Valley,0,2020-12-10,0.42857142857142855
Region II: Cagayan Valley,1,2020-12-11,0.5714285714285714
Region II: Cagayan Valley,0,2020-12-12,0.42857142857142855
Region II: Cagayan Valley,1,2020-12-13,0.42857142857142855
Region II: Cagayan Valley,3,2020-12-14,0.8571428571428571
Region II: Cagayan Valley,3,2020-12-15,1.2857142857142858
Region II: Cagayan Valley,4,2020-12-16,1.7142857142857142
Region II: Cagayan Valley,1,2020-12-17,1.8571428571428572
Region II: Cagayan Valley,1,2020-12-18,1.8571428571428572
Region II: Cagayan Valley,1,2020-12-19,2.0
Region II: Cagayan Valley,2,2020-12-20,2.142857142857143
Region II: Cagayan Valley,0,2020-12-21,1.7142857142857142
Region II: Cagayan Valley,0,2020-12-22,1.2857142857142858
Region II: Cagayan Valley,0,2020-12-23,0.7142857142857143
Region II: Cagayan Valley,1,2020-12-24,0.7142857142857143
Region II: Cagayan Valley,2,2020-12-25,0.8571428571428571
Region II: Cagayan Valley,4,2020-12-26,1.2857142857142858
Region II: Cagayan Valley,3,2020-12-27,1.4285714285714286
Region II: Cagayan Valley,6,2020-12-28,2.2857142857142856
Region II: Cagayan Valley,3,2020-12-29,2.7142857142857144
Region II: Cagayan Valley,4,2020-12-30,3.2857142857142856
Region II: Cagayan Valley,4,2020-12-31,3.7142857142857144
Region II: Cagayan Valley,1,2021-01-01,3.5714285714285716
Region II: Cagayan Valley,4,2021-01-02,3.5714285714285716
Region II: Cagayan Valley,4,2021-01-03,3.7142857142857144
Region II: Cagayan Valley,8,2021-01-04,4.0
Region II: Cagayan Valley,2,2021-01-05,3.857142857142857
Region II: Cagayan Valley,1,2021-01-06,3.4285714285714284
Region II: Cagayan Valley,1,2021-01-07,3.0
Region II: Cagayan Valley,2,2021-01-08,3.142857142857143
Region II: Cagayan Valley,0,2021-01-09,2.5714285714285716
Region II: Cagayan Valley,0,2021-01-10,2.0
Region II: Cagayan Valley,3,2021-01-11,1.2857142857142858
Region II: Cagayan Valley,2,2021-01-12,1.2857142857142858
Region II: Cagayan Valley,2,2021-01-13,1.4285714285714286
Region II: Cagayan Valley,3,2021-01-14,1.7142857142857142
Region II: Cagayan Valley,4,2021-01-15,2.0
Region II: Cagayan Valley,9,2021-01-16,3.2857142857142856
Region II: Cagayan Valley,3,2021-01-17,3.7142857142857144
Region II: Cagayan Valley,3,2021-01-18,3.7142857142857144
Region II: Cagayan Valley,1,2021-01-19,3.5714285714285716
Region II: Cagayan Valley,0,2021-01-20,3.2857142857142856
Region II: Cagayan Valley,0,2021-01-21,2.857142857142857
Region II: Cagayan Valley,0,2021-01-22,2.2857142857142856
Region II: Cagayan Valley,0,2021-01-23,1.0
Region II: Cagayan Valley,1,2021-01-24,0.7142857142857143
Region II: Cagayan Valley,0,2021-01-25,0.2857142857142857
Region II: Cagayan Valley,1,2021-01-26,0.2857142857142857
Region II: Cagayan Valley,0,2021-01-27,0.2857142857142857
Region II: Cagayan Valley,0,2021-01-28,0.2857142857142857
Region II: Cagayan Valley,1,2021-01-29,0.42857142857142855
Region II: Cagayan Valley,2,2021-01-30,0.7142857142857143
Region II: Cagayan Valley,3,2021-01-31,1.0
Region II: Cagayan Valley,1,2021-02-01,1.1428571428571428
Region II: Cagayan Valley,0,2021-02-02,1.0
Region II: Cagayan Valley,0,2021-02-03,1.0
Region II: Cagayan Valley,2,2021-02-04,1.2857142857142858
Region II: Cagayan Valley,1,2021-02-05,1.2857142857142858
Region II: Cagayan Valley,1,2021-02-06,1.1428571428571428
Region II: Cagayan Valley,1,2021-02-07,0.8571428571428571
Region II: Cagayan Valley,2,2021-02-08,1.0
Region II: Cagayan Valley,4,2021-02-09,1.5714285714285714
Region II: Cagayan Valley,5,2021-02-10,2.2857142857142856
Region II: Cagayan Valley,3,2021-02-11,2.4285714285714284
Region II: Cagayan Valley,2,2021-02-12,2.5714285714285716
Region II: Cagayan Valley,3,2021-02-13,2.857142857142857
Region II: Cagayan Valley,1,2021-02-14,2.857142857142857
Region II: Cagayan Valley,2,2021-02-15,2.857142857142857
Region II: Cagayan Valley,2,2021-02-16,2.5714285714285716
Region II: Cagayan Valley,1,2021-02-17,2.0
Region II: Cagayan Valley,3,2021-02-18,2.0
Region II: Cagayan Valley,0,2021-02-19,1.7142857142857142
Region II: Cagayan Valley,0,2021-02-20,1.2857142857142858
Region II: Cagayan Valley,0,2021-02-21,1.1428571428571428
Region II: Cagayan Valley,1,2021-02-22,1.0
Region II: Cagayan Valley,0,2021-02-23,0.7142857142857143
Region II: Cagayan Valley,1,2021-02-24,0.7142857142857143
Region II: Cagayan Valley,0,2021-02-25,0.2857142857142857
Region II: Cagayan Valley,0,2021-02-26,0.2857142857142857
Region II: Cagayan Valley,1,2021-02-27,0.42857142857142855
Region II: Cagayan Valley,1,2021-02-28,0.5714285714285714
Region II: Cagayan Valley,0,2021-03-01,0.42857142857142855
Region II: Cagayan Valley,2,2021-03-02,0.7142857142857143
Region II: Cagayan Valley,1,2021-03-03,0.7142857142857143
Region II: Cagayan Valley,0,2021-03-04,0.7142857142857143
Region II: Cagayan Valley,3,2021-03-05,1.1428571428571428
Region II: Cagayan Valley,0,2021-03-06,1.0
Region II: Cagayan Valley,0,2021-03-07,0.8571428571428571
Region II: Cagayan Valley,2,2021-03-08,1.1428571428571428
Region II: Cagayan Valley,0,2021-03-09,0.8571428571428571
Region II: Cagayan Valley,1,2021-03-10,0.8571428571428571
Region II: Cagayan Valley,2,2021-03-11,1.1428571428571428
Region II: Cagayan Valley,1,2021-03-12,0.8571428571428571
Region II: Cagayan Valley,2,2021-03-13,1.1428571428571428
Region II: Cagayan Valley,0,2021-03-14,1.1428571428571428
Region II: Cagayan Valley,2,2021-03-15,1.1428571428571428
Region II: Cagayan Valley,1,2021-03-16,1.2857142857142858
Region II: Cagayan Valley,0,2021-03-17,1.1428571428571428
Region II: Cagayan Valley,0,2021-03-18,0.8571428571428571
Region II: Cagayan Valley,2,2021-03-19,1.0
Region II: Cagayan Valley,1,2021-03-20,0.8571428571428571
Region II: Cagayan Valley,0,2021-03-21,0.8571428571428571
Region II: Cagayan Valley,1,2021-03-22,0.7142857142857143
Region II: Cagayan Valley,0,2021-03-23,0.5714285714285714
Region II: Cagayan Valley,1,2021-03-24,0.7142857142857143
Region II: Cagayan Valley,3,2021-03-25,1.1428571428571428
Region II: Cagayan Valley,1,2021-03-26,1.0
Region II: Cagayan Valley,0,2021-03-27,0.8571428571428571
Region II: Cagayan Valley,1,2021-03-28,1.0
Region II: Cagayan Valley,2,2021-03-29,1.1428571428571428
Region II: Cagayan Valley,1,2021-03-30,1.2857142857142858
Region II: Cagayan Valley,2,2021-03-31,1.4285714285714286
Region II: Cagayan Valley,4,2021-04-01,1.5714285714285714
Region II: Cagayan Valley,2,2021-04-02,1.7142857142857142
Region II: Cagayan Valley,5,2021-04-03,2.4285714285714284
Region II: Cagayan Valley,1,2021-04-04,2.4285714285714284
Region II: Cagayan Valley,0,2021-04-05,2.142857142857143
Region II: Cagayan Valley,3,2021-04-06,2.4285714285714284
Region II: Cagayan Valley,3,2021-04-07,2.5714285714285716
Region II: Cagayan Valley,3,2021-04-08,2.4285714285714284
Region II: Cagayan Valley,3,2021-04-09,2.5714285714285716
Region II: Cagayan Valley,6,2021-04-10,2.7142857142857144
Region II: Cagayan Valley,2,2021-04-11,2.857142857142857
Region II: Cagayan Valley,5,2021-04-12,3.5714285714285716
Region II: Cagayan Valley,3,2021-04-13,3.5714285714285716
Region II: Cagayan Valley,7,2021-04-14,4.142857142857143
Region II: Cagayan Valley,8,2021-04-15,4.857142857142857
Region II: Cagayan Valley,3,2021-04-16,4.857142857142857
Region II: Cagayan Valley,4,2021-04-17,4.571428571428571
Region II: Cagayan Valley,5,2021-04-18,5.0
Region II: Cagayan Valley,4,2021-04-19,4.857142857142857
Region II: Cagayan Valley,10,2021-04-20,5.857142857142857
Region II: Cagayan Valley,4,2021-04-21,5.428571428571429
Region II: Cagayan Valley,1,2021-04-22,4.428571428571429
Region II: Cagayan Valley,2,2021-04-23,4.285714285714286
Region II: Cagayan Valley,1,2021-04-24,3.857142857142857
Region II: Cagayan Valley,0,2021-04-25,3.142857142857143
Region II: Cagayan Valley,1,2021-04-26,2.7142857142857144
Region II: Cagayan Valley,0,2021-04-27,1.2857142857142858
Region II: Cagayan Valley,0,2021-04-28,0.7142857142857143
Region II: Cagayan Valley,1,2021-04-29,0.7142857142857143
Region II: Cagayan Valley,1,2021-04-30,0.5714285714285714
Region II: Cagayan Valley,1,2021-05-01,0.5714285714285714
Region II: Cagayan Valley,0,2021-05-02,0.5714285714285714
Region II: Cagayan Valley,1,2021-05-03,0.5714285714285714
Region II: Cagayan Valley,0,2021-05-04,0.5714285714285714
Region II: Cagayan Valley,1,2021-05-05,0.7142857142857143
Region II: Cagayan Valley,1,2021-05-06,0.7142857142857143
Region II: Cagayan Valley,0,2021-05-07,0.5714285714285714
Region II: Cagayan Valley,1,2021-05-08,0.5714285714285714
Region II: Cagayan Valley,0,2021-05-09,0.5714285714285714
Region II: Cagayan Valley,1,2021-05-10,0.5714285714285714
Region II: Cagayan Valley,1,2021-05-11,0.7142857142857143
Region II: Cagayan Valley,0,2021-05-12,0.5714285714285714
Region II: Cagayan Valley,1,2021-05-13,0.5714285714285714
Region II: Cagayan Valley,2,2021-05-14,0.8571428571428571
Region II: Cagayan Valley,2,2021-05-15,1.0
Region II: Cagayan Valley,0,2021-05-16,1.0
Region II: Cagayan Valley,0,2021-05-17,0.8571428571428571
Region II: Cagayan Valley,1,2021-05-18,0.8571428571428571
Region II: Cagayan Valley,1,2021-05-19,1.0
Region II: Cagayan Valley,0,2021-05-20,0.8571428571428571
Region II: Cagayan Valley,0,2021-05-21,0.5714285714285714
Region II: Cagayan Valley,2,2021-05-22,0.5714285714285714
Region II: Cagayan Valley,1,2021-05-23,0.7142857142857143
Region II: Cagayan Valley,3,2021-05-24,1.1428571428571428
Region II: Cagayan Valley,1,2021-05-25,1.1428571428571428
Region II: Cagayan Valley,2,2021-05-26,1.2857142857142858
Region II: Cagayan Valley,0,2021-05-27,1.2857142857142858
Region II: Cagayan Valley,1,2021-05-28,1.4285714285714286
Region II: Cagayan Valley,0,2021-05-29,1.1428571428571428
Region II: Cagayan Valley,1,2021-05-30,1.1428571428571428
Region II: Cagayan Valley,1,2021-05-31,0.8571428571428571
Region II: Cagayan Valley,0,2021-06-01,0.7142857142857143
Region II: Cagayan Valley,0,2021-06-02,0.42857142857142855
Region II: Cagayan Valley,0,2021-06-03,0.42857142857142855
Region II: Cagayan Valley,3,2021-06-04,0.7142857142857143
Region II: Cagayan Valley,1,2021-06-05,0.8571428571428571
Region II: Cagayan Valley,0,2021-06-06,0.7142857142857143
Region II: Cagayan Valley,1,2021-06-07,0.7142857142857143
Region II: Cagayan Valley,0,2021-06-08,0.7142857142857143
Region II: Cagayan Valley,1,2021-06-09,0.8571428571428571
Region II: Cagayan Valley,1,2021-06-10,1.0
Region II: Cagayan Valley,0,2021-06-11,0.5714285714285714
Region II: Cagayan Valley,2,2021-06-12,0.7142857142857143
Region II: Cagayan Valley,1,2021-06-13,0.8571428571428571
Region II: Cagayan Valley,0,2021-06-14,0.7142857142857143
Region II: Cagayan Valley,2,2021-06-15,1.0
Region II: Cagayan Valley,1,2021-06-16,1.0
Region II: Cagayan Valley,2,2021-06-17,1.1428571428571428
Region II: Cagayan Valley,0,2021-06-18,1.1428571428571428
Region II: Cagayan Valley,1,2021-06-19,1.0
Region II: Cagayan Valley,0,2021-06-20,0.8571428571428571
Region II: Cagayan Valley,0,2021-06-21,0.8571428571428571
Region II: Cagayan Valley,1,2021-06-22,0.7142857142857143
Region II: Cagayan Valley,1,2021-06-23,0.7142857142857143
Region II: Cagayan Valley,0,2021-06-24,0.42857142857142855
Region II: Cagayan Valley,0,2021-06-25,0.42857142857142855
Region II: Cagayan Valley,1,2021-06-26,0.42857142857142855
Region II: Cagayan Valley,0,2021-06-27,0.42857142857142855
Region II: Cagayan Valley,2,2021-06-28,0.7142857142857143
Region II: Cagayan Valley,3,2021-06-29,1.0
Region II: Cagayan Valley,1,2021-06-30,1.0
Region II: Cagayan Valley,1,2021-07-01,1.1428571428571428
Region II: Cagayan Valley,7,2021-07-02,2.142857142857143
Region II: Cagayan Valley,23,2021-07-03,5.285714285714286
Region II: Cagayan Valley,8,2021-07-04,6.428571428571429
Region II: Cagayan Valley,41,2021-07-05,12.0
Region II: Cagayan Valley,25,2021-07-06,15.142857142857142
Region II: Cagayan Valley,14,2021-07-07,17.0
Region II: Cagayan Valley,28,2021-07-08,20.857142857142858
Region II: Cagayan Valley,32,2021-07-09,24.428571428571427
Region II: Cagayan Valley,32,2021-07-10,25.714285714285715
Region II: Cagayan Valley,24,2021-07-11,28.0
Region II: Cagayan Valley,14,2021-07-12,24.142857142857142
Region II: Cagayan Valley,25,2021-07-13,24.142857142857142
Region II: Cagayan Valley,25,2021-07-14,25.714285714285715
Region II: Cagayan Valley,33,2021-07-15,26.428571428571427
Region II: Cagayan Valley,18,2021-07-16,24.428571428571427
Region II: Cagayan Valley,16,2021-07-17,22.142857142857142
Region II: Cagayan Valley,3,2021-07-18,19.142857142857142
Region II: Cagayan Valley,1,2021-07-19,17.285714285714285
Region II: Cagayan Valley,0,2021-07-20,13.714285714285714
Region II: Cagayan Valley,0,2021-07-21,10.142857142857142
Region II: Cagayan Valley,0,2021-07-22,5.428571428571429
Region II: Cagayan Valley,0,2021-07-23,2.857142857142857
Region II: Cagayan Valley,0,2021-07-24,0.5714285714285714
Region II: Cagayan Valley,1,2021-07-25,0.2857142857142857
Region II: Cagayan Valley,7,2021-07-26,1.1428571428571428
Region II: Cagayan Valley,9,2021-07-27,2.4285714285714284
Region II: Cagayan Valley,8,2021-07-28,3.5714285714285716
Region II: Cagayan Valley,26,2021-07-29,7.285714285714286
Region II: Cagayan Valley,18,2021-07-30,9.857142857142858
Region II: Cagayan Valley,15,2021-07-31,12.0
Region II: Cagayan Valley,16,2021-08-01,14.142857142857142
Region II: Cagayan Valley,58,2021-08-02,21.428571428571427
Region II: Cagayan Valley,44,2021-08-03,26.428571428571427
Region II: Cagayan Valley,11,2021-08-04,26.857142857142858
Region II: Cagayan Valley,27,2021-08-05,27.0
Region II: Cagayan Valley,33,2021-08-06,29.142857142857142
Region II: Cagayan Valley,21,2021-08-07,30.0
Region II: Cagayan Valley,44,2021-08-08,34.0
Region II: Cagayan Valley,53,2021-08-09,33.285714285714285
Region II: Cagayan Valley,58,2021-08-10,35.285714285714285
Region II: Cagayan Valley,31,2021-08-11,38.142857142857146
Region II: Cagayan Valley,22,2021-08-12,37.42857142857143
Region II: Cagayan Valley,27,2021-08-13,36.57142857142857
Region II: Cagayan Valley,21,2021-08-14,36.57142857142857
Region II: Cagayan Valley,14,2021-08-15,32.285714285714285
Region II: Cagayan Valley,16,2021-08-16,27.0
Region II: Cagayan Valley,8,2021-08-17,19.857142857142858
Region II: Cagayan Valley,7,2021-08-18,16.428571428571427
Region II: Cagayan Valley,13,2021-08-19,15.142857142857142
Region II: Cagayan Valley,10,2021-08-20,12.714285714285714
Region II: Cagayan Valley,8,2021-08-21,10.857142857142858
Region II: Cagayan Valley,27,2021-08-22,12.714285714285714
Region II: Cagayan Valley,33,2021-08-23,15.142857142857142
Region II: Cagayan Valley,52,2021-08-24,21.428571428571427
Region II: Cagayan Valley,64,2021-08-25,29.571428571428573
Region II: Cagayan Valley,43,2021-08-26,33.857142857142854
Region II: Cagayan Valley,75,2021-08-27,43.142857142857146
Region II: Cagayan Valley,60,2021-08-28,50.57142857142857
Region II: Cagayan Valley,32,2021-08-29,51.285714285714285
Region II: Cagayan Valley,24,2021-08-30,50.0
Region II: Cagayan Valley,6,2021-08-31,43.42857142857143
Region II: Cagayan Valley,2,2021-09-01,34.57142857142857
Region II: Cagayan Valley,1,2021-09-02,28.571428571428573
Region II: Cagayan Valley,1,2021-09-03,18.0
Region II: Cagayan Valley,1,2021-09-04,9.571428571428571
Region II: Cagayan Valley,0,2021-09-05,5.0
Region II: Cagayan Valley,1,2021-09-06,1.7142857142857142
Region II: Cagayan Valley,2,2021-09-07,1.1428571428571428
Region II: Cagayan Valley,3,2021-09-08,1.2857142857142858
Region II: Cagayan Valley,6,2021-09-09,2.0
Region II: Cagayan Valley,18,2021-09-10,4.428571428571429
Region II: Cagayan Valley,59,2021-09-11,12.714285714285714
Region II: Cagayan Valley,74,2021-09-12,23.285714285714285
Region II: Cagayan Valley,181,2021-09-13,49.0
Region II: Cagayan Valley,85,2021-09-14,60.857142857142854
Region II: Cagayan Valley,123,2021-09-15,78.0
Region II: Cagayan Valley,150,2021-09-16,98.57142857142857
Region II: Cagayan Valley,97,2021-09-17,109.85714285714286
Region II: Cagayan Valley,78,2021-09-18,112.57142857142857
Region II: Cagayan Valley,148,2021-09-19,123.14285714285714
Region II: Cagayan Valley,150,2021-09-20,118.71428571428571
Region II: Cagayan Valley,58,2021-09-21,114.85714285714286
Region II: Cagayan Valley,66,2021-09-22,106.71428571428571
Region II: Cagayan Valley,157,2021-09-23,107.71428571428571
Region II: Cagayan Valley,114,2021-09-24,110.14285714285714
Region II: Cagayan Valley,110,2021-09-25,114.71428571428571
Region II: Cagayan Valley,76,2021-09-26,104.42857142857143
Region II: Cagayan Valley,74,2021-09-27,93.57142857142857
Region II: Cagayan Valley,47,2021-09-28,92.0
Region II: Cagayan Valley,76,2021-09-29,93.42857142857143
Region II: Cagayan Valley,79,2021-09-30,82.28571428571429
Region II: Cagayan Valley,88,2021-10-01,78.57142857142857
Region II: Cagayan Valley,76,2021-10-02,73.71428571428571
Region II: Cagayan Valley,180,2021-10-03,88.57142857142857
Region II: Cagayan Valley,146,2021-10-04,98.85714285714286
Region II: Cagayan Valley,74,2021-10-05,102.71428571428571
Region II: Cagayan Valley,41,2021-10-06,97.71428571428571
Region II: Cagayan Valley,162,2021-10-07,109.57142857142857
Region II: Cagayan Valley,204,2021-10-08,126.14285714285714
Region II: Cagayan Valley,117,2021-10-09,132.0
Region II: Cagayan Valley,158,2021-10-10,128.85714285714286
Region II: Cagayan Valley,143,2021-10-11,128.42857142857142
Region II: Cagayan Valley,114,2021-10-12,134.14285714285714
Region II: Cagayan Valley,60,2021-10-13,136.85714285714286
Region II: Cagayan Valley,103,2021-10-14,128.42857142857142
Region II: Cagayan Valley,159,2021-10-15,122.0
Region II: Cagayan Valley,160,2021-10-16,128.14285714285714
Region II: Cagayan Valley,167,2021-10-17,129.42857142857142
Region II: Cagayan Valley,147,2021-10-18,130.0
Region II: Cagayan Valley,79,2021-10-19,125.0
Region II: Cagayan Valley,113,2021-10-20,132.57142857142858
Region II: Cagayan Valley,82,2021-10-21,129.57142857142858
Region II: Cagayan Valley,71,2021-10-22,117.0
Region II: Cagayan Valley,56,2021-10-23,102.14285714285714
Region II: Cagayan Valley,44,2021-10-24,84.57142857142857
Region II: Cagayan Valley,71,2021-10-25,73.71428571428571
Region II: Cagayan Valley,50,2021-10-26,69.57142857142857
Region II: Cagayan Valley,56,2021-10-27,61.42857142857143
Region II: Cagayan Valley,59,2021-10-28,58.142857142857146
Region II: Cagayan Valley,51,2021-10-29,55.285714285714285
Region II: Cagayan Valley,37,2021-10-30,52.57142857142857
Region II: Cagayan Valley,56,2021-10-31,54.285714285714285
Region II: Cagayan Valley,28,2021-11-01,48.142857142857146
Region II: Cagayan Valley,0,2021-11-02,41.0
Region II: Cagayan Valley,1,2021-11-03,33.142857142857146
Region II: Cagayan Valley,0,2021-11-04,24.714285714285715
Region II: Cagayan Valley,0,2021-11-05,17.428571428571427
Region II: Cagayan Valley,2,2021-11-06,12.428571428571429
Region II: Cagayan Valley,0,2021-11-07,4.428571428571429
Region II: Cagayan Valley,1,2021-11-08,0.5714285714285714
Region II: Cagayan Valley,3,2021-11-09,1.0
Region II: Cagayan Valley,10,2021-11-10,2.2857142857142856
Region II: Cagayan Valley,8,2021-11-11,3.4285714285714284
Region II: Cagayan Valley,21,2021-11-12,6.428571428571429
Region II: Cagayan Valley,4,2021-11-13,6.714285714285714
Region II: Cagayan Valley,14,2021-11-14,8.714285714285714
Region II: Cagayan Valley,29,2021-11-15,12.714285714285714
Region II: Cagayan Valley,6,2021-11-16,13.142857142857142
Region II: Cagayan Valley,3,2021-11-17,12.142857142857142
Region II: Cagayan Valley,0,2021-11-18,11.0
Region II: Cagayan Valley,0,2021-11-19,8.0
Region II: Cagayan Valley,0,2021-11-20,7.428571428571429
Region II: Cagayan Valley,0,2021-11-21,5.428571428571429
Region II: Cagayan Valley,1,2021-11-22,1.4285714285714286
Region II: Cagayan Valley,0,2021-11-23,0.5714285714285714
Region II: Cagayan Valley,1,2021-11-24,0.2857142857142857
Region II: Cagayan Valley,3,2021-11-25,0.7142857142857143
Region II: Cagayan Valley,2,2021-11-26,1.0
Region II: Cagayan Valley,2,2021-11-27,1.2857142857142858
Region II: Cagayan Valley,12,2021-11-28,3.0
Region II: Cagayan Valley,16,2021-11-29,5.142857142857143
Region II: Cagayan Valley,4,2021-11-30,5.714285714285714
Region II: Cagayan Valley,0,2021-12-01,5.571428571428571
Region II: Cagayan Valley,0,2021-12-02,5.142857142857143
Region II: Cagayan Valley,0,2021-12-03,4.857142857142857
Region II: Cagayan Valley,1,2021-12-04,4.714285714285714
Region II: Cagayan Valley,0,2021-12-05,3.0
Region II: Cagayan Valley,0,2021-12-06,0.7142857142857143
Region II: Cagayan Valley,0,2021-12-07,0.14285714285714285
Region II: Cagayan Valley,0,2021-12-08,0.14285714285714285
Region II: Cagayan Valley,0,2021-12-09,0.14285714285714285
Region II: Cagayan Valley,0,2021-12-10,0.14285714285714285
Region II: Cagayan Valley,0,2021-12-11,0.0
Region II: Cagayan Valley,0,2021-12-12,0.0
Region II: Cagayan Valley,0,2021-12-13,0.0
Region II: Cagayan Valley,0,2021-12-14,0.0
Region II: Cagayan Valley,0,2021-12-15,0.0
Region II: Cagayan Valley,1,2021-12-16,0.14285714285714285
Region II: Cagayan Valley,0,2021-12-17,0.14285714285714285
Region II: Cagayan Valley,0,2021-12-18,0.14285714285714285
Region II: Cagayan Valley,1,2021-12-19,0.2857142857142857
Region II: Cagayan Valley,1,2021-12-20,0.42857142857142855
Region II: Cagayan Valley,0,2021-12-21,0.42857142857142855
Region II: Cagayan Valley,0,2021-12-22,0.42857142857142855
Region II: Cagayan Valley,0,2021-12-23,0.2857142857142857
Region II: Cagayan Valley,0,2021-12-24,0.2857142857142857
Region II: Cagayan Valley,0,2021-12-25,0.2857142857142857
Region II: Cagayan Valley,1,2021-12-26,0.2857142857142857
Region II: Cagayan Valley,0,2021-12-27,0.14285714285714285
Region II: Cagayan Valley,0,2021-12-28,0.14285714285714285
Region II: Cagayan Valley,0,2021-12-29,0.14285714285714285
Region II: Cagayan Valley,0,2021-12-30,0.14285714285714285
Region II: Cagayan Valley,0,2021-12-31,0.14285714285714285
Region II: Cagayan Valley,1,2022-01-01,0.2857142857142857
Region II: Cagayan Valley,0,2022-01-02,0.14285714285714285
Region II: Cagayan Valley,0,2022-01-03,0.14285714285714285
Region II: Cagayan Valley,0,2022-01-04,0.14285714285714285
Region II: Cagayan Valley,1,2022-01-05,0.2857142857142857
Region II: Cagayan Valley,0,2022-01-06,0.2857142857142857
Region II: Cagayan Valley,0,2022-01-07,0.2857142857142857
Region II: Cagayan Valley,1,2022-01-08,0.2857142857142857
Region II: Cagayan Valley,1,2022-01-09,0.42857142857142855
Region II: Cagayan Valley,3,2022-01-10,0.8571428571428571
Region II: Cagayan Valley,8,2022-01-11,2.0
Region II: Cagayan Valley,42,2022-01-12,7.857142857142857
Region II: Cagayan Valley,4,2022-01-13,8.428571428571429
Region II: Cagayan Valley,33,2022-01-14,13.142857142857142
Region II: Cagayan Valley,88,2022-01-15,25.571428571428573
Region II: Cagayan Valley,76,2022-01-16,36.285714285714285
Region II: Cagayan Valley,44,2022-01-17,42.142857142857146
Region II: Cagayan Valley,380,2022-01-18,95.28571428571429
Region II: Cagayan Valley,185,2022-01-19,115.71428571428571
Region II: Cagayan Valley,344,2022-01-20,164.28571428571428
Region II: Cagayan Valley,1004,2022-01-21,303.0
Region II: Cagayan Valley,280,2022-01-22,330.42857142857144
Region II: Cagayan Valley,517,2022-01-23,393.42857142857144
Region II: Cagayan Valley,603,2022-01-24,473.2857142857143
Region II: Cagayan Valley,592,2022-01-25,503.57142857142856
Region II: Cagayan Valley,332,2022-01-26,524.5714285714286
Region II: Cagayan Valley,454,2022-01-27,540.2857142857143
Region II: Cagayan Valley,455,2022-01-28,461.85714285714283
Region II: Cagayan Valley,194,2022-01-29,449.57142857142856
Region II: Cagayan Valley,302,2022-01-30,418.85714285714283
Region II: Cagayan Valley,263,2022-01-31,370.2857142857143
Region II: Cagayan Valley,256,2022-02-01,322.2857142857143
Region II: Cagayan Valley,241,2022-02-02,309.2857142857143
Region II: Cagayan Valley,295,2022-02-03,286.57142857142856
Region II: Cagayan Valley,258,2022-02-04,258.42857142857144
Region II: Cagayan Valley,94,2022-02-05,244.14285714285714
Region II: Cagayan Valley,2,2022-02-06,201.28571428571428
Region II: Cagayan Valley,126,2022-02-07,181.71428571428572
Region II: Cagayan Valley,7,2022-02-08,146.14285714285714
Region II: Cagayan Valley,5,2022-02-09,112.42857142857143
Region II: Cagayan Valley,1,2022-02-10,70.42857142857143
Region II: Cagayan Valley,0,2022-02-11,33.57142857142857
Region II: Cagayan Valley,68,2022-02-12,29.857142857142858
Region II: Cagayan Valley,3,2022-02-13,30.0
Region II: Cagayan Valley,39,2022-02-14,17.571428571428573
Region II: Cagayan Valley,42,2022-02-15,22.571428571428573
Region II: Cagayan Valley,39,2022-02-16,27.428571428571427
Region II: Cagayan Valley,53,2022-02-17,34.857142857142854
Region II: Cagayan Valley,52,2022-02-18,42.285714285714285
Region II: Cagayan Valley,27,2022-02-19,36.42857142857143
Region II: Cagayan Valley,27,2022-02-20,39.857142857142854
Region II: Cagayan Valley,41,2022-02-21,40.142857142857146
Region II: Cagayan Valley,34,2022-02-22,39.0
Region II: Cagayan Valley,17,2022-02-23,35.857142857142854
Region II: Cagayan Valley,52,2022-02-24,35.714285714285715
Region II: Cagayan Valley,37,2022-02-25,33.57142857142857
Region II: Cagayan Valley,14,2022-02-26,31.714285714285715
Region II: Cagayan Valley,8,2022-02-27,29.0
Region II: Cagayan Valley,22,2022-02-28,26.285714285714285
Region II: Cagayan Valley,8,2022-03-01,22.571428571428573
Region II: Cagayan Valley,52,2022-03-02,27.571428571428573
Region II: Cagayan Valley,12,2022-03-03,21.857142857142858
Region II: Cagayan Valley,5,2022-03-04,17.285714285714285
Region II: Cagayan Valley,16,2022-03-05,17.571428571428573
Region II: Cagayan Valley,2,2022-03-06,16.714285714285715
Region II: Cagayan Valley,9,2022-03-07,14.857142857142858
Region II: Cagayan Valley,2,2022-03-08,14.0
Region II: Cagayan Valley,8,2022-03-09,7.714285714285714
Region II: Cagayan Valley,1,2022-03-10,6.142857142857143
Region II: Cagayan Valley,4,2022-03-11,6.0
Region II: Cagayan Valley,7,2022-03-12,4.714285714285714
Region II: Cagayan Valley,16,2022-03-13,6.714285714285714
Region II: Cagayan Valley,18,2022-03-14,8.0
Region II: Cagayan Valley,2,2022-03-15,8.0
Region II: Cagayan Valley,3,2022-03-16,7.285714285714286
Region II: Cagayan Valley,6,2022-03-17,8.0
Region II: Cagayan Valley,1,2022-03-18,7.571428571428571
Region II: Cagayan Valley,1,2022-03-19,6.714285714285714
Region II: Cagayan Valley,5,2022-03-20,5.142857142857143
Region II: Cagayan Valley,0,2022-03-21,2.5714285714285716
Region II: Cagayan Valley,0,2022-03-22,2.2857142857142856
Region II: Cagayan Valley,0,2022-03-23,1.8571428571428572
Region II: Cagayan Valley,3,2022-03-24,1.4285714285714286
Region II: Cagayan Valley,1,2022-03-25,1.4285714285714286
Region II: Cagayan Valley,0,2022-03-26,1.2857142857142858
Region II: Cagayan Valley,1,2022-03-27,0.7142857142857143
Region II: Cagayan Valley,3,2022-03-28,1.1428571428571428
Region II: Cagayan Valley,3,2022-03-29,1.5714285714285714
Region II: Cagayan Valley,0,2022-03-30,1.5714285714285714
Region II: Cagayan Valley,0,2022-03-31,1.1428571428571428
Region II: Cagayan Valley,0,2022-04-01,1.0
Region II: Cagayan Valley,0,2022-04-02,1.0
Region II: Cagayan Valley,0,2022-04-03,0.8571428571428571
Region II: Cagayan Valley,0,2022-04-04,0.42857142857142855
Region II: Cagayan Valley,0,2022-04-05,0.0
Region II: Cagayan Valley,5,2022-04-06,0.7142857142857143
Region II: Cagayan Valley,1,2022-04-07,0.8571428571428571
Region II: Cagayan Valley,4,2022-04-08,1.4285714285714286
Region II: Cagayan Valley,0,2022-04-09,1.4285714285714286
Region II: Cagayan Valley,1,2022-04-10,1.5714285714285714
