region,count,date,7DayMA
Region IX: Zamboanga Peninsula,1,2020-04-06,
Region IX: Zamboanga Peninsula,1,2020-04-07,
Region IX: Zamboanga Peninsula,0,2020-04-08,
Region IX: Zamboanga Peninsula,0,2020-04-09,
Region IX: Zamboanga Peninsula,0,2020-04-10,
Region IX: Zamboanga Peninsula,0,2020-04-11,
Region IX: Zamboanga Peninsula,1,2020-04-12,0.42857142857142855
Region IX: Zamboanga Peninsula,0,2020-04-13,0.2857142857142857
Region IX: Zamboanga Peninsula,1,2020-04-14,0.2857142857142857
Region IX: Zamboanga Peninsula,0,2020-04-15,0.2857142857142857
Region IX: Zamboanga Peninsula,0,2020-04-16,0.2857142857142857
Region IX: Zamboanga Peninsula,0,2020-04-17,0.2857142857142857
Region IX: Zamboanga Peninsula,2,2020-04-18,0.5714285714285714
Region IX: Zamboanga Peninsula,0,2020-04-19,0.42857142857142855
Region IX: Zamboanga Peninsula,0,2020-04-20,0.42857142857142855
Region IX: Zamboanga Peninsula,0,2020-04-21,0.2857142857142857
Region IX: Zamboanga Peninsula,0,2020-04-22,0.2857142857142857
Region IX: Zamboanga Peninsula,0,2020-04-23,0.2857142857142857
Region IX: Zamboanga Peninsula,0,2020-04-24,0.2857142857142857
Region IX: Zamboanga Peninsula,0,2020-04-25,0.0
Region IX: Zamboanga Peninsula,0,2020-04-26,0.0
Region IX: Zamboanga Peninsula,0,2020-04-27,0.0
Region IX: Zamboanga Peninsula,0,2020-04-28,0.0
Region IX: Zamboanga Peninsula,0,2020-04-29,0.0
Region IX: Zamboanga Peninsula,0,2020-04-30,0.0
Region IX: Zamboanga Peninsula,1,2020-05-01,0.14285714285714285
Region IX: Zamboanga Peninsula,0,2020-05-02,0.14285714285714285
Region IX: Zamboanga Peninsula,0,2020-05-03,0.14285714285714285
Region IX: Zamboanga Peninsula,0,2020-05-04,0.14285714285714285
Region IX: Zamboanga Peninsula,0,2020-05-05,0.14285714285714285
Region IX: Zamboanga Peninsula,0,2020-05-06,0.14285714285714285
Region IX: Zamboanga Peninsula,0,2020-05-07,0.14285714285714285
Region IX: Zamboanga Peninsula,0,2020-05-08,0.0
Region IX: Zamboanga Peninsula,0,2020-05-09,0.0
Region IX: Zamboanga Peninsula,0,2020-05-10,0.0
Region IX: Zamboanga Peninsula,0,2020-05-11,0.0
Region IX: Zamboanga Peninsula,0,2020-05-12,0.0
Region IX: Zamboanga Peninsula,0,2020-05-13,0.0
Region IX: Zamboanga Peninsula,0,2020-05-14,0.0
Region IX: Zamboanga Peninsula,0,2020-05-15,0.0
Region IX: Zamboanga Peninsula,0,2020-05-16,0.0
Region IX: Zamboanga Peninsula,1,2020-05-17,0.14285714285714285
Region IX: Zamboanga Peninsula,0,2020-05-18,0.14285714285714285
Region IX: Zamboanga Peninsula,0,2020-05-19,0.14285714285714285
Region IX: Zamboanga Peninsula,0,2020-05-20,0.14285714285714285
Region IX: Zamboanga Peninsula,0,2020-05-21,0.14285714285714285
Region IX: Zamboanga Peninsula,0,2020-05-22,0.14285714285714285
Region IX: Zamboanga Peninsula,0,2020-05-23,0.14285714285714285
Region IX: Zamboanga Peninsula,0,2020-05-24,0.0
Region IX: Zamboanga Peninsula,0,2020-05-25,0.0
Region IX: Zamboanga Peninsula,0,2020-05-26,0.0
Region IX: Zamboanga Peninsula,0,2020-05-27,0.0
Region IX: Zamboanga Peninsula,2,2020-05-28,0.2857142857142857
Region IX: Zamboanga Peninsula,1,2020-05-29,0.42857142857142855
Region IX: Zamboanga Peninsula,0,2020-05-30,0.42857142857142855
Region IX: Zamboanga Peninsula,0,2020-05-31,0.42857142857142855
Region IX: Zamboanga Peninsula,0,2020-06-01,0.42857142857142855
Region IX: Zamboanga Peninsula,3,2020-06-02,0.8571428571428571
Region IX: Zamboanga Peninsula,0,2020-06-03,0.8571428571428571
Region IX: Zamboanga Peninsula,0,2020-06-04,0.5714285714285714
Region IX: Zamboanga Peninsula,0,2020-06-05,0.42857142857142855
Region IX: Zamboanga Peninsula,0,2020-06-06,0.42857142857142855
Region IX: Zamboanga Peninsula,0,2020-06-07,0.42857142857142855
Region IX: Zamboanga Peninsula,0,2020-06-08,0.42857142857142855
Region IX: Zamboanga Peninsula,0,2020-06-09,0.0
Region IX: Zamboanga Peninsula,0,2020-06-10,0.0
Region IX: Zamboanga Peninsula,0,2020-06-11,0.0
Region IX: Zamboanga Peninsula,0,2020-06-12,0.0
Region IX: Zamboanga Peninsula,0,2020-06-13,0.0
Region IX: Zamboanga Peninsula,0,2020-06-14,0.0
Region IX: Zamboanga Peninsula,0,2020-06-15,0.0
Region IX: Zamboanga Peninsula,0,2020-06-16,0.0
Region IX: Zamboanga Peninsula,0,2020-06-17,0.0
Region IX: Zamboanga Peninsula,0,2020-06-18,0.0
Region IX: Zamboanga Peninsula,1,2020-06-19,0.14285714285714285
Region IX: Zamboanga Peninsula,0,2020-06-20,0.14285714285714285
Region IX: Zamboanga Peninsula,0,2020-06-21,0.14285714285714285
Region IX: Zamboanga Peninsula,0,2020-06-22,0.14285714285714285
Region IX: Zamboanga Peninsula,0,2020-06-23,0.14285714285714285
Region IX: Zamboanga Peninsula,9,2020-06-24,1.4285714285714286
Region IX: Zamboanga Peninsula,0,2020-06-25,1.4285714285714286
Region IX: Zamboanga Peninsula,12,2020-06-26,3.0
Region IX: Zamboanga Peninsula,0,2020-06-27,3.0
Region IX: Zamboanga Peninsula,0,2020-06-28,3.0
Region IX: Zamboanga Peninsula,0,2020-06-29,3.0
Region IX: Zamboanga Peninsula,0,2020-06-30,3.0
Region IX: Zamboanga Peninsula,0,2020-07-01,1.7142857142857142
Region IX: Zamboanga Peninsula,0,2020-07-02,1.7142857142857142
Region IX: Zamboanga Peninsula,0,2020-07-03,0.0
Region IX: Zamboanga Peninsula,0,2020-07-04,0.0
Region IX: Zamboanga Peninsula,0,2020-07-05,0.0
Region IX: Zamboanga Peninsula,0,2020-07-06,0.0
Region IX: Zamboanga Peninsula,0,2020-07-07,0.0
Region IX: Zamboanga Peninsula,1,2020-07-08,0.14285714285714285
Region IX: Zamboanga Peninsula,0,2020-07-09,0.14285714285714285
Region IX: Zamboanga Peninsula,0,2020-07-10,0.14285714285714285
Region IX: Zamboanga Peninsula,0,2020-07-11,0.14285714285714285
Region IX: Zamboanga Peninsula,0,2020-07-12,0.14285714285714285
Region IX: Zamboanga Peninsula,0,2020-07-13,0.14285714285714285
Region IX: Zamboanga Peninsula,0,2020-07-14,0.14285714285714285
Region IX: Zamboanga Peninsula,1,2020-07-15,0.14285714285714285
Region IX: Zamboanga Peninsula,0,2020-07-16,0.14285714285714285
Region IX: Zamboanga Peninsula,0,2020-07-17,0.14285714285714285
Region IX: Zamboanga Peninsula,1,2020-07-18,0.2857142857142857
Region IX: Zamboanga Peninsula,0,2020-07-19,0.2857142857142857
Region IX: Zamboanga Peninsula,1,2020-07-20,0.42857142857142855
Region IX: Zamboanga Peninsula,1,2020-07-21,0.5714285714285714
Region IX: Zamboanga Peninsula,0,2020-07-22,0.42857142857142855
Region IX: Zamboanga Peninsula,4,2020-07-23,1.0
Region IX: Zamboanga Peninsula,0,2020-07-24,1.0
Region IX: Zamboanga Peninsula,4,2020-07-25,1.4285714285714286
Region IX: Zamboanga Peninsula,1,2020-07-26,1.5714285714285714
Region IX: Zamboanga Peninsula,8,2020-07-27,2.5714285714285716
Region IX: Zamboanga Peninsula,0,2020-07-28,2.4285714285714284
Region IX: Zamboanga Peninsula,11,2020-07-29,4.0
Region IX: Zamboanga Peninsula,30,2020-07-30,7.714285714285714
Region IX: Zamboanga Peninsula,0,2020-07-31,7.714285714285714
Region IX: Zamboanga Peninsula,1,2020-08-01,7.285714285714286
Region IX: Zamboanga Peninsula,1,2020-08-02,7.285714285714286
Region IX: Zamboanga Peninsula,1,2020-08-03,6.285714285714286
Region IX: Zamboanga Peninsula,5,2020-08-04,7.0
Region IX: Zamboanga Peninsula,2,2020-08-05,5.714285714285714
Region IX: Zamboanga Peninsula,1,2020-08-06,1.5714285714285714
Region IX: Zamboanga Peninsula,14,2020-08-07,3.5714285714285716
Region IX: Zamboanga Peninsula,1,2020-08-08,3.5714285714285716
Region IX: Zamboanga Peninsula,1,2020-08-09,3.5714285714285716
Region IX: Zamboanga Peninsula,9,2020-08-10,4.714285714285714
Region IX: Zamboanga Peninsula,0,2020-08-11,4.0
Region IX: Zamboanga Peninsula,6,2020-08-12,4.571428571428571
Region IX: Zamboanga Peninsula,31,2020-08-13,8.857142857142858
Region IX: Zamboanga Peninsula,19,2020-08-14,9.571428571428571
Region IX: Zamboanga Peninsula,2,2020-08-15,9.714285714285714
Region IX: Zamboanga Peninsula,5,2020-08-16,10.285714285714286
Region IX: Zamboanga Peninsula,7,2020-08-17,10.0
Region IX: Zamboanga Peninsula,4,2020-08-18,10.571428571428571
Region IX: Zamboanga Peninsula,12,2020-08-19,11.428571428571429
Region IX: Zamboanga Peninsula,16,2020-08-20,9.285714285714286
Region IX: Zamboanga Peninsula,22,2020-08-21,9.714285714285714
Region IX: Zamboanga Peninsula,26,2020-08-22,13.142857142857142
Region IX: Zamboanga Peninsula,13,2020-08-23,14.285714285714286
Region IX: Zamboanga Peninsula,5,2020-08-24,14.0
Region IX: Zamboanga Peninsula,3,2020-08-25,13.857142857142858
Region IX: Zamboanga Peninsula,9,2020-08-26,13.428571428571429
Region IX: Zamboanga Peninsula,9,2020-08-27,12.428571428571429
Region IX: Zamboanga Peninsula,14,2020-08-28,11.285714285714286
Region IX: Zamboanga Peninsula,20,2020-08-29,10.428571428571429
Region IX: Zamboanga Peninsula,21,2020-08-30,11.571428571428571
Region IX: Zamboanga Peninsula,6,2020-08-31,11.714285714285714
Region IX: Zamboanga Peninsula,8,2020-09-01,12.428571428571429
Region IX: Zamboanga Peninsula,7,2020-09-02,12.142857142857142
Region IX: Zamboanga Peninsula,5,2020-09-03,11.571428571428571
Region IX: Zamboanga Peninsula,15,2020-09-04,11.714285714285714
Region IX: Zamboanga Peninsula,11,2020-09-05,10.428571428571429
Region IX: Zamboanga Peninsula,7,2020-09-06,8.428571428571429
Region IX: Zamboanga Peninsula,8,2020-09-07,8.714285714285714
Region IX: Zamboanga Peninsula,1,2020-09-08,7.714285714285714
Region IX: Zamboanga Peninsula,10,2020-09-09,8.142857142857142
Region IX: Zamboanga Peninsula,10,2020-09-10,8.857142857142858
Region IX: Zamboanga Peninsula,9,2020-09-11,8.0
Region IX: Zamboanga Peninsula,2,2020-09-12,6.714285714285714
Region IX: Zamboanga Peninsula,15,2020-09-13,7.857142857142857
Region IX: Zamboanga Peninsula,20,2020-09-14,9.571428571428571
Region IX: Zamboanga Peninsula,46,2020-09-15,16.0
Region IX: Zamboanga Peninsula,0,2020-09-16,14.571428571428571
Region IX: Zamboanga Peninsula,11,2020-09-17,14.714285714285714
Region IX: Zamboanga Peninsula,15,2020-09-18,15.571428571428571
Region IX: Zamboanga Peninsula,6,2020-09-19,16.142857142857142
Region IX: Zamboanga Peninsula,6,2020-09-20,14.857142857142858
Region IX: Zamboanga Peninsula,8,2020-09-21,13.142857142857142
Region IX: Zamboanga Peninsula,9,2020-09-22,7.857142857142857
Region IX: Zamboanga Peninsula,10,2020-09-23,9.285714285714286
Region IX: Zamboanga Peninsula,14,2020-09-24,9.714285714285714
Region IX: Zamboanga Peninsula,8,2020-09-25,8.714285714285714
Region IX: Zamboanga Peninsula,1,2020-09-26,8.0
Region IX: Zamboanga Peninsula,8,2020-09-27,8.285714285714286
Region IX: Zamboanga Peninsula,3,2020-09-28,7.571428571428571
Region IX: Zamboanga Peninsula,9,2020-09-29,7.571428571428571
Region IX: Zamboanga Peninsula,2,2020-09-30,6.428571428571429
Region IX: Zamboanga Peninsula,13,2020-10-01,6.285714285714286
Region IX: Zamboanga Peninsula,19,2020-10-02,7.857142857142857
Region IX: Zamboanga Peninsula,11,2020-10-03,9.285714285714286
Region IX: Zamboanga Peninsula,5,2020-10-04,8.857142857142858
Region IX: Zamboanga Peninsula,8,2020-10-05,9.571428571428571
Region IX: Zamboanga Peninsula,9,2020-10-06,9.571428571428571
Region IX: Zamboanga Peninsula,13,2020-10-07,11.142857142857142
Region IX: Zamboanga Peninsula,11,2020-10-08,10.857142857142858
Region IX: Zamboanga Peninsula,8,2020-10-09,9.285714285714286
Region IX: Zamboanga Peninsula,29,2020-10-10,11.857142857142858
Region IX: Zamboanga Peninsula,8,2020-10-11,12.285714285714286
Region IX: Zamboanga Peninsula,12,2020-10-12,12.857142857142858
Region IX: Zamboanga Peninsula,23,2020-10-13,14.857142857142858
Region IX: Zamboanga Peninsula,17,2020-10-14,15.428571428571429
Region IX: Zamboanga Peninsula,8,2020-10-15,15.0
Region IX: Zamboanga Peninsula,7,2020-10-16,14.857142857142858
Region IX: Zamboanga Peninsula,20,2020-10-17,13.571428571428571
Region IX: Zamboanga Peninsula,31,2020-10-18,16.857142857142858
Region IX: Zamboanga Peninsula,55,2020-10-19,23.0
Region IX: Zamboanga Peninsula,26,2020-10-20,23.428571428571427
Region IX: Zamboanga Peninsula,23,2020-10-21,24.285714285714285
Region IX: Zamboanga Peninsula,33,2020-10-22,27.857142857142858
Region IX: Zamboanga Peninsula,30,2020-10-23,31.142857142857142
Region IX: Zamboanga Peninsula,34,2020-10-24,33.142857142857146
Region IX: Zamboanga Peninsula,55,2020-10-25,36.57142857142857
Region IX: Zamboanga Peninsula,16,2020-10-26,31.0
Region IX: Zamboanga Peninsula,44,2020-10-27,33.57142857142857
Region IX: Zamboanga Peninsula,38,2020-10-28,35.714285714285715
Region IX: Zamboanga Peninsula,32,2020-10-29,35.57142857142857
Region IX: Zamboanga Peninsula,44,2020-10-30,37.57142857142857
Region IX: Zamboanga Peninsula,26,2020-10-31,36.42857142857143
Region IX: Zamboanga Peninsula,19,2020-11-01,31.285714285714285
Region IX: Zamboanga Peninsula,14,2020-11-02,31.0
Region IX: Zamboanga Peninsula,19,2020-11-03,27.428571428571427
Region IX: Zamboanga Peninsula,28,2020-11-04,26.0
Region IX: Zamboanga Peninsula,14,2020-11-05,23.428571428571427
Region IX: Zamboanga Peninsula,24,2020-11-06,20.571428571428573
Region IX: Zamboanga Peninsula,7,2020-11-07,17.857142857142858
Region IX: Zamboanga Peninsula,29,2020-11-08,19.285714285714285
Region IX: Zamboanga Peninsula,5,2020-11-09,18.0
Region IX: Zamboanga Peninsula,12,2020-11-10,17.0
Region IX: Zamboanga Peninsula,15,2020-11-11,15.142857142857142
Region IX: Zamboanga Peninsula,14,2020-11-12,15.142857142857142
Region IX: Zamboanga Peninsula,19,2020-11-13,14.428571428571429
Region IX: Zamboanga Peninsula,10,2020-11-14,14.857142857142858
Region IX: Zamboanga Peninsula,5,2020-11-15,11.428571428571429
Region IX: Zamboanga Peninsula,23,2020-11-16,14.0
Region IX: Zamboanga Peninsula,9,2020-11-17,13.571428571428571
Region IX: Zamboanga Peninsula,14,2020-11-18,13.428571428571429
Region IX: Zamboanga Peninsula,6,2020-11-19,12.285714285714286
Region IX: Zamboanga Peninsula,21,2020-11-20,12.571428571428571
Region IX: Zamboanga Peninsula,11,2020-11-21,12.714285714285714
Region IX: Zamboanga Peninsula,22,2020-11-22,15.142857142857142
Region IX: Zamboanga Peninsula,12,2020-11-23,13.571428571428571
Region IX: Zamboanga Peninsula,11,2020-11-24,13.857142857142858
Region IX: Zamboanga Peninsula,18,2020-11-25,14.428571428571429
Region IX: Zamboanga Peninsula,8,2020-11-26,14.714285714285714
Region IX: Zamboanga Peninsula,2,2020-11-27,12.0
Region IX: Zamboanga Peninsula,18,2020-11-28,13.0
Region IX: Zamboanga Peninsula,5,2020-11-29,10.571428571428571
Region IX: Zamboanga Peninsula,38,2020-11-30,14.285714285714286
Region IX: Zamboanga Peninsula,10,2020-12-01,14.142857142857142
Region IX: Zamboanga Peninsula,8,2020-12-02,12.714285714285714
Region IX: Zamboanga Peninsula,15,2020-12-03,13.714285714285714
Region IX: Zamboanga Peninsula,12,2020-12-04,15.142857142857142
Region IX: Zamboanga Peninsula,4,2020-12-05,13.142857142857142
Region IX: Zamboanga Peninsula,2,2020-12-06,12.714285714285714
Region IX: Zamboanga Peninsula,12,2020-12-07,9.0
Region IX: Zamboanga Peninsula,6,2020-12-08,8.428571428571429
Region IX: Zamboanga Peninsula,6,2020-12-09,8.142857142857142
Region IX: Zamboanga Peninsula,13,2020-12-10,7.857142857142857
Region IX: Zamboanga Peninsula,21,2020-12-11,9.142857142857142
Region IX: Zamboanga Peninsula,10,2020-12-12,10.0
Region IX: Zamboanga Peninsula,14,2020-12-13,11.714285714285714
Region IX: Zamboanga Peninsula,19,2020-12-14,12.714285714285714
Region IX: Zamboanga Peninsula,16,2020-12-15,14.142857142857142
Region IX: Zamboanga Peninsula,6,2020-12-16,14.142857142857142
Region IX: Zamboanga Peninsula,17,2020-12-17,14.714285714285714
Region IX: Zamboanga Peninsula,5,2020-12-18,12.428571428571429
Region IX: Zamboanga Peninsula,12,2020-12-19,12.714285714285714
Region IX: Zamboanga Peninsula,11,2020-12-20,12.285714285714286
Region IX: Zamboanga Peninsula,17,2020-12-21,12.0
Region IX: Zamboanga Peninsula,16,2020-12-22,12.0
Region IX: Zamboanga Peninsula,9,2020-12-23,12.428571428571429
Region IX: Zamboanga Peninsula,5,2020-12-24,10.714285714285714
Region IX: Zamboanga Peninsula,13,2020-12-25,11.857142857142858
Region IX: Zamboanga Peninsula,28,2020-12-26,14.142857142857142
Region IX: Zamboanga Peninsula,11,2020-12-27,14.142857142857142
Region IX: Zamboanga Peninsula,1,2020-12-28,11.857142857142858
Region IX: Zamboanga Peninsula,9,2020-12-29,10.857142857142858
Region IX: Zamboanga Peninsula,5,2020-12-30,10.285714285714286
Region IX: Zamboanga Peninsula,13,2020-12-31,11.428571428571429
Region IX: Zamboanga Peninsula,9,2021-01-01,10.857142857142858
Region IX: Zamboanga Peninsula,11,2021-01-02,8.428571428571429
Region IX: Zamboanga Peninsula,1,2021-01-03,7.0
Region IX: Zamboanga Peninsula,1,2021-01-04,7.0
Region IX: Zamboanga Peninsula,2,2021-01-05,6.0
Region IX: Zamboanga Peninsula,5,2021-01-06,6.0
Region IX: Zamboanga Peninsula,0,2021-01-07,4.142857142857143
Region IX: Zamboanga Peninsula,6,2021-01-08,3.7142857142857144
Region IX: Zamboanga Peninsula,3,2021-01-09,2.5714285714285716
Region IX: Zamboanga Peninsula,3,2021-01-10,2.857142857142857
Region IX: Zamboanga Peninsula,2,2021-01-11,3.0
Region IX: Zamboanga Peninsula,9,2021-01-12,4.0
Region IX: Zamboanga Peninsula,10,2021-01-13,4.714285714285714
Region IX: Zamboanga Peninsula,17,2021-01-14,7.142857142857143
Region IX: Zamboanga Peninsula,5,2021-01-15,7.0
Region IX: Zamboanga Peninsula,10,2021-01-16,8.0
Region IX: Zamboanga Peninsula,12,2021-01-17,9.285714285714286
Region IX: Zamboanga Peninsula,15,2021-01-18,11.142857142857142
Region IX: Zamboanga Peninsula,5,2021-01-19,10.571428571428571
Region IX: Zamboanga Peninsula,19,2021-01-20,11.857142857142858
Region IX: Zamboanga Peninsula,11,2021-01-21,11.0
Region IX: Zamboanga Peninsula,6,2021-01-22,11.142857142857142
Region IX: Zamboanga Peninsula,2,2021-01-23,10.0
Region IX: Zamboanga Peninsula,7,2021-01-24,9.285714285714286
Region IX: Zamboanga Peninsula,5,2021-01-25,7.857142857142857
Region IX: Zamboanga Peninsula,4,2021-01-26,7.714285714285714
Region IX: Zamboanga Peninsula,7,2021-01-27,6.0
Region IX: Zamboanga Peninsula,21,2021-01-28,7.428571428571429
Region IX: Zamboanga Peninsula,17,2021-01-29,9.0
Region IX: Zamboanga Peninsula,11,2021-01-30,10.285714285714286
Region IX: Zamboanga Peninsula,7,2021-01-31,10.285714285714286
Region IX: Zamboanga Peninsula,6,2021-02-01,10.428571428571429
Region IX: Zamboanga Peninsula,24,2021-02-02,13.285714285714286
Region IX: Zamboanga Peninsula,8,2021-02-03,13.428571428571429
Region IX: Zamboanga Peninsula,18,2021-02-04,13.0
Region IX: Zamboanga Peninsula,3,2021-02-05,11.0
Region IX: Zamboanga Peninsula,2,2021-02-06,9.714285714285714
Region IX: Zamboanga Peninsula,8,2021-02-07,9.857142857142858
Region IX: Zamboanga Peninsula,13,2021-02-08,10.857142857142858
Region IX: Zamboanga Peninsula,7,2021-02-09,8.428571428571429
Region IX: Zamboanga Peninsula,17,2021-02-10,9.714285714285714
Region IX: Zamboanga Peninsula,20,2021-02-11,10.0
Region IX: Zamboanga Peninsula,12,2021-02-12,11.285714285714286
Region IX: Zamboanga Peninsula,16,2021-02-13,13.285714285714286
Region IX: Zamboanga Peninsula,13,2021-02-14,14.0
Region IX: Zamboanga Peninsula,11,2021-02-15,13.714285714285714
Region IX: Zamboanga Peninsula,14,2021-02-16,14.714285714285714
Region IX: Zamboanga Peninsula,10,2021-02-17,13.714285714285714
Region IX: Zamboanga Peninsula,5,2021-02-18,11.571428571428571
Region IX: Zamboanga Peninsula,4,2021-02-19,10.428571428571429
Region IX: Zamboanga Peninsula,18,2021-02-20,10.714285714285714
Region IX: Zamboanga Peninsula,4,2021-02-21,9.428571428571429
Region IX: Zamboanga Peninsula,4,2021-02-22,8.428571428571429
Region IX: Zamboanga Peninsula,8,2021-02-23,7.571428571428571
Region IX: Zamboanga Peninsula,2,2021-02-24,6.428571428571429
Region IX: Zamboanga Peninsula,7,2021-02-25,6.714285714285714
Region IX: Zamboanga Peninsula,3,2021-02-26,6.571428571428571
Region IX: Zamboanga Peninsula,2,2021-02-27,4.285714285714286
Region IX: Zamboanga Peninsula,21,2021-02-28,6.714285714285714
Region IX: Zamboanga Peninsula,3,2021-03-01,6.571428571428571
Region IX: Zamboanga Peninsula,6,2021-03-02,6.285714285714286
Region IX: Zamboanga Peninsula,0,2021-03-03,6.0
Region IX: Zamboanga Peninsula,2,2021-03-04,5.285714285714286
Region IX: Zamboanga Peninsula,0,2021-03-05,4.857142857142857
Region IX: Zamboanga Peninsula,4,2021-03-06,5.142857142857143
Region IX: Zamboanga Peninsula,6,2021-03-07,3.0
Region IX: Zamboanga Peninsula,0,2021-03-08,2.5714285714285716
Region IX: Zamboanga Peninsula,3,2021-03-09,2.142857142857143
Region IX: Zamboanga Peninsula,8,2021-03-10,3.2857142857142856
Region IX: Zamboanga Peninsula,3,2021-03-11,3.4285714285714284
Region IX: Zamboanga Peninsula,13,2021-03-12,5.285714285714286
Region IX: Zamboanga Peninsula,3,2021-03-13,5.142857142857143
Region IX: Zamboanga Peninsula,6,2021-03-14,5.142857142857143
Region IX: Zamboanga Peninsula,6,2021-03-15,6.0
Region IX: Zamboanga Peninsula,4,2021-03-16,6.142857142857143
Region IX: Zamboanga Peninsula,3,2021-03-17,5.428571428571429
Region IX: Zamboanga Peninsula,1,2021-03-18,5.142857142857143
Region IX: Zamboanga Peninsula,23,2021-03-19,6.571428571428571
Region IX: Zamboanga Peninsula,2,2021-03-20,6.428571428571429
Region IX: Zamboanga Peninsula,4,2021-03-21,6.142857142857143
Region IX: Zamboanga Peninsula,1,2021-03-22,5.428571428571429
Region IX: Zamboanga Peninsula,6,2021-03-23,5.714285714285714
Region IX: Zamboanga Peninsula,4,2021-03-24,5.857142857142857
Region IX: Zamboanga Peninsula,2,2021-03-25,6.0
Region IX: Zamboanga Peninsula,10,2021-03-26,4.142857142857143
Region IX: Zamboanga Peninsula,2,2021-03-27,4.142857142857143
Region IX: Zamboanga Peninsula,2,2021-03-28,3.857142857142857
Region IX: Zamboanga Peninsula,7,2021-03-29,4.714285714285714
Region IX: Zamboanga Peninsula,4,2021-03-30,4.428571428571429
Region IX: Zamboanga Peninsula,8,2021-03-31,5.0
Region IX: Zamboanga Peninsula,4,2021-04-01,5.285714285714286
Region IX: Zamboanga Peninsula,13,2021-04-02,5.714285714285714
Region IX: Zamboanga Peninsula,15,2021-04-03,7.571428571428571
Region IX: Zamboanga Peninsula,8,2021-04-04,8.428571428571429
Region IX: Zamboanga Peninsula,5,2021-04-05,8.142857142857142
Region IX: Zamboanga Peninsula,1,2021-04-06,7.714285714285714
Region IX: Zamboanga Peninsula,4,2021-04-07,7.142857142857143
Region IX: Zamboanga Peninsula,7,2021-04-08,7.571428571428571
Region IX: Zamboanga Peninsula,11,2021-04-09,7.285714285714286
Region IX: Zamboanga Peninsula,1,2021-04-10,5.285714285714286
Region IX: Zamboanga Peninsula,7,2021-04-11,5.142857142857143
Region IX: Zamboanga Peninsula,4,2021-04-12,5.0
Region IX: Zamboanga Peninsula,1,2021-04-13,5.0
Region IX: Zamboanga Peninsula,11,2021-04-14,6.0
Region IX: Zamboanga Peninsula,47,2021-04-15,11.714285714285714
Region IX: Zamboanga Peninsula,0,2021-04-16,10.142857142857142
Region IX: Zamboanga Peninsula,0,2021-04-17,10.0
Region IX: Zamboanga Peninsula,20,2021-04-18,11.857142857142858
Region IX: Zamboanga Peninsula,30,2021-04-19,15.571428571428571
Region IX: Zamboanga Peninsula,2,2021-04-20,15.714285714285714
Region IX: Zamboanga Peninsula,21,2021-04-21,17.142857142857142
Region IX: Zamboanga Peninsula,15,2021-04-22,12.571428571428571
Region IX: Zamboanga Peninsula,29,2021-04-23,16.714285714285715
Region IX: Zamboanga Peninsula,19,2021-04-24,19.428571428571427
Region IX: Zamboanga Peninsula,11,2021-04-25,18.142857142857142
Region IX: Zamboanga Peninsula,0,2021-04-26,13.857142857142858
Region IX: Zamboanga Peninsula,0,2021-04-27,13.571428571428571
Region IX: Zamboanga Peninsula,1,2021-04-28,10.714285714285714
Region IX: Zamboanga Peninsula,0,2021-04-29,8.571428571428571
Region IX: Zamboanga Peninsula,1,2021-04-30,4.571428571428571
Region IX: Zamboanga Peninsula,1,2021-05-01,2.0
Region IX: Zamboanga Peninsula,1,2021-05-02,0.5714285714285714
Region IX: Zamboanga Peninsula,0,2021-05-03,0.5714285714285714
Region IX: Zamboanga Peninsula,1,2021-05-04,0.7142857142857143
Region IX: Zamboanga Peninsula,0,2021-05-05,0.5714285714285714
Region IX: Zamboanga Peninsula,3,2021-05-06,1.0
Region IX: Zamboanga Peninsula,2,2021-05-07,1.1428571428571428
Region IX: Zamboanga Peninsula,1,2021-05-08,1.1428571428571428
Region IX: Zamboanga Peninsula,3,2021-05-09,1.4285714285714286
Region IX: Zamboanga Peninsula,1,2021-05-10,1.5714285714285714
Region IX: Zamboanga Peninsula,1,2021-05-11,1.5714285714285714
Region IX: Zamboanga Peninsula,2,2021-05-12,1.8571428571428572
Region IX: Zamboanga Peninsula,4,2021-05-13,2.0
Region IX: Zamboanga Peninsula,2,2021-05-14,2.0
Region IX: Zamboanga Peninsula,6,2021-05-15,2.7142857142857144
Region IX: Zamboanga Peninsula,1,2021-05-16,2.4285714285714284
Region IX: Zamboanga Peninsula,0,2021-05-17,2.2857142857142856
Region IX: Zamboanga Peninsula,1,2021-05-18,2.2857142857142856
Region IX: Zamboanga Peninsula,0,2021-05-19,2.0
Region IX: Zamboanga Peninsula,1,2021-05-20,1.5714285714285714
Region IX: Zamboanga Peninsula,0,2021-05-21,1.2857142857142858
Region IX: Zamboanga Peninsula,6,2021-05-22,1.2857142857142858
Region IX: Zamboanga Peninsula,6,2021-05-23,2.0
Region IX: Zamboanga Peninsula,19,2021-05-24,4.714285714285714
Region IX: Zamboanga Peninsula,40,2021-05-25,10.285714285714286
Region IX: Zamboanga Peninsula,20,2021-05-26,13.142857142857142
Region IX: Zamboanga Peninsula,8,2021-05-27,14.142857142857142
Region IX: Zamboanga Peninsula,6,2021-05-28,15.0
Region IX: Zamboanga Peninsula,13,2021-05-29,16.0
Region IX: Zamboanga Peninsula,10,2021-05-30,16.571428571428573
Region IX: Zamboanga Peninsula,9,2021-05-31,15.142857142857142
Region IX: Zamboanga Peninsula,41,2021-06-01,15.285714285714286
Region IX: Zamboanga Peninsula,8,2021-06-02,13.571428571428571
Region IX: Zamboanga Peninsula,48,2021-06-03,19.285714285714285
Region IX: Zamboanga Peninsula,136,2021-06-04,37.857142857142854
Region IX: Zamboanga Peninsula,71,2021-06-05,46.142857142857146
Region IX: Zamboanga Peninsula,4,2021-06-06,45.285714285714285
Region IX: Zamboanga Peninsula,17,2021-06-07,46.42857142857143
Region IX: Zamboanga Peninsula,1,2021-06-08,40.714285714285715
Region IX: Zamboanga Peninsula,0,2021-06-09,39.57142857142857
Region IX: Zamboanga Peninsula,1,2021-06-10,32.857142857142854
Region IX: Zamboanga Peninsula,0,2021-06-11,13.428571428571429
Region IX: Zamboanga Peninsula,3,2021-06-12,3.7142857142857144
Region IX: Zamboanga Peninsula,8,2021-06-13,4.285714285714286
Region IX: Zamboanga Peninsula,7,2021-06-14,2.857142857142857
Region IX: Zamboanga Peninsula,8,2021-06-15,3.857142857142857
Region IX: Zamboanga Peninsula,38,2021-06-16,9.285714285714286
Region IX: Zamboanga Peninsula,15,2021-06-17,11.285714285714286
Region IX: Zamboanga Peninsula,24,2021-06-18,14.714285714285714
Region IX: Zamboanga Peninsula,0,2021-06-19,14.285714285714286
Region IX: Zamboanga Peninsula,33,2021-06-20,17.857142857142858
Region IX: Zamboanga Peninsula,2,2021-06-21,17.142857142857142
Region IX: Zamboanga Peninsula,2,2021-06-22,16.285714285714285
Region IX: Zamboanga Peninsula,2,2021-06-23,11.142857142857142
Region IX: Zamboanga Peninsula,1,2021-06-24,9.142857142857142
Region IX: Zamboanga Peninsula,2,2021-06-25,6.0
Region IX: Zamboanga Peninsula,0,2021-06-26,6.0
Region IX: Zamboanga Peninsula,1,2021-06-27,1.4285714285714286
Region IX: Zamboanga Peninsula,1,2021-06-28,1.2857142857142858
Region IX: Zamboanga Peninsula,4,2021-06-29,1.5714285714285714
Region IX: Zamboanga Peninsula,27,2021-06-30,5.142857142857143
Region IX: Zamboanga Peninsula,7,2021-07-01,6.0
Region IX: Zamboanga Peninsula,8,2021-07-02,6.857142857142857
Region IX: Zamboanga Peninsula,49,2021-07-03,13.857142857142858
Region IX: Zamboanga Peninsula,6,2021-07-04,14.571428571428571
Region IX: Zamboanga Peninsula,23,2021-07-05,17.714285714285715
Region IX: Zamboanga Peninsula,1,2021-07-06,17.285714285714285
Region IX: Zamboanga Peninsula,0,2021-07-07,13.428571428571429
Region IX: Zamboanga Peninsula,0,2021-07-08,12.428571428571429
Region IX: Zamboanga Peninsula,1,2021-07-09,11.428571428571429
Region IX: Zamboanga Peninsula,0,2021-07-10,4.428571428571429
Region IX: Zamboanga Peninsula,0,2021-07-11,3.5714285714285716
Region IX: Zamboanga Peninsula,2,2021-07-12,0.5714285714285714
Region IX: Zamboanga Peninsula,5,2021-07-13,1.1428571428571428
Region IX: Zamboanga Peninsula,3,2021-07-14,1.5714285714285714
Region IX: Zamboanga Peninsula,9,2021-07-15,2.857142857142857
Region IX: Zamboanga Peninsula,8,2021-07-16,3.857142857142857
Region IX: Zamboanga Peninsula,6,2021-07-17,4.714285714285714
Region IX: Zamboanga Peninsula,0,2021-07-18,4.714285714285714
Region IX: Zamboanga Peninsula,0,2021-07-19,4.428571428571429
Region IX: Zamboanga Peninsula,1,2021-07-20,3.857142857142857
Region IX: Zamboanga Peninsula,1,2021-07-21,3.5714285714285716
Region IX: Zamboanga Peninsula,0,2021-07-22,2.2857142857142856
Region IX: Zamboanga Peninsula,1,2021-07-23,1.2857142857142858
Region IX: Zamboanga Peninsula,2,2021-07-24,0.7142857142857143
Region IX: Zamboanga Peninsula,3,2021-07-25,1.1428571428571428
Region IX: Zamboanga Peninsula,6,2021-07-26,2.0
Region IX: Zamboanga Peninsula,1,2021-07-27,2.0
Region IX: Zamboanga Peninsula,1,2021-07-28,2.0
Region IX: Zamboanga Peninsula,8,2021-07-29,3.142857142857143
Region IX: Zamboanga Peninsula,18,2021-07-30,5.571428571428571
Region IX: Zamboanga Peninsula,13,2021-07-31,7.142857142857143
Region IX: Zamboanga Peninsula,0,2021-08-01,6.714285714285714
Region IX: Zamboanga Peninsula,2,2021-08-02,6.142857142857143
Region IX: Zamboanga Peninsula,1,2021-08-03,6.142857142857143
Region IX: Zamboanga Peninsula,0,2021-08-04,6.0
Region IX: Zamboanga Peninsula,0,2021-08-05,4.857142857142857
Region IX: Zamboanga Peninsula,4,2021-08-06,2.857142857142857
Region IX: Zamboanga Peninsula,15,2021-08-07,3.142857142857143
Region IX: Zamboanga Peninsula,1,2021-08-08,3.2857142857142856
Region IX: Zamboanga Peninsula,14,2021-08-09,5.0
Region IX: Zamboanga Peninsula,3,2021-08-10,5.285714285714286
Region IX: Zamboanga Peninsula,16,2021-08-11,7.571428571428571
Region IX: Zamboanga Peninsula,5,2021-08-12,8.285714285714286
Region IX: Zamboanga Peninsula,9,2021-08-13,9.0
Region IX: Zamboanga Peninsula,8,2021-08-14,8.0
Region IX: Zamboanga Peninsula,8,2021-08-15,9.0
Region IX: Zamboanga Peninsula,3,2021-08-16,7.428571428571429
Region IX: Zamboanga Peninsula,16,2021-08-17,9.285714285714286
Region IX: Zamboanga Peninsula,3,2021-08-18,7.428571428571429
Region IX: Zamboanga Peninsula,1,2021-08-19,6.857142857142857
Region IX: Zamboanga Peninsula,1,2021-08-20,5.714285714285714
Region IX: Zamboanga Peninsula,1,2021-08-21,4.714285714285714
Region IX: Zamboanga Peninsula,12,2021-08-22,5.285714285714286
Region IX: Zamboanga Peninsula,19,2021-08-23,7.571428571428571
Region IX: Zamboanga Peninsula,9,2021-08-24,6.571428571428571
Region IX: Zamboanga Peninsula,2,2021-08-25,6.428571428571429
Region IX: Zamboanga Peninsula,5,2021-08-26,7.0
Region IX: Zamboanga Peninsula,5,2021-08-27,7.571428571428571
Region IX: Zamboanga Peninsula,10,2021-08-28,8.857142857142858
Region IX: Zamboanga Peninsula,7,2021-08-29,8.142857142857142
Region IX: Zamboanga Peninsula,12,2021-08-30,7.142857142857143
Region IX: Zamboanga Peninsula,10,2021-08-31,7.285714285714286
Region IX: Zamboanga Peninsula,23,2021-09-01,10.285714285714286
Region IX: Zamboanga Peninsula,0,2021-09-02,9.571428571428571
Region IX: Zamboanga Peninsula,0,2021-09-03,8.857142857142858
Region IX: Zamboanga Peninsula,0,2021-09-04,7.428571428571429
Region IX: Zamboanga Peninsula,0,2021-09-05,6.428571428571429
Region IX: Zamboanga Peninsula,0,2021-09-06,4.714285714285714
Region IX: Zamboanga Peninsula,4,2021-09-07,3.857142857142857
Region IX: Zamboanga Peninsula,3,2021-09-08,1.0
Region IX: Zamboanga Peninsula,0,2021-09-09,1.0
Region IX: Zamboanga Peninsula,6,2021-09-10,1.8571428571428572
Region IX: Zamboanga Peninsula,2,2021-09-11,2.142857142857143
Region IX: Zamboanga Peninsula,2,2021-09-12,2.4285714285714284
Region IX: Zamboanga Peninsula,0,2021-09-13,2.4285714285714284
Region IX: Zamboanga Peninsula,8,2021-09-14,3.0
Region IX: Zamboanga Peninsula,2,2021-09-15,2.857142857142857
Region IX: Zamboanga Peninsula,1,2021-09-16,3.0
Region IX: Zamboanga Peninsula,1,2021-09-17,2.2857142857142856
Region IX: Zamboanga Peninsula,2,2021-09-18,2.2857142857142856
Region IX: Zamboanga Peninsula,1,2021-09-19,2.142857142857143
Region IX: Zamboanga Peninsula,0,2021-09-20,2.142857142857143
Region IX: Zamboanga Peninsula,1,2021-09-21,1.1428571428571428
Region IX: Zamboanga Peninsula,0,2021-09-22,0.8571428571428571
Region IX: Zamboanga Peninsula,0,2021-09-23,0.7142857142857143
Region IX: Zamboanga Peninsula,2,2021-09-24,0.8571428571428571
Region IX: Zamboanga Peninsula,0,2021-09-25,0.5714285714285714
Region IX: Zamboanga Peninsula,0,2021-09-26,0.42857142857142855
Region IX: Zamboanga Peninsula,1,2021-09-27,0.5714285714285714
Region IX: Zamboanga Peninsula,1,2021-09-28,0.5714285714285714
Region IX: Zamboanga Peninsula,0,2021-09-29,0.5714285714285714
Region IX: Zamboanga Peninsula,1,2021-09-30,0.7142857142857143
Region IX: Zamboanga Peninsula,0,2021-10-01,0.42857142857142855
Region IX: Zamboanga Peninsula,0,2021-10-02,0.42857142857142855
Region IX: Zamboanga Peninsula,0,2021-10-03,0.42857142857142855
Region IX: Zamboanga Peninsula,0,2021-10-04,0.2857142857142857
Region IX: Zamboanga Peninsula,0,2021-10-05,0.14285714285714285
Region IX: Zamboanga Peninsula,0,2021-10-06,0.14285714285714285
Region IX: Zamboanga Peninsula,0,2021-10-07,0.0
Region IX: Zamboanga Peninsula,1,2021-10-08,0.14285714285714285
Region IX: Zamboanga Peninsula,0,2021-10-09,0.14285714285714285
Region IX: Zamboanga Peninsula,0,2021-10-10,0.14285714285714285
Region IX: Zamboanga Peninsula,1,2021-10-11,0.2857142857142857
Region IX: Zamboanga Peninsula,0,2021-10-12,0.2857142857142857
Region IX: Zamboanga Peninsula,0,2021-10-13,0.2857142857142857
Region IX: Zamboanga Peninsula,1,2021-10-14,0.42857142857142855
Region IX: Zamboanga Peninsula,0,2021-10-15,0.2857142857142857
Region IX: Zamboanga Peninsula,1,2021-10-16,0.42857142857142855
Region IX: Zamboanga Peninsula,0,2021-10-17,0.42857142857142855
Region IX: Zamboanga Peninsula,0,2021-10-18,0.2857142857142857
Region IX: Zamboanga Peninsula,0,2021-10-19,0.2857142857142857
Region IX: Zamboanga Peninsula,0,2021-10-20,0.2857142857142857
Region IX: Zamboanga Peninsula,0,2021-10-21,0.14285714285714285
Region IX: Zamboanga Peninsula,1,2021-10-22,0.2857142857142857
Region IX: Zamboanga Peninsula,1,2021-10-23,0.2857142857142857
Region IX: Zamboanga Peninsula,0,2021-10-24,0.2857142857142857
Region IX: Zamboanga Peninsula,0,2021-10-25,0.2857142857142857
Region IX: Zamboanga Peninsula,1,2021-10-26,0.42857142857142855
Region IX: Zamboanga Peninsula,0,2021-10-27,0.42857142857142855
Region IX: Zamboanga Peninsula,0,2021-10-28,0.42857142857142855
Region IX: Zamboanga Peninsula,0,2021-10-29,0.2857142857142857
Region IX: Zamboanga Peninsula,0,2021-10-30,0.14285714285714285
Region IX: Zamboanga Peninsula,0,2021-10-31,0.14285714285714285
Region IX: Zamboanga Peninsula,0,2021-11-01,0.14285714285714285
Region IX: Zamboanga Peninsula,0,2021-11-02,0.0
Region IX: Zamboanga Peninsula,0,2021-11-03,0.0
Region IX: Zamboanga Peninsula,0,2021-11-04,0.0
Region IX: Zamboanga Peninsula,0,2021-11-05,0.0
Region IX: Zamboanga Peninsula,0,2021-11-06,0.0
Region IX: Zamboanga Peninsula,0,2021-11-07,0.0
Region IX: Zamboanga Peninsula,0,2021-11-08,0.0
Region IX: Zamboanga Peninsula,0,2021-11-09,0.0
Region IX: Zamboanga Peninsula,0,2021-11-10,0.0
Region IX: Zamboanga Peninsula,0,2021-11-11,0.0
Region IX: Zamboanga Peninsula,0,2021-11-12,0.0
Region IX: Zamboanga Peninsula,0,2021-11-13,0.0
Region IX: Zamboanga Peninsula,1,2021-11-14,0.14285714285714285
Region IX: Zamboanga Peninsula,0,2021-11-15,0.14285714285714285
Region IX: Zamboanga Peninsula,1,2021-11-16,0.2857142857142857
Region IX: Zamboanga Peninsula,1,2021-11-17,0.42857142857142855
Region IX: Zamboanga Peninsula,1,2021-11-18,0.5714285714285714
Region IX: Zamboanga Peninsula,0,2021-11-19,0.5714285714285714
Region IX: Zamboanga Peninsula,0,2021-11-20,0.5714285714285714
Region IX: Zamboanga Peninsula,0,2021-11-21,0.42857142857142855
Region IX: Zamboanga Peninsula,0,2021-11-22,0.42857142857142855
Region IX: Zamboanga Peninsula,0,2021-11-23,0.2857142857142857
Region IX: Zamboanga Peninsula,0,2021-11-24,0.14285714285714285
Region IX: Zamboanga Peninsula,0,2021-11-25,0.0
Region IX: Zamboanga Peninsula,0,2021-11-26,0.0
Region IX: Zamboanga Peninsula,0,2021-11-27,0.0
Region IX: Zamboanga Peninsula,0,2021-11-28,0.0
Region IX: Zamboanga Peninsula,9,2021-11-29,1.2857142857142858
Region IX: Zamboanga Peninsula,0,2021-11-30,1.2857142857142858
Region IX: Zamboanga Peninsula,0,2021-12-01,1.2857142857142858
Region IX: Zamboanga Peninsula,0,2021-12-02,1.2857142857142858
Region IX: Zamboanga Peninsula,1,2021-12-03,1.4285714285714286
Region IX: Zamboanga Peninsula,0,2021-12-04,1.4285714285714286
Region IX: Zamboanga Peninsula,0,2021-12-05,1.4285714285714286
Region IX: Zamboanga Peninsula,0,2021-12-06,0.14285714285714285
Region IX: Zamboanga Peninsula,0,2021-12-07,0.14285714285714285
Region IX: Zamboanga Peninsula,0,2021-12-08,0.14285714285714285
Region IX: Zamboanga Peninsula,0,2021-12-09,0.14285714285714285
Region IX: Zamboanga Peninsula,0,2021-12-10,0.0
Region IX: Zamboanga Peninsula,0,2021-12-11,0.0
Region IX: Zamboanga Peninsula,0,2021-12-12,0.0
Region IX: Zamboanga Peninsula,0,2021-12-13,0.0
Region IX: Zamboanga Peninsula,0,2021-12-14,0.0
Region IX: Zamboanga Peninsula,0,2021-12-15,0.0
Region IX: Zamboanga Peninsula,0,2021-12-16,0.0
Region IX: Zamboanga Peninsula,0,2021-12-17,0.0
Region IX: Zamboanga Peninsula,0,2021-12-18,0.0
Region IX: Zamboanga Peninsula,0,2021-12-19,0.0
Region IX: Zamboanga Peninsula,0,2021-12-20,0.0
Region IX: Zamboanga Peninsula,0,2021-12-21,0.0
Region IX: Zamboanga Peninsula,1,2021-12-22,0.14285714285714285
Region IX: Zamboanga Peninsula,0,2021-12-23,0.14285714285714285
Region IX: Zamboanga Peninsula,1,2021-12-24,0.2857142857142857
Region IX: Zamboanga Peninsula,1,2021-12-25,0.42857142857142855
Region IX: Zamboanga Peninsula,0,2021-12-26,0.42857142857142855
Region IX: Zamboanga Peninsula,0,2021-12-27,0.42857142857142855
Region IX: Zamboanga Peninsula,0,2021-12-28,0.42857142857142855
Region IX: Zamboanga Peninsula,1,2021-12-29,0.42857142857142855
Region IX: Zamboanga Peninsula,1,2021-12-30,0.5714285714285714
Region IX: Zamboanga Peninsula,7,2021-12-31,1.4285714285714286
Region IX: Zamboanga Peninsula,9,2022-01-01,2.5714285714285716
Region IX: Zamboanga Peninsula,2,2022-01-02,2.857142857142857
Region IX: Zamboanga Peninsula,0,2022-01-03,2.857142857142857
Region IX: Zamboanga Peninsula,0,2022-01-04,2.857142857142857
Region IX: Zamboanga Peninsula,0,2022-01-05,2.7142857142857144
Region IX: Zamboanga Peninsula,0,2022-01-06,2.5714285714285716
Region IX: Zamboanga Peninsula,0,2022-01-07,1.5714285714285714
Region IX: Zamboanga Peninsula,0,2022-01-08,0.2857142857142857
Region IX: Zamboanga Peninsula,1,2022-01-09,0.14285714285714285
Region IX: Zamboanga Peninsula,0,2022-01-10,0.14285714285714285
Region IX: Zamboanga Peninsula,1,2022-01-11,0.2857142857142857
Region IX: Zamboanga Peninsula,0,2022-01-12,0.2857142857142857
Region IX: Zamboanga Peninsula,3,2022-01-13,0.7142857142857143
Region IX: Zamboanga Peninsula,0,2022-01-14,0.7142857142857143
Region IX: Zamboanga Peninsula,0,2022-01-15,0.7142857142857143
Region IX: Zamboanga Peninsula,1,2022-01-16,0.7142857142857143
Region IX: Zamboanga Peninsula,0,2022-01-17,0.7142857142857143
Region IX: Zamboanga Peninsula,0,2022-01-18,0.5714285714285714
Region IX: Zamboanga Peninsula,24,2022-01-19,4.0
Region IX: Zamboanga Peninsula,14,2022-01-20,5.571428571428571
Region IX: Zamboanga Peninsula,62,2022-01-21,14.428571428571429
Region IX: Zamboanga Peninsula,5,2022-01-22,15.142857142857142
Region IX: Zamboanga Peninsula,5,2022-01-23,15.714285714285714
Region IX: Zamboanga Peninsula,36,2022-01-24,20.857142857142858
Region IX: Zamboanga Peninsula,198,2022-01-25,49.142857142857146
Region IX: Zamboanga Peninsula,45,2022-01-26,52.142857142857146
Region IX: Zamboanga Peninsula,78,2022-01-27,61.285714285714285
Region IX: Zamboanga Peninsula,199,2022-01-28,80.85714285714286
Region IX: Zamboanga Peninsula,190,2022-01-29,107.28571428571429
Region IX: Zamboanga Peninsula,222,2022-01-30,138.28571428571428
Region IX: Zamboanga Peninsula,344,2022-01-31,182.28571428571428
Region IX: Zamboanga Peninsula,188,2022-02-01,180.85714285714286
Region IX: Zamboanga Peninsula,175,2022-02-02,199.42857142857142
Region IX: Zamboanga Peninsula,167,2022-02-03,212.14285714285714
Region IX: Zamboanga Peninsula,164,2022-02-04,207.14285714285714
Region IX: Zamboanga Peninsula,72,2022-02-05,190.28571428571428
Region IX: Zamboanga Peninsula,43,2022-02-06,164.71428571428572
Region IX: Zamboanga Peninsula,7,2022-02-07,116.57142857142857
Region IX: Zamboanga Peninsula,0,2022-02-08,89.71428571428571
Region IX: Zamboanga Peninsula,0,2022-02-09,64.71428571428571
Region IX: Zamboanga Peninsula,2,2022-02-10,41.142857142857146
Region IX: Zamboanga Peninsula,2,2022-02-11,18.0
Region IX: Zamboanga Peninsula,0,2022-02-12,7.714285714285714
Region IX: Zamboanga Peninsula,1,2022-02-13,1.7142857142857142
Region IX: Zamboanga Peninsula,6,2022-02-14,1.5714285714285714
Region IX: Zamboanga Peninsula,13,2022-02-15,3.4285714285714284
Region IX: Zamboanga Peninsula,40,2022-02-16,9.142857142857142
Region IX: Zamboanga Peninsula,50,2022-02-17,16.0
Region IX: Zamboanga Peninsula,46,2022-02-18,22.285714285714285
Region IX: Zamboanga Peninsula,52,2022-02-19,29.714285714285715
Region IX: Zamboanga Peninsula,51,2022-02-20,36.857142857142854
Region IX: Zamboanga Peninsula,60,2022-02-21,44.57142857142857
Region IX: Zamboanga Peninsula,60,2022-02-22,51.285714285714285
Region IX: Zamboanga Peninsula,26,2022-02-23,49.285714285714285
Region IX: Zamboanga Peninsula,5,2022-02-24,42.857142857142854
Region IX: Zamboanga Peninsula,23,2022-02-25,39.57142857142857
Region IX: Zamboanga Peninsula,25,2022-02-26,35.714285714285715
Region IX: Zamboanga Peninsula,22,2022-02-27,31.571428571428573
Region IX: Zamboanga Peninsula,21,2022-02-28,26.0
Region IX: Zamboanga Peninsula,30,2022-03-01,21.714285714285715
Region IX: Zamboanga Peninsula,12,2022-03-02,19.714285714285715
Region IX: Zamboanga Peninsula,17,2022-03-03,21.428571428571427
Region IX: Zamboanga Peninsula,13,2022-03-04,20.0
Region IX: Zamboanga Peninsula,8,2022-03-05,17.571428571428573
Region IX: Zamboanga Peninsula,21,2022-03-06,17.428571428571427
Region IX: Zamboanga Peninsula,8,2022-03-07,15.571428571428571
Region IX: Zamboanga Peninsula,1,2022-03-08,11.428571428571429
Region IX: Zamboanga Peninsula,2,2022-03-09,10.0
Region IX: Zamboanga Peninsula,6,2022-03-10,8.428571428571429
Region IX: Zamboanga Peninsula,11,2022-03-11,8.142857142857142
Region IX: Zamboanga Peninsula,6,2022-03-12,7.857142857142857
Region IX: Zamboanga Peninsula,6,2022-03-13,5.714285714285714
Region IX: Zamboanga Peninsula,5,2022-03-14,5.285714285714286
Region IX: Zamboanga Peninsula,5,2022-03-15,5.857142857142857
Region IX: Zamboanga Peninsula,5,2022-03-16,6.285714285714286
Region IX: Zamboanga Peninsula,0,2022-03-17,5.428571428571429
Region IX: Zamboanga Peninsula,7,2022-03-18,4.857142857142857
Region IX: Zamboanga Peninsula,0,2022-03-19,4.0
Region IX: Zamboanga Peninsula,0,2022-03-20,3.142857142857143
Region IX: Zamboanga Peninsula,0,2022-03-21,2.4285714285714284
Region IX: Zamboanga Peninsula,1,2022-03-22,1.8571428571428572
Region IX: Zamboanga Peninsula,0,2022-03-23,1.1428571428571428
Region IX: Zamboanga Peninsula,1,2022-03-24,1.2857142857142858
Region IX: Zamboanga Peninsula,0,2022-03-25,0.2857142857142857
Region IX: Zamboanga Peninsula,1,2022-03-26,0.42857142857142855
Region IX: Zamboanga Peninsula,5,2022-03-27,1.1428571428571428
Region IX: Zamboanga Peninsula,5,2022-03-28,1.8571428571428572
Region IX: Zamboanga Peninsula,2,2022-03-29,2.0
Region IX: Zamboanga Peninsula,0,2022-03-30,2.0
Region IX: Zamboanga Peninsula,0,2022-03-31,1.8571428571428572
Region IX: Zamboanga Peninsula,0,2022-04-01,1.8571428571428572
Region IX: Zamboanga Peninsula,0,2022-04-02,1.7142857142857142
Region IX: Zamboanga Peninsula,0,2022-04-03,1.0
Region IX: Zamboanga Peninsula,0,2022-04-04,0.2857142857142857
Region IX: Zamboanga Peninsula,0,2022-04-05,0.0
Region IX: Zamboanga Peninsula,0,2022-04-06,0.0
Region IX: Zamboanga Peninsula,0,2022-04-07,0.0
Region IX: Zamboanga Peninsula,0,2022-04-08,0.0
Region IX: Zamboanga Peninsula,0,2022-04-09,0.0
Region IX: Zamboanga Peninsula,0,2022-04-10,0.0
Region IX: Zamboanga Peninsula,0,2022-04-11,0.0
Region IX: Zamboanga Peninsula,0,2022-04-12,0.0
Region IX: Zamboanga Peninsula,0,2022-04-13,0.0
Region IX: Zamboanga Peninsula,4,2022-04-14,0.5714285714285714
Region IX: Zamboanga Peninsula,3,2022-04-15,1.0
