region,count,date,7DayMA
Region III: Central Luzon,1,2020-03-17,
Region III: Central Luzon,0,2020-03-18,
Region III: Central Luzon,0,2020-03-19,
Region III: Central Luzon,0,2020-03-20,
Region III: Central Luzon,0,2020-03-21,
Region III: Central Luzon,0,2020-03-22,
Region III: Central Luzon,0,2020-03-23,0.14285714285714285
Region III: Central Luzon,1,2020-03-24,0.14285714285714285
Region III: Central Luzon,0,2020-03-25,0.14285714285714285
Region III: Central Luzon,1,2020-03-26,0.2857142857142857
Region III: Central Luzon,0,2020-03-27,0.2857142857142857
Region III: Central Luzon,1,2020-03-28,0.42857142857142855
Region III: Central Luzon,0,2020-03-29,0.42857142857142855
Region III: Central Luzon,3,2020-03-30,0.8571428571428571
Region III: Central Luzon,0,2020-03-31,0.7142857142857143
Region III: Central Luzon,3,2020-04-01,1.1428571428571428
Region III: Central Luzon,1,2020-04-02,1.1428571428571428
Region III: Central Luzon,0,2020-04-03,1.1428571428571428
Region III: Central Luzon,0,2020-04-04,1.0
Region III: Central Luzon,1,2020-04-05,1.1428571428571428
Region III: Central Luzon,3,2020-04-06,1.1428571428571428
Region III: Central Luzon,3,2020-04-07,1.5714285714285714
Region III: Central Luzon,0,2020-04-08,1.1428571428571428
Region III: Central Luzon,2,2020-04-09,1.2857142857142858
Region III: Central Luzon,5,2020-04-10,2.0
Region III: Central Luzon,1,2020-04-11,2.142857142857143
Region III: Central Luzon,1,2020-04-12,2.142857142857143
Region III: Central Luzon,5,2020-04-13,2.4285714285714284
Region III: Central Luzon,0,2020-04-14,2.0
Region III: Central Luzon,5,2020-04-15,2.7142857142857144
Region III: Central Luzon,0,2020-04-16,2.4285714285714284
Region III: Central Luzon,4,2020-04-17,2.2857142857142856
Region III: Central Luzon,3,2020-04-18,2.5714285714285716
Region III: Central Luzon,4,2020-04-19,3.0
Region III: Central Luzon,4,2020-04-20,2.857142857142857
Region III: Central Luzon,2,2020-04-21,3.142857142857143
Region III: Central Luzon,2,2020-04-22,2.7142857142857144
Region III: Central Luzon,1,2020-04-23,2.857142857142857
Region III: Central Luzon,2,2020-04-24,2.5714285714285716
Region III: Central Luzon,1,2020-04-25,2.2857142857142856
Region III: Central Luzon,0,2020-04-26,1.7142857142857142
Region III: Central Luzon,2,2020-04-27,1.4285714285714286
Region III: Central Luzon,5,2020-04-28,1.8571428571428572
Region III: Central Luzon,3,2020-04-29,2.0
Region III: Central Luzon,5,2020-04-30,2.5714285714285716
Region III: Central Luzon,7,2020-05-01,3.2857142857142856
Region III: Central Luzon,1,2020-05-02,3.2857142857142856
Region III: Central Luzon,3,2020-05-03,3.7142857142857144
Region III: Central Luzon,1,2020-05-04,3.5714285714285716
Region III: Central Luzon,4,2020-05-05,3.4285714285714284
Region III: Central Luzon,3,2020-05-06,3.4285714285714284
Region III: Central Luzon,3,2020-05-07,3.142857142857143
Region III: Central Luzon,5,2020-05-08,2.857142857142857
Region III: Central Luzon,9,2020-05-09,4.0
Region III: Central Luzon,2,2020-05-10,3.857142857142857
Region III: Central Luzon,0,2020-05-11,3.7142857142857144
Region III: Central Luzon,2,2020-05-12,3.4285714285714284
Region III: Central Luzon,1,2020-05-13,3.142857142857143
Region III: Central Luzon,3,2020-05-14,3.142857142857143
Region III: Central Luzon,0,2020-05-15,2.4285714285714284
Region III: Central Luzon,2,2020-05-16,1.4285714285714286
Region III: Central Luzon,0,2020-05-17,1.1428571428571428
Region III: Central Luzon,3,2020-05-18,1.5714285714285714
Region III: Central Luzon,8,2020-05-19,2.4285714285714284
Region III: Central Luzon,2,2020-05-20,2.5714285714285716
Region III: Central Luzon,3,2020-05-21,2.5714285714285716
Region III: Central Luzon,1,2020-05-22,2.7142857142857144
Region III: Central Luzon,2,2020-05-23,2.7142857142857144
Region III: Central Luzon,6,2020-05-24,3.5714285714285716
Region III: Central Luzon,3,2020-05-25,3.5714285714285716
Region III: Central Luzon,2,2020-05-26,2.7142857142857144
Region III: Central Luzon,1,2020-05-27,2.5714285714285716
Region III: Central Luzon,4,2020-05-28,2.7142857142857144
Region III: Central Luzon,2,2020-05-29,2.857142857142857
Region III: Central Luzon,4,2020-05-30,3.142857142857143
Region III: Central Luzon,3,2020-05-31,2.7142857142857144
Region III: Central Luzon,2,2020-06-01,2.5714285714285716
Region III: Central Luzon,2,2020-06-02,2.5714285714285716
Region III: Central Luzon,2,2020-06-03,2.7142857142857144
Region III: Central Luzon,2,2020-06-04,2.4285714285714284
Region III: Central Luzon,1,2020-06-05,2.2857142857142856
Region III: Central Luzon,0,2020-06-06,1.7142857142857142
Region III: Central Luzon,2,2020-06-07,1.5714285714285714
Region III: Central Luzon,0,2020-06-08,1.2857142857142858
Region III: Central Luzon,0,2020-06-09,1.0
Region III: Central Luzon,0,2020-06-10,0.7142857142857143
Region III: Central Luzon,0,2020-06-11,0.42857142857142855
Region III: Central Luzon,1,2020-06-12,0.42857142857142855
Region III: Central Luzon,1,2020-06-13,0.5714285714285714
Region III: Central Luzon,0,2020-06-14,0.2857142857142857
Region III: Central Luzon,2,2020-06-15,0.5714285714285714
Region III: Central Luzon,2,2020-06-16,0.8571428571428571
Region III: Central Luzon,0,2020-06-17,0.8571428571428571
Region III: Central Luzon,1,2020-06-18,1.0
Region III: Central Luzon,0,2020-06-19,0.8571428571428571
Region III: Central Luzon,1,2020-06-20,0.8571428571428571
Region III: Central Luzon,0,2020-06-21,0.8571428571428571
Region III: Central Luzon,1,2020-06-22,0.7142857142857143
Region III: Central Luzon,0,2020-06-23,0.42857142857142855
Region III: Central Luzon,0,2020-06-24,0.42857142857142855
Region III: Central Luzon,1,2020-06-25,0.42857142857142855
Region III: Central Luzon,2,2020-06-26,0.7142857142857143
Region III: Central Luzon,1,2020-06-27,0.7142857142857143
Region III: Central Luzon,1,2020-06-28,0.8571428571428571
Region III: Central Luzon,0,2020-06-29,0.7142857142857143
Region III: Central Luzon,3,2020-06-30,1.1428571428571428
Region III: Central Luzon,2,2020-07-01,1.4285714285714286
Region III: Central Luzon,0,2020-07-02,1.2857142857142858
Region III: Central Luzon,0,2020-07-03,1.0
Region III: Central Luzon,0,2020-07-04,0.8571428571428571
Region III: Central Luzon,0,2020-07-05,0.7142857142857143
Region III: Central Luzon,0,2020-07-06,0.7142857142857143
Region III: Central Luzon,0,2020-07-07,0.2857142857142857
Region III: Central Luzon,0,2020-07-08,0.0
Region III: Central Luzon,1,2020-07-09,0.14285714285714285
Region III: Central Luzon,0,2020-07-10,0.14285714285714285
Region III: Central Luzon,1,2020-07-11,0.2857142857142857
Region III: Central Luzon,2,2020-07-12,0.5714285714285714
Region III: Central Luzon,1,2020-07-13,0.7142857142857143
Region III: Central Luzon,4,2020-07-14,1.2857142857142858
Region III: Central Luzon,1,2020-07-15,1.4285714285714286
Region III: Central Luzon,2,2020-07-16,1.5714285714285714
Region III: Central Luzon,1,2020-07-17,1.7142857142857142
Region III: Central Luzon,0,2020-07-18,1.5714285714285714
Region III: Central Luzon,1,2020-07-19,1.4285714285714286
Region III: Central Luzon,3,2020-07-20,1.7142857142857142
Region III: Central Luzon,1,2020-07-21,1.2857142857142858
Region III: Central Luzon,1,2020-07-22,1.2857142857142858
Region III: Central Luzon,0,2020-07-23,1.0
Region III: Central Luzon,1,2020-07-24,1.0
Region III: Central Luzon,1,2020-07-25,1.1428571428571428
Region III: Central Luzon,0,2020-07-26,1.0
Region III: Central Luzon,2,2020-07-27,0.8571428571428571
Region III: Central Luzon,1,2020-07-28,0.8571428571428571
Region III: Central Luzon,4,2020-07-29,1.2857142857142858
Region III: Central Luzon,2,2020-07-30,1.5714285714285714
Region III: Central Luzon,0,2020-07-31,1.4285714285714286
Region III: Central Luzon,2,2020-08-01,1.5714285714285714
Region III: Central Luzon,2,2020-08-02,1.8571428571428572
Region III: Central Luzon,4,2020-08-03,2.142857142857143
Region III: Central Luzon,0,2020-08-04,2.0
Region III: Central Luzon,1,2020-08-05,1.5714285714285714
Region III: Central Luzon,2,2020-08-06,1.5714285714285714
Region III: Central Luzon,3,2020-08-07,2.0
Region III: Central Luzon,3,2020-08-08,2.142857142857143
Region III: Central Luzon,3,2020-08-09,2.2857142857142856
Region III: Central Luzon,3,2020-08-10,2.142857142857143
Region III: Central Luzon,3,2020-08-11,2.5714285714285716
Region III: Central Luzon,6,2020-08-12,3.2857142857142856
Region III: Central Luzon,6,2020-08-13,3.857142857142857
Region III: Central Luzon,3,2020-08-14,3.857142857142857
Region III: Central Luzon,7,2020-08-15,4.428571428571429
Region III: Central Luzon,4,2020-08-16,4.571428571428571
Region III: Central Luzon,5,2020-08-17,4.857142857142857
Region III: Central Luzon,2,2020-08-18,4.714285714285714
Region III: Central Luzon,10,2020-08-19,5.285714285714286
Region III: Central Luzon,3,2020-08-20,4.857142857142857
Region III: Central Luzon,9,2020-08-21,5.714285714285714
Region III: Central Luzon,1,2020-08-22,4.857142857142857
Region III: Central Luzon,6,2020-08-23,5.142857142857143
Region III: Central Luzon,1,2020-08-24,4.571428571428571
Region III: Central Luzon,10,2020-08-25,5.714285714285714
Region III: Central Luzon,5,2020-08-26,5.0
Region III: Central Luzon,5,2020-08-27,5.285714285714286
Region III: Central Luzon,9,2020-08-28,5.285714285714286
Region III: Central Luzon,8,2020-08-29,6.285714285714286
Region III: Central Luzon,5,2020-08-30,6.142857142857143
Region III: Central Luzon,12,2020-08-31,7.714285714285714
Region III: Central Luzon,12,2020-09-01,8.0
Region III: Central Luzon,9,2020-09-02,8.571428571428571
Region III: Central Luzon,16,2020-09-03,10.142857142857142
Region III: Central Luzon,14,2020-09-04,10.857142857142858
Region III: Central Luzon,22,2020-09-05,12.857142857142858
Region III: Central Luzon,6,2020-09-06,13.0
Region III: Central Luzon,7,2020-09-07,12.285714285714286
Region III: Central Luzon,5,2020-09-08,11.285714285714286
Region III: Central Luzon,6,2020-09-09,10.857142857142858
Region III: Central Luzon,14,2020-09-10,10.571428571428571
Region III: Central Luzon,6,2020-09-11,9.428571428571429
Region III: Central Luzon,8,2020-09-12,7.428571428571429
Region III: Central Luzon,7,2020-09-13,7.571428571428571
Region III: Central Luzon,6,2020-09-14,7.428571428571429
Region III: Central Luzon,2,2020-09-15,7.0
Region III: Central Luzon,14,2020-09-16,8.142857142857142
Region III: Central Luzon,8,2020-09-17,7.285714285714286
Region III: Central Luzon,10,2020-09-18,7.857142857142857
Region III: Central Luzon,6,2020-09-19,7.571428571428571
Region III: Central Luzon,9,2020-09-20,7.857142857142857
Region III: Central Luzon,11,2020-09-21,8.571428571428571
Region III: Central Luzon,2,2020-09-22,8.571428571428571
Region III: Central Luzon,4,2020-09-23,7.142857142857143
Region III: Central Luzon,14,2020-09-24,8.0
Region III: Central Luzon,8,2020-09-25,7.714285714285714
Region III: Central Luzon,12,2020-09-26,8.571428571428571
Region III: Central Luzon,12,2020-09-27,9.0
Region III: Central Luzon,4,2020-09-28,8.0
Region III: Central Luzon,8,2020-09-29,8.857142857142858
Region III: Central Luzon,11,2020-09-30,9.857142857142858
Region III: Central Luzon,23,2020-10-01,11.142857142857142
Region III: Central Luzon,12,2020-10-02,11.714285714285714
Region III: Central Luzon,13,2020-10-03,11.857142857142858
Region III: Central Luzon,9,2020-10-04,11.428571428571429
Region III: Central Luzon,3,2020-10-05,11.285714285714286
Region III: Central Luzon,20,2020-10-06,13.0
Region III: Central Luzon,16,2020-10-07,13.714285714285714
Region III: Central Luzon,14,2020-10-08,12.428571428571429
Region III: Central Luzon,5,2020-10-09,11.428571428571429
Region III: Central Luzon,8,2020-10-10,10.714285714285714
Region III: Central Luzon,0,2020-10-11,9.428571428571429
Region III: Central Luzon,2,2020-10-12,9.285714285714286
Region III: Central Luzon,1,2020-10-13,6.571428571428571
Region III: Central Luzon,1,2020-10-14,4.428571428571429
Region III: Central Luzon,0,2020-10-15,2.4285714285714284
Region III: Central Luzon,2,2020-10-16,2.0
Region III: Central Luzon,0,2020-10-17,0.8571428571428571
Region III: Central Luzon,0,2020-10-18,0.8571428571428571
Region III: Central Luzon,0,2020-10-19,0.5714285714285714
Region III: Central Luzon,3,2020-10-20,0.8571428571428571
Region III: Central Luzon,3,2020-10-21,1.1428571428571428
Region III: Central Luzon,3,2020-10-22,1.5714285714285714
Region III: Central Luzon,0,2020-10-23,1.2857142857142858
Region III: Central Luzon,1,2020-10-24,1.4285714285714286
Region III: Central Luzon,2,2020-10-25,1.7142857142857142
Region III: Central Luzon,2,2020-10-26,2.0
Region III: Central Luzon,2,2020-10-27,1.8571428571428572
Region III: Central Luzon,5,2020-10-28,2.142857142857143
Region III: Central Luzon,0,2020-10-29,1.7142857142857142
Region III: Central Luzon,3,2020-10-30,2.142857142857143
Region III: Central Luzon,2,2020-10-31,2.2857142857142856
Region III: Central Luzon,1,2020-11-01,2.142857142857143
Region III: Central Luzon,2,2020-11-02,2.142857142857143
Region III: Central Luzon,2,2020-11-03,2.142857142857143
Region III: Central Luzon,0,2020-11-04,1.4285714285714286
Region III: Central Luzon,1,2020-11-05,1.5714285714285714
Region III: Central Luzon,0,2020-11-06,1.1428571428571428
Region III: Central Luzon,1,2020-11-07,1.0
Region III: Central Luzon,0,2020-11-08,0.8571428571428571
Region III: Central Luzon,1,2020-11-09,0.7142857142857143
Region III: Central Luzon,3,2020-11-10,0.8571428571428571
Region III: Central Luzon,0,2020-11-11,0.8571428571428571
Region III: Central Luzon,22,2020-11-12,3.857142857142857
Region III: Central Luzon,1,2020-11-13,4.0
Region III: Central Luzon,4,2020-11-14,4.428571428571429
Region III: Central Luzon,2,2020-11-15,4.714285714285714
Region III: Central Luzon,1,2020-11-16,4.714285714285714
Region III: Central Luzon,0,2020-11-17,4.285714285714286
Region III: Central Luzon,3,2020-11-18,4.714285714285714
Region III: Central Luzon,1,2020-11-19,1.7142857142857142
Region III: Central Luzon,1,2020-11-20,1.7142857142857142
Region III: Central Luzon,2,2020-11-21,1.4285714285714286
Region III: Central Luzon,0,2020-11-22,1.1428571428571428
Region III: Central Luzon,1,2020-11-23,1.1428571428571428
Region III: Central Luzon,1,2020-11-24,1.2857142857142858
Region III: Central Luzon,0,2020-11-25,0.8571428571428571
Region III: Central Luzon,0,2020-11-26,0.7142857142857143
Region III: Central Luzon,4,2020-11-27,1.1428571428571428
Region III: Central Luzon,1,2020-11-28,1.0
Region III: Central Luzon,2,2020-11-29,1.2857142857142858
Region III: Central Luzon,0,2020-11-30,1.1428571428571428
Region III: Central Luzon,2,2020-12-01,1.2857142857142858
Region III: Central Luzon,0,2020-12-02,1.2857142857142858
Region III: Central Luzon,1,2020-12-03,1.4285714285714286
Region III: Central Luzon,4,2020-12-04,1.4285714285714286
Region III: Central Luzon,0,2020-12-05,1.2857142857142858
Region III: Central Luzon,1,2020-12-06,1.1428571428571428
Region III: Central Luzon,2,2020-12-07,1.4285714285714286
Region III: Central Luzon,10,2020-12-08,2.5714285714285716
Region III: Central Luzon,1,2020-12-09,2.7142857142857144
Region III: Central Luzon,2,2020-12-10,2.857142857142857
Region III: Central Luzon,2,2020-12-11,2.5714285714285716
Region III: Central Luzon,1,2020-12-12,2.7142857142857144
Region III: Central Luzon,2,2020-12-13,2.857142857142857
Region III: Central Luzon,0,2020-12-14,2.5714285714285716
Region III: Central Luzon,3,2020-12-15,1.5714285714285714
Region III: Central Luzon,3,2020-12-16,1.8571428571428572
Region III: Central Luzon,1,2020-12-17,1.7142857142857142
Region III: Central Luzon,2,2020-12-18,1.7142857142857142
Region III: Central Luzon,1,2020-12-19,1.7142857142857142
Region III: Central Luzon,4,2020-12-20,2.0
Region III: Central Luzon,0,2020-12-21,2.0
Region III: Central Luzon,0,2020-12-22,1.5714285714285714
Region III: Central Luzon,3,2020-12-23,1.5714285714285714
Region III: Central Luzon,0,2020-12-24,1.4285714285714286
Region III: Central Luzon,0,2020-12-25,1.1428571428571428
Region III: Central Luzon,0,2020-12-26,1.0
Region III: Central Luzon,7,2020-12-27,1.4285714285714286
Region III: Central Luzon,0,2020-12-28,1.4285714285714286
Region III: Central Luzon,0,2020-12-29,1.4285714285714286
Region III: Central Luzon,1,2020-12-30,1.1428571428571428
Region III: Central Luzon,1,2020-12-31,1.2857142857142858
Region III: Central Luzon,1,2021-01-01,1.4285714285714286
Region III: Central Luzon,3,2021-01-02,1.8571428571428572
Region III: Central Luzon,5,2021-01-03,1.5714285714285714
Region III: Central Luzon,3,2021-01-04,2.0
Region III: Central Luzon,1,2021-01-05,2.142857142857143
Region III: Central Luzon,1,2021-01-06,2.142857142857143
Region III: Central Luzon,1,2021-01-07,2.142857142857143
Region III: Central Luzon,2,2021-01-08,2.2857142857142856
Region III: Central Luzon,1,2021-01-09,2.0
Region III: Central Luzon,0,2021-01-10,1.2857142857142858
Region III: Central Luzon,1,2021-01-11,1.0
Region III: Central Luzon,3,2021-01-12,1.2857142857142858
Region III: Central Luzon,7,2021-01-13,2.142857142857143
Region III: Central Luzon,7,2021-01-14,3.0
Region III: Central Luzon,1,2021-01-15,2.857142857142857
Region III: Central Luzon,3,2021-01-16,3.142857142857143
Region III: Central Luzon,0,2021-01-17,3.142857142857143
Region III: Central Luzon,0,2021-01-18,3.0
Region III: Central Luzon,1,2021-01-19,2.7142857142857144
Region III: Central Luzon,0,2021-01-20,1.7142857142857142
Region III: Central Luzon,2,2021-01-21,1.0
Region III: Central Luzon,2,2021-01-22,1.1428571428571428
Region III: Central Luzon,0,2021-01-23,0.7142857142857143
Region III: Central Luzon,0,2021-01-24,0.7142857142857143
Region III: Central Luzon,1,2021-01-25,0.8571428571428571
Region III: Central Luzon,2,2021-01-26,1.0
Region III: Central Luzon,1,2021-01-27,1.1428571428571428
Region III: Central Luzon,3,2021-01-28,1.2857142857142858
Region III: Central Luzon,1,2021-01-29,1.1428571428571428
Region III: Central Luzon,1,2021-01-30,1.2857142857142858
Region III: Central Luzon,2,2021-01-31,1.5714285714285714
Region III: Central Luzon,1,2021-02-01,1.5714285714285714
Region III: Central Luzon,2,2021-02-02,1.5714285714285714
Region III: Central Luzon,5,2021-02-03,2.142857142857143
Region III: Central Luzon,3,2021-02-04,2.142857142857143
Region III: Central Luzon,6,2021-02-05,2.857142857142857
Region III: Central Luzon,1,2021-02-06,2.857142857142857
Region III: Central Luzon,0,2021-02-07,2.5714285714285716
Region III: Central Luzon,1,2021-02-08,2.5714285714285716
Region III: Central Luzon,0,2021-02-09,2.2857142857142856
Region III: Central Luzon,1,2021-02-10,1.7142857142857142
Region III: Central Luzon,2,2021-02-11,1.5714285714285714
Region III: Central Luzon,4,2021-02-12,1.2857142857142858
Region III: Central Luzon,2,2021-02-13,1.4285714285714286
Region III: Central Luzon,1,2021-02-14,1.5714285714285714
Region III: Central Luzon,1,2021-02-15,1.5714285714285714
Region III: Central Luzon,0,2021-02-16,1.5714285714285714
Region III: Central Luzon,1,2021-02-17,1.5714285714285714
Region III: Central Luzon,0,2021-02-18,1.2857142857142858
Region III: Central Luzon,4,2021-02-19,1.2857142857142858
Region III: Central Luzon,3,2021-02-20,1.4285714285714286
Region III: Central Luzon,1,2021-02-21,1.4285714285714286
Region III: Central Luzon,0,2021-02-22,1.2857142857142858
Region III: Central Luzon,2,2021-02-23,1.5714285714285714
Region III: Central Luzon,3,2021-02-24,1.8571428571428572
Region III: Central Luzon,0,2021-02-25,1.8571428571428572
Region III: Central Luzon,1,2021-02-26,1.4285714285714286
Region III: Central Luzon,3,2021-02-27,1.4285714285714286
Region III: Central Luzon,1,2021-02-28,1.4285714285714286
Region III: Central Luzon,2,2021-03-01,1.7142857142857142
Region III: Central Luzon,2,2021-03-02,1.7142857142857142
Region III: Central Luzon,1,2021-03-03,1.4285714285714286
Region III: Central Luzon,2,2021-03-04,1.7142857142857142
Region III: Central Luzon,4,2021-03-05,2.142857142857143
Region III: Central Luzon,1,2021-03-06,1.8571428571428572
Region III: Central Luzon,1,2021-03-07,1.8571428571428572
Region III: Central Luzon,1,2021-03-08,1.7142857142857142
Region III: Central Luzon,6,2021-03-09,2.2857142857142856
Region III: Central Luzon,4,2021-03-10,2.7142857142857144
Region III: Central Luzon,5,2021-03-11,3.142857142857143
Region III: Central Luzon,3,2021-03-12,3.0
Region III: Central Luzon,0,2021-03-13,2.857142857142857
Region III: Central Luzon,4,2021-03-14,3.2857142857142856
Region III: Central Luzon,2,2021-03-15,3.4285714285714284
Region III: Central Luzon,1,2021-03-16,2.7142857142857144
Region III: Central Luzon,4,2021-03-17,2.7142857142857144
Region III: Central Luzon,5,2021-03-18,2.7142857142857144
Region III: Central Luzon,6,2021-03-19,3.142857142857143
Region III: Central Luzon,5,2021-03-20,3.857142857142857
Region III: Central Luzon,3,2021-03-21,3.7142857142857144
Region III: Central Luzon,4,2021-03-22,4.0
Region III: Central Luzon,6,2021-03-23,4.714285714285714
Region III: Central Luzon,11,2021-03-24,5.714285714285714
Region III: Central Luzon,7,2021-03-25,6.0
Region III: Central Luzon,10,2021-03-26,6.571428571428571
Region III: Central Luzon,12,2021-03-27,7.571428571428571
Region III: Central Luzon,10,2021-03-28,8.571428571428571
Region III: Central Luzon,5,2021-03-29,8.714285714285714
Region III: Central Luzon,8,2021-03-30,9.0
Region III: Central Luzon,17,2021-03-31,9.857142857142858
Region III: Central Luzon,15,2021-04-01,11.0
Region III: Central Luzon,7,2021-04-02,10.571428571428571
Region III: Central Luzon,7,2021-04-03,9.857142857142858
Region III: Central Luzon,9,2021-04-04,9.714285714285714
Region III: Central Luzon,6,2021-04-05,9.857142857142858
Region III: Central Luzon,14,2021-04-06,10.714285714285714
Region III: Central Luzon,4,2021-04-07,8.857142857142858
Region III: Central Luzon,18,2021-04-08,9.285714285714286
Region III: Central Luzon,17,2021-04-09,10.714285714285714
Region III: Central Luzon,11,2021-04-10,11.285714285714286
Region III: Central Luzon,12,2021-04-11,11.714285714285714
Region III: Central Luzon,16,2021-04-12,13.142857142857142
Region III: Central Luzon,25,2021-04-13,14.714285714285714
Region III: Central Luzon,13,2021-04-14,16.0
Region III: Central Luzon,13,2021-04-15,15.285714285714286
Region III: Central Luzon,11,2021-04-16,14.428571428571429
Region III: Central Luzon,12,2021-04-17,14.571428571428571
Region III: Central Luzon,8,2021-04-18,14.0
Region III: Central Luzon,16,2021-04-19,14.0
Region III: Central Luzon,3,2021-04-20,10.857142857142858
Region III: Central Luzon,3,2021-04-21,9.428571428571429
Region III: Central Luzon,9,2021-04-22,8.857142857142858
Region III: Central Luzon,8,2021-04-23,8.428571428571429
Region III: Central Luzon,6,2021-04-24,7.571428571428571
Region III: Central Luzon,6,2021-04-25,7.285714285714286
Region III: Central Luzon,10,2021-04-26,6.428571428571429
Region III: Central Luzon,1,2021-04-27,6.142857142857143
Region III: Central Luzon,6,2021-04-28,6.571428571428571
Region III: Central Luzon,6,2021-04-29,6.142857142857143
Region III: Central Luzon,3,2021-04-30,5.428571428571429
Region III: Central Luzon,6,2021-05-01,5.428571428571429
Region III: Central Luzon,6,2021-05-02,5.428571428571429
Region III: Central Luzon,2,2021-05-03,4.285714285714286
Region III: Central Luzon,7,2021-05-04,5.142857142857143
Region III: Central Luzon,7,2021-05-05,5.285714285714286
Region III: Central Luzon,3,2021-05-06,4.857142857142857
Region III: Central Luzon,8,2021-05-07,5.571428571428571
Region III: Central Luzon,6,2021-05-08,5.571428571428571
Region III: Central Luzon,1,2021-05-09,4.857142857142857
Region III: Central Luzon,4,2021-05-10,5.142857142857143
Region III: Central Luzon,2,2021-05-11,4.428571428571429
Region III: Central Luzon,2,2021-05-12,3.7142857142857144
Region III: Central Luzon,4,2021-05-13,3.857142857142857
Region III: Central Luzon,5,2021-05-14,3.4285714285714284
Region III: Central Luzon,0,2021-05-15,2.5714285714285716
Region III: Central Luzon,5,2021-05-16,3.142857142857143
Region III: Central Luzon,4,2021-05-17,3.142857142857143
Region III: Central Luzon,6,2021-05-18,3.7142857142857144
Region III: Central Luzon,4,2021-05-19,4.0
Region III: Central Luzon,2,2021-05-20,3.7142857142857144
Region III: Central Luzon,0,2021-05-21,3.0
Region III: Central Luzon,1,2021-05-22,3.142857142857143
Region III: Central Luzon,3,2021-05-23,2.857142857142857
Region III: Central Luzon,1,2021-05-24,2.4285714285714284
Region III: Central Luzon,4,2021-05-25,2.142857142857143
Region III: Central Luzon,0,2021-05-26,1.5714285714285714
Region III: Central Luzon,3,2021-05-27,1.7142857142857142
Region III: Central Luzon,1,2021-05-28,1.8571428571428572
Region III: Central Luzon,2,2021-05-29,2.0
Region III: Central Luzon,5,2021-05-30,2.2857142857142856
Region III: Central Luzon,1,2021-05-31,2.2857142857142856
Region III: Central Luzon,5,2021-06-01,2.4285714285714284
Region III: Central Luzon,1,2021-06-02,2.5714285714285716
Region III: Central Luzon,3,2021-06-03,2.5714285714285716
Region III: Central Luzon,1,2021-06-04,2.5714285714285716
Region III: Central Luzon,5,2021-06-05,3.0
Region III: Central Luzon,5,2021-06-06,3.0
Region III: Central Luzon,0,2021-06-07,2.857142857142857
Region III: Central Luzon,2,2021-06-08,2.4285714285714284
Region III: Central Luzon,0,2021-06-09,2.2857142857142856
Region III: Central Luzon,5,2021-06-10,2.5714285714285716
Region III: Central Luzon,1,2021-06-11,2.5714285714285716
Region III: Central Luzon,4,2021-06-12,2.4285714285714284
Region III: Central Luzon,2,2021-06-13,2.0
Region III: Central Luzon,4,2021-06-14,2.5714285714285716
Region III: Central Luzon,2,2021-06-15,2.5714285714285716
Region III: Central Luzon,2,2021-06-16,2.857142857142857
Region III: Central Luzon,3,2021-06-17,2.5714285714285716
Region III: Central Luzon,1,2021-06-18,2.5714285714285716
Region III: Central Luzon,4,2021-06-19,2.5714285714285716
Region III: Central Luzon,3,2021-06-20,2.7142857142857144
Region III: Central Luzon,3,2021-06-21,2.5714285714285716
Region III: Central Luzon,1,2021-06-22,2.4285714285714284
Region III: Central Luzon,4,2021-06-23,2.7142857142857144
Region III: Central Luzon,1,2021-06-24,2.4285714285714284
Region III: Central Luzon,1,2021-06-25,2.4285714285714284
Region III: Central Luzon,1,2021-06-26,2.0
Region III: Central Luzon,1,2021-06-27,1.7142857142857142
Region III: Central Luzon,2,2021-06-28,1.5714285714285714
Region III: Central Luzon,0,2021-06-29,1.4285714285714286
Region III: Central Luzon,3,2021-06-30,1.2857142857142858
Region III: Central Luzon,4,2021-07-01,1.7142857142857142
Region III: Central Luzon,0,2021-07-02,1.5714285714285714
Region III: Central Luzon,3,2021-07-03,1.8571428571428572
Region III: Central Luzon,2,2021-07-04,2.0
Region III: Central Luzon,2,2021-07-05,2.0
Region III: Central Luzon,0,2021-07-06,2.0
Region III: Central Luzon,0,2021-07-07,1.5714285714285714
Region III: Central Luzon,0,2021-07-08,1.0
Region III: Central Luzon,0,2021-07-09,1.0
Region III: Central Luzon,0,2021-07-10,0.5714285714285714
Region III: Central Luzon,1,2021-07-11,0.42857142857142855
Region III: Central Luzon,0,2021-07-12,0.14285714285714285
Region III: Central Luzon,2,2021-07-13,0.42857142857142855
Region III: Central Luzon,5,2021-07-14,1.1428571428571428
Region III: Central Luzon,2,2021-07-15,1.4285714285714286
Region III: Central Luzon,3,2021-07-16,1.8571428571428572
Region III: Central Luzon,0,2021-07-17,1.8571428571428572
Region III: Central Luzon,3,2021-07-18,2.142857142857143
Region III: Central Luzon,1,2021-07-19,2.2857142857142856
Region III: Central Luzon,5,2021-07-20,2.7142857142857144
Region III: Central Luzon,1,2021-07-21,2.142857142857143
Region III: Central Luzon,2,2021-07-22,2.142857142857143
Region III: Central Luzon,0,2021-07-23,1.7142857142857142
Region III: Central Luzon,0,2021-07-24,1.7142857142857142
Region III: Central Luzon,3,2021-07-25,1.7142857142857142
Region III: Central Luzon,0,2021-07-26,1.5714285714285714
Region III: Central Luzon,3,2021-07-27,1.2857142857142858
Region III: Central Luzon,1,2021-07-28,1.2857142857142858
Region III: Central Luzon,2,2021-07-29,1.2857142857142858
Region III: Central Luzon,2,2021-07-30,1.5714285714285714
Region III: Central Luzon,1,2021-07-31,1.7142857142857142
Region III: Central Luzon,1,2021-08-01,1.4285714285714286
Region III: Central Luzon,3,2021-08-02,1.8571428571428572
Region III: Central Luzon,1,2021-08-03,1.5714285714285714
Region III: Central Luzon,2,2021-08-04,1.7142857142857142
Region III: Central Luzon,2,2021-08-05,1.7142857142857142
Region III: Central Luzon,1,2021-08-06,1.5714285714285714
Region III: Central Luzon,1,2021-08-07,1.5714285714285714
Region III: Central Luzon,2,2021-08-08,1.7142857142857142
Region III: Central Luzon,2,2021-08-09,1.5714285714285714
Region III: Central Luzon,2,2021-08-10,1.7142857142857142
Region III: Central Luzon,4,2021-08-11,2.0
Region III: Central Luzon,7,2021-08-12,2.7142857142857144
Region III: Central Luzon,2,2021-08-13,2.857142857142857
Region III: Central Luzon,9,2021-08-14,4.0
Region III: Central Luzon,3,2021-08-15,4.142857142857143
Region III: Central Luzon,11,2021-08-16,5.428571428571429
Region III: Central Luzon,2,2021-08-17,5.428571428571429
Region III: Central Luzon,4,2021-08-18,5.428571428571429
Region III: Central Luzon,7,2021-08-19,5.428571428571429
Region III: Central Luzon,4,2021-08-20,5.714285714285714
Region III: Central Luzon,4,2021-08-21,5.0
Region III: Central Luzon,4,2021-08-22,5.142857142857143
Region III: Central Luzon,7,2021-08-23,4.571428571428571
Region III: Central Luzon,5,2021-08-24,5.0
Region III: Central Luzon,4,2021-08-25,5.0
Region III: Central Luzon,4,2021-08-26,4.571428571428571
Region III: Central Luzon,4,2021-08-27,4.571428571428571
Region III: Central Luzon,6,2021-08-28,4.857142857142857
Region III: Central Luzon,3,2021-08-29,4.714285714285714
Region III: Central Luzon,6,2021-08-30,4.571428571428571
Region III: Central Luzon,7,2021-08-31,4.857142857142857
Region III: Central Luzon,9,2021-09-01,5.571428571428571
Region III: Central Luzon,11,2021-09-02,6.571428571428571
Region III: Central Luzon,14,2021-09-03,8.0
Region III: Central Luzon,8,2021-09-04,8.285714285714286
Region III: Central Luzon,8,2021-09-05,9.0
Region III: Central Luzon,8,2021-09-06,9.285714285714286
Region III: Central Luzon,13,2021-09-07,10.142857142857142
Region III: Central Luzon,14,2021-09-08,10.857142857142858
Region III: Central Luzon,23,2021-09-09,12.571428571428571
Region III: Central Luzon,27,2021-09-10,14.428571428571429
Region III: Central Luzon,36,2021-09-11,18.428571428571427
Region III: Central Luzon,25,2021-09-12,20.857142857142858
Region III: Central Luzon,49,2021-09-13,26.714285714285715
Region III: Central Luzon,41,2021-09-14,30.714285714285715
Region III: Central Luzon,15,2021-09-15,30.857142857142858
Region III: Central Luzon,5,2021-09-16,28.285714285714285
Region III: Central Luzon,12,2021-09-17,26.142857142857142
Region III: Central Luzon,18,2021-09-18,23.571428571428573
Region III: Central Luzon,27,2021-09-19,23.857142857142858
Region III: Central Luzon,64,2021-09-20,26.0
Region III: Central Luzon,37,2021-09-21,25.428571428571427
Region III: Central Luzon,12,2021-09-22,25.0
Region III: Central Luzon,3,2021-09-23,24.714285714285715
Region III: Central Luzon,2,2021-09-24,23.285714285714285
Region III: Central Luzon,5,2021-09-25,21.428571428571427
Region III: Central Luzon,6,2021-09-26,18.428571428571427
Region III: Central Luzon,4,2021-09-27,9.857142857142858
Region III: Central Luzon,2,2021-09-28,4.857142857142857
Region III: Central Luzon,1,2021-09-29,3.2857142857142856
Region III: Central Luzon,6,2021-09-30,3.7142857142857144
Region III: Central Luzon,1,2021-10-01,3.5714285714285716
Region III: Central Luzon,2,2021-10-02,3.142857142857143
Region III: Central Luzon,2,2021-10-03,2.5714285714285716
Region III: Central Luzon,0,2021-10-04,2.0
Region III: Central Luzon,5,2021-10-05,2.4285714285714284
Region III: Central Luzon,2,2021-10-06,2.5714285714285716
Region III: Central Luzon,7,2021-10-07,2.7142857142857144
Region III: Central Luzon,8,2021-10-08,3.7142857142857144
Region III: Central Luzon,6,2021-10-09,4.285714285714286
Region III: Central Luzon,2,2021-10-10,4.285714285714286
Region III: Central Luzon,8,2021-10-11,5.428571428571429
Region III: Central Luzon,2,2021-10-12,5.0
Region III: Central Luzon,8,2021-10-13,5.857142857142857
Region III: Central Luzon,9,2021-10-14,6.142857142857143
Region III: Central Luzon,10,2021-10-15,6.428571428571429
Region III: Central Luzon,12,2021-10-16,7.285714285714286
Region III: Central Luzon,14,2021-10-17,9.0
Region III: Central Luzon,18,2021-10-18,10.428571428571429
Region III: Central Luzon,4,2021-10-19,10.714285714285714
Region III: Central Luzon,2,2021-10-20,9.857142857142858
Region III: Central Luzon,6,2021-10-21,9.428571428571429
Region III: Central Luzon,8,2021-10-22,9.142857142857142
Region III: Central Luzon,8,2021-10-23,8.571428571428571
Region III: Central Luzon,0,2021-10-24,6.571428571428571
Region III: Central Luzon,3,2021-10-25,4.428571428571429
Region III: Central Luzon,2,2021-10-26,4.142857142857143
Region III: Central Luzon,4,2021-10-27,4.428571428571429
Region III: Central Luzon,11,2021-10-28,5.142857142857143
Region III: Central Luzon,2,2021-10-29,4.285714285714286
Region III: Central Luzon,2,2021-10-30,3.4285714285714284
Region III: Central Luzon,4,2021-10-31,4.0
Region III: Central Luzon,2,2021-11-01,3.857142857142857
Region III: Central Luzon,1,2021-11-02,3.7142857142857144
Region III: Central Luzon,0,2021-11-03,3.142857142857143
Region III: Central Luzon,3,2021-11-04,2.0
Region III: Central Luzon,5,2021-11-05,2.4285714285714284
Region III: Central Luzon,1,2021-11-06,2.2857142857142856
Region III: Central Luzon,1,2021-11-07,1.8571428571428572
Region III: Central Luzon,3,2021-11-08,2.0
Region III: Central Luzon,1,2021-11-09,2.0
Region III: Central Luzon,1,2021-11-10,2.142857142857143
Region III: Central Luzon,0,2021-11-11,1.7142857142857142
Region III: Central Luzon,0,2021-11-12,1.0
Region III: Central Luzon,0,2021-11-13,0.8571428571428571
Region III: Central Luzon,0,2021-11-14,0.7142857142857143
Region III: Central Luzon,0,2021-11-15,0.2857142857142857
Region III: Central Luzon,1,2021-11-16,0.2857142857142857
Region III: Central Luzon,0,2021-11-17,0.14285714285714285
Region III: Central Luzon,2,2021-11-18,0.42857142857142855
Region III: Central Luzon,1,2021-11-19,0.5714285714285714
Region III: Central Luzon,2,2021-11-20,0.8571428571428571
Region III: Central Luzon,0,2021-11-21,0.8571428571428571
Region III: Central Luzon,0,2021-11-22,0.8571428571428571
Region III: Central Luzon,0,2021-11-23,0.7142857142857143
Region III: Central Luzon,0,2021-11-24,0.7142857142857143
Region III: Central Luzon,1,2021-11-25,0.5714285714285714
Region III: Central Luzon,1,2021-11-26,0.5714285714285714
Region III: Central Luzon,0,2021-11-27,0.2857142857142857
Region III: Central Luzon,0,2021-11-28,0.2857142857142857
Region III: Central Luzon,0,2021-11-29,0.2857142857142857
Region III: Central Luzon,1,2021-11-30,0.42857142857142855
Region III: Central Luzon,1,2021-12-01,0.5714285714285714
Region III: Central Luzon,1,2021-12-02,0.5714285714285714
Region III: Central Luzon,0,2021-12-03,0.42857142857142855
Region III: Central Luzon,0,2021-12-04,0.42857142857142855
Region III: Central Luzon,0,2021-12-05,0.42857142857142855
Region III: Central Luzon,2,2021-12-06,0.7142857142857143
Region III: Central Luzon,1,2021-12-07,0.7142857142857143
Region III: Central Luzon,1,2021-12-08,0.7142857142857143
Region III: Central Luzon,0,2021-12-09,0.5714285714285714
Region III: Central Luzon,0,2021-12-10,0.5714285714285714
Region III: Central Luzon,0,2021-12-11,0.5714285714285714
Region III: Central Luzon,0,2021-12-12,0.5714285714285714
Region III: Central Luzon,0,2021-12-13,0.2857142857142857
Region III: Central Luzon,1,2021-12-14,0.2857142857142857
Region III: Central Luzon,0,2021-12-15,0.14285714285714285
Region III: Central Luzon,0,2021-12-16,0.14285714285714285
Region III: Central Luzon,0,2021-12-17,0.14285714285714285
Region III: Central Luzon,0,2021-12-18,0.14285714285714285
Region III: Central Luzon,1,2021-12-19,0.2857142857142857
Region III: Central Luzon,1,2021-12-20,0.42857142857142855
Region III: Central Luzon,0,2021-12-21,0.2857142857142857
Region III: Central Luzon,0,2021-12-22,0.2857142857142857
Region III: Central Luzon,1,2021-12-23,0.42857142857142855
Region III: Central Luzon,0,2021-12-24,0.42857142857142855
Region III: Central Luzon,0,2021-12-25,0.42857142857142855
Region III: Central Luzon,0,2021-12-26,0.2857142857142857
Region III: Central Luzon,1,2021-12-27,0.2857142857142857
Region III: Central Luzon,1,2021-12-28,0.42857142857142855
Region III: Central Luzon,0,2021-12-29,0.42857142857142855
Region III: Central Luzon,1,2021-12-30,0.42857142857142855
Region III: Central Luzon,0,2021-12-31,0.42857142857142855
Region III: Central Luzon,0,2022-01-01,0.42857142857142855
Region III: Central Luzon,0,2022-01-02,0.42857142857142855
Region III: Central Luzon,0,2022-01-03,0.2857142857142857
Region III: Central Luzon,0,2022-01-04,0.14285714285714285
Region III: Central Luzon,0,2022-01-05,0.14285714285714285
Region III: Central Luzon,0,2022-01-06,0.0
Region III: Central Luzon,3,2022-01-07,0.42857142857142855
Region III: Central Luzon,1,2022-01-08,0.5714285714285714
Region III: Central Luzon,6,2022-01-09,1.4285714285714286
Region III: Central Luzon,1,2022-01-10,1.5714285714285714
Region III: Central Luzon,2,2022-01-11,1.8571428571428572
Region III: Central Luzon,9,2022-01-12,3.142857142857143
Region III: Central Luzon,9,2022-01-13,4.428571428571429
Region III: Central Luzon,23,2022-01-14,7.285714285714286
Region III: Central Luzon,21,2022-01-15,10.142857142857142
Region III: Central Luzon,29,2022-01-16,13.428571428571429
Region III: Central Luzon,16,2022-01-17,15.571428571428571
Region III: Central Luzon,55,2022-01-18,23.142857142857142
Region III: Central Luzon,37,2022-01-19,27.142857142857142
Region III: Central Luzon,61,2022-01-20,34.57142857142857
Region III: Central Luzon,54,2022-01-21,39.0
Region III: Central Luzon,11,2022-01-22,37.57142857142857
Region III: Central Luzon,8,2022-01-23,34.57142857142857
Region III: Central Luzon,87,2022-01-24,44.714285714285715
Region III: Central Luzon,66,2022-01-25,46.285714285714285
Region III: Central Luzon,53,2022-01-26,48.57142857142857
Region III: Central Luzon,44,2022-01-27,46.142857142857146
Region III: Central Luzon,55,2022-01-28,46.285714285714285
Region III: Central Luzon,10,2022-01-29,46.142857142857146
Region III: Central Luzon,3,2022-01-30,45.42857142857143
Region III: Central Luzon,24,2022-01-31,36.42857142857143
Region III: Central Luzon,6,2022-02-01,27.857142857142858
Region III: Central Luzon,34,2022-02-02,25.142857142857142
Region III: Central Luzon,23,2022-02-03,22.142857142857142
Region III: Central Luzon,20,2022-02-04,17.142857142857142
Region III: Central Luzon,4,2022-02-05,16.285714285714285
Region III: Central Luzon,4,2022-02-06,16.428571428571427
Region III: Central Luzon,20,2022-02-07,15.857142857142858
Region III: Central Luzon,9,2022-02-08,16.285714285714285
Region III: Central Luzon,21,2022-02-09,14.428571428571429
Region III: Central Luzon,8,2022-02-10,12.285714285714286
Region III: Central Luzon,18,2022-02-11,12.0
Region III: Central Luzon,0,2022-02-12,11.428571428571429
Region III: Central Luzon,0,2022-02-13,10.857142857142858
Region III: Central Luzon,8,2022-02-14,9.142857142857142
Region III: Central Luzon,11,2022-02-15,9.428571428571429
Region III: Central Luzon,20,2022-02-16,9.285714285714286
Region III: Central Luzon,13,2022-02-17,10.0
Region III: Central Luzon,2,2022-02-18,7.714285714285714
Region III: Central Luzon,1,2022-02-19,7.857142857142857
Region III: Central Luzon,1,2022-02-20,8.0
Region III: Central Luzon,8,2022-02-21,8.0
Region III: Central Luzon,3,2022-02-22,6.857142857142857
Region III: Central Luzon,11,2022-02-23,5.571428571428571
Region III: Central Luzon,2,2022-02-24,4.0
Region III: Central Luzon,0,2022-02-25,3.7142857142857144
Region III: Central Luzon,0,2022-02-26,3.5714285714285716
Region III: Central Luzon,0,2022-02-27,3.4285714285714284
Region III: Central Luzon,0,2022-02-28,2.2857142857142856
Region III: Central Luzon,3,2022-03-01,2.2857142857142856
Region III: Central Luzon,9,2022-03-02,2.0
Region III: Central Luzon,2,2022-03-03,2.0
Region III: Central Luzon,1,2022-03-04,2.142857142857143
Region III: Central Luzon,0,2022-03-05,2.142857142857143
Region III: Central Luzon,1,2022-03-06,2.2857142857142856
Region III: Central Luzon,2,2022-03-07,2.5714285714285716
Region III: Central Luzon,3,2022-03-08,2.5714285714285716
Region III: Central Luzon,3,2022-03-09,1.7142857142857142
Region III: Central Luzon,1,2022-03-10,1.5714285714285714
Region III: Central Luzon,2,2022-03-11,1.7142857142857142
Region III: Central Luzon,0,2022-03-12,1.7142857142857142
Region III: Central Luzon,1,2022-03-13,1.7142857142857142
Region III: Central Luzon,4,2022-03-14,2.0
Region III: Central Luzon,0,2022-03-15,1.5714285714285714
Region III: Central Luzon,1,2022-03-16,1.2857142857142858
Region III: Central Luzon,4,2022-03-17,1.7142857142857142
Region III: Central Luzon,3,2022-03-18,1.8571428571428572
Region III: Central Luzon,0,2022-03-19,1.8571428571428572
Region III: Central Luzon,0,2022-03-20,1.7142857142857142
Region III: Central Luzon,0,2022-03-21,1.1428571428571428
Region III: Central Luzon,0,2022-03-22,1.1428571428571428
Region III: Central Luzon,9,2022-03-23,2.2857142857142856
Region III: Central Luzon,5,2022-03-24,2.4285714285714284
Region III: Central Luzon,0,2022-03-25,2.0
Region III: Central Luzon,0,2022-03-26,2.0
Region III: Central Luzon,1,2022-03-27,2.142857142857143
Region III: Central Luzon,5,2022-03-28,2.857142857142857
Region III: Central Luzon,0,2022-03-29,2.857142857142857
Region III: Central Luzon,7,2022-03-30,2.5714285714285716
Region III: Central Luzon,0,2022-03-31,1.8571428571428572
Region III: Central Luzon,5,2022-04-01,2.5714285714285716
Region III: Central Luzon,3,2022-04-02,3.0
Region III: Central Luzon,0,2022-04-03,2.857142857142857
Region III: Central Luzon,6,2022-04-04,3.0
Region III: Central Luzon,5,2022-04-05,3.7142857142857144
Region III: Central Luzon,1,2022-04-06,2.857142857142857
Region III: Central Luzon,7,2022-04-07,3.857142857142857
Region III: Central Luzon,3,2022-04-08,3.5714285714285716
Region III: Central Luzon,1,2022-04-09,3.2857142857142856
Region III: Central Luzon,1,2022-04-10,3.4285714285714284
Region III: Central Luzon,2,2022-04-11,2.857142857142857
Region III: Central Luzon,0,2022-04-12,2.142857142857143
Region III: Central Luzon,0,2022-04-13,2.0
Region III: Central Luzon,2,2022-04-14,1.2857142857142858
Region III: Central Luzon,3,2022-04-15,1.2857142857142858
Region III: Central Luzon,3,2022-04-16,1.5714285714285714
Region III: Central Luzon,1,2022-04-17,1.5714285714285714
Region III: Central Luzon,3,2022-04-18,1.7142857142857142
Region III: Central Luzon,2,2022-04-19,2.0
Region III: Central Luzon,7,2022-04-20,3.0
Region III: Central Luzon,2,2022-04-21,3.0
Region III: Central Luzon,0,2022-04-22,2.5714285714285716
Region III: Central Luzon,3,2022-04-23,2.5714285714285716
Region III: Central Luzon,0,2022-04-24,2.4285714285714284
Region III: Central Luzon,3,2022-04-25,2.4285714285714284
Region III: Central Luzon,0,2022-04-26,2.142857142857143
Region III: Central Luzon,3,2022-04-27,1.5714285714285714
