region,count,date,7DayMA
Region IV-A: CALABARZON,1,2020-03-11,
Region IV-A: CALABARZON,1,2020-03-12,
Region IV-A: CALABARZON,0,2020-03-13,
Region IV-A: CALABARZON,0,2020-03-14,
Region IV-A: CALABARZON,0,2020-03-15,
Region IV-A: CALABARZON,0,2020-03-16,
Region IV-A: CALABARZON,1,2020-03-17,0.42857142857142855
Region IV-A: CALABARZON,0,2020-03-18,0.2857142857142857
Region IV-A: CALABARZON,0,2020-03-19,0.14285714285714285
Region IV-A: CALABARZON,0,2020-03-20,0.14285714285714285
Region IV-A: CALABARZON,0,2020-03-21,0.14285714285714285
Region IV-A: CALABARZON,0,2020-03-22,0.14285714285714285
Region IV-A: CALABARZON,5,2020-03-23,0.8571428571428571
Region IV-A: CALABARZON,0,2020-03-24,0.7142857142857143
Region IV-A: CALABARZON,0,2020-03-25,0.7142857142857143
Region IV-A: CALABARZON,0,2020-03-26,0.7142857142857143
Region IV-A: CALABARZON,0,2020-03-27,0.7142857142857143
Region IV-A: CALABARZON,0,2020-03-28,0.7142857142857143
Region IV-A: CALABARZON,1,2020-03-29,0.8571428571428571
Region IV-A: CALABARZON,3,2020-03-30,0.5714285714285714
Region IV-A: CALABARZON,2,2020-03-31,0.8571428571428571
Region IV-A: CALABARZON,0,2020-04-01,0.8571428571428571
Region IV-A: CALABARZON,3,2020-04-02,1.2857142857142858
Region IV-A: CALABARZON,1,2020-04-03,1.4285714285714286
Region IV-A: CALABARZON,3,2020-04-04,1.8571428571428572
Region IV-A: CALABARZON,3,2020-04-05,2.142857142857143
Region IV-A: CALABARZON,2,2020-04-06,2.0
Region IV-A: CALABARZON,1,2020-04-07,1.8571428571428572
Region IV-A: CALABARZON,3,2020-04-08,2.2857142857142856
Region IV-A: CALABARZON,0,2020-04-09,1.8571428571428572
Region IV-A: CALABARZON,1,2020-04-10,1.8571428571428572
Region IV-A: CALABARZON,2,2020-04-11,1.7142857142857142
Region IV-A: CALABARZON,2,2020-04-12,1.5714285714285714
Region IV-A: CALABARZON,2,2020-04-13,1.5714285714285714
Region IV-A: CALABARZON,0,2020-04-14,1.4285714285714286
Region IV-A: CALABARZON,0,2020-04-15,1.0
Region IV-A: CALABARZON,2,2020-04-16,1.2857142857142858
Region IV-A: CALABARZON,2,2020-04-17,1.4285714285714286
Region IV-A: CALABARZON,2,2020-04-18,1.4285714285714286
Region IV-A: CALABARZON,1,2020-04-19,1.2857142857142858
Region IV-A: CALABARZON,1,2020-04-20,1.1428571428571428
Region IV-A: CALABARZON,0,2020-04-21,1.1428571428571428
Region IV-A: CALABARZON,1,2020-04-22,1.2857142857142858
Region IV-A: CALABARZON,2,2020-04-23,1.2857142857142858
Region IV-A: CALABARZON,0,2020-04-24,1.0
Region IV-A: CALABARZON,1,2020-04-25,0.8571428571428571
Region IV-A: CALABARZON,1,2020-04-26,0.8571428571428571
Region IV-A: CALABARZON,1,2020-04-27,0.8571428571428571
Region IV-A: CALABARZON,1,2020-04-28,1.0
Region IV-A: CALABARZON,0,2020-04-29,0.8571428571428571
Region IV-A: CALABARZON,0,2020-04-30,0.5714285714285714
Region IV-A: CALABARZON,0,2020-05-01,0.5714285714285714
Region IV-A: CALABARZON,0,2020-05-02,0.42857142857142855
Region IV-A: CALABARZON,2,2020-05-03,0.5714285714285714
Region IV-A: CALABARZON,1,2020-05-04,0.5714285714285714
Region IV-A: CALABARZON,0,2020-05-05,0.42857142857142855
Region IV-A: CALABARZON,0,2020-05-06,0.42857142857142855
Region IV-A: CALABARZON,0,2020-05-07,0.42857142857142855
Region IV-A: CALABARZON,0,2020-05-08,0.42857142857142855
Region IV-A: CALABARZON,1,2020-05-09,0.5714285714285714
Region IV-A: CALABARZON,0,2020-05-10,0.2857142857142857
Region IV-A: CALABARZON,0,2020-05-11,0.14285714285714285
Region IV-A: CALABARZON,1,2020-05-12,0.2857142857142857
Region IV-A: CALABARZON,1,2020-05-13,0.42857142857142855
Region IV-A: CALABARZON,0,2020-05-14,0.42857142857142855
Region IV-A: CALABARZON,0,2020-05-15,0.42857142857142855
Region IV-A: CALABARZON,1,2020-05-16,0.42857142857142855
Region IV-A: CALABARZON,1,2020-05-17,0.5714285714285714
Region IV-A: CALABARZON,0,2020-05-18,0.5714285714285714
Region IV-A: CALABARZON,1,2020-05-19,0.5714285714285714
Region IV-A: CALABARZON,0,2020-05-20,0.42857142857142855
Region IV-A: CALABARZON,0,2020-05-21,0.42857142857142855
Region IV-A: CALABARZON,0,2020-05-22,0.42857142857142855
Region IV-A: CALABARZON,1,2020-05-23,0.42857142857142855
Region IV-A: CALABARZON,0,2020-05-24,0.2857142857142857
Region IV-A: CALABARZON,0,2020-05-25,0.2857142857142857
Region IV-A: CALABARZON,0,2020-05-26,0.14285714285714285
Region IV-A: CALABARZON,0,2020-05-27,0.14285714285714285
Region IV-A: CALABARZON,0,2020-05-28,0.14285714285714285
Region IV-A: CALABARZON,2,2020-05-29,0.42857142857142855
Region IV-A: CALABARZON,0,2020-05-30,0.2857142857142857
Region IV-A: CALABARZON,0,2020-05-31,0.2857142857142857
Region IV-A: CALABARZON,0,2020-06-01,0.2857142857142857
Region IV-A: CALABARZON,0,2020-06-02,0.2857142857142857
Region IV-A: CALABARZON,0,2020-06-03,0.2857142857142857
Region IV-A: CALABARZON,2,2020-06-04,0.5714285714285714
Region IV-A: CALABARZON,1,2020-06-05,0.42857142857142855
Region IV-A: CALABARZON,0,2020-06-06,0.42857142857142855
Region IV-A: CALABARZON,0,2020-06-07,0.42857142857142855
Region IV-A: CALABARZON,0,2020-06-08,0.42857142857142855
Region IV-A: CALABARZON,0,2020-06-09,0.42857142857142855
Region IV-A: CALABARZON,0,2020-06-10,0.42857142857142855
Region IV-A: CALABARZON,0,2020-06-11,0.14285714285714285
Region IV-A: CALABARZON,0,2020-06-12,0.0
Region IV-A: CALABARZON,0,2020-06-13,0.0
Region IV-A: CALABARZON,1,2020-06-14,0.14285714285714285
Region IV-A: CALABARZON,1,2020-06-15,0.2857142857142857
Region IV-A: CALABARZON,0,2020-06-16,0.2857142857142857
Region IV-A: CALABARZON,1,2020-06-17,0.42857142857142855
Region IV-A: CALABARZON,0,2020-06-18,0.42857142857142855
Region IV-A: CALABARZON,0,2020-06-19,0.42857142857142855
Region IV-A: CALABARZON,0,2020-06-20,0.42857142857142855
Region IV-A: CALABARZON,0,2020-06-21,0.2857142857142857
Region IV-A: CALABARZON,1,2020-06-22,0.2857142857142857
Region IV-A: CALABARZON,0,2020-06-23,0.2857142857142857
Region IV-A: CALABARZON,0,2020-06-24,0.14285714285714285
Region IV-A: CALABARZON,0,2020-06-25,0.14285714285714285
Region IV-A: CALABARZON,1,2020-06-26,0.2857142857142857
Region IV-A: CALABARZON,1,2020-06-27,0.42857142857142855
Region IV-A: CALABARZON,1,2020-06-28,0.5714285714285714
Region IV-A: CALABARZON,2,2020-06-29,0.7142857142857143
Region IV-A: CALABARZON,2,2020-06-30,1.0
Region IV-A: CALABARZON,3,2020-07-01,1.4285714285714286
Region IV-A: CALABARZON,1,2020-07-02,1.5714285714285714
Region IV-A: CALABARZON,0,2020-07-03,1.4285714285714286
Region IV-A: CALABARZON,0,2020-07-04,1.2857142857142858
Region IV-A: CALABARZON,2,2020-07-05,1.4285714285714286
Region IV-A: CALABARZON,0,2020-07-06,1.1428571428571428
Region IV-A: CALABARZON,1,2020-07-07,1.0
Region IV-A: CALABARZON,1,2020-07-08,0.7142857142857143
Region IV-A: CALABARZON,3,2020-07-09,1.0
Region IV-A: CALABARZON,1,2020-07-10,1.1428571428571428
Region IV-A: CALABARZON,0,2020-07-11,1.1428571428571428
Region IV-A: CALABARZON,0,2020-07-12,0.8571428571428571
Region IV-A: CALABARZON,1,2020-07-13,1.0
Region IV-A: CALABARZON,2,2020-07-14,1.1428571428571428
Region IV-A: CALABARZON,1,2020-07-15,1.1428571428571428
Region IV-A: CALABARZON,1,2020-07-16,0.8571428571428571
Region IV-A: CALABARZON,1,2020-07-17,0.8571428571428571
Region IV-A: CALABARZON,2,2020-07-18,1.1428571428571428
Region IV-A: CALABARZON,1,2020-07-19,1.2857142857142858
Region IV-A: CALABARZON,2,2020-07-20,1.4285714285714286
Region IV-A: CALABARZON,3,2020-07-21,1.5714285714285714
Region IV-A: CALABARZON,0,2020-07-22,1.4285714285714286
Region IV-A: CALABARZON,1,2020-07-23,1.4285714285714286
Region IV-A: CALABARZON,0,2020-07-24,1.2857142857142858
Region IV-A: CALABARZON,1,2020-07-25,1.1428571428571428
Region IV-A: CALABARZON,1,2020-07-26,1.1428571428571428
Region IV-A: CALABARZON,2,2020-07-27,1.1428571428571428
Region IV-A: CALABARZON,0,2020-07-28,0.7142857142857143
Region IV-A: CALABARZON,4,2020-07-29,1.2857142857142858
Region IV-A: CALABARZON,0,2020-07-30,1.1428571428571428
Region IV-A: CALABARZON,1,2020-07-31,1.2857142857142858
Region IV-A: CALABARZON,3,2020-08-01,1.5714285714285714
Region IV-A: CALABARZON,1,2020-08-02,1.5714285714285714
Region IV-A: CALABARZON,2,2020-08-03,1.5714285714285714
Region IV-A: CALABARZON,2,2020-08-04,1.8571428571428572
Region IV-A: CALABARZON,2,2020-08-05,1.5714285714285714
Region IV-A: CALABARZON,1,2020-08-06,1.7142857142857142
Region IV-A: CALABARZON,5,2020-08-07,2.2857142857142856
Region IV-A: CALABARZON,4,2020-08-08,2.4285714285714284
Region IV-A: CALABARZON,1,2020-08-09,2.4285714285714284
Region IV-A: CALABARZON,8,2020-08-10,3.2857142857142856
Region IV-A: CALABARZON,7,2020-08-11,4.0
Region IV-A: CALABARZON,3,2020-08-12,4.142857142857143
Region IV-A: CALABARZON,7,2020-08-13,5.0
Region IV-A: CALABARZON,9,2020-08-14,5.571428571428571
Region IV-A: CALABARZON,0,2020-08-15,5.0
Region IV-A: CALABARZON,3,2020-08-16,5.285714285714286
Region IV-A: CALABARZON,2,2020-08-17,4.428571428571429
Region IV-A: CALABARZON,4,2020-08-18,4.0
Region IV-A: CALABARZON,3,2020-08-19,4.0
Region IV-A: CALABARZON,3,2020-08-20,3.4285714285714284
Region IV-A: CALABARZON,3,2020-08-21,2.5714285714285716
Region IV-A: CALABARZON,7,2020-08-22,3.5714285714285716
Region IV-A: CALABARZON,4,2020-08-23,3.7142857142857144
Region IV-A: CALABARZON,5,2020-08-24,4.142857142857143
Region IV-A: CALABARZON,1,2020-08-25,3.7142857142857144
Region IV-A: CALABARZON,7,2020-08-26,4.285714285714286
Region IV-A: CALABARZON,8,2020-08-27,5.0
Region IV-A: CALABARZON,6,2020-08-28,5.428571428571429
Region IV-A: CALABARZON,3,2020-08-29,4.857142857142857
Region IV-A: CALABARZON,3,2020-08-30,4.714285714285714
Region IV-A: CALABARZON,1,2020-08-31,4.142857142857143
Region IV-A: CALABARZON,3,2020-09-01,4.428571428571429
Region IV-A: CALABARZON,1,2020-09-02,3.5714285714285716
Region IV-A: CALABARZON,2,2020-09-03,2.7142857142857144
Region IV-A: CALABARZON,4,2020-09-04,2.4285714285714284
Region IV-A: CALABARZON,3,2020-09-05,2.4285714285714284
Region IV-A: CALABARZON,6,2020-09-06,2.857142857142857
Region IV-A: CALABARZON,9,2020-09-07,4.0
Region IV-A: CALABARZON,5,2020-09-08,4.285714285714286
Region IV-A: CALABARZON,6,2020-09-09,5.0
Region IV-A: CALABARZON,5,2020-09-10,5.428571428571429
Region IV-A: CALABARZON,5,2020-09-11,5.571428571428571
Region IV-A: CALABARZON,7,2020-09-12,6.142857142857143
Region IV-A: CALABARZON,4,2020-09-13,5.857142857142857
Region IV-A: CALABARZON,6,2020-09-14,5.428571428571429
Region IV-A: CALABARZON,2,2020-09-15,5.0
Region IV-A: CALABARZON,3,2020-09-16,4.571428571428571
Region IV-A: CALABARZON,9,2020-09-17,5.142857142857143
Region IV-A: CALABARZON,5,2020-09-18,5.142857142857143
Region IV-A: CALABARZON,5,2020-09-19,4.857142857142857
Region IV-A: CALABARZON,4,2020-09-20,4.857142857142857
Region IV-A: CALABARZON,8,2020-09-21,5.142857142857143
Region IV-A: CALABARZON,8,2020-09-22,6.0
Region IV-A: CALABARZON,5,2020-09-23,6.285714285714286
Region IV-A: CALABARZON,4,2020-09-24,5.571428571428571
Region IV-A: CALABARZON,3,2020-09-25,5.285714285714286
Region IV-A: CALABARZON,6,2020-09-26,5.428571428571429
Region IV-A: CALABARZON,3,2020-09-27,5.285714285714286
Region IV-A: CALABARZON,1,2020-09-28,4.285714285714286
Region IV-A: CALABARZON,4,2020-09-29,3.7142857142857144
Region IV-A: CALABARZON,4,2020-09-30,3.5714285714285716
Region IV-A: CALABARZON,5,2020-10-01,3.7142857142857144
Region IV-A: CALABARZON,4,2020-10-02,3.857142857142857
Region IV-A: CALABARZON,8,2020-10-03,4.142857142857143
Region IV-A: CALABARZON,2,2020-10-04,4.0
Region IV-A: CALABARZON,7,2020-10-05,4.857142857142857
Region IV-A: CALABARZON,5,2020-10-06,5.0
Region IV-A: CALABARZON,2,2020-10-07,4.714285714285714
Region IV-A: CALABARZON,2,2020-10-08,4.285714285714286
Region IV-A: CALABARZON,3,2020-10-09,4.142857142857143
Region IV-A: CALABARZON,1,2020-10-10,3.142857142857143
Region IV-A: CALABARZON,2,2020-10-11,3.142857142857143
Region IV-A: CALABARZON,1,2020-10-12,2.2857142857142856
Region IV-A: CALABARZON,4,2020-10-13,2.142857142857143
Region IV-A: CALABARZON,3,2020-10-14,2.2857142857142856
Region IV-A: CALABARZON,1,2020-10-15,2.142857142857143
Region IV-A: CALABARZON,1,2020-10-16,1.8571428571428572
Region IV-A: CALABARZON,7,2020-10-17,2.7142857142857144
Region IV-A: CALABARZON,6,2020-10-18,3.2857142857142856
Region IV-A: CALABARZON,5,2020-10-19,3.857142857142857
Region IV-A: CALABARZON,1,2020-10-20,3.4285714285714284
Region IV-A: CALABARZON,4,2020-10-21,3.5714285714285716
Region IV-A: CALABARZON,3,2020-10-22,3.857142857142857
Region IV-A: CALABARZON,3,2020-10-23,4.142857142857143
Region IV-A: CALABARZON,5,2020-10-24,3.857142857142857
Region IV-A: CALABARZON,2,2020-10-25,3.2857142857142856
Region IV-A: CALABARZON,5,2020-10-26,3.2857142857142856
Region IV-A: CALABARZON,2,2020-10-27,3.4285714285714284
Region IV-A: CALABARZON,2,2020-10-28,3.142857142857143
Region IV-A: CALABARZON,4,2020-10-29,3.2857142857142856
Region IV-A: CALABARZON,0,2020-10-30,2.857142857142857
Region IV-A: CALABARZON,2,2020-10-31,2.4285714285714284
Region IV-A: CALABARZON,3,2020-11-01,2.5714285714285716
Region IV-A: CALABARZON,1,2020-11-02,2.0
Region IV-A: CALABARZON,3,2020-11-03,2.142857142857143
Region IV-A: CALABARZON,4,2020-11-04,2.4285714285714284
Region IV-A: CALABARZON,3,2020-11-05,2.2857142857142856
Region IV-A: CALABARZON,3,2020-11-06,2.7142857142857144
Region IV-A: CALABARZON,4,2020-11-07,3.0
Region IV-A: CALABARZON,2,2020-11-08,2.857142857142857
Region IV-A: CALABARZON,5,2020-11-09,3.4285714285714284
Region IV-A: CALABARZON,5,2020-11-10,3.7142857142857144
Region IV-A: CALABARZON,5,2020-11-11,3.857142857142857
Region IV-A: CALABARZON,3,2020-11-12,3.857142857142857
Region IV-A: CALABARZON,0,2020-11-13,3.4285714285714284
Region IV-A: CALABARZON,3,2020-11-14,3.2857142857142856
Region IV-A: CALABARZON,4,2020-11-15,3.5714285714285716
Region IV-A: CALABARZON,1,2020-11-16,3.0
Region IV-A: CALABARZON,4,2020-11-17,2.857142857142857
Region IV-A: CALABARZON,2,2020-11-18,2.4285714285714284
Region IV-A: CALABARZON,5,2020-11-19,2.7142857142857144
Region IV-A: CALABARZON,0,2020-11-20,2.7142857142857144
Region IV-A: CALABARZON,0,2020-11-21,2.2857142857142856
Region IV-A: CALABARZON,2,2020-11-22,2.0
Region IV-A: CALABARZON,4,2020-11-23,2.4285714285714284
Region IV-A: CALABARZON,2,2020-11-24,2.142857142857143
Region IV-A: CALABARZON,3,2020-11-25,2.2857142857142856
Region IV-A: CALABARZON,1,2020-11-26,1.7142857142857142
Region IV-A: CALABARZON,2,2020-11-27,2.0
Region IV-A: CALABARZON,3,2020-11-28,2.4285714285714284
Region IV-A: CALABARZON,3,2020-11-29,2.5714285714285716
Region IV-A: CALABARZON,1,2020-11-30,2.142857142857143
Region IV-A: CALABARZON,1,2020-12-01,2.0
Region IV-A: CALABARZON,5,2020-12-02,2.2857142857142856
Region IV-A: CALABARZON,2,2020-12-03,2.4285714285714284
Region IV-A: CALABARZON,2,2020-12-04,2.4285714285714284
Region IV-A: CALABARZON,1,2020-12-05,2.142857142857143
Region IV-A: CALABARZON,1,2020-12-06,1.8571428571428572
Region IV-A: CALABARZON,2,2020-12-07,2.0
Region IV-A: CALABARZON,3,2020-12-08,2.2857142857142856
Region IV-A: CALABARZON,1,2020-12-09,1.7142857142857142
Region IV-A: CALABARZON,0,2020-12-10,1.4285714285714286
Region IV-A: CALABARZON,2,2020-12-11,1.4285714285714286
Region IV-A: CALABARZON,1,2020-12-12,1.4285714285714286
Region IV-A: CALABARZON,2,2020-12-13,1.5714285714285714
Region IV-A: CALABARZON,1,2020-12-14,1.4285714285714286
Region IV-A: CALABARZON,4,2020-12-15,1.5714285714285714
Region IV-A: CALABARZON,0,2020-12-16,1.4285714285714286
Region IV-A: CALABARZON,0,2020-12-17,1.4285714285714286
Region IV-A: CALABARZON,8,2020-12-18,2.2857142857142856
Region IV-A: CALABARZON,4,2020-12-19,2.7142857142857144
Region IV-A: CALABARZON,4,2020-12-20,3.0
Region IV-A: CALABARZON,2,2020-12-21,3.142857142857143
Region IV-A: CALABARZON,1,2020-12-22,2.7142857142857144
Region IV-A: CALABARZON,1,2020-12-23,2.857142857142857
Region IV-A: CALABARZON,1,2020-12-24,3.0
Region IV-A: CALABARZON,0,2020-12-25,1.8571428571428572
Region IV-A: CALABARZON,2,2020-12-26,1.5714285714285714
Region IV-A: CALABARZON,0,2020-12-27,1.0
Region IV-A: CALABARZON,0,2020-12-28,0.7142857142857143
Region IV-A: CALABARZON,1,2020-12-29,0.7142857142857143
Region IV-A: CALABARZON,2,2020-12-30,0.8571428571428571
Region IV-A: CALABARZON,0,2020-12-31,0.7142857142857143
Region IV-A: CALABARZON,2,2021-01-01,1.0
Region IV-A: CALABARZON,2,2021-01-02,1.0
Region IV-A: CALABARZON,2,2021-01-03,1.2857142857142858
Region IV-A: CALABARZON,2,2021-01-04,1.5714285714285714
Region IV-A: CALABARZON,2,2021-01-05,1.7142857142857142
Region IV-A: CALABARZON,2,2021-01-06,1.7142857142857142
Region IV-A: CALABARZON,1,2021-01-07,1.8571428571428572
Region IV-A: CALABARZON,2,2021-01-08,1.8571428571428572
Region IV-A: CALABARZON,2,2021-01-09,1.8571428571428572
Region IV-A: CALABARZON,0,2021-01-10,1.5714285714285714
Region IV-A: CALABARZON,1,2021-01-11,1.4285714285714286
Region IV-A: CALABARZON,2,2021-01-12,1.4285714285714286
Region IV-A: CALABARZON,0,2021-01-13,1.1428571428571428
Region IV-A: CALABARZON,1,2021-01-14,1.1428571428571428
Region IV-A: CALABARZON,2,2021-01-15,1.1428571428571428
Region IV-A: CALABARZON,2,2021-01-16,1.1428571428571428
Region IV-A: CALABARZON,0,2021-01-17,1.1428571428571428
Region IV-A: CALABARZON,2,2021-01-18,1.2857142857142858
Region IV-A: CALABARZON,0,2021-01-19,1.0
Region IV-A: CALABARZON,4,2021-01-20,1.5714285714285714
Region IV-A: CALABARZON,5,2021-01-21,2.142857142857143
Region IV-A: CALABARZON,1,2021-01-22,2.0
Region IV-A: CALABARZON,2,2021-01-23,2.0
Region IV-A: CALABARZON,5,2021-01-24,2.7142857142857144
Region IV-A: CALABARZON,4,2021-01-25,3.0
Region IV-A: CALABARZON,2,2021-01-26,3.2857142857142856
Region IV-A: CALABARZON,1,2021-01-27,2.857142857142857
Region IV-A: CALABARZON,0,2021-01-28,2.142857142857143
Region IV-A: CALABARZON,3,2021-01-29,2.4285714285714284
Region IV-A: CALABARZON,4,2021-01-30,2.7142857142857144
Region IV-A: CALABARZON,2,2021-01-31,2.2857142857142856
Region IV-A: CALABARZON,0,2021-02-01,1.7142857142857142
Region IV-A: CALABARZON,7,2021-02-02,2.4285714285714284
Region IV-A: CALABARZON,1,2021-02-03,2.4285714285714284
Region IV-A: CALABARZON,2,2021-02-04,2.7142857142857144
Region IV-A: CALABARZON,1,2021-02-05,2.4285714285714284
Region IV-A: CALABARZON,1,2021-02-06,2.0
Region IV-A: CALABARZON,0,2021-02-07,1.7142857142857142
Region IV-A: CALABARZON,1,2021-02-08,1.8571428571428572
Region IV-A: CALABARZON,3,2021-02-09,1.2857142857142858
Region IV-A: CALABARZON,1,2021-02-10,1.2857142857142858
Region IV-A: CALABARZON,0,2021-02-11,1.0
Region IV-A: CALABARZON,2,2021-02-12,1.1428571428571428
Region IV-A: CALABARZON,0,2021-02-13,1.0
Region IV-A: CALABARZON,1,2021-02-14,1.1428571428571428
Region IV-A: CALABARZON,2,2021-02-15,1.2857142857142858
Region IV-A: CALABARZON,2,2021-02-16,1.1428571428571428
Region IV-A: CALABARZON,2,2021-02-17,1.2857142857142858
Region IV-A: CALABARZON,1,2021-02-18,1.4285714285714286
Region IV-A: CALABARZON,0,2021-02-19,1.1428571428571428
Region IV-A: CALABARZON,1,2021-02-20,1.2857142857142858
Region IV-A: CALABARZON,2,2021-02-21,1.4285714285714286
Region IV-A: CALABARZON,1,2021-02-22,1.2857142857142858
Region IV-A: CALABARZON,2,2021-02-23,1.2857142857142858
Region IV-A: CALABARZON,2,2021-02-24,1.2857142857142858
Region IV-A: CALABARZON,1,2021-02-25,1.2857142857142858
Region IV-A: CALABARZON,0,2021-02-26,1.2857142857142858
Region IV-A: CALABARZON,3,2021-02-27,1.5714285714285714
Region IV-A: CALABARZON,0,2021-02-28,1.2857142857142858
Region IV-A: CALABARZON,2,2021-03-01,1.4285714285714286
Region IV-A: CALABARZON,2,2021-03-02,1.4285714285714286
Region IV-A: CALABARZON,1,2021-03-03,1.2857142857142858
Region IV-A: CALABARZON,0,2021-03-04,1.1428571428571428
Region IV-A: CALABARZON,2,2021-03-05,1.4285714285714286
Region IV-A: CALABARZON,2,2021-03-06,1.2857142857142858
Region IV-A: CALABARZON,2,2021-03-07,1.5714285714285714
Region IV-A: CALABARZON,0,2021-03-08,1.2857142857142858
Region IV-A: CALABARZON,0,2021-03-09,1.0
Region IV-A: CALABARZON,2,2021-03-10,1.1428571428571428
Region IV-A: CALABARZON,2,2021-03-11,1.4285714285714286
Region IV-A: CALABARZON,1,2021-03-12,1.2857142857142858
Region IV-A: CALABARZON,3,2021-03-13,1.4285714285714286
Region IV-A: CALABARZON,2,2021-03-14,1.4285714285714286
Region IV-A: CALABARZON,2,2021-03-15,1.7142857142857142
Region IV-A: CALABARZON,3,2021-03-16,2.142857142857143
Region IV-A: CALABARZON,1,2021-03-17,2.0
Region IV-A: CALABARZON,4,2021-03-18,2.2857142857142856
Region IV-A: CALABARZON,2,2021-03-19,2.4285714285714284
Region IV-A: CALABARZON,4,2021-03-20,2.5714285714285716
Region IV-A: CALABARZON,4,2021-03-21,2.857142857142857
Region IV-A: CALABARZON,6,2021-03-22,3.4285714285714284
Region IV-A: CALABARZON,4,2021-03-23,3.5714285714285716
Region IV-A: CALABARZON,5,2021-03-24,4.142857142857143
Region IV-A: CALABARZON,5,2021-03-25,4.285714285714286
Region IV-A: CALABARZON,5,2021-03-26,4.714285714285714
Region IV-A: CALABARZON,4,2021-03-27,4.714285714285714
Region IV-A: CALABARZON,5,2021-03-28,4.857142857142857
Region IV-A: CALABARZON,9,2021-03-29,5.285714285714286
Region IV-A: CALABARZON,10,2021-03-30,6.142857142857143
Region IV-A: CALABARZON,3,2021-03-31,5.857142857142857
Region IV-A: CALABARZON,10,2021-04-01,6.571428571428571
Region IV-A: CALABARZON,8,2021-04-02,7.0
Region IV-A: CALABARZON,11,2021-04-03,8.0
Region IV-A: CALABARZON,11,2021-04-04,8.857142857142858
Region IV-A: CALABARZON,8,2021-04-05,8.714285714285714
Region IV-A: CALABARZON,9,2021-04-06,8.571428571428571
Region IV-A: CALABARZON,7,2021-04-07,9.142857142857142
Region IV-A: CALABARZON,12,2021-04-08,9.428571428571429
Region IV-A: CALABARZON,15,2021-04-09,10.428571428571429
Region IV-A: CALABARZON,13,2021-04-10,10.714285714285714
Region IV-A: CALABARZON,11,2021-04-11,10.714285714285714
Region IV-A: CALABARZON,13,2021-04-12,11.428571428571429
Region IV-A: CALABARZON,11,2021-04-13,11.714285714285714
Region IV-A: CALABARZON,15,2021-04-14,12.857142857142858
Region IV-A: CALABARZON,10,2021-04-15,12.571428571428571
Region IV-A: CALABARZON,10,2021-04-16,11.857142857142858
Region IV-A: CALABARZON,11,2021-04-17,11.571428571428571
Region IV-A: CALABARZON,10,2021-04-18,11.428571428571429
Region IV-A: CALABARZON,14,2021-04-19,11.571428571428571
Region IV-A: CALABARZON,8,2021-04-20,11.142857142857142
Region IV-A: CALABARZON,14,2021-04-21,11.0
Region IV-A: CALABARZON,17,2021-04-22,12.0
Region IV-A: CALABARZON,12,2021-04-23,12.285714285714286
Region IV-A: CALABARZON,5,2021-04-24,11.428571428571429
Region IV-A: CALABARZON,15,2021-04-25,12.142857142857142
Region IV-A: CALABARZON,13,2021-04-26,12.0
Region IV-A: CALABARZON,15,2021-04-27,13.0
Region IV-A: CALABARZON,12,2021-04-28,12.714285714285714
Region IV-A: CALABARZON,12,2021-04-29,12.0
Region IV-A: CALABARZON,13,2021-04-30,12.142857142857142
Region IV-A: CALABARZON,18,2021-05-01,14.0
Region IV-A: CALABARZON,4,2021-05-02,12.428571428571429
Region IV-A: CALABARZON,11,2021-05-03,12.142857142857142
Region IV-A: CALABARZON,12,2021-05-04,11.714285714285714
Region IV-A: CALABARZON,10,2021-05-05,11.428571428571429
Region IV-A: CALABARZON,6,2021-05-06,10.571428571428571
Region IV-A: CALABARZON,11,2021-05-07,10.285714285714286
Region IV-A: CALABARZON,11,2021-05-08,9.285714285714286
Region IV-A: CALABARZON,13,2021-05-09,10.571428571428571
Region IV-A: CALABARZON,13,2021-05-10,10.857142857142858
Region IV-A: CALABARZON,9,2021-05-11,10.428571428571429
Region IV-A: CALABARZON,13,2021-05-12,10.857142857142858
Region IV-A: CALABARZON,9,2021-05-13,11.285714285714286
Region IV-A: CALABARZON,10,2021-05-14,11.142857142857142
Region IV-A: CALABARZON,10,2021-05-15,11.0
Region IV-A: CALABARZON,10,2021-05-16,10.571428571428571
Region IV-A: CALABARZON,16,2021-05-17,11.0
Region IV-A: CALABARZON,10,2021-05-18,11.142857142857142
Region IV-A: CALABARZON,10,2021-05-19,10.714285714285714
Region IV-A: CALABARZON,6,2021-05-20,10.285714285714286
Region IV-A: CALABARZON,8,2021-05-21,10.0
Region IV-A: CALABARZON,11,2021-05-22,10.142857142857142
Region IV-A: CALABARZON,7,2021-05-23,9.714285714285714
Region IV-A: CALABARZON,10,2021-05-24,8.857142857142858
Region IV-A: CALABARZON,4,2021-05-25,8.0
Region IV-A: CALABARZON,4,2021-05-26,7.142857142857143
Region IV-A: CALABARZON,6,2021-05-27,7.142857142857143
Region IV-A: CALABARZON,11,2021-05-28,7.571428571428571
Region IV-A: CALABARZON,12,2021-05-29,7.714285714285714
Region IV-A: CALABARZON,7,2021-05-30,7.714285714285714
Region IV-A: CALABARZON,11,2021-05-31,7.857142857142857
Region IV-A: CALABARZON,16,2021-06-01,9.571428571428571
Region IV-A: CALABARZON,6,2021-06-02,9.857142857142858
Region IV-A: CALABARZON,5,2021-06-03,9.714285714285714
Region IV-A: CALABARZON,9,2021-06-04,9.428571428571429
Region IV-A: CALABARZON,5,2021-06-05,8.428571428571429
Region IV-A: CALABARZON,3,2021-06-06,7.857142857142857
Region IV-A: CALABARZON,6,2021-06-07,7.142857142857143
Region IV-A: CALABARZON,6,2021-06-08,5.714285714285714
Region IV-A: CALABARZON,8,2021-06-09,6.0
Region IV-A: CALABARZON,2,2021-06-10,5.571428571428571
Region IV-A: CALABARZON,7,2021-06-11,5.285714285714286
Region IV-A: CALABARZON,6,2021-06-12,5.428571428571429
Region IV-A: CALABARZON,7,2021-06-13,6.0
Region IV-A: CALABARZON,10,2021-06-14,6.571428571428571
Region IV-A: CALABARZON,11,2021-06-15,7.285714285714286
Region IV-A: CALABARZON,2,2021-06-16,6.428571428571429
Region IV-A: CALABARZON,6,2021-06-17,7.0
Region IV-A: CALABARZON,8,2021-06-18,7.142857142857143
Region IV-A: CALABARZON,10,2021-06-19,7.714285714285714
Region IV-A: CALABARZON,4,2021-06-20,7.285714285714286
Region IV-A: CALABARZON,6,2021-06-21,6.714285714285714
Region IV-A: CALABARZON,3,2021-06-22,5.571428571428571
Region IV-A: CALABARZON,4,2021-06-23,5.857142857142857
Region IV-A: CALABARZON,9,2021-06-24,6.285714285714286
Region IV-A: CALABARZON,4,2021-06-25,5.714285714285714
Region IV-A: CALABARZON,2,2021-06-26,4.571428571428571
Region IV-A: CALABARZON,4,2021-06-27,4.571428571428571
Region IV-A: CALABARZON,3,2021-06-28,4.142857142857143
Region IV-A: CALABARZON,6,2021-06-29,4.571428571428571
Region IV-A: CALABARZON,2,2021-06-30,4.285714285714286
Region IV-A: CALABARZON,5,2021-07-01,3.7142857142857144
Region IV-A: CALABARZON,6,2021-07-02,4.0
Region IV-A: CALABARZON,7,2021-07-03,4.714285714285714
Region IV-A: CALABARZON,5,2021-07-04,4.857142857142857
Region IV-A: CALABARZON,7,2021-07-05,5.428571428571429
Region IV-A: CALABARZON,10,2021-07-06,6.0
Region IV-A: CALABARZON,9,2021-07-07,7.0
Region IV-A: CALABARZON,6,2021-07-08,7.142857142857143
Region IV-A: CALABARZON,2,2021-07-09,6.571428571428571
Region IV-A: CALABARZON,5,2021-07-10,6.285714285714286
Region IV-A: CALABARZON,5,2021-07-11,6.285714285714286
Region IV-A: CALABARZON,4,2021-07-12,5.857142857142857
Region IV-A: CALABARZON,4,2021-07-13,5.0
Region IV-A: CALABARZON,4,2021-07-14,4.285714285714286
Region IV-A: CALABARZON,6,2021-07-15,4.285714285714286
Region IV-A: CALABARZON,6,2021-07-16,4.857142857142857
Region IV-A: CALABARZON,8,2021-07-17,5.285714285714286
Region IV-A: CALABARZON,4,2021-07-18,5.142857142857143
Region IV-A: CALABARZON,5,2021-07-19,5.285714285714286
Region IV-A: CALABARZON,4,2021-07-20,5.285714285714286
Region IV-A: CALABARZON,4,2021-07-21,5.285714285714286
Region IV-A: CALABARZON,2,2021-07-22,4.714285714285714
Region IV-A: CALABARZON,5,2021-07-23,4.571428571428571
Region IV-A: CALABARZON,9,2021-07-24,4.714285714285714
Region IV-A: CALABARZON,2,2021-07-25,4.428571428571429
Region IV-A: CALABARZON,9,2021-07-26,5.0
Region IV-A: CALABARZON,6,2021-07-27,5.285714285714286
Region IV-A: CALABARZON,5,2021-07-28,5.428571428571429
Region IV-A: CALABARZON,11,2021-07-29,6.714285714285714
Region IV-A: CALABARZON,4,2021-07-30,6.571428571428571
Region IV-A: CALABARZON,1,2021-07-31,5.428571428571429
Region IV-A: CALABARZON,9,2021-08-01,6.428571428571429
Region IV-A: CALABARZON,9,2021-08-02,6.428571428571429
Region IV-A: CALABARZON,4,2021-08-03,6.142857142857143
Region IV-A: CALABARZON,10,2021-08-04,6.857142857142857
Region IV-A: CALABARZON,12,2021-08-05,7.0
Region IV-A: CALABARZON,14,2021-08-06,8.428571428571429
Region IV-A: CALABARZON,9,2021-08-07,9.571428571428571
Region IV-A: CALABARZON,13,2021-08-08,10.142857142857142
Region IV-A: CALABARZON,11,2021-08-09,10.428571428571429
Region IV-A: CALABARZON,4,2021-08-10,10.428571428571429
Region IV-A: CALABARZON,11,2021-08-11,10.571428571428571
Region IV-A: CALABARZON,16,2021-08-12,11.142857142857142
Region IV-A: CALABARZON,15,2021-08-13,11.285714285714286
Region IV-A: CALABARZON,12,2021-08-14,11.714285714285714
Region IV-A: CALABARZON,11,2021-08-15,11.428571428571429
Region IV-A: CALABARZON,14,2021-08-16,11.857142857142858
Region IV-A: CALABARZON,15,2021-08-17,13.428571428571429
Region IV-A: CALABARZON,15,2021-08-18,14.0
Region IV-A: CALABARZON,12,2021-08-19,13.428571428571429
Region IV-A: CALABARZON,12,2021-08-20,13.0
Region IV-A: CALABARZON,21,2021-08-21,14.285714285714286
Region IV-A: CALABARZON,23,2021-08-22,16.0
Region IV-A: CALABARZON,12,2021-08-23,15.714285714285714
Region IV-A: CALABARZON,13,2021-08-24,15.428571428571429
Region IV-A: CALABARZON,11,2021-08-25,14.857142857142858
Region IV-A: CALABARZON,13,2021-08-26,15.0
Region IV-A: CALABARZON,21,2021-08-27,16.285714285714285
Region IV-A: CALABARZON,13,2021-08-28,15.142857142857142
Region IV-A: CALABARZON,17,2021-08-29,14.285714285714286
Region IV-A: CALABARZON,15,2021-08-30,14.714285714285714
Region IV-A: CALABARZON,15,2021-08-31,15.0
Region IV-A: CALABARZON,26,2021-09-01,17.142857142857142
Region IV-A: CALABARZON,9,2021-09-02,16.571428571428573
Region IV-A: CALABARZON,23,2021-09-03,16.857142857142858
Region IV-A: CALABARZON,12,2021-09-04,16.714285714285715
Region IV-A: CALABARZON,20,2021-09-05,17.142857142857142
Region IV-A: CALABARZON,23,2021-09-06,18.285714285714285
Region IV-A: CALABARZON,16,2021-09-07,18.428571428571427
Region IV-A: CALABARZON,20,2021-09-08,17.571428571428573
Region IV-A: CALABARZON,20,2021-09-09,19.142857142857142
Region IV-A: CALABARZON,22,2021-09-10,19.0
Region IV-A: CALABARZON,12,2021-09-11,19.0
Region IV-A: CALABARZON,27,2021-09-12,20.0
Region IV-A: CALABARZON,15,2021-09-13,18.857142857142858
Region IV-A: CALABARZON,17,2021-09-14,19.0
Region IV-A: CALABARZON,19,2021-09-15,18.857142857142858
Region IV-A: CALABARZON,19,2021-09-16,18.714285714285715
Region IV-A: CALABARZON,14,2021-09-17,17.571428571428573
Region IV-A: CALABARZON,14,2021-09-18,17.857142857142858
Region IV-A: CALABARZON,8,2021-09-19,15.142857142857142
Region IV-A: CALABARZON,16,2021-09-20,15.285714285714286
Region IV-A: CALABARZON,14,2021-09-21,14.857142857142858
Region IV-A: CALABARZON,13,2021-09-22,14.0
Region IV-A: CALABARZON,14,2021-09-23,13.285714285714286
Region IV-A: CALABARZON,16,2021-09-24,13.571428571428571
Region IV-A: CALABARZON,15,2021-09-25,13.714285714285714
Region IV-A: CALABARZON,10,2021-09-26,14.0
Region IV-A: CALABARZON,9,2021-09-27,13.0
Region IV-A: CALABARZON,13,2021-09-28,12.857142857142858
Region IV-A: CALABARZON,12,2021-09-29,12.714285714285714
Region IV-A: CALABARZON,16,2021-09-30,13.0
Region IV-A: CALABARZON,16,2021-10-01,13.0
Region IV-A: CALABARZON,6,2021-10-02,11.714285714285714
Region IV-A: CALABARZON,13,2021-10-03,12.142857142857142
Region IV-A: CALABARZON,15,2021-10-04,13.0
Region IV-A: CALABARZON,7,2021-10-05,12.142857142857142
Region IV-A: CALABARZON,14,2021-10-06,12.428571428571429
Region IV-A: CALABARZON,11,2021-10-07,11.714285714285714
Region IV-A: CALABARZON,9,2021-10-08,10.714285714285714
Region IV-A: CALABARZON,6,2021-10-09,10.714285714285714
Region IV-A: CALABARZON,11,2021-10-10,10.428571428571429
Region IV-A: CALABARZON,21,2021-10-11,11.285714285714286
Region IV-A: CALABARZON,15,2021-10-12,12.428571428571429
Region IV-A: CALABARZON,11,2021-10-13,12.0
Region IV-A: CALABARZON,10,2021-10-14,11.857142857142858
Region IV-A: CALABARZON,10,2021-10-15,12.0
Region IV-A: CALABARZON,8,2021-10-16,12.285714285714286
Region IV-A: CALABARZON,10,2021-10-17,12.142857142857142
Region IV-A: CALABARZON,11,2021-10-18,10.714285714285714
Region IV-A: CALABARZON,3,2021-10-19,9.0
Region IV-A: CALABARZON,8,2021-10-20,8.571428571428571
Region IV-A: CALABARZON,11,2021-10-21,8.714285714285714
Region IV-A: CALABARZON,3,2021-10-22,7.714285714285714
Region IV-A: CALABARZON,6,2021-10-23,7.428571428571429
Region IV-A: CALABARZON,5,2021-10-24,6.714285714285714
Region IV-A: CALABARZON,8,2021-10-25,6.285714285714286
Region IV-A: CALABARZON,6,2021-10-26,6.714285714285714
Region IV-A: CALABARZON,6,2021-10-27,6.428571428571429
Region IV-A: CALABARZON,7,2021-10-28,5.857142857142857
Region IV-A: CALABARZON,10,2021-10-29,6.857142857142857
Region IV-A: CALABARZON,2,2021-10-30,6.285714285714286
Region IV-A: CALABARZON,3,2021-10-31,6.0
Region IV-A: CALABARZON,3,2021-11-01,5.285714285714286
Region IV-A: CALABARZON,1,2021-11-02,4.571428571428571
Region IV-A: CALABARZON,3,2021-11-03,4.142857142857143
Region IV-A: CALABARZON,1,2021-11-04,3.2857142857142856
Region IV-A: CALABARZON,8,2021-11-05,3.0
Region IV-A: CALABARZON,6,2021-11-06,3.5714285714285716
Region IV-A: CALABARZON,3,2021-11-07,3.5714285714285716
Region IV-A: CALABARZON,3,2021-11-08,3.5714285714285716
Region IV-A: CALABARZON,3,2021-11-09,3.857142857142857
Region IV-A: CALABARZON,2,2021-11-10,3.7142857142857144
Region IV-A: CALABARZON,3,2021-11-11,4.0
Region IV-A: CALABARZON,2,2021-11-12,3.142857142857143
Region IV-A: CALABARZON,1,2021-11-13,2.4285714285714284
Region IV-A: CALABARZON,0,2021-11-14,2.0
Region IV-A: CALABARZON,1,2021-11-15,1.7142857142857142
Region IV-A: CALABARZON,1,2021-11-16,1.4285714285714286
Region IV-A: CALABARZON,1,2021-11-17,1.2857142857142858
Region IV-A: CALABARZON,1,2021-11-18,1.0
Region IV-A: CALABARZON,0,2021-11-19,0.7142857142857143
Region IV-A: CALABARZON,0,2021-11-20,0.5714285714285714
Region IV-A: CALABARZON,1,2021-11-21,0.7142857142857143
Region IV-A: CALABARZON,1,2021-11-22,0.7142857142857143
Region IV-A: CALABARZON,1,2021-11-23,0.7142857142857143
Region IV-A: CALABARZON,1,2021-11-24,0.7142857142857143
Region IV-A: CALABARZON,2,2021-11-25,0.8571428571428571
Region IV-A: CALABARZON,1,2021-11-26,1.0
Region IV-A: CALABARZON,1,2021-11-27,1.1428571428571428
Region IV-A: CALABARZON,1,2021-11-28,1.1428571428571428
Region IV-A: CALABARZON,2,2021-11-29,1.2857142857142858
Region IV-A: CALABARZON,0,2021-11-30,1.1428571428571428
Region IV-A: CALABARZON,0,2021-12-01,1.0
Region IV-A: CALABARZON,3,2021-12-02,1.1428571428571428
Region IV-A: CALABARZON,0,2021-12-03,1.0
Region IV-A: CALABARZON,0,2021-12-04,0.8571428571428571
Region IV-A: CALABARZON,0,2021-12-05,0.7142857142857143
Region IV-A: CALABARZON,0,2021-12-06,0.42857142857142855
Region IV-A: CALABARZON,0,2021-12-07,0.42857142857142855
Region IV-A: CALABARZON,0,2021-12-08,0.42857142857142855
Region IV-A: CALABARZON,0,2021-12-09,0.0
Region IV-A: CALABARZON,1,2021-12-10,0.14285714285714285
Region IV-A: CALABARZON,0,2021-12-11,0.14285714285714285
Region IV-A: CALABARZON,1,2021-12-12,0.2857142857142857
Region IV-A: CALABARZON,0,2021-12-13,0.2857142857142857
Region IV-A: CALABARZON,0,2021-12-14,0.2857142857142857
Region IV-A: CALABARZON,0,2021-12-15,0.2857142857142857
Region IV-A: CALABARZON,0,2021-12-16,0.2857142857142857
Region IV-A: CALABARZON,0,2021-12-17,0.14285714285714285
Region IV-A: CALABARZON,0,2021-12-18,0.14285714285714285
Region IV-A: CALABARZON,0,2021-12-19,0.0
Region IV-A: CALABARZON,0,2021-12-20,0.0
Region IV-A: CALABARZON,0,2021-12-21,0.0
Region IV-A: CALABARZON,0,2021-12-22,0.0
Region IV-A: CALABARZON,1,2021-12-23,0.14285714285714285
Region IV-A: CALABARZON,1,2021-12-24,0.2857142857142857
Region IV-A: CALABARZON,0,2021-12-25,0.2857142857142857
Region IV-A: CALABARZON,0,2021-12-26,0.2857142857142857
Region IV-A: CALABARZON,0,2021-12-27,0.2857142857142857
Region IV-A: CALABARZON,1,2021-12-28,0.42857142857142855
Region IV-A: CALABARZON,2,2021-12-29,0.7142857142857143
Region IV-A: CALABARZON,0,2021-12-30,0.5714285714285714
Region IV-A: CALABARZON,0,2021-12-31,0.42857142857142855
Region IV-A: CALABARZON,0,2022-01-01,0.42857142857142855
Region IV-A: CALABARZON,0,2022-01-02,0.42857142857142855
Region IV-A: CALABARZON,0,2022-01-03,0.42857142857142855
Region IV-A: CALABARZON,1,2022-01-04,0.42857142857142855
Region IV-A: CALABARZON,0,2022-01-05,0.14285714285714285
Region IV-A: CALABARZON,2,2022-01-06,0.42857142857142855
Region IV-A: CALABARZON,1,2022-01-07,0.5714285714285714
Region IV-A: CALABARZON,0,2022-01-08,0.5714285714285714
Region IV-A: CALABARZON,2,2022-01-09,0.8571428571428571
Region IV-A: CALABARZON,1,2022-01-10,1.0
Region IV-A: CALABARZON,2,2022-01-11,1.1428571428571428
Region IV-A: CALABARZON,5,2022-01-12,1.8571428571428572
Region IV-A: CALABARZON,3,2022-01-13,2.0
Region IV-A: CALABARZON,6,2022-01-14,2.7142857142857144
Region IV-A: CALABARZON,7,2022-01-15,3.7142857142857144
Region IV-A: CALABARZON,7,2022-01-16,4.428571428571429
Region IV-A: CALABARZON,2,2022-01-17,4.571428571428571
Region IV-A: CALABARZON,6,2022-01-18,5.142857142857143
Region IV-A: CALABARZON,7,2022-01-19,5.428571428571429
Region IV-A: CALABARZON,5,2022-01-20,5.714285714285714
Region IV-A: CALABARZON,3,2022-01-21,5.285714285714286
Region IV-A: CALABARZON,5,2022-01-22,5.0
Region IV-A: CALABARZON,2,2022-01-23,4.285714285714286
Region IV-A: CALABARZON,6,2022-01-24,4.857142857142857
Region IV-A: CALABARZON,5,2022-01-25,4.714285714285714
Region IV-A: CALABARZON,8,2022-01-26,4.857142857142857
Region IV-A: CALABARZON,8,2022-01-27,5.285714285714286
Region IV-A: CALABARZON,7,2022-01-28,5.857142857142857
Region IV-A: CALABARZON,2,2022-01-29,5.428571428571429
Region IV-A: CALABARZON,5,2022-01-30,5.857142857142857
Region IV-A: CALABARZON,7,2022-01-31,6.0
Region IV-A: CALABARZON,4,2022-02-01,5.857142857142857
Region IV-A: CALABARZON,3,2022-02-02,5.142857142857143
Region IV-A: CALABARZON,6,2022-02-03,4.857142857142857
Region IV-A: CALABARZON,1,2022-02-04,4.0
Region IV-A: CALABARZON,4,2022-02-05,4.285714285714286
Region IV-A: CALABARZON,4,2022-02-06,4.142857142857143
Region IV-A: CALABARZON,2,2022-02-07,3.4285714285714284
Region IV-A: CALABARZON,5,2022-02-08,3.5714285714285716
Region IV-A: CALABARZON,3,2022-02-09,3.5714285714285716
Region IV-A: CALABARZON,2,2022-02-10,3.0
Region IV-A: CALABARZON,1,2022-02-11,3.0
Region IV-A: CALABARZON,3,2022-02-12,2.857142857142857
Region IV-A: CALABARZON,2,2022-02-13,2.5714285714285716
Region IV-A: CALABARZON,2,2022-02-14,2.5714285714285716
Region IV-A: CALABARZON,0,2022-02-15,1.8571428571428572
Region IV-A: CALABARZON,2,2022-02-16,1.7142857142857142
Region IV-A: CALABARZON,2,2022-02-17,1.7142857142857142
Region IV-A: CALABARZON,1,2022-02-18,1.7142857142857142
Region IV-A: CALABARZON,1,2022-02-19,1.4285714285714286
Region IV-A: CALABARZON,1,2022-02-20,1.2857142857142858
Region IV-A: CALABARZON,3,2022-02-21,1.4285714285714286
Region IV-A: CALABARZON,0,2022-02-22,1.4285714285714286
Region IV-A: CALABARZON,2,2022-02-23,1.4285714285714286
Region IV-A: CALABARZON,1,2022-02-24,1.2857142857142858
Region IV-A: CALABARZON,1,2022-02-25,1.2857142857142858
Region IV-A: CALABARZON,0,2022-02-26,1.1428571428571428
Region IV-A: CALABARZON,1,2022-02-27,1.1428571428571428
Region IV-A: CALABARZON,0,2022-02-28,0.7142857142857143
Region IV-A: CALABARZON,0,2022-03-01,0.7142857142857143
Region IV-A: CALABARZON,1,2022-03-02,0.5714285714285714
Region IV-A: CALABARZON,1,2022-03-03,0.5714285714285714
Region IV-A: CALABARZON,1,2022-03-04,0.5714285714285714
Region IV-A: CALABARZON,1,2022-03-05,0.7142857142857143
Region IV-A: CALABARZON,4,2022-03-06,1.1428571428571428
Region IV-A: CALABARZON,1,2022-03-07,1.2857142857142858
Region IV-A: CALABARZON,2,2022-03-08,1.5714285714285714
Region IV-A: CALABARZON,2,2022-03-09,1.7142857142857142
Region IV-A: CALABARZON,1,2022-03-10,1.7142857142857142
Region IV-A: CALABARZON,1,2022-03-11,1.7142857142857142
Region IV-A: CALABARZON,2,2022-03-12,1.8571428571428572
Region IV-A: CALABARZON,0,2022-03-13,1.2857142857142858
Region IV-A: CALABARZON,3,2022-03-14,1.5714285714285714
Region IV-A: CALABARZON,0,2022-03-15,1.2857142857142858
Region IV-A: CALABARZON,0,2022-03-16,1.0
Region IV-A: CALABARZON,2,2022-03-17,1.1428571428571428
Region IV-A: CALABARZON,0,2022-03-18,1.0
Region IV-A: CALABARZON,1,2022-03-19,0.8571428571428571
Region IV-A: CALABARZON,0,2022-03-20,0.8571428571428571
Region IV-A: CALABARZON,1,2022-03-21,0.5714285714285714
Region IV-A: CALABARZON,1,2022-03-22,0.7142857142857143
Region IV-A: CALABARZON,2,2022-03-23,1.0
Region IV-A: CALABARZON,0,2022-03-24,0.7142857142857143
Region IV-A: CALABARZON,0,2022-03-25,0.7142857142857143
Region IV-A: CALABARZON,1,2022-03-26,0.7142857142857143
Region IV-A: CALABARZON,1,2022-03-27,0.8571428571428571
Region IV-A: CALABARZON,0,2022-03-28,0.7142857142857143
Region IV-A: CALABARZON,0,2022-03-29,0.5714285714285714
Region IV-A: CALABARZON,0,2022-03-30,0.2857142857142857
Region IV-A: CALABARZON,1,2022-03-31,0.42857142857142855
Region IV-A: CALABARZON,2,2022-04-01,0.7142857142857143
Region IV-A: CALABARZON,0,2022-04-02,0.5714285714285714
Region IV-A: CALABARZON,0,2022-04-03,0.42857142857142855
Region IV-A: CALABARZON,0,2022-04-04,0.42857142857142855
Region IV-A: CALABARZON,0,2022-04-05,0.42857142857142855
Region IV-A: CALABARZON,0,2022-04-06,0.42857142857142855
Region IV-A: CALABARZON,1,2022-04-07,0.42857142857142855
Region IV-A: CALABARZON,0,2022-04-08,0.14285714285714285
Region IV-A: CALABARZON,2,2022-04-09,0.42857142857142855
Region IV-A: CALABARZON,0,2022-04-10,0.42857142857142855
Region IV-A: CALABARZON,0,2022-04-11,0.42857142857142855
Region IV-A: CALABARZON,1,2022-04-12,0.5714285714285714
Region IV-A: CALABARZON,1,2022-04-13,0.7142857142857143
Region IV-A: CALABARZON,1,2022-04-14,0.7142857142857143
Region IV-A: CALABARZON,0,2022-04-15,0.7142857142857143
Region IV-A: CALABARZON,0,2022-04-16,0.42857142857142855
Region IV-A: CALABARZON,0,2022-04-17,0.42857142857142855
Region IV-A: CALABARZON,0,2022-04-18,0.42857142857142855
Region IV-A: CALABARZON,0,2022-04-19,0.2857142857142857
Region IV-A: CALABARZON,3,2022-04-20,0.5714285714285714
Region IV-A: CALABARZON,0,2022-04-21,0.42857142857142855
Region IV-A: CALABARZON,0,2022-04-22,0.42857142857142855
Region IV-A: CALABARZON,0,2022-04-23,0.42857142857142855
Region IV-A: CALABARZON,0,2022-04-24,0.42857142857142855
Region IV-A: CALABARZON,0,2022-04-25,0.42857142857142855
Region IV-A: CALABARZON,2,2022-04-26,0.7142857142857143
Region IV-A: CALABARZON,0,2022-04-27,0.2857142857142857
Region IV-A: CALABARZON,0,2022-04-28,0.2857142857142857
Region IV-A: CALABARZON,0,2022-04-29,0.2857142857142857
Region IV-A: CALABARZON,0,2022-04-30,0.2857142857142857
Region IV-A: CALABARZON,3,2022-05-01,0.7142857142857143
Region IV-A: CALABARZON,0,2022-05-02,0.7142857142857143
Region IV-A: CALABARZON,0,2022-05-03,0.42857142857142855
Region IV-A: CALABARZON,0,2022-05-04,0.42857142857142855
Region IV-A: CALABARZON,0,2022-05-05,0.42857142857142855
Region IV-A: CALABARZON,0,2022-05-06,0.42857142857142855
Region IV-A: CALABARZON,1,2022-05-07,0.5714285714285714
