region,count,date,7DayMA
Region II: Cagayan Valley,1,2020-07-12,
Region II: Cagayan Valley,0,2020-07-13,
Region II: Cagayan Valley,0,2020-07-14,
Region II: Cagayan Valley,0,2020-07-15,
Region II: Cagayan Valley,0,2020-07-16,
Region II: Cagayan Valley,0,2020-07-17,
Region II: Cagayan Valley,0,2020-07-18,0.14285714285714285
Region II: Cagayan Valley,0,2020-07-19,0.0
Region II: Cagayan Valley,0,2020-07-20,0.0
Region II: Cagayan Valley,0,2020-07-21,0.0
Region II: Cagayan Valley,0,2020-07-22,0.0
Region II: Cagayan Valley,0,2020-07-23,0.0
Region II: Cagayan Valley,0,2020-07-24,0.0
Region II: Cagayan Valley,0,2020-07-25,0.0
Region II: Cagayan Valley,0,2020-07-26,0.0
Region II: Cagayan Valley,0,2020-07-27,0.0
Region II: Cagayan Valley,0,2020-07-28,0.0
Region II: Cagayan Valley,0,2020-07-29,0.0
Region II: Cagayan Valley,0,2020-07-30,0.0
Region II: Cagayan Valley,0,2020-07-31,0.0
Region II: Cagayan Valley,0,2020-08-01,0.0
Region II: Cagayan Valley,0,2020-08-02,0.0
Region II: Cagayan Valley,0,2020-08-03,0.0
Region II: Cagayan Valley,0,2020-08-04,0.0
Region II: Cagayan Valley,0,2020-08-05,0.0
Region II: Cagayan Valley,0,2020-08-06,0.0
Region II: Cagayan Valley,0,2020-08-07,0.0
Region II: Cagayan Valley,0,2020-08-08,0.0
Region II: Cagayan Valley,0,2020-08-09,0.0
Region II: Cagayan Valley,0,2020-08-10,0.0
Region II: Cagayan Valley,0,2020-08-11,0.0
Region II: Cagayan Valley,0,2020-08-12,0.0
Region II: Cagayan Valley,0,2020-08-13,0.0
Region II: Cagayan Valley,0,2020-08-14,0.0
Region II: Cagayan Valley,0,2020-08-15,0.0
Region II: Cagayan Valley,0,2020-08-16,0.0
Region II: Cagayan Valley,0,2020-08-17,0.0
Region II: Cagayan Valley,0,2020-08-18,0.0
Region II: Cagayan Valley,0,2020-08-19,0.0
Region II: Cagayan Valley,0,2020-08-20,0.0
Region II: Cagayan Valley,0,2020-08-21,0.0
Region II: Cagayan Valley,0,2020-08-22,0.0
Region II: Cagayan Valley,0,2020-08-23,0.0
Region II: Cagayan Valley,0,2020-08-24,0.0
Region II: Cagayan Valley,0,2020-08-25,0.0
Region II: Cagayan Valley,0,2020-08-26,0.0
Region II: Cagayan Valley,1,2020-08-27,0.14285714285714285
Region II: Cagayan Valley,1,2020-08-28,0.2857142857142857
Region II: Cagayan Valley,1,2020-08-29,0.42857142857142855
Region II: Cagayan Valley,0,2020-08-30,0.42857142857142855
Region II: Cagayan Valley,0,2020-08-31,0.42857142857142855
Region II: Cagayan Valley,0,2020-09-01,0.42857142857142855
Region II: Cagayan Valley,0,2020-09-02,0.42857142857142855
Region II: Cagayan Valley,0,2020-09-03,0.2857142857142857
Region II: Cagayan Valley,0,2020-09-04,0.14285714285714285
Region II: Cagayan Valley,0,2020-09-05,0.0
Region II: Cagayan Valley,0,2020-09-06,0.0
Region II: Cagayan Valley,0,2020-09-07,0.0
Region II: Cagayan Valley,1,2020-09-08,0.14285714285714285
Region II: Cagayan Valley,1,2020-09-09,0.2857142857142857
Region II: Cagayan Valley,1,2020-09-10,0.42857142857142855
Region II: Cagayan Valley,0,2020-09-11,0.42857142857142855
Region II: Cagayan Valley,0,2020-09-12,0.42857142857142855
Region II: Cagayan Valley,1,2020-09-13,0.5714285714285714
Region II: Cagayan Valley,0,2020-09-14,0.5714285714285714
Region II: Cagayan Valley,0,2020-09-15,0.42857142857142855
Region II: Cagayan Valley,1,2020-09-16,0.42857142857142855
Region II: Cagayan Valley,0,2020-09-17,0.2857142857142857
Region II: Cagayan Valley,0,2020-09-18,0.2857142857142857
Region II: Cagayan Valley,1,2020-09-19,0.42857142857142855
Region II: Cagayan Valley,0,2020-09-20,0.2857142857142857
Region II: Cagayan Valley,0,2020-09-21,0.2857142857142857
Region II: Cagayan Valley,0,2020-09-22,0.2857142857142857
Region II: Cagayan Valley,0,2020-09-23,0.14285714285714285
Region II: Cagayan Valley,0,2020-09-24,0.14285714285714285
Region II: Cagayan Valley,0,2020-09-25,0.14285714285714285
Region II: Cagayan Valley,1,2020-09-26,0.14285714285714285
Region II: Cagayan Valley,0,2020-09-27,0.14285714285714285
Region II: Cagayan Valley,0,2020-09-28,0.14285714285714285
Region II: Cagayan Valley,1,2020-09-29,0.2857142857142857
Region II: Cagayan Valley,0,2020-09-30,0.2857142857142857
Region II: Cagayan Valley,0,2020-10-01,0.2857142857142857
Region II: Cagayan Valley,0,2020-10-02,0.2857142857142857
Region II: Cagayan Valley,1,2020-10-03,0.2857142857142857
Region II: Cagayan Valley,0,2020-10-04,0.2857142857142857
Region II: Cagayan Valley,0,2020-10-05,0.2857142857142857
Region II: Cagayan Valley,0,2020-10-06,0.14285714285714285
Region II: Cagayan Valley,0,2020-10-07,0.14285714285714285
Region II: Cagayan Valley,0,2020-10-08,0.14285714285714285
Region II: Cagayan Valley,0,2020-10-09,0.14285714285714285
Region II: Cagayan Valley,0,2020-10-10,0.0
Region II: Cagayan Valley,0,2020-10-11,0.0
Region II: Cagayan Valley,0,2020-10-12,0.0
Region II: Cagayan Valley,0,2020-10-13,0.0
Region II: Cagayan Valley,0,2020-10-14,0.0
Region II: Cagayan Valley,0,2020-10-15,0.0
Region II: Cagayan Valley,0,2020-10-16,0.0
Region II: Cagayan Valley,1,2020-10-17,0.14285714285714285
Region II: Cagayan Valley,0,2020-10-18,0.14285714285714285
Region II: Cagayan Valley,0,2020-10-19,0.14285714285714285
Region II: Cagayan Valley,0,2020-10-20,0.14285714285714285
Region II: Cagayan Valley,0,2020-10-21,0.14285714285714285
Region II: Cagayan Valley,0,2020-10-22,0.14285714285714285
Region II: Cagayan Valley,0,2020-10-23,0.14285714285714285
Region II: Cagayan Valley,0,2020-10-24,0.0
Region II: Cagayan Valley,0,2020-10-25,0.0
Region II: Cagayan Valley,0,2020-10-26,0.0
Region II: Cagayan Valley,0,2020-10-27,0.0
Region II: Cagayan Valley,0,2020-10-28,0.0
Region II: Cagayan Valley,0,2020-10-29,0.0
Region II: Cagayan Valley,1,2020-10-30,0.14285714285714285
Region II: Cagayan Valley,0,2020-10-31,0.14285714285714285
Region II: Cagayan Valley,0,2020-11-01,0.14285714285714285
Region II: Cagayan Valley,0,2020-11-02,0.14285714285714285
Region II: Cagayan Valley,0,2020-11-03,0.14285714285714285
Region II: Cagayan Valley,0,2020-11-04,0.14285714285714285
Region II: Cagayan Valley,0,2020-11-05,0.14285714285714285
Region II: Cagayan Valley,1,2020-11-06,0.14285714285714285
Region II: Cagayan Valley,0,2020-11-07,0.14285714285714285
Region II: Cagayan Valley,0,2020-11-08,0.14285714285714285
Region II: Cagayan Valley,0,2020-11-09,0.14285714285714285
Region II: Cagayan Valley,0,2020-11-10,0.14285714285714285
Region II: Cagayan Valley,0,2020-11-11,0.14285714285714285
Region II: Cagayan Valley,0,2020-11-12,0.14285714285714285
Region II: Cagayan Valley,0,2020-11-13,0.0
Region II: Cagayan Valley,0,2020-11-14,0.0
Region II: Cagayan Valley,0,2020-11-15,0.0
Region II: Cagayan Valley,1,2020-11-16,0.14285714285714285
Region II: Cagayan Valley,0,2020-11-17,0.14285714285714285
Region II: Cagayan Valley,0,2020-11-18,0.14285714285714285
Region II: Cagayan Valley,0,2020-11-19,0.14285714285714285
Region II: Cagayan Valley,0,2020-11-20,0.14285714285714285
Region II: Cagayan Valley,0,2020-11-21,0.14285714285714285
Region II: Cagayan Valley,0,2020-11-22,0.14285714285714285
Region II: Cagayan Valley,0,2020-11-23,0.0
Region II: Cagayan Valley,0,2020-11-24,0.0
Region II: Cagayan Valley,0,2020-11-25,0.0
Region II: Cagayan Valley,0,2020-11-26,0.0
Region II: Cagayan Valley,1,2020-11-27,0.14285714285714285
Region II: Cagayan Valley,0,2020-11-28,0.14285714285714285
Region II: Cagayan Valley,2,2020-11-29,0.42857142857142855
Region II: Cagayan Valley,0,2020-11-30,0.42857142857142855
Region II: Cagayan Valley,0,2020-12-01,0.42857142857142855
Region II: Cagayan Valley,0,2020-12-02,0.42857142857142855
Region II: Cagayan Valley,0,2020-12-03,0.42857142857142855
Region II: Cagayan Valley,0,2020-12-04,0.2857142857142857
Region II: Cagayan Valley,0,2020-12-05,0.2857142857142857
Region II: Cagayan Valley,0,2020-12-06,0.0
Region II: Cagayan Valley,1,2020-12-07,0.14285714285714285
Region II: Cagayan Valley,0,2020-12-08,0.14285714285714285
Region II: Cagayan Valley,0,2020-12-09,0.14285714285714285
Region II: Cagayan Valley,0,2020-12-10,0.14285714285714285
Region II: Cagayan Valley,0,2020-12-11,0.14285714285714285
Region II: Cagayan Valley,1,2020-12-12,0.2857142857142857
Region II: Cagayan Valley,1,2020-12-13,0.42857142857142855
Region II: Cagayan Valley,0,2020-12-14,0.2857142857142857
Region II: Cagayan Valley,0,2020-12-15,0.2857142857142857
Region II: Cagayan Valley,1,2020-12-16,0.42857142857142855
Region II: Cagayan Valley,1,2020-12-17,0.5714285714285714
Region II: Cagayan Valley,0,2020-12-18,0.5714285714285714
Region II: Cagayan Valley,0,2020-12-19,0.42857142857142855
Region II: Cagayan Valley,1,2020-12-20,0.42857142857142855
Region II: Cagayan Valley,0,2020-12-21,0.42857142857142855
Region II: Cagayan Valley,0,2020-12-22,0.42857142857142855
Region II: Cagayan Valley,0,2020-12-23,0.2857142857142857
Region II: Cagayan Valley,1,2020-12-24,0.2857142857142857
Region II: Cagayan Valley,0,2020-12-25,0.2857142857142857
Region II: Cagayan Valley,0,2020-12-26,0.2857142857142857
Region II: Cagayan Valley,0,2020-12-27,0.14285714285714285
Region II: Cagayan Valley,0,2020-12-28,0.14285714285714285
Region II: Cagayan Valley,0,2020-12-29,0.14285714285714285
Region II: Cagayan Valley,0,2020-12-30,0.14285714285714285
Region II: Cagayan Valley,0,2020-12-31,0.0
Region II: Cagayan Valley,1,2021-01-01,0.14285714285714285
Region II: Cagayan Valley,1,2021-01-02,0.2857142857142857
Region II: Cagayan Valley,0,2021-01-03,0.2857142857142857
Region II: Cagayan Valley,1,2021-01-04,0.42857142857142855
Region II: Cagayan Valley,0,2021-01-05,0.42857142857142855
Region II: Cagayan Valley,0,2021-01-06,0.42857142857142855
Region II: Cagayan Valley,1,2021-01-07,0.5714285714285714
Region II: Cagayan Valley,0,2021-01-08,0.42857142857142855
Region II: Cagayan Valley,1,2021-01-09,0.42857142857142855
Region II: Cagayan Valley,1,2021-01-10,0.5714285714285714
Region II: Cagayan Valley,1,2021-01-11,0.5714285714285714
Region II: Cagayan Valley,3,2021-01-12,1.0
Region II: Cagayan Valley,0,2021-01-13,1.0
Region II: Cagayan Valley,2,2021-01-14,1.1428571428571428
Region II: Cagayan Valley,1,2021-01-15,1.2857142857142858
Region II: Cagayan Valley,0,2021-01-16,1.1428571428571428
Region II: Cagayan Valley,0,2021-01-17,1.0
Region II: Cagayan Valley,3,2021-01-18,1.2857142857142858
Region II: Cagayan Valley,0,2021-01-19,0.8571428571428571
Region II: Cagayan Valley,0,2021-01-20,0.8571428571428571
Region II: Cagayan Valley,1,2021-01-21,0.7142857142857143
Region II: Cagayan Valley,0,2021-01-22,0.5714285714285714
Region II: Cagayan Valley,0,2021-01-23,0.5714285714285714
Region II: Cagayan Valley,1,2021-01-24,0.7142857142857143
Region II: Cagayan Valley,1,2021-01-25,0.42857142857142855
Region II: Cagayan Valley,2,2021-01-26,0.7142857142857143
Region II: Cagayan Valley,0,2021-01-27,0.7142857142857143
Region II: Cagayan Valley,0,2021-01-28,0.5714285714285714
Region II: Cagayan Valley,0,2021-01-29,0.5714285714285714
Region II: Cagayan Valley,0,2021-01-30,0.5714285714285714
Region II: Cagayan Valley,0,2021-01-31,0.42857142857142855
Region II: Cagayan Valley,0,2021-02-01,0.2857142857142857
Region II: Cagayan Valley,0,2021-02-02,0.0
Region II: Cagayan Valley,0,2021-02-03,0.0
Region II: Cagayan Valley,0,2021-02-04,0.0
Region II: Cagayan Valley,0,2021-02-05,0.0
Region II: Cagayan Valley,2,2021-02-06,0.2857142857142857
Region II: Cagayan Valley,0,2021-02-07,0.2857142857142857
Region II: Cagayan Valley,3,2021-02-08,0.7142857142857143
Region II: Cagayan Valley,3,2021-02-09,1.1428571428571428
Region II: Cagayan Valley,0,2021-02-10,1.1428571428571428
Region II: Cagayan Valley,1,2021-02-11,1.2857142857142858
Region II: Cagayan Valley,0,2021-02-12,1.2857142857142858
Region II: Cagayan Valley,0,2021-02-13,1.0
Region II: Cagayan Valley,1,2021-02-14,1.1428571428571428
Region II: Cagayan Valley,1,2021-02-15,0.8571428571428571
Region II: Cagayan Valley,1,2021-02-16,0.5714285714285714
Region II: Cagayan Valley,2,2021-02-17,0.8571428571428571
Region II: Cagayan Valley,0,2021-02-18,0.7142857142857143
Region II: Cagayan Valley,1,2021-02-19,0.8571428571428571
Region II: Cagayan Valley,0,2021-02-20,0.8571428571428571
Region II: Cagayan Valley,0,2021-02-21,0.7142857142857143
Region II: Cagayan Valley,0,2021-02-22,0.5714285714285714
Region II: Cagayan Valley,0,2021-02-23,0.42857142857142855
Region II: Cagayan Valley,1,2021-02-24,0.2857142857142857
Region II: Cagayan Valley,1,2021-02-25,0.42857142857142855
Region II: Cagayan Valley,0,2021-02-26,0.2857142857142857
Region II: Cagayan Valley,0,2021-02-27,0.2857142857142857
Region II: Cagayan Valley,0,2021-02-28,0.2857142857142857
Region II: Cagayan Valley,1,2021-03-01,0.42857142857142855
Region II: Cagayan Valley,0,2021-03-02,0.42857142857142855
Region II: Cagayan Valley,0,2021-03-03,0.2857142857142857
Region II: Cagayan Valley,0,2021-03-04,0.14285714285714285
Region II: Cagayan Valley,0,2021-03-05,0.14285714285714285
Region II: Cagayan Valley,0,2021-03-06,0.14285714285714285
Region II: Cagayan Valley,0,2021-03-07,0.14285714285714285
Region II: Cagayan Valley,0,2021-03-08,0.0
Region II: Cagayan Valley,0,2021-03-09,0.0
Region II: Cagayan Valley,1,2021-03-10,0.14285714285714285
Region II: Cagayan Valley,0,2021-03-11,0.14285714285714285
Region II: Cagayan Valley,0,2021-03-12,0.14285714285714285
Region II: Cagayan Valley,1,2021-03-13,0.2857142857142857
Region II: Cagayan Valley,3,2021-03-14,0.7142857142857143
Region II: Cagayan Valley,1,2021-03-15,0.8571428571428571
Region II: Cagayan Valley,1,2021-03-16,1.0
Region II: Cagayan Valley,0,2021-03-17,0.8571428571428571
Region II: Cagayan Valley,2,2021-03-18,1.1428571428571428
Region II: Cagayan Valley,1,2021-03-19,1.2857142857142858
Region II: Cagayan Valley,4,2021-03-20,1.7142857142857142
Region II: Cagayan Valley,0,2021-03-21,1.2857142857142858
Region II: Cagayan Valley,1,2021-03-22,1.2857142857142858
Region II: Cagayan Valley,2,2021-03-23,1.4285714285714286
Region II: Cagayan Valley,1,2021-03-24,1.5714285714285714
Region II: Cagayan Valley,3,2021-03-25,1.7142857142857142
Region II: Cagayan Valley,1,2021-03-26,1.7142857142857142
Region II: Cagayan Valley,1,2021-03-27,1.2857142857142858
Region II: Cagayan Valley,1,2021-03-28,1.4285714285714286
Region II: Cagayan Valley,4,2021-03-29,1.8571428571428572
Region II: Cagayan Valley,3,2021-03-30,2.0
Region II: Cagayan Valley,1,2021-03-31,2.0
Region II: Cagayan Valley,5,2021-04-01,2.2857142857142856
Region II: Cagayan Valley,0,2021-04-02,2.142857142857143
Region II: Cagayan Valley,4,2021-04-03,2.5714285714285716
Region II: Cagayan Valley,2,2021-04-04,2.7142857142857144
Region II: Cagayan Valley,3,2021-04-05,2.5714285714285716
Region II: Cagayan Valley,7,2021-04-06,3.142857142857143
Region II: Cagayan Valley,2,2021-04-07,3.2857142857142856
Region II: Cagayan Valley,5,2021-04-08,3.2857142857142856
Region II: Cagayan Valley,1,2021-04-09,3.4285714285714284
Region II: Cagayan Valley,6,2021-04-10,3.7142857142857144
Region II: Cagayan Valley,7,2021-04-11,4.428571428571429
Region II: Cagayan Valley,3,2021-04-12,4.428571428571429
Region II: Cagayan Valley,1,2021-04-13,3.5714285714285716
Region II: Cagayan Valley,7,2021-04-14,4.285714285714286
Region II: Cagayan Valley,4,2021-04-15,4.142857142857143
Region II: Cagayan Valley,1,2021-04-16,4.142857142857143
Region II: Cagayan Valley,8,2021-04-17,4.428571428571429
Region II: Cagayan Valley,3,2021-04-18,3.857142857142857
Region II: Cagayan Valley,5,2021-04-19,4.142857142857143
Region II: Cagayan Valley,7,2021-04-20,5.0
Region II: Cagayan Valley,6,2021-04-21,4.857142857142857
Region II: Cagayan Valley,7,2021-04-22,5.285714285714286
Region II: Cagayan Valley,7,2021-04-23,6.142857142857143
Region II: Cagayan Valley,6,2021-04-24,5.857142857142857
Region II: Cagayan Valley,4,2021-04-25,6.0
Region II: Cagayan Valley,5,2021-04-26,6.0
Region II: Cagayan Valley,0,2021-04-27,5.0
Region II: Cagayan Valley,5,2021-04-28,4.857142857142857
Region II: Cagayan Valley,10,2021-04-29,5.285714285714286
Region II: Cagayan Valley,4,2021-04-30,4.857142857142857
Region II: Cagayan Valley,6,2021-05-01,4.857142857142857
Region II: Cagayan Valley,1,2021-05-02,4.428571428571429
Region II: Cagayan Valley,6,2021-05-03,4.571428571428571
Region II: Cagayan Valley,10,2021-05-04,6.0
Region II: Cagayan Valley,7,2021-05-05,6.285714285714286
Region II: Cagayan Valley,6,2021-05-06,5.714285714285714
Region II: Cagayan Valley,12,2021-05-07,6.857142857142857
Region II: Cagayan Valley,5,2021-05-08,6.714285714285714
Region II: Cagayan Valley,5,2021-05-09,7.285714285714286
Region II: Cagayan Valley,4,2021-05-10,7.0
Region II: Cagayan Valley,6,2021-05-11,6.428571428571429
Region II: Cagayan Valley,13,2021-05-12,7.285714285714286
Region II: Cagayan Valley,3,2021-05-13,6.857142857142857
Region II: Cagayan Valley,9,2021-05-14,6.428571428571429
Region II: Cagayan Valley,6,2021-05-15,6.571428571428571
Region II: Cagayan Valley,1,2021-05-16,6.0
Region II: Cagayan Valley,5,2021-05-17,6.142857142857143
Region II: Cagayan Valley,2,2021-05-18,5.571428571428571
Region II: Cagayan Valley,8,2021-05-19,4.857142857142857
Region II: Cagayan Valley,3,2021-05-20,4.857142857142857
Region II: Cagayan Valley,3,2021-05-21,4.0
Region II: Cagayan Valley,3,2021-05-22,3.5714285714285716
Region II: Cagayan Valley,4,2021-05-23,4.0
Region II: Cagayan Valley,3,2021-05-24,3.7142857142857144
Region II: Cagayan Valley,0,2021-05-25,3.4285714285714284
Region II: Cagayan Valley,3,2021-05-26,2.7142857142857144
Region II: Cagayan Valley,3,2021-05-27,2.7142857142857144
Region II: Cagayan Valley,9,2021-05-28,3.5714285714285716
Region II: Cagayan Valley,10,2021-05-29,4.571428571428571
Region II: Cagayan Valley,3,2021-05-30,4.428571428571429
Region II: Cagayan Valley,2,2021-05-31,4.285714285714286
Region II: Cagayan Valley,6,2021-06-01,5.142857142857143
Region II: Cagayan Valley,4,2021-06-02,5.285714285714286
Region II: Cagayan Valley,2,2021-06-03,5.142857142857143
Region II: Cagayan Valley,6,2021-06-04,4.714285714285714
Region II: Cagayan Valley,4,2021-06-05,3.857142857142857
Region II: Cagayan Valley,4,2021-06-06,4.0
Region II: Cagayan Valley,2,2021-06-07,4.0
Region II: Cagayan Valley,5,2021-06-08,3.857142857142857
Region II: Cagayan Valley,4,2021-06-09,3.857142857142857
Region II: Cagayan Valley,3,2021-06-10,4.0
Region II: Cagayan Valley,7,2021-06-11,4.142857142857143
Region II: Cagayan Valley,6,2021-06-12,4.428571428571429
Region II: Cagayan Valley,6,2021-06-13,4.714285714285714
Region II: Cagayan Valley,3,2021-06-14,4.857142857142857
Region II: Cagayan Valley,6,2021-06-15,5.0
Region II: Cagayan Valley,3,2021-06-16,4.857142857142857
Region II: Cagayan Valley,3,2021-06-17,4.857142857142857
Region II: Cagayan Valley,3,2021-06-18,4.285714285714286
Region II: Cagayan Valley,5,2021-06-19,4.142857142857143
Region II: Cagayan Valley,2,2021-06-20,3.5714285714285716
Region II: Cagayan Valley,1,2021-06-21,3.2857142857142856
Region II: Cagayan Valley,2,2021-06-22,2.7142857142857144
Region II: Cagayan Valley,2,2021-06-23,2.5714285714285716
Region II: Cagayan Valley,2,2021-06-24,2.4285714285714284
Region II: Cagayan Valley,1,2021-06-25,2.142857142857143
Region II: Cagayan Valley,1,2021-06-26,1.5714285714285714
Region II: Cagayan Valley,1,2021-06-27,1.4285714285714286
Region II: Cagayan Valley,0,2021-06-28,1.2857142857142858
Region II: Cagayan Valley,3,2021-06-29,1.4285714285714286
Region II: Cagayan Valley,0,2021-06-30,1.1428571428571428
Region II: Cagayan Valley,2,2021-07-01,1.1428571428571428
Region II: Cagayan Valley,3,2021-07-02,1.4285714285714286
Region II: Cagayan Valley,2,2021-07-03,1.5714285714285714
Region II: Cagayan Valley,1,2021-07-04,1.5714285714285714
Region II: Cagayan Valley,4,2021-07-05,2.142857142857143
Region II: Cagayan Valley,0,2021-07-06,1.7142857142857142
Region II: Cagayan Valley,2,2021-07-07,2.0
Region II: Cagayan Valley,1,2021-07-08,1.8571428571428572
Region II: Cagayan Valley,1,2021-07-09,1.5714285714285714
Region II: Cagayan Valley,1,2021-07-10,1.4285714285714286
Region II: Cagayan Valley,2,2021-07-11,1.5714285714285714
Region II: Cagayan Valley,5,2021-07-12,1.7142857142857142
Region II: Cagayan Valley,0,2021-07-13,1.7142857142857142
Region II: Cagayan Valley,1,2021-07-14,1.5714285714285714
Region II: Cagayan Valley,5,2021-07-15,2.142857142857143
Region II: Cagayan Valley,3,2021-07-16,2.4285714285714284
Region II: Cagayan Valley,7,2021-07-17,3.2857142857142856
Region II: Cagayan Valley,8,2021-07-18,4.142857142857143
Region II: Cagayan Valley,1,2021-07-19,3.5714285714285716
Region II: Cagayan Valley,3,2021-07-20,4.0
Region II: Cagayan Valley,3,2021-07-21,4.285714285714286
Region II: Cagayan Valley,0,2021-07-22,3.5714285714285716
Region II: Cagayan Valley,3,2021-07-23,3.5714285714285716
Region II: Cagayan Valley,1,2021-07-24,2.7142857142857144
Region II: Cagayan Valley,2,2021-07-25,1.8571428571428572
Region II: Cagayan Valley,2,2021-07-26,2.0
Region II: Cagayan Valley,1,2021-07-27,1.7142857142857142
Region II: Cagayan Valley,3,2021-07-28,1.7142857142857142
Region II: Cagayan Valley,2,2021-07-29,2.0
Region II: Cagayan Valley,5,2021-07-30,2.2857142857142856
Region II: Cagayan Valley,0,2021-07-31,2.142857142857143
Region II: Cagayan Valley,4,2021-08-01,2.4285714285714284
Region II: Cagayan Valley,3,2021-08-02,2.5714285714285716
Region II: Cagayan Valley,5,2021-08-03,3.142857142857143
Region II: Cagayan Valley,3,2021-08-04,3.142857142857143
Region II: Cagayan Valley,2,2021-08-05,3.142857142857143
Region II: Cagayan Valley,4,2021-08-06,3.0
Region II: Cagayan Valley,6,2021-08-07,3.857142857142857
Region II: Cagayan Valley,2,2021-08-08,3.5714285714285716
Region II: Cagayan Valley,2,2021-08-09,3.4285714285714284
Region II: Cagayan Valley,4,2021-08-10,3.2857142857142856
Region II: Cagayan Valley,4,2021-08-11,3.4285714285714284
Region II: Cagayan Valley,3,2021-08-12,3.5714285714285716
Region II: Cagayan Valley,4,2021-08-13,3.5714285714285716
Region II: Cagayan Valley,3,2021-08-14,3.142857142857143
Region II: Cagayan Valley,3,2021-08-15,3.2857142857142856
Region II: Cagayan Valley,6,2021-08-16,3.857142857142857
Region II: Cagayan Valley,6,2021-08-17,4.142857142857143
Region II: Cagayan Valley,5,2021-08-18,4.285714285714286
Region II: Cagayan Valley,7,2021-08-19,4.857142857142857
Region II: Cagayan Valley,7,2021-08-20,5.285714285714286
Region II: Cagayan Valley,9,2021-08-21,6.142857142857143
Region II: Cagayan Valley,5,2021-08-22,6.428571428571429
Region II: Cagayan Valley,7,2021-08-23,6.571428571428571
Region II: Cagayan Valley,5,2021-08-24,6.428571428571429
Region II: Cagayan Valley,11,2021-08-25,7.285714285714286
Region II: Cagayan Valley,5,2021-08-26,7.0
Region II: Cagayan Valley,6,2021-08-27,6.857142857142857
Region II: Cagayan Valley,9,2021-08-28,6.857142857142857
Region II: Cagayan Valley,7,2021-08-29,7.142857142857143
Region II: Cagayan Valley,9,2021-08-30,7.428571428571429
Region II: Cagayan Valley,7,2021-08-31,7.714285714285714
Region II: Cagayan Valley,5,2021-09-01,6.857142857142857
Region II: Cagayan Valley,4,2021-09-02,6.714285714285714
Region II: Cagayan Valley,7,2021-09-03,6.857142857142857
Region II: Cagayan Valley,12,2021-09-04,7.285714285714286
Region II: Cagayan Valley,14,2021-09-05,8.285714285714286
Region II: Cagayan Valley,19,2021-09-06,9.714285714285714
Region II: Cagayan Valley,8,2021-09-07,9.857142857142858
Region II: Cagayan Valley,11,2021-09-08,10.714285714285714
Region II: Cagayan Valley,9,2021-09-09,11.428571428571429
Region II: Cagayan Valley,14,2021-09-10,12.428571428571429
Region II: Cagayan Valley,11,2021-09-11,12.285714285714286
Region II: Cagayan Valley,8,2021-09-12,11.428571428571429
Region II: Cagayan Valley,8,2021-09-13,9.857142857142858
Region II: Cagayan Valley,6,2021-09-14,9.571428571428571
Region II: Cagayan Valley,11,2021-09-15,9.571428571428571
Region II: Cagayan Valley,6,2021-09-16,9.142857142857142
Region II: Cagayan Valley,6,2021-09-17,8.0
Region II: Cagayan Valley,9,2021-09-18,7.714285714285714
Region II: Cagayan Valley,13,2021-09-19,8.428571428571429
Region II: Cagayan Valley,7,2021-09-20,8.285714285714286
Region II: Cagayan Valley,6,2021-09-21,8.285714285714286
Region II: Cagayan Valley,8,2021-09-22,7.857142857142857
Region II: Cagayan Valley,10,2021-09-23,8.428571428571429
Region II: Cagayan Valley,10,2021-09-24,9.0
Region II: Cagayan Valley,4,2021-09-25,8.285714285714286
Region II: Cagayan Valley,10,2021-09-26,7.857142857142857
Region II: Cagayan Valley,5,2021-09-27,7.571428571428571
Region II: Cagayan Valley,7,2021-09-28,7.714285714285714
Region II: Cagayan Valley,14,2021-09-29,8.571428571428571
Region II: Cagayan Valley,14,2021-09-30,9.142857142857142
Region II: Cagayan Valley,11,2021-10-01,9.285714285714286
Region II: Cagayan Valley,14,2021-10-02,10.714285714285714
Region II: Cagayan Valley,8,2021-10-03,10.428571428571429
Region II: Cagayan Valley,15,2021-10-04,11.857142857142858
Region II: Cagayan Valley,14,2021-10-05,12.857142857142858
Region II: Cagayan Valley,11,2021-10-06,12.428571428571429
Region II: Cagayan Valley,11,2021-10-07,12.0
Region II: Cagayan Valley,16,2021-10-08,12.714285714285714
Region II: Cagayan Valley,14,2021-10-09,12.714285714285714
Region II: Cagayan Valley,17,2021-10-10,14.0
Region II: Cagayan Valley,11,2021-10-11,13.428571428571429
Region II: Cagayan Valley,18,2021-10-12,14.0
Region II: Cagayan Valley,12,2021-10-13,14.142857142857142
Region II: Cagayan Valley,7,2021-10-14,13.571428571428571
Region II: Cagayan Valley,11,2021-10-15,12.857142857142858
Region II: Cagayan Valley,14,2021-10-16,12.857142857142858
Region II: Cagayan Valley,7,2021-10-17,11.428571428571429
Region II: Cagayan Valley,10,2021-10-18,11.285714285714286
Region II: Cagayan Valley,11,2021-10-19,10.285714285714286
Region II: Cagayan Valley,10,2021-10-20,10.0
Region II: Cagayan Valley,12,2021-10-21,10.714285714285714
Region II: Cagayan Valley,11,2021-10-22,10.714285714285714
Region II: Cagayan Valley,12,2021-10-23,10.428571428571429
Region II: Cagayan Valley,10,2021-10-24,10.857142857142858
Region II: Cagayan Valley,8,2021-10-25,10.571428571428571
Region II: Cagayan Valley,4,2021-10-26,9.571428571428571
Region II: Cagayan Valley,2,2021-10-27,8.428571428571429
Region II: Cagayan Valley,9,2021-10-28,8.0
Region II: Cagayan Valley,9,2021-10-29,7.714285714285714
Region II: Cagayan Valley,7,2021-10-30,7.0
Region II: Cagayan Valley,7,2021-10-31,6.571428571428571
Region II: Cagayan Valley,9,2021-11-01,6.714285714285714
Region II: Cagayan Valley,8,2021-11-02,7.285714285714286
Region II: Cagayan Valley,5,2021-11-03,7.714285714285714
Region II: Cagayan Valley,4,2021-11-04,7.0
Region II: Cagayan Valley,7,2021-11-05,6.714285714285714
Region II: Cagayan Valley,3,2021-11-06,6.142857142857143
Region II: Cagayan Valley,6,2021-11-07,6.0
Region II: Cagayan Valley,6,2021-11-08,5.571428571428571
Region II: Cagayan Valley,2,2021-11-09,4.714285714285714
Region II: Cagayan Valley,4,2021-11-10,4.571428571428571
Region II: Cagayan Valley,2,2021-11-11,4.285714285714286
Region II: Cagayan Valley,4,2021-11-12,3.857142857142857
Region II: Cagayan Valley,6,2021-11-13,4.285714285714286
Region II: Cagayan Valley,7,2021-11-14,4.428571428571429
Region II: Cagayan Valley,3,2021-11-15,4.0
Region II: Cagayan Valley,2,2021-11-16,4.0
Region II: Cagayan Valley,6,2021-11-17,4.285714285714286
Region II: Cagayan Valley,3,2021-11-18,4.428571428571429
Region II: Cagayan Valley,3,2021-11-19,4.285714285714286
Region II: Cagayan Valley,6,2021-11-20,4.285714285714286
Region II: Cagayan Valley,2,2021-11-21,3.5714285714285716
Region II: Cagayan Valley,3,2021-11-22,3.5714285714285716
Region II: Cagayan Valley,3,2021-11-23,3.7142857142857144
Region II: Cagayan Valley,2,2021-11-24,3.142857142857143
Region II: Cagayan Valley,1,2021-11-25,2.857142857142857
Region II: Cagayan Valley,1,2021-11-26,2.5714285714285716
Region II: Cagayan Valley,2,2021-11-27,2.0
Region II: Cagayan Valley,1,2021-11-28,1.8571428571428572
Region II: Cagayan Valley,3,2021-11-29,1.8571428571428572
Region II: Cagayan Valley,2,2021-11-30,1.7142857142857142
Region II: Cagayan Valley,2,2021-12-01,1.7142857142857142
Region II: Cagayan Valley,1,2021-12-02,1.7142857142857142
Region II: Cagayan Valley,0,2021-12-03,1.5714285714285714
Region II: Cagayan Valley,3,2021-12-04,1.7142857142857142
Region II: Cagayan Valley,2,2021-12-05,1.8571428571428572
Region II: Cagayan Valley,2,2021-12-06,1.7142857142857142
Region II: Cagayan Valley,1,2021-12-07,1.5714285714285714
Region II: Cagayan Valley,1,2021-12-08,1.4285714285714286
Region II: Cagayan Valley,1,2021-12-09,1.4285714285714286
Region II: Cagayan Valley,2,2021-12-10,1.7142857142857142
Region II: Cagayan Valley,0,2021-12-11,1.2857142857142858
Region II: Cagayan Valley,0,2021-12-12,1.0
Region II: Cagayan Valley,2,2021-12-13,1.0
Region II: Cagayan Valley,1,2021-12-14,1.0
Region II: Cagayan Valley,1,2021-12-15,1.0
Region II: Cagayan Valley,5,2021-12-16,1.5714285714285714
Region II: Cagayan Valley,2,2021-12-17,1.5714285714285714
Region II: Cagayan Valley,2,2021-12-18,1.8571428571428572
Region II: Cagayan Valley,0,2021-12-19,1.8571428571428572
Region II: Cagayan Valley,0,2021-12-20,1.5714285714285714
Region II: Cagayan Valley,1,2021-12-21,1.5714285714285714
Region II: Cagayan Valley,2,2021-12-22,1.7142857142857142
Region II: Cagayan Valley,1,2021-12-23,1.1428571428571428
Region II: Cagayan Valley,1,2021-12-24,1.0
Region II: Cagayan Valley,0,2021-12-25,0.7142857142857143
Region II: Cagayan Valley,1,2021-12-26,0.8571428571428571
Region II: Cagayan Valley,0,2021-12-27,0.8571428571428571
Region II: Cagayan Valley,0,2021-12-28,0.7142857142857143
Region II: Cagayan Valley,2,2021-12-29,0.7142857142857143
Region II: Cagayan Valley,2,2021-12-30,0.8571428571428571
Region II: Cagayan Valley,3,2021-12-31,1.1428571428571428
Region II: Cagayan Valley,0,2022-01-01,1.1428571428571428
Region II: Cagayan Valley,1,2022-01-02,1.1428571428571428
Region II: Cagayan Valley,0,2022-01-03,1.1428571428571428
Region II: Cagayan Valley,2,2022-01-04,1.4285714285714286
Region II: Cagayan Valley,0,2022-01-05,1.1428571428571428
Region II: Cagayan Valley,0,2022-01-06,0.8571428571428571
Region II: Cagayan Valley,0,2022-01-07,0.42857142857142855
Region II: Cagayan Valley,2,2022-01-08,0.7142857142857143
Region II: Cagayan Valley,2,2022-01-09,0.8571428571428571
Region II: Cagayan Valley,3,2022-01-10,1.2857142857142858
Region II: Cagayan Valley,1,2022-01-11,1.1428571428571428
Region II: Cagayan Valley,1,2022-01-12,1.2857142857142858
Region II: Cagayan Valley,2,2022-01-13,1.5714285714285714
Region II: Cagayan Valley,0,2022-01-14,1.5714285714285714
Region II: Cagayan Valley,0,2022-01-15,1.2857142857142858
Region II: Cagayan Valley,2,2022-01-16,1.2857142857142858
Region II: Cagayan Valley,2,2022-01-17,1.1428571428571428
Region II: Cagayan Valley,2,2022-01-18,1.2857142857142858
Region II: Cagayan Valley,4,2022-01-19,1.7142857142857142
Region II: Cagayan Valley,4,2022-01-20,2.0
Region II: Cagayan Valley,2,2022-01-21,2.2857142857142856
Region II: Cagayan Valley,2,2022-01-22,2.5714285714285716
Region II: Cagayan Valley,1,2022-01-23,2.4285714285714284
Region II: Cagayan Valley,2,2022-01-24,2.4285714285714284
Region II: Cagayan Valley,1,2022-01-25,2.2857142857142856
Region II: Cagayan Valley,1,2022-01-26,1.8571428571428572
Region II: Cagayan Valley,3,2022-01-27,1.7142857142857142
Region II: Cagayan Valley,3,2022-01-28,1.8571428571428572
Region II: Cagayan Valley,5,2022-01-29,2.2857142857142856
Region II: Cagayan Valley,4,2022-01-30,2.7142857142857144
Region II: Cagayan Valley,3,2022-01-31,2.857142857142857
Region II: Cagayan Valley,3,2022-02-01,3.142857142857143
Region II: Cagayan Valley,3,2022-02-02,3.4285714285714284
Region II: Cagayan Valley,3,2022-02-03,3.4285714285714284
Region II: Cagayan Valley,3,2022-02-04,3.4285714285714284
Region II: Cagayan Valley,0,2022-02-05,2.7142857142857144
Region II: Cagayan Valley,3,2022-02-06,2.5714285714285716
Region II: Cagayan Valley,1,2022-02-07,2.2857142857142856
Region II: Cagayan Valley,2,2022-02-08,2.142857142857143
Region II: Cagayan Valley,2,2022-02-09,2.0
Region II: Cagayan Valley,3,2022-02-10,2.0
Region II: Cagayan Valley,2,2022-02-11,1.8571428571428572
Region II: Cagayan Valley,2,2022-02-12,2.142857142857143
Region II: Cagayan Valley,1,2022-02-13,1.8571428571428572
Region II: Cagayan Valley,3,2022-02-14,2.142857142857143
Region II: Cagayan Valley,3,2022-02-15,2.2857142857142856
Region II: Cagayan Valley,1,2022-02-16,2.142857142857143
Region II: Cagayan Valley,4,2022-02-17,2.2857142857142856
Region II: Cagayan Valley,3,2022-02-18,2.4285714285714284
Region II: Cagayan Valley,2,2022-02-19,2.4285714285714284
Region II: Cagayan Valley,1,2022-02-20,2.4285714285714284
Region II: Cagayan Valley,2,2022-02-21,2.2857142857142856
Region II: Cagayan Valley,2,2022-02-22,2.142857142857143
Region II: Cagayan Valley,1,2022-02-23,2.142857142857143
Region II: Cagayan Valley,1,2022-02-24,1.7142857142857142
Region II: Cagayan Valley,3,2022-02-25,1.7142857142857142
Region II: Cagayan Valley,0,2022-02-26,1.4285714285714286
Region II: Cagayan Valley,1,2022-02-27,1.4285714285714286
Region II: Cagayan Valley,0,2022-02-28,1.1428571428571428
Region II: Cagayan Valley,3,2022-03-01,1.2857142857142858
Region II: Cagayan Valley,0,2022-03-02,1.1428571428571428
Region II: Cagayan Valley,1,2022-03-03,1.1428571428571428
Region II: Cagayan Valley,1,2022-03-04,0.8571428571428571
Region II: Cagayan Valley,0,2022-03-05,0.8571428571428571
Region II: Cagayan Valley,3,2022-03-06,1.1428571428571428
Region II: Cagayan Valley,0,2022-03-07,1.1428571428571428
Region II: Cagayan Valley,2,2022-03-08,1.0
Region II: Cagayan Valley,0,2022-03-09,1.0
Region II: Cagayan Valley,0,2022-03-10,0.8571428571428571
Region II: Cagayan Valley,0,2022-03-11,0.7142857142857143
Region II: Cagayan Valley,1,2022-03-12,0.8571428571428571
Region II: Cagayan Valley,1,2022-03-13,0.5714285714285714
Region II: Cagayan Valley,1,2022-03-14,0.7142857142857143
Region II: Cagayan Valley,3,2022-03-15,0.8571428571428571
Region II: Cagayan Valley,2,2022-03-16,1.1428571428571428
Region II: Cagayan Valley,1,2022-03-17,1.2857142857142858
Region II: Cagayan Valley,1,2022-03-18,1.4285714285714286
Region II: Cagayan Valley,0,2022-03-19,1.2857142857142858
Region II: Cagayan Valley,0,2022-03-20,1.1428571428571428
Region II: Cagayan Valley,3,2022-03-21,1.4285714285714286
Region II: Cagayan Valley,0,2022-03-22,1.0
Region II: Cagayan Valley,2,2022-03-23,1.0
Region II: Cagayan Valley,0,2022-03-24,0.8571428571428571
Region II: Cagayan Valley,0,2022-03-25,0.7142857142857143
Region II: Cagayan Valley,0,2022-03-26,0.7142857142857143
Region II: Cagayan Valley,0,2022-03-27,0.7142857142857143
Region II: Cagayan Valley,1,2022-03-28,0.42857142857142855
Region II: Cagayan Valley,1,2022-03-29,0.5714285714285714
Region II: Cagayan Valley,0,2022-03-30,0.2857142857142857
Region II: Cagayan Valley,0,2022-03-31,0.2857142857142857
Region II: Cagayan Valley,0,2022-04-01,0.2857142857142857
Region II: Cagayan Valley,0,2022-04-02,0.2857142857142857
Region II: Cagayan Valley,0,2022-04-03,0.2857142857142857
Region II: Cagayan Valley,0,2022-04-04,0.14285714285714285
Region II: Cagayan Valley,0,2022-04-05,0.0
Region II: Cagayan Valley,1,2022-04-06,0.14285714285714285
Region II: Cagayan Valley,0,2022-04-07,0.14285714285714285
Region II: Cagayan Valley,0,2022-04-08,0.14285714285714285
Region II: Cagayan Valley,0,2022-04-09,0.14285714285714285
Region II: Cagayan Valley,1,2022-04-10,0.2857142857142857
Region II: Cagayan Valley,2,2022-04-11,0.5714285714285714
Region II: Cagayan Valley,1,2022-04-12,0.7142857142857143
Region II: Cagayan Valley,0,2022-04-13,0.5714285714285714
Region II: Cagayan Valley,0,2022-04-14,0.5714285714285714
Region II: Cagayan Valley,0,2022-04-15,0.5714285714285714
Region II: Cagayan Valley,0,2022-04-16,0.5714285714285714
Region II: Cagayan Valley,0,2022-04-17,0.42857142857142855
Region II: Cagayan Valley,0,2022-04-18,0.14285714285714285
Region II: Cagayan Valley,0,2022-04-19,0.0
Region II: Cagayan Valley,1,2022-04-20,0.14285714285714285
Region II: Cagayan Valley,0,2022-04-21,0.14285714285714285
Region II: Cagayan Valley,0,2022-04-22,0.14285714285714285
Region II: Cagayan Valley,0,2022-04-23,0.14285714285714285
Region II: Cagayan Valley,0,2022-04-24,0.14285714285714285
Region II: Cagayan Valley,0,2022-04-25,0.14285714285714285
Region II: Cagayan Valley,0,2022-04-26,0.14285714285714285
Region II: Cagayan Valley,0,2022-04-27,0.0
Region II: Cagayan Valley,0,2022-04-28,0.0
Region II: Cagayan Valley,0,2022-04-29,0.0
Region II: Cagayan Valley,0,2022-04-30,0.0
Region II: Cagayan Valley,0,2022-05-01,0.0
Region II: Cagayan Valley,0,2022-05-02,0.0
Region II: Cagayan Valley,0,2022-05-03,0.0
Region II: Cagayan Valley,0,2022-05-04,0.0
Region II: Cagayan Valley,0,2022-05-05,0.0
Region II: Cagayan Valley,0,2022-05-06,0.0
Region II: Cagayan Valley,0,2022-05-07,0.0
Region II: Cagayan Valley,0,2022-05-08,0.0
Region II: Cagayan Valley,0,2022-05-09,0.0
Region II: Cagayan Valley,0,2022-05-10,0.0
Region II: Cagayan Valley,0,2022-05-11,0.0
Region II: Cagayan Valley,0,2022-05-12,0.0
Region II: Cagayan Valley,0,2022-05-13,0.0
Region II: Cagayan Valley,0,2022-05-14,0.0
Region II: Cagayan Valley,0,2022-05-15,0.0
Region II: Cagayan Valley,0,2022-05-16,0.0
Region II: Cagayan Valley,0,2022-05-17,0.0
Region II: Cagayan Valley,0,2022-05-18,0.0
Region II: Cagayan Valley,0,2022-05-19,0.0
Region II: Cagayan Valley,0,2022-05-20,0.0
Region II: Cagayan Valley,0,2022-05-21,0.0
Region II: Cagayan Valley,0,2022-05-22,0.0
Region II: Cagayan Valley,0,2022-05-23,0.0
Region II: Cagayan Valley,0,2022-05-24,0.0
Region II: Cagayan Valley,0,2022-05-25,0.0
Region II: Cagayan Valley,0,2022-05-26,0.0
Region II: Cagayan Valley,0,2022-05-27,0.0
Region II: Cagayan Valley,0,2022-05-28,0.0
Region II: Cagayan Valley,0,2022-05-29,0.0
Region II: Cagayan Valley,0,2022-05-30,0.0
Region II: Cagayan Valley,0,2022-05-31,0.0
Region II: Cagayan Valley,0,2022-06-01,0.0
Region II: Cagayan Valley,0,2022-06-02,0.0
Region II: Cagayan Valley,1,2022-06-03,0.14285714285714285
