region,count,date,7DayMA
Region IV-B: MIMAROPA,2,2020-08-30,
Region IV-B: MIMAROPA,0,2020-08-31,
Region IV-B: MIMAROPA,1,2020-09-01,
Region IV-B: MIMAROPA,0,2020-09-02,
Region IV-B: MIMAROPA,0,2020-09-03,
Region IV-B: MIMAROPA,1,2020-09-04,
Region IV-B: MIMAROPA,0,2020-09-05,0.5714285714285714
Region IV-B: MIMAROPA,0,2020-09-06,0.2857142857142857
Region IV-B: MIMAROPA,0,2020-09-07,0.2857142857142857
Region IV-B: MIMAROPA,0,2020-09-08,0.14285714285714285
Region IV-B: MIMAROPA,0,2020-09-09,0.14285714285714285
Region IV-B: MIMAROPA,1,2020-09-10,0.2857142857142857
Region IV-B: MIMAROPA,0,2020-09-11,0.14285714285714285
Region IV-B: MIMAROPA,0,2020-09-12,0.14285714285714285
Region IV-B: MIMAROPA,0,2020-09-13,0.14285714285714285
Region IV-B: MIMAROPA,1,2020-09-14,0.2857142857142857
Region IV-B: MIMAROPA,0,2020-09-15,0.2857142857142857
Region IV-B: MIMAROPA,0,2020-09-16,0.2857142857142857
Region IV-B: MIMAROPA,0,2020-09-17,0.14285714285714285
Region IV-B: MIMAROPA,0,2020-09-18,0.14285714285714285
Region IV-B: MIMAROPA,0,2020-09-19,0.14285714285714285
Region IV-B: MIMAROPA,0,2020-09-20,0.14285714285714285
Region IV-B: MIMAROPA,0,2020-09-21,0.0
Region IV-B: MIMAROPA,0,2020-09-22,0.0
Region IV-B: MIMAROPA,0,2020-09-23,0.0
Region IV-B: MIMAROPA,1,2020-09-24,0.14285714285714285
Region IV-B: MIMAROPA,0,2020-09-25,0.14285714285714285
Region IV-B: MIMAROPA,0,2020-09-26,0.14285714285714285
Region IV-B: MIMAROPA,1,2020-09-27,0.2857142857142857
Region IV-B: MIMAROPA,1,2020-09-28,0.42857142857142855
Region IV-B: MIMAROPA,0,2020-09-29,0.42857142857142855
Region IV-B: MIMAROPA,0,2020-09-30,0.42857142857142855
Region IV-B: MIMAROPA,0,2020-10-01,0.2857142857142857
Region IV-B: MIMAROPA,0,2020-10-02,0.2857142857142857
Region IV-B: MIMAROPA,1,2020-10-03,0.42857142857142855
Region IV-B: MIMAROPA,0,2020-10-04,0.2857142857142857
Region IV-B: MIMAROPA,0,2020-10-05,0.14285714285714285
Region IV-B: MIMAROPA,0,2020-10-06,0.14285714285714285
Region IV-B: MIMAROPA,0,2020-10-07,0.14285714285714285
Region IV-B: MIMAROPA,0,2020-10-08,0.14285714285714285
Region IV-B: MIMAROPA,1,2020-10-09,0.2857142857142857
Region IV-B: MIMAROPA,0,2020-10-10,0.14285714285714285
Region IV-B: MIMAROPA,1,2020-10-11,0.2857142857142857
Region IV-B: MIMAROPA,0,2020-10-12,0.2857142857142857
Region IV-B: MIMAROPA,0,2020-10-13,0.2857142857142857
Region IV-B: MIMAROPA,0,2020-10-14,0.2857142857142857
Region IV-B: MIMAROPA,0,2020-10-15,0.2857142857142857
Region IV-B: MIMAROPA,0,2020-10-16,0.14285714285714285
Region IV-B: MIMAROPA,0,2020-10-17,0.14285714285714285
Region IV-B: MIMAROPA,0,2020-10-18,0.0
Region IV-B: MIMAROPA,0,2020-10-19,0.0
Region IV-B: MIMAROPA,0,2020-10-20,0.0
Region IV-B: MIMAROPA,0,2020-10-21,0.0
Region IV-B: MIMAROPA,0,2020-10-22,0.0
Region IV-B: MIMAROPA,0,2020-10-23,0.0
Region IV-B: MIMAROPA,0,2020-10-24,0.0
Region IV-B: MIMAROPA,0,2020-10-25,0.0
Region IV-B: MIMAROPA,0,2020-10-26,0.0
Region IV-B: MIMAROPA,0,2020-10-27,0.0
Region IV-B: MIMAROPA,0,2020-10-28,0.0
Region IV-B: MIMAROPA,0,2020-10-29,0.0
Region IV-B: MIMAROPA,0,2020-10-30,0.0
Region IV-B: MIMAROPA,0,2020-10-31,0.0
Region IV-B: MIMAROPA,0,2020-11-01,0.0
Region IV-B: MIMAROPA,0,2020-11-02,0.0
Region IV-B: MIMAROPA,0,2020-11-03,0.0
Region IV-B: MIMAROPA,0,2020-11-04,0.0
Region IV-B: MIMAROPA,0,2020-11-05,0.0
Region IV-B: MIMAROPA,0,2020-11-06,0.0
Region IV-B: MIMAROPA,1,2020-11-07,0.14285714285714285
Region IV-B: MIMAROPA,0,2020-11-08,0.14285714285714285
Region IV-B: MIMAROPA,0,2020-11-09,0.14285714285714285
Region IV-B: MIMAROPA,0,2020-11-10,0.14285714285714285
Region IV-B: MIMAROPA,0,2020-11-11,0.14285714285714285
Region IV-B: MIMAROPA,0,2020-11-12,0.14285714285714285
Region IV-B: MIMAROPA,1,2020-11-13,0.2857142857142857
Region IV-B: MIMAROPA,0,2020-11-14,0.14285714285714285
Region IV-B: MIMAROPA,0,2020-11-15,0.14285714285714285
Region IV-B: MIMAROPA,0,2020-11-16,0.14285714285714285
Region IV-B: MIMAROPA,0,2020-11-17,0.14285714285714285
Region IV-B: MIMAROPA,1,2020-11-18,0.2857142857142857
Region IV-B: MIMAROPA,0,2020-11-19,0.2857142857142857
Region IV-B: MIMAROPA,0,2020-11-20,0.14285714285714285
Region IV-B: MIMAROPA,0,2020-11-21,0.14285714285714285
Region IV-B: MIMAROPA,0,2020-11-22,0.14285714285714285
Region IV-B: MIMAROPA,0,2020-11-23,0.14285714285714285
Region IV-B: MIMAROPA,0,2020-11-24,0.14285714285714285
Region IV-B: MIMAROPA,0,2020-11-25,0.0
Region IV-B: MIMAROPA,0,2020-11-26,0.0
Region IV-B: MIMAROPA,0,2020-11-27,0.0
Region IV-B: MIMAROPA,0,2020-11-28,0.0
Region IV-B: MIMAROPA,0,2020-11-29,0.0
Region IV-B: MIMAROPA,0,2020-11-30,0.0
Region IV-B: MIMAROPA,0,2020-12-01,0.0
Region IV-B: MIMAROPA,0,2020-12-02,0.0
Region IV-B: MIMAROPA,0,2020-12-03,0.0
Region IV-B: MIMAROPA,0,2020-12-04,0.0
Region IV-B: MIMAROPA,0,2020-12-05,0.0
Region IV-B: MIMAROPA,0,2020-12-06,0.0
Region IV-B: MIMAROPA,0,2020-12-07,0.0
Region IV-B: MIMAROPA,0,2020-12-08,0.0
Region IV-B: MIMAROPA,0,2020-12-09,0.0
Region IV-B: MIMAROPA,0,2020-12-10,0.0
Region IV-B: MIMAROPA,0,2020-12-11,0.0
Region IV-B: MIMAROPA,0,2020-12-12,0.0
Region IV-B: MIMAROPA,0,2020-12-13,0.0
Region IV-B: MIMAROPA,0,2020-12-14,0.0
Region IV-B: MIMAROPA,0,2020-12-15,0.0
Region IV-B: MIMAROPA,0,2020-12-16,0.0
Region IV-B: MIMAROPA,0,2020-12-17,0.0
Region IV-B: MIMAROPA,0,2020-12-18,0.0
Region IV-B: MIMAROPA,0,2020-12-19,0.0
Region IV-B: MIMAROPA,0,2020-12-20,0.0
Region IV-B: MIMAROPA,0,2020-12-21,0.0
Region IV-B: MIMAROPA,0,2020-12-22,0.0
Region IV-B: MIMAROPA,0,2020-12-23,0.0
Region IV-B: MIMAROPA,0,2020-12-24,0.0
Region IV-B: MIMAROPA,0,2020-12-25,0.0
Region IV-B: MIMAROPA,0,2020-12-26,0.0
Region IV-B: MIMAROPA,0,2020-12-27,0.0
Region IV-B: MIMAROPA,0,2020-12-28,0.0
Region IV-B: MIMAROPA,1,2020-12-29,0.14285714285714285
Region IV-B: MIMAROPA,0,2020-12-30,0.14285714285714285
Region IV-B: MIMAROPA,0,2020-12-31,0.14285714285714285
Region IV-B: MIMAROPA,1,2021-01-01,0.2857142857142857
Region IV-B: MIMAROPA,0,2021-01-02,0.2857142857142857
Region IV-B: MIMAROPA,0,2021-01-03,0.2857142857142857
Region IV-B: MIMAROPA,1,2021-01-04,0.42857142857142855
Region IV-B: MIMAROPA,0,2021-01-05,0.2857142857142857
Region IV-B: MIMAROPA,0,2021-01-06,0.2857142857142857
Region IV-B: MIMAROPA,0,2021-01-07,0.2857142857142857
Region IV-B: MIMAROPA,0,2021-01-08,0.14285714285714285
Region IV-B: MIMAROPA,0,2021-01-09,0.14285714285714285
Region IV-B: MIMAROPA,0,2021-01-10,0.14285714285714285
Region IV-B: MIMAROPA,0,2021-01-11,0.0
Region IV-B: MIMAROPA,0,2021-01-12,0.0
Region IV-B: MIMAROPA,0,2021-01-13,0.0
Region IV-B: MIMAROPA,0,2021-01-14,0.0
Region IV-B: MIMAROPA,0,2021-01-15,0.0
Region IV-B: MIMAROPA,0,2021-01-16,0.0
Region IV-B: MIMAROPA,0,2021-01-17,0.0
Region IV-B: MIMAROPA,0,2021-01-18,0.0
Region IV-B: MIMAROPA,0,2021-01-19,0.0
Region IV-B: MIMAROPA,1,2021-01-20,0.14285714285714285
Region IV-B: MIMAROPA,1,2021-01-21,0.2857142857142857
Region IV-B: MIMAROPA,1,2021-01-22,0.42857142857142855
Region IV-B: MIMAROPA,0,2021-01-23,0.42857142857142855
Region IV-B: MIMAROPA,0,2021-01-24,0.42857142857142855
Region IV-B: MIMAROPA,0,2021-01-25,0.42857142857142855
Region IV-B: MIMAROPA,0,2021-01-26,0.42857142857142855
Region IV-B: MIMAROPA,0,2021-01-27,0.2857142857142857
Region IV-B: MIMAROPA,0,2021-01-28,0.14285714285714285
Region IV-B: MIMAROPA,0,2021-01-29,0.0
Region IV-B: MIMAROPA,0,2021-01-30,0.0
Region IV-B: MIMAROPA,0,2021-01-31,0.0
Region IV-B: MIMAROPA,0,2021-02-01,0.0
Region IV-B: MIMAROPA,0,2021-02-02,0.0
Region IV-B: MIMAROPA,0,2021-02-03,0.0
Region IV-B: MIMAROPA,0,2021-02-04,0.0
Region IV-B: MIMAROPA,0,2021-02-05,0.0
Region IV-B: MIMAROPA,0,2021-02-06,0.0
Region IV-B: MIMAROPA,0,2021-02-07,0.0
Region IV-B: MIMAROPA,0,2021-02-08,0.0
Region IV-B: MIMAROPA,0,2021-02-09,0.0
Region IV-B: MIMAROPA,0,2021-02-10,0.0
Region IV-B: MIMAROPA,0,2021-02-11,0.0
Region IV-B: MIMAROPA,0,2021-02-12,0.0
Region IV-B: MIMAROPA,0,2021-02-13,0.0
Region IV-B: MIMAROPA,0,2021-02-14,0.0
Region IV-B: MIMAROPA,0,2021-02-15,0.0
Region IV-B: MIMAROPA,0,2021-02-16,0.0
Region IV-B: MIMAROPA,1,2021-02-17,0.14285714285714285
Region IV-B: MIMAROPA,0,2021-02-18,0.14285714285714285
Region IV-B: MIMAROPA,0,2021-02-19,0.14285714285714285
Region IV-B: MIMAROPA,0,2021-02-20,0.14285714285714285
Region IV-B: MIMAROPA,0,2021-02-21,0.14285714285714285
Region IV-B: MIMAROPA,0,2021-02-22,0.14285714285714285
Region IV-B: MIMAROPA,0,2021-02-23,0.14285714285714285
Region IV-B: MIMAROPA,0,2021-02-24,0.0
Region IV-B: MIMAROPA,0,2021-02-25,0.0
Region IV-B: MIMAROPA,0,2021-02-26,0.0
Region IV-B: MIMAROPA,0,2021-02-27,0.0
Region IV-B: MIMAROPA,0,2021-02-28,0.0
Region IV-B: MIMAROPA,0,2021-03-01,0.0
Region IV-B: MIMAROPA,0,2021-03-02,0.0
Region IV-B: MIMAROPA,0,2021-03-03,0.0
Region IV-B: MIMAROPA,0,2021-03-04,0.0
Region IV-B: MIMAROPA,0,2021-03-05,0.0
Region IV-B: MIMAROPA,0,2021-03-06,0.0
Region IV-B: MIMAROPA,0,2021-03-07,0.0
Region IV-B: MIMAROPA,0,2021-03-08,0.0
Region IV-B: MIMAROPA,0,2021-03-09,0.0
Region IV-B: MIMAROPA,0,2021-03-10,0.0
Region IV-B: MIMAROPA,0,2021-03-11,0.0
Region IV-B: MIMAROPA,0,2021-03-12,0.0
Region IV-B: MIMAROPA,0,2021-03-13,0.0
Region IV-B: MIMAROPA,0,2021-03-14,0.0
Region IV-B: MIMAROPA,0,2021-03-15,0.0
Region IV-B: MIMAROPA,0,2021-03-16,0.0
Region IV-B: MIMAROPA,0,2021-03-17,0.0
Region IV-B: MIMAROPA,0,2021-03-18,0.0
Region IV-B: MIMAROPA,0,2021-03-19,0.0
Region IV-B: MIMAROPA,0,2021-03-20,0.0
Region IV-B: MIMAROPA,1,2021-03-21,0.14285714285714285
Region IV-B: MIMAROPA,0,2021-03-22,0.14285714285714285
Region IV-B: MIMAROPA,0,2021-03-23,0.14285714285714285
Region IV-B: MIMAROPA,0,2021-03-24,0.14285714285714285
Region IV-B: MIMAROPA,0,2021-03-25,0.14285714285714285
Region IV-B: MIMAROPA,0,2021-03-26,0.14285714285714285
Region IV-B: MIMAROPA,0,2021-03-27,0.14285714285714285
Region IV-B: MIMAROPA,1,2021-03-28,0.14285714285714285
Region IV-B: MIMAROPA,1,2021-03-29,0.2857142857142857
Region IV-B: MIMAROPA,0,2021-03-30,0.2857142857142857
Region IV-B: MIMAROPA,1,2021-03-31,0.42857142857142855
Region IV-B: MIMAROPA,0,2021-04-01,0.42857142857142855
Region IV-B: MIMAROPA,0,2021-04-02,0.42857142857142855
Region IV-B: MIMAROPA,0,2021-04-03,0.42857142857142855
Region IV-B: MIMAROPA,0,2021-04-04,0.2857142857142857
Region IV-B: MIMAROPA,3,2021-04-05,0.5714285714285714
Region IV-B: MIMAROPA,1,2021-04-06,0.7142857142857143
Region IV-B: MIMAROPA,1,2021-04-07,0.7142857142857143
Region IV-B: MIMAROPA,0,2021-04-08,0.7142857142857143
Region IV-B: MIMAROPA,0,2021-04-09,0.7142857142857143
Region IV-B: MIMAROPA,0,2021-04-10,0.7142857142857143
Region IV-B: MIMAROPA,0,2021-04-11,0.7142857142857143
Region IV-B: MIMAROPA,1,2021-04-12,0.42857142857142855
Region IV-B: MIMAROPA,1,2021-04-13,0.42857142857142855
Region IV-B: MIMAROPA,1,2021-04-14,0.42857142857142855
Region IV-B: MIMAROPA,0,2021-04-15,0.42857142857142855
Region IV-B: MIMAROPA,1,2021-04-16,0.5714285714285714
Region IV-B: MIMAROPA,0,2021-04-17,0.5714285714285714
Region IV-B: MIMAROPA,0,2021-04-18,0.5714285714285714
Region IV-B: MIMAROPA,2,2021-04-19,0.7142857142857143
Region IV-B: MIMAROPA,2,2021-04-20,0.8571428571428571
Region IV-B: MIMAROPA,1,2021-04-21,0.8571428571428571
Region IV-B: MIMAROPA,1,2021-04-22,1.0
Region IV-B: MIMAROPA,0,2021-04-23,0.8571428571428571
Region IV-B: MIMAROPA,0,2021-04-24,0.8571428571428571
Region IV-B: MIMAROPA,1,2021-04-25,1.0
Region IV-B: MIMAROPA,0,2021-04-26,0.7142857142857143
Region IV-B: MIMAROPA,0,2021-04-27,0.42857142857142855
Region IV-B: MIMAROPA,2,2021-04-28,0.5714285714285714
Region IV-B: MIMAROPA,1,2021-04-29,0.5714285714285714
Region IV-B: MIMAROPA,0,2021-04-30,0.5714285714285714
Region IV-B: MIMAROPA,0,2021-05-01,0.5714285714285714
Region IV-B: MIMAROPA,3,2021-05-02,0.8571428571428571
Region IV-B: MIMAROPA,0,2021-05-03,0.8571428571428571
Region IV-B: MIMAROPA,4,2021-05-04,1.4285714285714286
Region IV-B: MIMAROPA,0,2021-05-05,1.1428571428571428
Region IV-B: MIMAROPA,0,2021-05-06,1.0
Region IV-B: MIMAROPA,0,2021-05-07,1.0
Region IV-B: MIMAROPA,2,2021-05-08,1.2857142857142858
Region IV-B: MIMAROPA,3,2021-05-09,1.2857142857142858
Region IV-B: MIMAROPA,1,2021-05-10,1.4285714285714286
Region IV-B: MIMAROPA,0,2021-05-11,0.8571428571428571
Region IV-B: MIMAROPA,4,2021-05-12,1.4285714285714286
Region IV-B: MIMAROPA,1,2021-05-13,1.5714285714285714
Region IV-B: MIMAROPA,1,2021-05-14,1.7142857142857142
Region IV-B: MIMAROPA,0,2021-05-15,1.4285714285714286
Region IV-B: MIMAROPA,1,2021-05-16,1.1428571428571428
Region IV-B: MIMAROPA,2,2021-05-17,1.2857142857142858
Region IV-B: MIMAROPA,1,2021-05-18,1.4285714285714286
Region IV-B: MIMAROPA,2,2021-05-19,1.1428571428571428
Region IV-B: MIMAROPA,2,2021-05-20,1.2857142857142858
Region IV-B: MIMAROPA,2,2021-05-21,1.4285714285714286
Region IV-B: MIMAROPA,4,2021-05-22,2.0
Region IV-B: MIMAROPA,3,2021-05-23,2.2857142857142856
Region IV-B: MIMAROPA,0,2021-05-24,2.0
Region IV-B: MIMAROPA,2,2021-05-25,2.142857142857143
Region IV-B: MIMAROPA,0,2021-05-26,1.8571428571428572
Region IV-B: MIMAROPA,2,2021-05-27,1.8571428571428572
Region IV-B: MIMAROPA,2,2021-05-28,1.8571428571428572
Region IV-B: MIMAROPA,5,2021-05-29,2.0
Region IV-B: MIMAROPA,3,2021-05-30,2.0
Region IV-B: MIMAROPA,0,2021-05-31,2.0
Region IV-B: MIMAROPA,2,2021-06-01,2.0
Region IV-B: MIMAROPA,2,2021-06-02,2.2857142857142856
Region IV-B: MIMAROPA,1,2021-06-03,2.142857142857143
Region IV-B: MIMAROPA,0,2021-06-04,1.8571428571428572
Region IV-B: MIMAROPA,3,2021-06-05,1.5714285714285714
Region IV-B: MIMAROPA,3,2021-06-06,1.5714285714285714
Region IV-B: MIMAROPA,2,2021-06-07,1.8571428571428572
Region IV-B: MIMAROPA,5,2021-06-08,2.2857142857142856
Region IV-B: MIMAROPA,3,2021-06-09,2.4285714285714284
Region IV-B: MIMAROPA,5,2021-06-10,3.0
Region IV-B: MIMAROPA,0,2021-06-11,3.0
Region IV-B: MIMAROPA,3,2021-06-12,3.0
Region IV-B: MIMAROPA,3,2021-06-13,3.0
Region IV-B: MIMAROPA,3,2021-06-14,3.142857142857143
Region IV-B: MIMAROPA,2,2021-06-15,2.7142857142857144
Region IV-B: MIMAROPA,3,2021-06-16,2.7142857142857144
Region IV-B: MIMAROPA,5,2021-06-17,2.7142857142857144
Region IV-B: MIMAROPA,0,2021-06-18,2.7142857142857144
Region IV-B: MIMAROPA,6,2021-06-19,3.142857142857143
Region IV-B: MIMAROPA,5,2021-06-20,3.4285714285714284
Region IV-B: MIMAROPA,1,2021-06-21,3.142857142857143
Region IV-B: MIMAROPA,3,2021-06-22,3.2857142857142856
Region IV-B: MIMAROPA,4,2021-06-23,3.4285714285714284
Region IV-B: MIMAROPA,4,2021-06-24,3.2857142857142856
Region IV-B: MIMAROPA,0,2021-06-25,3.2857142857142856
Region IV-B: MIMAROPA,3,2021-06-26,2.857142857142857
Region IV-B: MIMAROPA,3,2021-06-27,2.5714285714285716
Region IV-B: MIMAROPA,3,2021-06-28,2.857142857142857
Region IV-B: MIMAROPA,2,2021-06-29,2.7142857142857144
Region IV-B: MIMAROPA,3,2021-06-30,2.5714285714285716
Region IV-B: MIMAROPA,0,2021-07-01,2.0
Region IV-B: MIMAROPA,4,2021-07-02,2.5714285714285716
Region IV-B: MIMAROPA,1,2021-07-03,2.2857142857142856
Region IV-B: MIMAROPA,3,2021-07-04,2.2857142857142856
Region IV-B: MIMAROPA,5,2021-07-05,2.5714285714285716
Region IV-B: MIMAROPA,3,2021-07-06,2.7142857142857144
Region IV-B: MIMAROPA,3,2021-07-07,2.7142857142857144
Region IV-B: MIMAROPA,3,2021-07-08,3.142857142857143
Region IV-B: MIMAROPA,2,2021-07-09,2.857142857142857
Region IV-B: MIMAROPA,3,2021-07-10,3.142857142857143
Region IV-B: MIMAROPA,1,2021-07-11,2.857142857142857
Region IV-B: MIMAROPA,1,2021-07-12,2.2857142857142856
Region IV-B: MIMAROPA,4,2021-07-13,2.4285714285714284
Region IV-B: MIMAROPA,5,2021-07-14,2.7142857142857144
Region IV-B: MIMAROPA,1,2021-07-15,2.4285714285714284
Region IV-B: MIMAROPA,2,2021-07-16,2.4285714285714284
Region IV-B: MIMAROPA,1,2021-07-17,2.142857142857143
Region IV-B: MIMAROPA,1,2021-07-18,2.142857142857143
Region IV-B: MIMAROPA,3,2021-07-19,2.4285714285714284
Region IV-B: MIMAROPA,2,2021-07-20,2.142857142857143
Region IV-B: MIMAROPA,3,2021-07-21,1.8571428571428572
Region IV-B: MIMAROPA,3,2021-07-22,2.142857142857143
Region IV-B: MIMAROPA,4,2021-07-23,2.4285714285714284
Region IV-B: MIMAROPA,2,2021-07-24,2.5714285714285716
Region IV-B: MIMAROPA,0,2021-07-25,2.4285714285714284
Region IV-B: MIMAROPA,2,2021-07-26,2.2857142857142856
Region IV-B: MIMAROPA,4,2021-07-27,2.5714285714285716
Region IV-B: MIMAROPA,1,2021-07-28,2.2857142857142856
Region IV-B: MIMAROPA,2,2021-07-29,2.142857142857143
Region IV-B: MIMAROPA,0,2021-07-30,1.5714285714285714
Region IV-B: MIMAROPA,2,2021-07-31,1.5714285714285714
Region IV-B: MIMAROPA,1,2021-08-01,1.7142857142857142
Region IV-B: MIMAROPA,1,2021-08-02,1.5714285714285714
Region IV-B: MIMAROPA,1,2021-08-03,1.1428571428571428
Region IV-B: MIMAROPA,2,2021-08-04,1.2857142857142858
Region IV-B: MIMAROPA,2,2021-08-05,1.2857142857142858
Region IV-B: MIMAROPA,1,2021-08-06,1.4285714285714286
Region IV-B: MIMAROPA,2,2021-08-07,1.4285714285714286
Region IV-B: MIMAROPA,0,2021-08-08,1.2857142857142858
Region IV-B: MIMAROPA,0,2021-08-09,1.1428571428571428
Region IV-B: MIMAROPA,1,2021-08-10,1.1428571428571428
Region IV-B: MIMAROPA,2,2021-08-11,1.1428571428571428
Region IV-B: MIMAROPA,1,2021-08-12,1.0
Region IV-B: MIMAROPA,1,2021-08-13,1.0
Region IV-B: MIMAROPA,1,2021-08-14,0.8571428571428571
Region IV-B: MIMAROPA,1,2021-08-15,1.0
Region IV-B: MIMAROPA,1,2021-08-16,1.1428571428571428
Region IV-B: MIMAROPA,3,2021-08-17,1.4285714285714286
Region IV-B: MIMAROPA,1,2021-08-18,1.2857142857142858
Region IV-B: MIMAROPA,1,2021-08-19,1.2857142857142858
Region IV-B: MIMAROPA,2,2021-08-20,1.4285714285714286
Region IV-B: MIMAROPA,1,2021-08-21,1.4285714285714286
Region IV-B: MIMAROPA,2,2021-08-22,1.5714285714285714
Region IV-B: MIMAROPA,2,2021-08-23,1.7142857142857142
Region IV-B: MIMAROPA,3,2021-08-24,1.7142857142857142
Region IV-B: MIMAROPA,2,2021-08-25,1.8571428571428572
Region IV-B: MIMAROPA,0,2021-08-26,1.7142857142857142
Region IV-B: MIMAROPA,1,2021-08-27,1.5714285714285714
Region IV-B: MIMAROPA,1,2021-08-28,1.5714285714285714
Region IV-B: MIMAROPA,0,2021-08-29,1.2857142857142858
Region IV-B: MIMAROPA,2,2021-08-30,1.2857142857142858
Region IV-B: MIMAROPA,1,2021-08-31,1.0
Region IV-B: MIMAROPA,3,2021-09-01,1.1428571428571428
Region IV-B: MIMAROPA,2,2021-09-02,1.4285714285714286
Region IV-B: MIMAROPA,4,2021-09-03,1.8571428571428572
Region IV-B: MIMAROPA,0,2021-09-04,1.7142857142857142
Region IV-B: MIMAROPA,0,2021-09-05,1.7142857142857142
Region IV-B: MIMAROPA,1,2021-09-06,1.5714285714285714
Region IV-B: MIMAROPA,2,2021-09-07,1.7142857142857142
Region IV-B: MIMAROPA,1,2021-09-08,1.4285714285714286
Region IV-B: MIMAROPA,4,2021-09-09,1.7142857142857142
Region IV-B: MIMAROPA,2,2021-09-10,1.4285714285714286
Region IV-B: MIMAROPA,1,2021-09-11,1.5714285714285714
Region IV-B: MIMAROPA,1,2021-09-12,1.7142857142857142
Region IV-B: MIMAROPA,3,2021-09-13,2.0
Region IV-B: MIMAROPA,0,2021-09-14,1.7142857142857142
Region IV-B: MIMAROPA,2,2021-09-15,1.8571428571428572
Region IV-B: MIMAROPA,2,2021-09-16,1.5714285714285714
Region IV-B: MIMAROPA,4,2021-09-17,1.8571428571428572
Region IV-B: MIMAROPA,3,2021-09-18,2.142857142857143
Region IV-B: MIMAROPA,2,2021-09-19,2.2857142857142856
Region IV-B: MIMAROPA,3,2021-09-20,2.2857142857142856
Region IV-B: MIMAROPA,2,2021-09-21,2.5714285714285716
Region IV-B: MIMAROPA,5,2021-09-22,3.0
Region IV-B: MIMAROPA,2,2021-09-23,3.0
Region IV-B: MIMAROPA,2,2021-09-24,2.7142857142857144
Region IV-B: MIMAROPA,1,2021-09-25,2.4285714285714284
Region IV-B: MIMAROPA,2,2021-09-26,2.4285714285714284
Region IV-B: MIMAROPA,0,2021-09-27,2.0
Region IV-B: MIMAROPA,0,2021-09-28,1.7142857142857142
Region IV-B: MIMAROPA,5,2021-09-29,1.7142857142857142
Region IV-B: MIMAROPA,0,2021-09-30,1.4285714285714286
Region IV-B: MIMAROPA,2,2021-10-01,1.4285714285714286
Region IV-B: MIMAROPA,5,2021-10-02,2.0
Region IV-B: MIMAROPA,1,2021-10-03,1.8571428571428572
Region IV-B: MIMAROPA,3,2021-10-04,2.2857142857142856
Region IV-B: MIMAROPA,2,2021-10-05,2.5714285714285716
Region IV-B: MIMAROPA,1,2021-10-06,2.0
Region IV-B: MIMAROPA,5,2021-10-07,2.7142857142857144
Region IV-B: MIMAROPA,1,2021-10-08,2.5714285714285716
Region IV-B: MIMAROPA,1,2021-10-09,2.0
Region IV-B: MIMAROPA,3,2021-10-10,2.2857142857142856
Region IV-B: MIMAROPA,1,2021-10-11,2.0
Region IV-B: MIMAROPA,7,2021-10-12,2.7142857142857144
Region IV-B: MIMAROPA,5,2021-10-13,3.2857142857142856
Region IV-B: MIMAROPA,2,2021-10-14,2.857142857142857
Region IV-B: MIMAROPA,5,2021-10-15,3.4285714285714284
Region IV-B: MIMAROPA,5,2021-10-16,4.0
Region IV-B: MIMAROPA,2,2021-10-17,3.857142857142857
Region IV-B: MIMAROPA,3,2021-10-18,4.142857142857143
Region IV-B: MIMAROPA,2,2021-10-19,3.4285714285714284
Region IV-B: MIMAROPA,2,2021-10-20,3.0
Region IV-B: MIMAROPA,4,2021-10-21,3.2857142857142856
Region IV-B: MIMAROPA,4,2021-10-22,3.142857142857143
Region IV-B: MIMAROPA,3,2021-10-23,2.857142857142857
Region IV-B: MIMAROPA,0,2021-10-24,2.5714285714285716
Region IV-B: MIMAROPA,4,2021-10-25,2.7142857142857144
Region IV-B: MIMAROPA,2,2021-10-26,2.7142857142857144
Region IV-B: MIMAROPA,4,2021-10-27,3.0
Region IV-B: MIMAROPA,1,2021-10-28,2.5714285714285716
Region IV-B: MIMAROPA,2,2021-10-29,2.2857142857142856
Region IV-B: MIMAROPA,5,2021-10-30,2.5714285714285716
Region IV-B: MIMAROPA,1,2021-10-31,2.7142857142857144
Region IV-B: MIMAROPA,4,2021-11-01,2.7142857142857144
Region IV-B: MIMAROPA,1,2021-11-02,2.5714285714285716
Region IV-B: MIMAROPA,2,2021-11-03,2.2857142857142856
Region IV-B: MIMAROPA,3,2021-11-04,2.5714285714285716
Region IV-B: MIMAROPA,0,2021-11-05,2.2857142857142856
Region IV-B: MIMAROPA,3,2021-11-06,2.0
Region IV-B: MIMAROPA,3,2021-11-07,2.2857142857142856
Region IV-B: MIMAROPA,0,2021-11-08,1.7142857142857142
Region IV-B: MIMAROPA,4,2021-11-09,2.142857142857143
Region IV-B: MIMAROPA,3,2021-11-10,2.2857142857142856
Region IV-B: MIMAROPA,3,2021-11-11,2.2857142857142856
Region IV-B: MIMAROPA,0,2021-11-12,2.2857142857142856
Region IV-B: MIMAROPA,3,2021-11-13,2.2857142857142856
Region IV-B: MIMAROPA,2,2021-11-14,2.142857142857143
Region IV-B: MIMAROPA,1,2021-11-15,2.2857142857142856
Region IV-B: MIMAROPA,3,2021-11-16,2.142857142857143
Region IV-B: MIMAROPA,1,2021-11-17,1.8571428571428572
Region IV-B: MIMAROPA,0,2021-11-18,1.4285714285714286
Region IV-B: MIMAROPA,0,2021-11-19,1.4285714285714286
Region IV-B: MIMAROPA,2,2021-11-20,1.2857142857142858
Region IV-B: MIMAROPA,3,2021-11-21,1.4285714285714286
Region IV-B: MIMAROPA,1,2021-11-22,1.4285714285714286
Region IV-B: MIMAROPA,1,2021-11-23,1.1428571428571428
Region IV-B: MIMAROPA,0,2021-11-24,1.0
Region IV-B: MIMAROPA,0,2021-11-25,1.0
Region IV-B: MIMAROPA,1,2021-11-26,1.1428571428571428
Region IV-B: MIMAROPA,0,2021-11-27,0.8571428571428571
Region IV-B: MIMAROPA,0,2021-11-28,0.42857142857142855
Region IV-B: MIMAROPA,0,2021-11-29,0.2857142857142857
Region IV-B: MIMAROPA,0,2021-11-30,0.14285714285714285
Region IV-B: MIMAROPA,0,2021-12-01,0.14285714285714285
Region IV-B: MIMAROPA,1,2021-12-02,0.2857142857142857
Region IV-B: MIMAROPA,1,2021-12-03,0.2857142857142857
Region IV-B: MIMAROPA,0,2021-12-04,0.2857142857142857
Region IV-B: MIMAROPA,0,2021-12-05,0.2857142857142857
Region IV-B: MIMAROPA,0,2021-12-06,0.2857142857142857
Region IV-B: MIMAROPA,0,2021-12-07,0.2857142857142857
Region IV-B: MIMAROPA,0,2021-12-08,0.2857142857142857
Region IV-B: MIMAROPA,0,2021-12-09,0.14285714285714285
Region IV-B: MIMAROPA,1,2021-12-10,0.14285714285714285
Region IV-B: MIMAROPA,0,2021-12-11,0.14285714285714285
Region IV-B: MIMAROPA,0,2021-12-12,0.14285714285714285
Region IV-B: MIMAROPA,1,2021-12-13,0.2857142857142857
Region IV-B: MIMAROPA,0,2021-12-14,0.2857142857142857
Region IV-B: MIMAROPA,0,2021-12-15,0.2857142857142857
Region IV-B: MIMAROPA,1,2021-12-16,0.42857142857142855
Region IV-B: MIMAROPA,0,2021-12-17,0.2857142857142857
Region IV-B: MIMAROPA,0,2021-12-18,0.2857142857142857
Region IV-B: MIMAROPA,0,2021-12-19,0.2857142857142857
Region IV-B: MIMAROPA,0,2021-12-20,0.14285714285714285
Region IV-B: MIMAROPA,0,2021-12-21,0.14285714285714285
Region IV-B: MIMAROPA,1,2021-12-22,0.2857142857142857
Region IV-B: MIMAROPA,0,2021-12-23,0.14285714285714285
Region IV-B: MIMAROPA,0,2021-12-24,0.14285714285714285
Region IV-B: MIMAROPA,0,2021-12-25,0.14285714285714285
Region IV-B: MIMAROPA,0,2021-12-26,0.14285714285714285
Region IV-B: MIMAROPA,0,2021-12-27,0.14285714285714285
Region IV-B: MIMAROPA,0,2021-12-28,0.14285714285714285
Region IV-B: MIMAROPA,0,2021-12-29,0.0
Region IV-B: MIMAROPA,1,2021-12-30,0.14285714285714285
Region IV-B: MIMAROPA,0,2021-12-31,0.14285714285714285
Region IV-B: MIMAROPA,1,2022-01-01,0.2857142857142857
Region IV-B: MIMAROPA,1,2022-01-02,0.42857142857142855
Region IV-B: MIMAROPA,0,2022-01-03,0.42857142857142855
Region IV-B: MIMAROPA,0,2022-01-04,0.42857142857142855
Region IV-B: MIMAROPA,0,2022-01-05,0.42857142857142855
Region IV-B: MIMAROPA,0,2022-01-06,0.2857142857142857
Region IV-B: MIMAROPA,0,2022-01-07,0.2857142857142857
Region IV-B: MIMAROPA,0,2022-01-08,0.14285714285714285
Region IV-B: MIMAROPA,0,2022-01-09,0.0
Region IV-B: MIMAROPA,1,2022-01-10,0.14285714285714285
Region IV-B: MIMAROPA,0,2022-01-11,0.14285714285714285
Region IV-B: MIMAROPA,0,2022-01-12,0.14285714285714285
Region IV-B: MIMAROPA,0,2022-01-13,0.14285714285714285
Region IV-B: MIMAROPA,1,2022-01-14,0.2857142857142857
Region IV-B: MIMAROPA,0,2022-01-15,0.2857142857142857
Region IV-B: MIMAROPA,0,2022-01-16,0.2857142857142857
Region IV-B: MIMAROPA,0,2022-01-17,0.14285714285714285
Region IV-B: MIMAROPA,0,2022-01-18,0.14285714285714285
Region IV-B: MIMAROPA,0,2022-01-19,0.14285714285714285
Region IV-B: MIMAROPA,0,2022-01-20,0.14285714285714285
Region IV-B: MIMAROPA,1,2022-01-21,0.14285714285714285
Region IV-B: MIMAROPA,0,2022-01-22,0.14285714285714285
Region IV-B: MIMAROPA,0,2022-01-23,0.14285714285714285
Region IV-B: MIMAROPA,0,2022-01-24,0.14285714285714285
Region IV-B: MIMAROPA,0,2022-01-25,0.14285714285714285
Region IV-B: MIMAROPA,2,2022-01-26,0.42857142857142855
Region IV-B: MIMAROPA,1,2022-01-27,0.5714285714285714
Region IV-B: MIMAROPA,2,2022-01-28,0.7142857142857143
Region IV-B: MIMAROPA,0,2022-01-29,0.7142857142857143
Region IV-B: MIMAROPA,1,2022-01-30,0.8571428571428571
Region IV-B: MIMAROPA,0,2022-01-31,0.8571428571428571
Region IV-B: MIMAROPA,0,2022-02-01,0.8571428571428571
Region IV-B: MIMAROPA,0,2022-02-02,0.5714285714285714
Region IV-B: MIMAROPA,0,2022-02-03,0.42857142857142855
Region IV-B: MIMAROPA,0,2022-02-04,0.14285714285714285
Region IV-B: MIMAROPA,0,2022-02-05,0.14285714285714285
Region IV-B: MIMAROPA,0,2022-02-06,0.0
Region IV-B: MIMAROPA,1,2022-02-07,0.14285714285714285
Region IV-B: MIMAROPA,0,2022-02-08,0.14285714285714285
Region IV-B: MIMAROPA,0,2022-02-09,0.14285714285714285
Region IV-B: MIMAROPA,0,2022-02-10,0.14285714285714285
Region IV-B: MIMAROPA,0,2022-02-11,0.14285714285714285
Region IV-B: MIMAROPA,0,2022-02-12,0.14285714285714285
Region IV-B: MIMAROPA,0,2022-02-13,0.14285714285714285
Region IV-B: MIMAROPA,0,2022-02-14,0.0
Region IV-B: MIMAROPA,1,2022-02-15,0.14285714285714285
Region IV-B: MIMAROPA,0,2022-02-16,0.14285714285714285
Region IV-B: MIMAROPA,1,2022-02-17,0.2857142857142857
Region IV-B: MIMAROPA,2,2022-02-18,0.5714285714285714
Region IV-B: MIMAROPA,0,2022-02-19,0.5714285714285714
Region IV-B: MIMAROPA,0,2022-02-20,0.5714285714285714
Region IV-B: MIMAROPA,0,2022-02-21,0.5714285714285714
Region IV-B: MIMAROPA,2,2022-02-22,0.7142857142857143
Region IV-B: MIMAROPA,0,2022-02-23,0.7142857142857143
Region IV-B: MIMAROPA,3,2022-02-24,1.0
Region IV-B: MIMAROPA,1,2022-02-25,0.8571428571428571
Region IV-B: MIMAROPA,0,2022-02-26,0.8571428571428571
Region IV-B: MIMAROPA,0,2022-02-27,0.8571428571428571
Region IV-B: MIMAROPA,1,2022-02-28,1.0
Region IV-B: MIMAROPA,0,2022-03-01,0.7142857142857143
Region IV-B: MIMAROPA,0,2022-03-02,0.7142857142857143
Region IV-B: MIMAROPA,1,2022-03-03,0.42857142857142855
Region IV-B: MIMAROPA,2,2022-03-04,0.5714285714285714
Region IV-B: MIMAROPA,0,2022-03-05,0.5714285714285714
Region IV-B: MIMAROPA,1,2022-03-06,0.7142857142857143
Region IV-B: MIMAROPA,0,2022-03-07,0.5714285714285714
Region IV-B: MIMAROPA,1,2022-03-08,0.7142857142857143
Region IV-B: MIMAROPA,0,2022-03-09,0.7142857142857143
Region IV-B: MIMAROPA,0,2022-03-10,0.5714285714285714
Region IV-B: MIMAROPA,0,2022-03-11,0.2857142857142857
Region IV-B: MIMAROPA,0,2022-03-12,0.2857142857142857
Region IV-B: MIMAROPA,0,2022-03-13,0.14285714285714285
Region IV-B: MIMAROPA,0,2022-03-14,0.14285714285714285
Region IV-B: MIMAROPA,0,2022-03-15,0.0
Region IV-B: MIMAROPA,2,2022-03-16,0.2857142857142857
Region IV-B: MIMAROPA,0,2022-03-17,0.2857142857142857
Region IV-B: MIMAROPA,0,2022-03-18,0.2857142857142857
Region IV-B: MIMAROPA,0,2022-03-19,0.2857142857142857
Region IV-B: MIMAROPA,0,2022-03-20,0.2857142857142857
Region IV-B: MIMAROPA,0,2022-03-21,0.2857142857142857
Region IV-B: MIMAROPA,0,2022-03-22,0.2857142857142857
Region IV-B: MIMAROPA,0,2022-03-23,0.0
Region IV-B: MIMAROPA,0,2022-03-24,0.0
Region IV-B: MIMAROPA,1,2022-03-25,0.14285714285714285
Region IV-B: MIMAROPA,0,2022-03-26,0.14285714285714285
Region IV-B: MIMAROPA,0,2022-03-27,0.14285714285714285
Region IV-B: MIMAROPA,0,2022-03-28,0.14285714285714285
Region IV-B: MIMAROPA,0,2022-03-29,0.14285714285714285
Region IV-B: MIMAROPA,0,2022-03-30,0.14285714285714285
Region IV-B: MIMAROPA,0,2022-03-31,0.14285714285714285
Region IV-B: MIMAROPA,1,2022-04-01,0.14285714285714285
Region IV-B: MIMAROPA,0,2022-04-02,0.14285714285714285
Region IV-B: MIMAROPA,0,2022-04-03,0.14285714285714285
Region IV-B: MIMAROPA,0,2022-04-04,0.14285714285714285
Region IV-B: MIMAROPA,0,2022-04-05,0.14285714285714285
Region IV-B: MIMAROPA,0,2022-04-06,0.14285714285714285
Region IV-B: MIMAROPA,1,2022-04-07,0.2857142857142857
Region IV-B: MIMAROPA,0,2022-04-08,0.14285714285714285
Region IV-B: MIMAROPA,0,2022-04-09,0.14285714285714285
Region IV-B: MIMAROPA,0,2022-04-10,0.14285714285714285
Region IV-B: MIMAROPA,1,2022-04-11,0.2857142857142857
Region IV-B: MIMAROPA,2,2022-04-12,0.5714285714285714
Region IV-B: MIMAROPA,0,2022-04-13,0.5714285714285714
Region IV-B: MIMAROPA,0,2022-04-14,0.42857142857142855
Region IV-B: MIMAROPA,1,2022-04-15,0.5714285714285714
Region IV-B: MIMAROPA,1,2022-04-16,0.7142857142857143
