region,count,date,7DayMA
Region III: Central Luzon,2,2020-03-29,
Region III: Central Luzon,0,2020-03-30,
Region III: Central Luzon,1,2020-03-31,
Region III: Central Luzon,0,2020-04-01,
Region III: Central Luzon,0,2020-04-02,
Region III: Central Luzon,0,2020-04-03,
Region III: Central Luzon,2,2020-04-04,0.7142857142857143
Region III: Central Luzon,0,2020-04-05,0.42857142857142855
Region III: Central Luzon,0,2020-04-06,0.42857142857142855
Region III: Central Luzon,0,2020-04-07,0.2857142857142857
Region III: Central Luzon,1,2020-04-08,0.42857142857142855
Region III: Central Luzon,0,2020-04-09,0.42857142857142855
Region III: Central Luzon,1,2020-04-10,0.5714285714285714
Region III: Central Luzon,0,2020-04-11,0.2857142857142857
Region III: Central Luzon,0,2020-04-12,0.2857142857142857
Region III: Central Luzon,0,2020-04-13,0.2857142857142857
Region III: Central Luzon,0,2020-04-14,0.2857142857142857
Region III: Central Luzon,0,2020-04-15,0.14285714285714285
Region III: Central Luzon,0,2020-04-16,0.14285714285714285
Region III: Central Luzon,0,2020-04-17,0.0
Region III: Central Luzon,0,2020-04-18,0.0
Region III: Central Luzon,0,2020-04-19,0.0
Region III: Central Luzon,2,2020-04-20,0.2857142857142857
Region III: Central Luzon,0,2020-04-21,0.2857142857142857
Region III: Central Luzon,0,2020-04-22,0.2857142857142857
Region III: Central Luzon,0,2020-04-23,0.2857142857142857
Region III: Central Luzon,0,2020-04-24,0.2857142857142857
Region III: Central Luzon,0,2020-04-25,0.2857142857142857
Region III: Central Luzon,0,2020-04-26,0.2857142857142857
Region III: Central Luzon,0,2020-04-27,0.0
Region III: Central Luzon,0,2020-04-28,0.0
Region III: Central Luzon,1,2020-04-29,0.14285714285714285
Region III: Central Luzon,0,2020-04-30,0.14285714285714285
Region III: Central Luzon,0,2020-05-01,0.14285714285714285
Region III: Central Luzon,0,2020-05-02,0.14285714285714285
Region III: Central Luzon,0,2020-05-03,0.14285714285714285
Region III: Central Luzon,0,2020-05-04,0.14285714285714285
Region III: Central Luzon,0,2020-05-05,0.14285714285714285
Region III: Central Luzon,0,2020-05-06,0.0
Region III: Central Luzon,0,2020-05-07,0.0
Region III: Central Luzon,0,2020-05-08,0.0
Region III: Central Luzon,0,2020-05-09,0.0
Region III: Central Luzon,0,2020-05-10,0.0
Region III: Central Luzon,0,2020-05-11,0.0
Region III: Central Luzon,0,2020-05-12,0.0
Region III: Central Luzon,0,2020-05-13,0.0
Region III: Central Luzon,0,2020-05-14,0.0
Region III: Central Luzon,0,2020-05-15,0.0
Region III: Central Luzon,0,2020-05-16,0.0
Region III: Central Luzon,0,2020-05-17,0.0
Region III: Central Luzon,0,2020-05-18,0.0
Region III: Central Luzon,0,2020-05-19,0.0
Region III: Central Luzon,0,2020-05-20,0.0
Region III: Central Luzon,0,2020-05-21,0.0
Region III: Central Luzon,0,2020-05-22,0.0
Region III: Central Luzon,0,2020-05-23,0.0
Region III: Central Luzon,0,2020-05-24,0.0
Region III: Central Luzon,1,2020-05-25,0.14285714285714285
Region III: Central Luzon,0,2020-05-26,0.14285714285714285
Region III: Central Luzon,0,2020-05-27,0.14285714285714285
Region III: Central Luzon,0,2020-05-28,0.14285714285714285
Region III: Central Luzon,0,2020-05-29,0.14285714285714285
Region III: Central Luzon,0,2020-05-30,0.14285714285714285
Region III: Central Luzon,1,2020-05-31,0.2857142857142857
Region III: Central Luzon,0,2020-06-01,0.14285714285714285
Region III: Central Luzon,0,2020-06-02,0.14285714285714285
Region III: Central Luzon,0,2020-06-03,0.14285714285714285
Region III: Central Luzon,0,2020-06-04,0.14285714285714285
Region III: Central Luzon,0,2020-06-05,0.14285714285714285
Region III: Central Luzon,0,2020-06-06,0.14285714285714285
Region III: Central Luzon,0,2020-06-07,0.0
Region III: Central Luzon,0,2020-06-08,0.0
Region III: Central Luzon,1,2020-06-09,0.14285714285714285
Region III: Central Luzon,0,2020-06-10,0.14285714285714285
Region III: Central Luzon,0,2020-06-11,0.14285714285714285
Region III: Central Luzon,0,2020-06-12,0.14285714285714285
Region III: Central Luzon,0,2020-06-13,0.14285714285714285
Region III: Central Luzon,2,2020-06-14,0.42857142857142855
Region III: Central Luzon,0,2020-06-15,0.42857142857142855
Region III: Central Luzon,0,2020-06-16,0.2857142857142857
Region III: Central Luzon,0,2020-06-17,0.2857142857142857
Region III: Central Luzon,0,2020-06-18,0.2857142857142857
Region III: Central Luzon,1,2020-06-19,0.42857142857142855
Region III: Central Luzon,0,2020-06-20,0.42857142857142855
Region III: Central Luzon,0,2020-06-21,0.14285714285714285
Region III: Central Luzon,0,2020-06-22,0.14285714285714285
Region III: Central Luzon,0,2020-06-23,0.14285714285714285
Region III: Central Luzon,0,2020-06-24,0.14285714285714285
Region III: Central Luzon,0,2020-06-25,0.14285714285714285
Region III: Central Luzon,0,2020-06-26,0.0
Region III: Central Luzon,0,2020-06-27,0.0
Region III: Central Luzon,0,2020-06-28,0.0
Region III: Central Luzon,0,2020-06-29,0.0
Region III: Central Luzon,0,2020-06-30,0.0
Region III: Central Luzon,0,2020-07-01,0.0
Region III: Central Luzon,0,2020-07-02,0.0
Region III: Central Luzon,0,2020-07-03,0.0
Region III: Central Luzon,0,2020-07-04,0.0
Region III: Central Luzon,0,2020-07-05,0.0
Region III: Central Luzon,1,2020-07-06,0.14285714285714285
Region III: Central Luzon,0,2020-07-07,0.14285714285714285
Region III: Central Luzon,0,2020-07-08,0.14285714285714285
Region III: Central Luzon,0,2020-07-09,0.14285714285714285
Region III: Central Luzon,0,2020-07-10,0.14285714285714285
Region III: Central Luzon,0,2020-07-11,0.14285714285714285
Region III: Central Luzon,0,2020-07-12,0.14285714285714285
Region III: Central Luzon,0,2020-07-13,0.0
Region III: Central Luzon,0,2020-07-14,0.0
Region III: Central Luzon,0,2020-07-15,0.0
Region III: Central Luzon,1,2020-07-16,0.14285714285714285
Region III: Central Luzon,0,2020-07-17,0.14285714285714285
Region III: Central Luzon,0,2020-07-18,0.14285714285714285
Region III: Central Luzon,0,2020-07-19,0.14285714285714285
Region III: Central Luzon,0,2020-07-20,0.14285714285714285
Region III: Central Luzon,3,2020-07-21,0.5714285714285714
Region III: Central Luzon,0,2020-07-22,0.5714285714285714
Region III: Central Luzon,0,2020-07-23,0.42857142857142855
Region III: Central Luzon,0,2020-07-24,0.42857142857142855
Region III: Central Luzon,0,2020-07-25,0.42857142857142855
Region III: Central Luzon,1,2020-07-26,0.5714285714285714
Region III: Central Luzon,0,2020-07-27,0.5714285714285714
Region III: Central Luzon,0,2020-07-28,0.14285714285714285
Region III: Central Luzon,0,2020-07-29,0.14285714285714285
Region III: Central Luzon,1,2020-07-30,0.2857142857142857
Region III: Central Luzon,0,2020-07-31,0.2857142857142857
Region III: Central Luzon,0,2020-08-01,0.2857142857142857
Region III: Central Luzon,0,2020-08-02,0.14285714285714285
Region III: Central Luzon,0,2020-08-03,0.14285714285714285
Region III: Central Luzon,0,2020-08-04,0.14285714285714285
Region III: Central Luzon,0,2020-08-05,0.14285714285714285
Region III: Central Luzon,0,2020-08-06,0.0
Region III: Central Luzon,2,2020-08-07,0.2857142857142857
Region III: Central Luzon,2,2020-08-08,0.5714285714285714
Region III: Central Luzon,2,2020-08-09,0.8571428571428571
Region III: Central Luzon,0,2020-08-10,0.8571428571428571
Region III: Central Luzon,0,2020-08-11,0.8571428571428571
Region III: Central Luzon,1,2020-08-12,1.0
Region III: Central Luzon,5,2020-08-13,1.7142857142857142
Region III: Central Luzon,1,2020-08-14,1.5714285714285714
Region III: Central Luzon,3,2020-08-15,1.7142857142857142
Region III: Central Luzon,3,2020-08-16,1.8571428571428572
Region III: Central Luzon,3,2020-08-17,2.2857142857142856
Region III: Central Luzon,1,2020-08-18,2.4285714285714284
Region III: Central Luzon,3,2020-08-19,2.7142857142857144
Region III: Central Luzon,1,2020-08-20,2.142857142857143
Region III: Central Luzon,2,2020-08-21,2.2857142857142856
Region III: Central Luzon,1,2020-08-22,2.0
Region III: Central Luzon,3,2020-08-23,2.0
Region III: Central Luzon,5,2020-08-24,2.2857142857142856
Region III: Central Luzon,1,2020-08-25,2.2857142857142856
Region III: Central Luzon,4,2020-08-26,2.4285714285714284
Region III: Central Luzon,0,2020-08-27,2.2857142857142856
Region III: Central Luzon,1,2020-08-28,2.142857142857143
Region III: Central Luzon,1,2020-08-29,2.142857142857143
Region III: Central Luzon,1,2020-08-30,1.8571428571428572
Region III: Central Luzon,4,2020-08-31,1.7142857142857142
Region III: Central Luzon,0,2020-09-01,1.5714285714285714
Region III: Central Luzon,4,2020-09-02,1.5714285714285714
Region III: Central Luzon,1,2020-09-03,1.7142857142857142
Region III: Central Luzon,3,2020-09-04,2.0
Region III: Central Luzon,3,2020-09-05,2.2857142857142856
Region III: Central Luzon,1,2020-09-06,2.2857142857142856
Region III: Central Luzon,1,2020-09-07,1.8571428571428572
Region III: Central Luzon,2,2020-09-08,2.142857142857143
Region III: Central Luzon,2,2020-09-09,1.8571428571428572
Region III: Central Luzon,1,2020-09-10,1.8571428571428572
Region III: Central Luzon,4,2020-09-11,2.0
Region III: Central Luzon,2,2020-09-12,1.8571428571428572
Region III: Central Luzon,1,2020-09-13,1.8571428571428572
Region III: Central Luzon,1,2020-09-14,1.8571428571428572
Region III: Central Luzon,6,2020-09-15,2.4285714285714284
Region III: Central Luzon,1,2020-09-16,2.2857142857142856
Region III: Central Luzon,2,2020-09-17,2.4285714285714284
Region III: Central Luzon,7,2020-09-18,2.857142857142857
Region III: Central Luzon,2,2020-09-19,2.857142857142857
Region III: Central Luzon,3,2020-09-20,3.142857142857143
Region III: Central Luzon,5,2020-09-21,3.7142857142857144
Region III: Central Luzon,3,2020-09-22,3.2857142857142856
Region III: Central Luzon,1,2020-09-23,3.2857142857142856
Region III: Central Luzon,3,2020-09-24,3.4285714285714284
Region III: Central Luzon,4,2020-09-25,3.0
Region III: Central Luzon,2,2020-09-26,3.0
Region III: Central Luzon,0,2020-09-27,2.5714285714285716
Region III: Central Luzon,3,2020-09-28,2.2857142857142856
Region III: Central Luzon,3,2020-09-29,2.2857142857142856
Region III: Central Luzon,2,2020-09-30,2.4285714285714284
Region III: Central Luzon,3,2020-10-01,2.4285714285714284
Region III: Central Luzon,5,2020-10-02,2.5714285714285716
Region III: Central Luzon,6,2020-10-03,3.142857142857143
Region III: Central Luzon,2,2020-10-04,3.4285714285714284
Region III: Central Luzon,3,2020-10-05,3.4285714285714284
Region III: Central Luzon,3,2020-10-06,3.4285714285714284
Region III: Central Luzon,2,2020-10-07,3.4285714285714284
Region III: Central Luzon,3,2020-10-08,3.4285714285714284
Region III: Central Luzon,0,2020-10-09,2.7142857142857144
Region III: Central Luzon,2,2020-10-10,2.142857142857143
Region III: Central Luzon,1,2020-10-11,2.0
Region III: Central Luzon,2,2020-10-12,1.8571428571428572
Region III: Central Luzon,2,2020-10-13,1.7142857142857142
Region III: Central Luzon,1,2020-10-14,1.5714285714285714
Region III: Central Luzon,1,2020-10-15,1.2857142857142858
Region III: Central Luzon,1,2020-10-16,1.4285714285714286
Region III: Central Luzon,3,2020-10-17,1.5714285714285714
Region III: Central Luzon,0,2020-10-18,1.4285714285714286
Region III: Central Luzon,2,2020-10-19,1.4285714285714286
Region III: Central Luzon,3,2020-10-20,1.5714285714285714
Region III: Central Luzon,2,2020-10-21,1.7142857142857142
Region III: Central Luzon,1,2020-10-22,1.7142857142857142
Region III: Central Luzon,1,2020-10-23,1.7142857142857142
Region III: Central Luzon,0,2020-10-24,1.2857142857142858
Region III: Central Luzon,2,2020-10-25,1.5714285714285714
Region III: Central Luzon,2,2020-10-26,1.5714285714285714
Region III: Central Luzon,4,2020-10-27,1.7142857142857142
Region III: Central Luzon,3,2020-10-28,1.8571428571428572
Region III: Central Luzon,4,2020-10-29,2.2857142857142856
Region III: Central Luzon,4,2020-10-30,2.7142857142857144
Region III: Central Luzon,4,2020-10-31,3.2857142857142856
Region III: Central Luzon,6,2020-11-01,3.857142857142857
Region III: Central Luzon,1,2020-11-02,3.7142857142857144
Region III: Central Luzon,5,2020-11-03,3.857142857142857
Region III: Central Luzon,2,2020-11-04,3.7142857142857144
Region III: Central Luzon,5,2020-11-05,3.857142857142857
Region III: Central Luzon,3,2020-11-06,3.7142857142857144
Region III: Central Luzon,4,2020-11-07,3.7142857142857144
Region III: Central Luzon,2,2020-11-08,3.142857142857143
Region III: Central Luzon,9,2020-11-09,4.285714285714286
Region III: Central Luzon,3,2020-11-10,4.0
Region III: Central Luzon,2,2020-11-11,4.0
Region III: Central Luzon,1,2020-11-12,3.4285714285714284
Region III: Central Luzon,10,2020-11-13,4.428571428571429
Region III: Central Luzon,2,2020-11-14,4.142857142857143
Region III: Central Luzon,2,2020-11-15,4.142857142857143
Region III: Central Luzon,2,2020-11-16,3.142857142857143
Region III: Central Luzon,3,2020-11-17,3.142857142857143
Region III: Central Luzon,4,2020-11-18,3.4285714285714284
Region III: Central Luzon,6,2020-11-19,4.142857142857143
Region III: Central Luzon,3,2020-11-20,3.142857142857143
Region III: Central Luzon,2,2020-11-21,3.142857142857143
Region III: Central Luzon,4,2020-11-22,3.4285714285714284
Region III: Central Luzon,2,2020-11-23,3.4285714285714284
Region III: Central Luzon,7,2020-11-24,4.0
Region III: Central Luzon,4,2020-11-25,4.0
Region III: Central Luzon,5,2020-11-26,3.857142857142857
Region III: Central Luzon,3,2020-11-27,3.857142857142857
Region III: Central Luzon,0,2020-11-28,3.5714285714285716
Region III: Central Luzon,3,2020-11-29,3.4285714285714284
Region III: Central Luzon,3,2020-11-30,3.5714285714285716
Region III: Central Luzon,5,2020-12-01,3.2857142857142856
Region III: Central Luzon,2,2020-12-02,3.0
Region III: Central Luzon,6,2020-12-03,3.142857142857143
Region III: Central Luzon,6,2020-12-04,3.5714285714285716
Region III: Central Luzon,2,2020-12-05,3.857142857142857
Region III: Central Luzon,2,2020-12-06,3.7142857142857144
Region III: Central Luzon,2,2020-12-07,3.5714285714285716
Region III: Central Luzon,1,2020-12-08,3.0
Region III: Central Luzon,2,2020-12-09,3.0
Region III: Central Luzon,1,2020-12-10,2.2857142857142856
Region III: Central Luzon,4,2020-12-11,2.0
Region III: Central Luzon,0,2020-12-12,1.7142857142857142
Region III: Central Luzon,2,2020-12-13,1.7142857142857142
Region III: Central Luzon,1,2020-12-14,1.5714285714285714
Region III: Central Luzon,2,2020-12-15,1.7142857142857142
Region III: Central Luzon,4,2020-12-16,2.0
Region III: Central Luzon,1,2020-12-17,2.0
Region III: Central Luzon,3,2020-12-18,1.8571428571428572
Region III: Central Luzon,2,2020-12-19,2.142857142857143
Region III: Central Luzon,1,2020-12-20,2.0
Region III: Central Luzon,2,2020-12-21,2.142857142857143
Region III: Central Luzon,1,2020-12-22,2.0
Region III: Central Luzon,0,2020-12-23,1.4285714285714286
Region III: Central Luzon,4,2020-12-24,1.8571428571428572
Region III: Central Luzon,4,2020-12-25,2.0
Region III: Central Luzon,1,2020-12-26,1.8571428571428572
Region III: Central Luzon,0,2020-12-27,1.7142857142857142
Region III: Central Luzon,1,2020-12-28,1.5714285714285714
Region III: Central Luzon,3,2020-12-29,1.8571428571428572
Region III: Central Luzon,3,2020-12-30,2.2857142857142856
Region III: Central Luzon,2,2020-12-31,2.0
Region III: Central Luzon,3,2021-01-01,1.8571428571428572
Region III: Central Luzon,0,2021-01-02,1.7142857142857142
Region III: Central Luzon,1,2021-01-03,1.8571428571428572
Region III: Central Luzon,3,2021-01-04,2.142857142857143
Region III: Central Luzon,2,2021-01-05,2.0
Region III: Central Luzon,2,2021-01-06,1.8571428571428572
Region III: Central Luzon,3,2021-01-07,2.0
Region III: Central Luzon,3,2021-01-08,2.0
Region III: Central Luzon,0,2021-01-09,2.0
Region III: Central Luzon,2,2021-01-10,2.142857142857143
Region III: Central Luzon,1,2021-01-11,1.8571428571428572
Region III: Central Luzon,0,2021-01-12,1.5714285714285714
Region III: Central Luzon,2,2021-01-13,1.5714285714285714
Region III: Central Luzon,6,2021-01-14,2.0
Region III: Central Luzon,1,2021-01-15,1.7142857142857142
Region III: Central Luzon,3,2021-01-16,2.142857142857143
Region III: Central Luzon,2,2021-01-17,2.142857142857143
Region III: Central Luzon,4,2021-01-18,2.5714285714285716
Region III: Central Luzon,2,2021-01-19,2.857142857142857
Region III: Central Luzon,2,2021-01-20,2.857142857142857
Region III: Central Luzon,2,2021-01-21,2.2857142857142856
Region III: Central Luzon,1,2021-01-22,2.2857142857142856
Region III: Central Luzon,4,2021-01-23,2.4285714285714284
Region III: Central Luzon,1,2021-01-24,2.2857142857142856
Region III: Central Luzon,2,2021-01-25,2.0
Region III: Central Luzon,2,2021-01-26,2.0
Region III: Central Luzon,0,2021-01-27,1.7142857142857142
Region III: Central Luzon,2,2021-01-28,1.7142857142857142
Region III: Central Luzon,3,2021-01-29,2.0
Region III: Central Luzon,1,2021-01-30,1.5714285714285714
Region III: Central Luzon,2,2021-01-31,1.7142857142857142
Region III: Central Luzon,2,2021-02-01,1.7142857142857142
Region III: Central Luzon,2,2021-02-02,1.7142857142857142
Region III: Central Luzon,1,2021-02-03,1.8571428571428572
Region III: Central Luzon,2,2021-02-04,1.8571428571428572
Region III: Central Luzon,3,2021-02-05,1.8571428571428572
Region III: Central Luzon,0,2021-02-06,1.7142857142857142
Region III: Central Luzon,1,2021-02-07,1.5714285714285714
Region III: Central Luzon,2,2021-02-08,1.5714285714285714
Region III: Central Luzon,3,2021-02-09,1.7142857142857142
Region III: Central Luzon,2,2021-02-10,1.8571428571428572
Region III: Central Luzon,1,2021-02-11,1.7142857142857142
Region III: Central Luzon,4,2021-02-12,1.8571428571428572
Region III: Central Luzon,2,2021-02-13,2.142857142857143
Region III: Central Luzon,1,2021-02-14,2.142857142857143
Region III: Central Luzon,4,2021-02-15,2.4285714285714284
Region III: Central Luzon,2,2021-02-16,2.2857142857142856
Region III: Central Luzon,4,2021-02-17,2.5714285714285716
Region III: Central Luzon,0,2021-02-18,2.4285714285714284
Region III: Central Luzon,0,2021-02-19,1.8571428571428572
Region III: Central Luzon,2,2021-02-20,1.8571428571428572
Region III: Central Luzon,0,2021-02-21,1.7142857142857142
Region III: Central Luzon,0,2021-02-22,1.1428571428571428
Region III: Central Luzon,0,2021-02-23,0.8571428571428571
Region III: Central Luzon,7,2021-02-24,1.2857142857142858
Region III: Central Luzon,0,2021-02-25,1.2857142857142858
Region III: Central Luzon,1,2021-02-26,1.4285714285714286
Region III: Central Luzon,0,2021-02-27,1.1428571428571428
Region III: Central Luzon,1,2021-02-28,1.2857142857142858
Region III: Central Luzon,1,2021-03-01,1.4285714285714286
Region III: Central Luzon,4,2021-03-02,2.0
Region III: Central Luzon,4,2021-03-03,1.5714285714285714
Region III: Central Luzon,0,2021-03-04,1.5714285714285714
Region III: Central Luzon,2,2021-03-05,1.7142857142857142
Region III: Central Luzon,4,2021-03-06,2.2857142857142856
Region III: Central Luzon,0,2021-03-07,2.142857142857143
Region III: Central Luzon,2,2021-03-08,2.2857142857142856
Region III: Central Luzon,1,2021-03-09,1.8571428571428572
Region III: Central Luzon,0,2021-03-10,1.2857142857142858
Region III: Central Luzon,2,2021-03-11,1.5714285714285714
Region III: Central Luzon,3,2021-03-12,1.7142857142857142
Region III: Central Luzon,1,2021-03-13,1.2857142857142858
Region III: Central Luzon,5,2021-03-14,2.0
Region III: Central Luzon,4,2021-03-15,2.2857142857142856
Region III: Central Luzon,4,2021-03-16,2.7142857142857144
Region III: Central Luzon,3,2021-03-17,3.142857142857143
Region III: Central Luzon,4,2021-03-18,3.4285714285714284
Region III: Central Luzon,3,2021-03-19,3.4285714285714284
Region III: Central Luzon,5,2021-03-20,4.0
Region III: Central Luzon,6,2021-03-21,4.142857142857143
Region III: Central Luzon,6,2021-03-22,4.428571428571429
Region III: Central Luzon,8,2021-03-23,5.0
Region III: Central Luzon,6,2021-03-24,5.428571428571429
Region III: Central Luzon,6,2021-03-25,5.714285714285714
Region III: Central Luzon,11,2021-03-26,6.857142857142857
Region III: Central Luzon,7,2021-03-27,7.142857142857143
Region III: Central Luzon,9,2021-03-28,7.571428571428571
Region III: Central Luzon,14,2021-03-29,8.714285714285714
Region III: Central Luzon,5,2021-03-30,8.285714285714286
Region III: Central Luzon,10,2021-03-31,8.857142857142858
Region III: Central Luzon,13,2021-04-01,9.857142857142858
Region III: Central Luzon,4,2021-04-02,8.857142857142858
Region III: Central Luzon,11,2021-04-03,9.428571428571429
Region III: Central Luzon,8,2021-04-04,9.285714285714286
Region III: Central Luzon,6,2021-04-05,8.142857142857142
Region III: Central Luzon,11,2021-04-06,9.0
Region III: Central Luzon,7,2021-04-07,8.571428571428571
Region III: Central Luzon,9,2021-04-08,8.0
Region III: Central Luzon,11,2021-04-09,9.0
Region III: Central Luzon,11,2021-04-10,9.0
Region III: Central Luzon,9,2021-04-11,9.142857142857142
Region III: Central Luzon,12,2021-04-12,10.0
Region III: Central Luzon,10,2021-04-13,9.857142857142858
Region III: Central Luzon,8,2021-04-14,10.0
Region III: Central Luzon,11,2021-04-15,10.285714285714286
Region III: Central Luzon,25,2021-04-16,12.285714285714286
Region III: Central Luzon,9,2021-04-17,12.0
Region III: Central Luzon,11,2021-04-18,12.285714285714286
Region III: Central Luzon,14,2021-04-19,12.571428571428571
Region III: Central Luzon,15,2021-04-20,13.285714285714286
Region III: Central Luzon,18,2021-04-21,14.714285714285714
Region III: Central Luzon,25,2021-04-22,16.714285714285715
Region III: Central Luzon,10,2021-04-23,14.571428571428571
Region III: Central Luzon,15,2021-04-24,15.428571428571429
Region III: Central Luzon,20,2021-04-25,16.714285714285715
Region III: Central Luzon,13,2021-04-26,16.571428571428573
Region III: Central Luzon,6,2021-04-27,15.285714285714286
Region III: Central Luzon,10,2021-04-28,14.142857142857142
Region III: Central Luzon,12,2021-04-29,12.285714285714286
Region III: Central Luzon,15,2021-04-30,13.0
Region III: Central Luzon,15,2021-05-01,13.0
Region III: Central Luzon,17,2021-05-02,12.571428571428571
Region III: Central Luzon,15,2021-05-03,12.857142857142858
Region III: Central Luzon,14,2021-05-04,14.0
Region III: Central Luzon,18,2021-05-05,15.142857142857142
Region III: Central Luzon,18,2021-05-06,16.0
Region III: Central Luzon,12,2021-05-07,15.571428571428571
Region III: Central Luzon,14,2021-05-08,15.428571428571429
Region III: Central Luzon,11,2021-05-09,14.571428571428571
Region III: Central Luzon,8,2021-05-10,13.571428571428571
Region III: Central Luzon,25,2021-05-11,15.142857142857142
Region III: Central Luzon,13,2021-05-12,14.428571428571429
Region III: Central Luzon,12,2021-05-13,13.571428571428571
Region III: Central Luzon,8,2021-05-14,13.0
Region III: Central Luzon,7,2021-05-15,12.0
Region III: Central Luzon,15,2021-05-16,12.571428571428571
Region III: Central Luzon,12,2021-05-17,13.142857142857142
Region III: Central Luzon,15,2021-05-18,11.714285714285714
Region III: Central Luzon,15,2021-05-19,12.0
Region III: Central Luzon,11,2021-05-20,11.857142857142858
Region III: Central Luzon,14,2021-05-21,12.714285714285714
Region III: Central Luzon,19,2021-05-22,14.428571428571429
Region III: Central Luzon,11,2021-05-23,13.857142857142858
Region III: Central Luzon,8,2021-05-24,13.285714285714286
Region III: Central Luzon,7,2021-05-25,12.142857142857142
Region III: Central Luzon,16,2021-05-26,12.285714285714286
Region III: Central Luzon,8,2021-05-27,11.857142857142858
Region III: Central Luzon,10,2021-05-28,11.285714285714286
Region III: Central Luzon,12,2021-05-29,10.285714285714286
Region III: Central Luzon,7,2021-05-30,9.714285714285714
Region III: Central Luzon,12,2021-05-31,10.285714285714286
Region III: Central Luzon,12,2021-06-01,11.0
Region III: Central Luzon,8,2021-06-02,9.857142857142858
Region III: Central Luzon,13,2021-06-03,10.571428571428571
Region III: Central Luzon,9,2021-06-04,10.428571428571429
Region III: Central Luzon,12,2021-06-05,10.428571428571429
Region III: Central Luzon,19,2021-06-06,12.142857142857142
Region III: Central Luzon,6,2021-06-07,11.285714285714286
Region III: Central Luzon,11,2021-06-08,11.142857142857142
Region III: Central Luzon,5,2021-06-09,10.714285714285714
Region III: Central Luzon,7,2021-06-10,9.857142857142858
Region III: Central Luzon,13,2021-06-11,10.428571428571429
Region III: Central Luzon,7,2021-06-12,9.714285714285714
Region III: Central Luzon,11,2021-06-13,8.571428571428571
Region III: Central Luzon,6,2021-06-14,8.571428571428571
Region III: Central Luzon,7,2021-06-15,8.0
Region III: Central Luzon,15,2021-06-16,9.428571428571429
Region III: Central Luzon,7,2021-06-17,9.428571428571429
Region III: Central Luzon,13,2021-06-18,9.428571428571429
Region III: Central Luzon,8,2021-06-19,9.571428571428571
Region III: Central Luzon,5,2021-06-20,8.714285714285714
Region III: Central Luzon,11,2021-06-21,9.428571428571429
Region III: Central Luzon,13,2021-06-22,10.285714285714286
Region III: Central Luzon,6,2021-06-23,9.0
Region III: Central Luzon,5,2021-06-24,8.714285714285714
Region III: Central Luzon,9,2021-06-25,8.142857142857142
Region III: Central Luzon,6,2021-06-26,7.857142857142857
Region III: Central Luzon,8,2021-06-27,8.285714285714286
Region III: Central Luzon,3,2021-06-28,7.142857142857143
Region III: Central Luzon,6,2021-06-29,6.142857142857143
Region III: Central Luzon,5,2021-06-30,6.0
Region III: Central Luzon,14,2021-07-01,7.285714285714286
Region III: Central Luzon,6,2021-07-02,6.857142857142857
Region III: Central Luzon,5,2021-07-03,6.714285714285714
Region III: Central Luzon,8,2021-07-04,6.714285714285714
Region III: Central Luzon,6,2021-07-05,7.142857142857143
Region III: Central Luzon,4,2021-07-06,6.857142857142857
Region III: Central Luzon,5,2021-07-07,6.857142857142857
Region III: Central Luzon,8,2021-07-08,6.0
Region III: Central Luzon,2,2021-07-09,5.428571428571429
Region III: Central Luzon,12,2021-07-10,6.428571428571429
Region III: Central Luzon,9,2021-07-11,6.571428571428571
Region III: Central Luzon,6,2021-07-12,6.571428571428571
Region III: Central Luzon,9,2021-07-13,7.285714285714286
Region III: Central Luzon,10,2021-07-14,8.0
Region III: Central Luzon,14,2021-07-15,8.857142857142858
Region III: Central Luzon,10,2021-07-16,10.0
Region III: Central Luzon,6,2021-07-17,9.142857142857142
Region III: Central Luzon,8,2021-07-18,9.0
Region III: Central Luzon,2,2021-07-19,8.428571428571429
Region III: Central Luzon,4,2021-07-20,7.714285714285714
Region III: Central Luzon,8,2021-07-21,7.428571428571429
Region III: Central Luzon,10,2021-07-22,6.857142857142857
Region III: Central Luzon,10,2021-07-23,6.857142857142857
Region III: Central Luzon,8,2021-07-24,7.142857142857143
Region III: Central Luzon,2,2021-07-25,6.285714285714286
Region III: Central Luzon,3,2021-07-26,6.428571428571429
Region III: Central Luzon,10,2021-07-27,7.285714285714286
Region III: Central Luzon,13,2021-07-28,8.0
Region III: Central Luzon,8,2021-07-29,7.714285714285714
Region III: Central Luzon,6,2021-07-30,7.142857142857143
Region III: Central Luzon,17,2021-07-31,8.428571428571429
Region III: Central Luzon,7,2021-08-01,9.142857142857142
Region III: Central Luzon,15,2021-08-02,10.857142857142858
Region III: Central Luzon,13,2021-08-03,11.285714285714286
Region III: Central Luzon,10,2021-08-04,10.857142857142858
Region III: Central Luzon,8,2021-08-05,10.857142857142858
Region III: Central Luzon,8,2021-08-06,11.142857142857142
Region III: Central Luzon,10,2021-08-07,10.142857142857142
Region III: Central Luzon,7,2021-08-08,10.142857142857142
Region III: Central Luzon,15,2021-08-09,10.142857142857142
Region III: Central Luzon,14,2021-08-10,10.285714285714286
Region III: Central Luzon,14,2021-08-11,10.857142857142858
Region III: Central Luzon,11,2021-08-12,11.285714285714286
Region III: Central Luzon,14,2021-08-13,12.142857142857142
Region III: Central Luzon,16,2021-08-14,13.0
Region III: Central Luzon,19,2021-08-15,14.714285714285714
Region III: Central Luzon,17,2021-08-16,15.0
Region III: Central Luzon,20,2021-08-17,15.857142857142858
Region III: Central Luzon,21,2021-08-18,16.857142857142858
Region III: Central Luzon,20,2021-08-19,18.142857142857142
Region III: Central Luzon,15,2021-08-20,18.285714285714285
Region III: Central Luzon,18,2021-08-21,18.571428571428573
Region III: Central Luzon,19,2021-08-22,18.571428571428573
Region III: Central Luzon,15,2021-08-23,18.285714285714285
Region III: Central Luzon,18,2021-08-24,18.0
Region III: Central Luzon,12,2021-08-25,16.714285714285715
Region III: Central Luzon,17,2021-08-26,16.285714285714285
Region III: Central Luzon,19,2021-08-27,16.857142857142858
Region III: Central Luzon,11,2021-08-28,15.857142857142858
Region III: Central Luzon,17,2021-08-29,15.571428571428571
Region III: Central Luzon,13,2021-08-30,15.285714285714286
Region III: Central Luzon,8,2021-08-31,13.857142857142858
Region III: Central Luzon,29,2021-09-01,16.285714285714285
Region III: Central Luzon,22,2021-09-02,17.0
Region III: Central Luzon,19,2021-09-03,17.0
Region III: Central Luzon,15,2021-09-04,17.571428571428573
Region III: Central Luzon,19,2021-09-05,17.857142857142858
Region III: Central Luzon,11,2021-09-06,17.571428571428573
Region III: Central Luzon,13,2021-09-07,18.285714285714285
Region III: Central Luzon,14,2021-09-08,16.142857142857142
Region III: Central Luzon,21,2021-09-09,16.0
Region III: Central Luzon,17,2021-09-10,15.714285714285714
Region III: Central Luzon,23,2021-09-11,16.857142857142858
Region III: Central Luzon,27,2021-09-12,18.0
Region III: Central Luzon,16,2021-09-13,18.714285714285715
Region III: Central Luzon,21,2021-09-14,19.857142857142858
Region III: Central Luzon,29,2021-09-15,22.0
Region III: Central Luzon,17,2021-09-16,21.428571428571427
Region III: Central Luzon,11,2021-09-17,20.571428571428573
Region III: Central Luzon,17,2021-09-18,19.714285714285715
Region III: Central Luzon,18,2021-09-19,18.428571428571427
Region III: Central Luzon,16,2021-09-20,18.428571428571427
Region III: Central Luzon,21,2021-09-21,18.428571428571427
Region III: Central Luzon,14,2021-09-22,16.285714285714285
Region III: Central Luzon,17,2021-09-23,16.285714285714285
Region III: Central Luzon,12,2021-09-24,16.428571428571427
Region III: Central Luzon,11,2021-09-25,15.571428571428571
Region III: Central Luzon,17,2021-09-26,15.428571428571429
Region III: Central Luzon,11,2021-09-27,14.714285714285714
Region III: Central Luzon,11,2021-09-28,13.285714285714286
Region III: Central Luzon,17,2021-09-29,13.714285714285714
Region III: Central Luzon,11,2021-09-30,12.857142857142858
Region III: Central Luzon,16,2021-10-01,13.428571428571429
Region III: Central Luzon,20,2021-10-02,14.714285714285714
Region III: Central Luzon,17,2021-10-03,14.714285714285714
Region III: Central Luzon,20,2021-10-04,16.0
Region III: Central Luzon,12,2021-10-05,16.142857142857142
Region III: Central Luzon,14,2021-10-06,15.714285714285714
Region III: Central Luzon,16,2021-10-07,16.428571428571427
Region III: Central Luzon,18,2021-10-08,16.714285714285715
Region III: Central Luzon,15,2021-10-09,16.0
Region III: Central Luzon,27,2021-10-10,17.428571428571427
Region III: Central Luzon,19,2021-10-11,17.285714285714285
Region III: Central Luzon,13,2021-10-12,17.428571428571427
Region III: Central Luzon,15,2021-10-13,17.571428571428573
Region III: Central Luzon,18,2021-10-14,17.857142857142858
Region III: Central Luzon,11,2021-10-15,16.857142857142858
Region III: Central Luzon,20,2021-10-16,17.571428571428573
Region III: Central Luzon,11,2021-10-17,15.285714285714286
Region III: Central Luzon,16,2021-10-18,14.857142857142858
Region III: Central Luzon,15,2021-10-19,15.142857142857142
Region III: Central Luzon,14,2021-10-20,15.0
Region III: Central Luzon,12,2021-10-21,14.142857142857142
Region III: Central Luzon,12,2021-10-22,14.285714285714286
Region III: Central Luzon,9,2021-10-23,12.714285714285714
Region III: Central Luzon,10,2021-10-24,12.571428571428571
Region III: Central Luzon,7,2021-10-25,11.285714285714286
Region III: Central Luzon,4,2021-10-26,9.714285714285714
Region III: Central Luzon,9,2021-10-27,9.0
Region III: Central Luzon,7,2021-10-28,8.285714285714286
Region III: Central Luzon,7,2021-10-29,7.571428571428571
Region III: Central Luzon,5,2021-10-30,7.0
Region III: Central Luzon,7,2021-10-31,6.571428571428571
Region III: Central Luzon,7,2021-11-01,6.571428571428571
Region III: Central Luzon,3,2021-11-02,6.428571428571429
Region III: Central Luzon,2,2021-11-03,5.428571428571429
Region III: Central Luzon,2,2021-11-04,4.714285714285714
Region III: Central Luzon,3,2021-11-05,4.142857142857143
Region III: Central Luzon,4,2021-11-06,4.0
Region III: Central Luzon,9,2021-11-07,4.285714285714286
Region III: Central Luzon,2,2021-11-08,3.5714285714285716
Region III: Central Luzon,4,2021-11-09,3.7142857142857144
Region III: Central Luzon,4,2021-11-10,4.0
Region III: Central Luzon,8,2021-11-11,4.857142857142857
Region III: Central Luzon,5,2021-11-12,5.142857142857143
Region III: Central Luzon,2,2021-11-13,4.857142857142857
Region III: Central Luzon,4,2021-11-14,4.142857142857143
Region III: Central Luzon,1,2021-11-15,4.0
Region III: Central Luzon,1,2021-11-16,3.5714285714285716
Region III: Central Luzon,2,2021-11-17,3.2857142857142856
Region III: Central Luzon,1,2021-11-18,2.2857142857142856
Region III: Central Luzon,0,2021-11-19,1.5714285714285714
Region III: Central Luzon,1,2021-11-20,1.4285714285714286
Region III: Central Luzon,4,2021-11-21,1.4285714285714286
Region III: Central Luzon,1,2021-11-22,1.4285714285714286
Region III: Central Luzon,2,2021-11-23,1.5714285714285714
Region III: Central Luzon,1,2021-11-24,1.4285714285714286
Region III: Central Luzon,2,2021-11-25,1.5714285714285714
Region III: Central Luzon,1,2021-11-26,1.7142857142857142
Region III: Central Luzon,2,2021-11-27,1.8571428571428572
Region III: Central Luzon,1,2021-11-28,1.4285714285714286
Region III: Central Luzon,1,2021-11-29,1.4285714285714286
Region III: Central Luzon,0,2021-11-30,1.1428571428571428
Region III: Central Luzon,1,2021-12-01,1.1428571428571428
Region III: Central Luzon,2,2021-12-02,1.1428571428571428
Region III: Central Luzon,1,2021-12-03,1.1428571428571428
Region III: Central Luzon,0,2021-12-04,0.8571428571428571
Region III: Central Luzon,0,2021-12-05,0.7142857142857143
Region III: Central Luzon,2,2021-12-06,0.8571428571428571
Region III: Central Luzon,1,2021-12-07,1.0
Region III: Central Luzon,1,2021-12-08,1.0
Region III: Central Luzon,2,2021-12-09,1.0
Region III: Central Luzon,1,2021-12-10,1.0
Region III: Central Luzon,0,2021-12-11,1.0
Region III: Central Luzon,1,2021-12-12,1.1428571428571428
Region III: Central Luzon,0,2021-12-13,0.8571428571428571
Region III: Central Luzon,0,2021-12-14,0.7142857142857143
Region III: Central Luzon,0,2021-12-15,0.5714285714285714
Region III: Central Luzon,0,2021-12-16,0.2857142857142857
Region III: Central Luzon,2,2021-12-17,0.42857142857142855
Region III: Central Luzon,0,2021-12-18,0.42857142857142855
Region III: Central Luzon,0,2021-12-19,0.2857142857142857
Region III: Central Luzon,1,2021-12-20,0.42857142857142855
Region III: Central Luzon,0,2021-12-21,0.42857142857142855
Region III: Central Luzon,0,2021-12-22,0.42857142857142855
Region III: Central Luzon,0,2021-12-23,0.42857142857142855
Region III: Central Luzon,0,2021-12-24,0.14285714285714285
Region III: Central Luzon,0,2021-12-25,0.14285714285714285
Region III: Central Luzon,0,2021-12-26,0.14285714285714285
Region III: Central Luzon,1,2021-12-27,0.14285714285714285
Region III: Central Luzon,0,2021-12-28,0.14285714285714285
Region III: Central Luzon,0,2021-12-29,0.14285714285714285
Region III: Central Luzon,0,2021-12-30,0.14285714285714285
Region III: Central Luzon,0,2021-12-31,0.14285714285714285
Region III: Central Luzon,0,2022-01-01,0.14285714285714285
Region III: Central Luzon,0,2022-01-02,0.14285714285714285
Region III: Central Luzon,0,2022-01-03,0.0
Region III: Central Luzon,0,2022-01-04,0.0
Region III: Central Luzon,1,2022-01-05,0.14285714285714285
Region III: Central Luzon,2,2022-01-06,0.42857142857142855
Region III: Central Luzon,2,2022-01-07,0.7142857142857143
Region III: Central Luzon,0,2022-01-08,0.7142857142857143
Region III: Central Luzon,0,2022-01-09,0.7142857142857143
Region III: Central Luzon,1,2022-01-10,0.8571428571428571
Region III: Central Luzon,1,2022-01-11,1.0
Region III: Central Luzon,0,2022-01-12,0.8571428571428571
Region III: Central Luzon,4,2022-01-13,1.1428571428571428
Region III: Central Luzon,1,2022-01-14,1.0
Region III: Central Luzon,3,2022-01-15,1.4285714285714286
Region III: Central Luzon,3,2022-01-16,1.8571428571428572
Region III: Central Luzon,3,2022-01-17,2.142857142857143
Region III: Central Luzon,12,2022-01-18,3.7142857142857144
Region III: Central Luzon,3,2022-01-19,4.142857142857143
Region III: Central Luzon,5,2022-01-20,4.285714285714286
Region III: Central Luzon,7,2022-01-21,5.142857142857143
Region III: Central Luzon,10,2022-01-22,6.142857142857143
Region III: Central Luzon,7,2022-01-23,6.714285714285714
Region III: Central Luzon,4,2022-01-24,6.857142857142857
Region III: Central Luzon,9,2022-01-25,6.428571428571429
Region III: Central Luzon,5,2022-01-26,6.714285714285714
Region III: Central Luzon,12,2022-01-27,7.714285714285714
Region III: Central Luzon,8,2022-01-28,7.857142857142857
Region III: Central Luzon,5,2022-01-29,7.142857142857143
Region III: Central Luzon,8,2022-01-30,7.285714285714286
Region III: Central Luzon,4,2022-01-31,7.285714285714286
Region III: Central Luzon,7,2022-02-01,7.0
Region III: Central Luzon,10,2022-02-02,7.714285714285714
Region III: Central Luzon,6,2022-02-03,6.857142857142857
Region III: Central Luzon,5,2022-02-04,6.428571428571429
Region III: Central Luzon,3,2022-02-05,6.142857142857143
Region III: Central Luzon,6,2022-02-06,5.857142857142857
Region III: Central Luzon,6,2022-02-07,6.142857142857143
Region III: Central Luzon,5,2022-02-08,5.857142857142857
Region III: Central Luzon,4,2022-02-09,5.0
Region III: Central Luzon,3,2022-02-10,4.571428571428571
Region III: Central Luzon,5,2022-02-11,4.571428571428571
Region III: Central Luzon,2,2022-02-12,4.428571428571429
Region III: Central Luzon,2,2022-02-13,3.857142857142857
Region III: Central Luzon,1,2022-02-14,3.142857142857143
Region III: Central Luzon,3,2022-02-15,2.857142857142857
Region III: Central Luzon,2,2022-02-16,2.5714285714285716
Region III: Central Luzon,2,2022-02-17,2.4285714285714284
Region III: Central Luzon,3,2022-02-18,2.142857142857143
Region III: Central Luzon,2,2022-02-19,2.142857142857143
Region III: Central Luzon,3,2022-02-20,2.2857142857142856
Region III: Central Luzon,7,2022-02-21,3.142857142857143
Region III: Central Luzon,3,2022-02-22,3.142857142857143
Region III: Central Luzon,1,2022-02-23,3.0
Region III: Central Luzon,0,2022-02-24,2.7142857142857144
Region III: Central Luzon,2,2022-02-25,2.5714285714285716
Region III: Central Luzon,2,2022-02-26,2.5714285714285716
Region III: Central Luzon,3,2022-02-27,2.5714285714285716
Region III: Central Luzon,0,2022-02-28,1.5714285714285714
Region III: Central Luzon,3,2022-03-01,1.5714285714285714
Region III: Central Luzon,1,2022-03-02,1.5714285714285714
Region III: Central Luzon,0,2022-03-03,1.5714285714285714
Region III: Central Luzon,0,2022-03-04,1.2857142857142858
Region III: Central Luzon,1,2022-03-05,1.1428571428571428
Region III: Central Luzon,0,2022-03-06,0.7142857142857143
Region III: Central Luzon,1,2022-03-07,0.8571428571428571
Region III: Central Luzon,1,2022-03-08,0.5714285714285714
Region III: Central Luzon,4,2022-03-09,1.0
Region III: Central Luzon,1,2022-03-10,1.1428571428571428
Region III: Central Luzon,0,2022-03-11,1.1428571428571428
Region III: Central Luzon,1,2022-03-12,1.1428571428571428
Region III: Central Luzon,1,2022-03-13,1.2857142857142858
Region III: Central Luzon,1,2022-03-14,1.2857142857142858
Region III: Central Luzon,1,2022-03-15,1.2857142857142858
Region III: Central Luzon,0,2022-03-16,0.7142857142857143
Region III: Central Luzon,0,2022-03-17,0.5714285714285714
Region III: Central Luzon,1,2022-03-18,0.7142857142857143
Region III: Central Luzon,0,2022-03-19,0.5714285714285714
Region III: Central Luzon,0,2022-03-20,0.42857142857142855
Region III: Central Luzon,0,2022-03-21,0.2857142857142857
Region III: Central Luzon,1,2022-03-22,0.2857142857142857
Region III: Central Luzon,1,2022-03-23,0.42857142857142855
Region III: Central Luzon,0,2022-03-24,0.42857142857142855
Region III: Central Luzon,0,2022-03-25,0.2857142857142857
Region III: Central Luzon,0,2022-03-26,0.2857142857142857
Region III: Central Luzon,1,2022-03-27,0.42857142857142855
Region III: Central Luzon,0,2022-03-28,0.42857142857142855
Region III: Central Luzon,0,2022-03-29,0.2857142857142857
Region III: Central Luzon,0,2022-03-30,0.14285714285714285
Region III: Central Luzon,0,2022-03-31,0.14285714285714285
Region III: Central Luzon,0,2022-04-01,0.14285714285714285
Region III: Central Luzon,0,2022-04-02,0.14285714285714285
Region III: Central Luzon,0,2022-04-03,0.0
Region III: Central Luzon,1,2022-04-04,0.14285714285714285
Region III: Central Luzon,0,2022-04-05,0.14285714285714285
Region III: Central Luzon,0,2022-04-06,0.14285714285714285
Region III: Central Luzon,2,2022-04-07,0.42857142857142855
Region III: Central Luzon,0,2022-04-08,0.42857142857142855
Region III: Central Luzon,1,2022-04-09,0.5714285714285714
Region III: Central Luzon,0,2022-04-10,0.5714285714285714
Region III: Central Luzon,0,2022-04-11,0.42857142857142855
Region III: Central Luzon,0,2022-04-12,0.42857142857142855
Region III: Central Luzon,2,2022-04-13,0.7142857142857143
Region III: Central Luzon,0,2022-04-14,0.42857142857142855
Region III: Central Luzon,0,2022-04-15,0.42857142857142855
Region III: Central Luzon,1,2022-04-16,0.42857142857142855
Region III: Central Luzon,0,2022-04-17,0.42857142857142855
Region III: Central Luzon,0,2022-04-18,0.42857142857142855
Region III: Central Luzon,0,2022-04-19,0.42857142857142855
Region III: Central Luzon,0,2022-04-20,0.14285714285714285
Region III: Central Luzon,2,2022-04-21,0.42857142857142855
Region III: Central Luzon,2,2022-04-22,0.7142857142857143
Region III: Central Luzon,0,2022-04-23,0.5714285714285714
Region III: Central Luzon,0,2022-04-24,0.5714285714285714
Region III: Central Luzon,0,2022-04-25,0.5714285714285714
Region III: Central Luzon,0,2022-04-26,0.5714285714285714
Region III: Central Luzon,1,2022-04-27,0.7142857142857143
