region,count,date,7DayMA
Region XII: SOCCSKSARGEN,1,2020-08-31,
Region XII: SOCCSKSARGEN,0,2020-09-01,
Region XII: SOCCSKSARGEN,0,2020-09-02,
Region XII: SOCCSKSARGEN,1,2020-09-03,
Region XII: SOCCSKSARGEN,0,2020-09-04,
Region XII: SOCCSKSARGEN,1,2020-09-05,
Region XII: SOCCSKSARGEN,1,2020-09-06,0.5714285714285714
Region XII: SOCCSKSARGEN,1,2020-09-07,0.5714285714285714
Region XII: SOCCSKSARGEN,1,2020-09-08,0.7142857142857143
Region XII: SOCCSKSARGEN,0,2020-09-09,0.7142857142857143
Region XII: SOCCSKSARGEN,0,2020-09-10,0.5714285714285714
Region XII: SOCCSKSARGEN,0,2020-09-11,0.5714285714285714
Region XII: SOCCSKSARGEN,0,2020-09-12,0.42857142857142855
Region XII: SOCCSKSARGEN,1,2020-09-13,0.42857142857142855
Region XII: SOCCSKSARGEN,0,2020-09-14,0.2857142857142857
Region XII: SOCCSKSARGEN,0,2020-09-15,0.14285714285714285
Region XII: SOCCSKSARGEN,0,2020-09-16,0.14285714285714285
Region XII: SOCCSKSARGEN,0,2020-09-17,0.14285714285714285
Region XII: SOCCSKSARGEN,2,2020-09-18,0.42857142857142855
Region XII: SOCCSKSARGEN,0,2020-09-19,0.42857142857142855
Region XII: SOCCSKSARGEN,0,2020-09-20,0.2857142857142857
Region XII: SOCCSKSARGEN,0,2020-09-21,0.2857142857142857
Region XII: SOCCSKSARGEN,1,2020-09-22,0.42857142857142855
Region XII: SOCCSKSARGEN,1,2020-09-23,0.5714285714285714
Region XII: SOCCSKSARGEN,1,2020-09-24,0.7142857142857143
Region XII: SOCCSKSARGEN,0,2020-09-25,0.42857142857142855
Region XII: SOCCSKSARGEN,1,2020-09-26,0.5714285714285714
Region XII: SOCCSKSARGEN,1,2020-09-27,0.7142857142857143
Region XII: SOCCSKSARGEN,0,2020-09-28,0.7142857142857143
Region XII: SOCCSKSARGEN,0,2020-09-29,0.5714285714285714
Region XII: SOCCSKSARGEN,0,2020-09-30,0.42857142857142855
Region XII: SOCCSKSARGEN,0,2020-10-01,0.2857142857142857
Region XII: SOCCSKSARGEN,1,2020-10-02,0.42857142857142855
Region XII: SOCCSKSARGEN,1,2020-10-03,0.42857142857142855
Region XII: SOCCSKSARGEN,1,2020-10-04,0.42857142857142855
Region XII: SOCCSKSARGEN,0,2020-10-05,0.42857142857142855
Region XII: SOCCSKSARGEN,1,2020-10-06,0.5714285714285714
Region XII: SOCCSKSARGEN,0,2020-10-07,0.5714285714285714
Region XII: SOCCSKSARGEN,0,2020-10-08,0.5714285714285714
Region XII: SOCCSKSARGEN,0,2020-10-09,0.42857142857142855
Region XII: SOCCSKSARGEN,0,2020-10-10,0.2857142857142857
Region XII: SOCCSKSARGEN,2,2020-10-11,0.42857142857142855
Region XII: SOCCSKSARGEN,0,2020-10-12,0.42857142857142855
Region XII: SOCCSKSARGEN,0,2020-10-13,0.2857142857142857
Region XII: SOCCSKSARGEN,1,2020-10-14,0.42857142857142855
Region XII: SOCCSKSARGEN,1,2020-10-15,0.5714285714285714
Region XII: SOCCSKSARGEN,1,2020-10-16,0.7142857142857143
Region XII: SOCCSKSARGEN,1,2020-10-17,0.8571428571428571
Region XII: SOCCSKSARGEN,0,2020-10-18,0.5714285714285714
Region XII: SOCCSKSARGEN,0,2020-10-19,0.5714285714285714
Region XII: SOCCSKSARGEN,0,2020-10-20,0.5714285714285714
Region XII: SOCCSKSARGEN,0,2020-10-21,0.42857142857142855
Region XII: SOCCSKSARGEN,1,2020-10-22,0.42857142857142855
Region XII: SOCCSKSARGEN,2,2020-10-23,0.5714285714285714
Region XII: SOCCSKSARGEN,0,2020-10-24,0.42857142857142855
Region XII: SOCCSKSARGEN,1,2020-10-25,0.5714285714285714
Region XII: SOCCSKSARGEN,2,2020-10-26,0.8571428571428571
Region XII: SOCCSKSARGEN,0,2020-10-27,0.8571428571428571
Region XII: SOCCSKSARGEN,0,2020-10-28,0.8571428571428571
Region XII: SOCCSKSARGEN,0,2020-10-29,0.7142857142857143
Region XII: SOCCSKSARGEN,1,2020-10-30,0.5714285714285714
Region XII: SOCCSKSARGEN,0,2020-10-31,0.5714285714285714
Region XII: SOCCSKSARGEN,0,2020-11-01,0.42857142857142855
Region XII: SOCCSKSARGEN,0,2020-11-02,0.14285714285714285
Region XII: SOCCSKSARGEN,0,2020-11-03,0.14285714285714285
Region XII: SOCCSKSARGEN,0,2020-11-04,0.14285714285714285
Region XII: SOCCSKSARGEN,0,2020-11-05,0.14285714285714285
Region XII: SOCCSKSARGEN,1,2020-11-06,0.14285714285714285
Region XII: SOCCSKSARGEN,1,2020-11-07,0.2857142857142857
Region XII: SOCCSKSARGEN,0,2020-11-08,0.2857142857142857
Region XII: SOCCSKSARGEN,1,2020-11-09,0.42857142857142855
Region XII: SOCCSKSARGEN,0,2020-11-10,0.42857142857142855
Region XII: SOCCSKSARGEN,0,2020-11-11,0.42857142857142855
Region XII: SOCCSKSARGEN,0,2020-11-12,0.42857142857142855
Region XII: SOCCSKSARGEN,0,2020-11-13,0.2857142857142857
Region XII: SOCCSKSARGEN,0,2020-11-14,0.14285714285714285
Region XII: SOCCSKSARGEN,0,2020-11-15,0.14285714285714285
Region XII: SOCCSKSARGEN,1,2020-11-16,0.14285714285714285
Region XII: SOCCSKSARGEN,0,2020-11-17,0.14285714285714285
Region XII: SOCCSKSARGEN,0,2020-11-18,0.14285714285714285
Region XII: SOCCSKSARGEN,0,2020-11-19,0.14285714285714285
Region XII: SOCCSKSARGEN,0,2020-11-20,0.14285714285714285
Region XII: SOCCSKSARGEN,1,2020-11-21,0.2857142857142857
Region XII: SOCCSKSARGEN,0,2020-11-22,0.2857142857142857
Region XII: SOCCSKSARGEN,2,2020-11-23,0.42857142857142855
Region XII: SOCCSKSARGEN,0,2020-11-24,0.42857142857142855
Region XII: SOCCSKSARGEN,0,2020-11-25,0.42857142857142855
Region XII: SOCCSKSARGEN,1,2020-11-26,0.5714285714285714
Region XII: SOCCSKSARGEN,1,2020-11-27,0.7142857142857143
Region XII: SOCCSKSARGEN,1,2020-11-28,0.7142857142857143
Region XII: SOCCSKSARGEN,0,2020-11-29,0.7142857142857143
Region XII: SOCCSKSARGEN,2,2020-11-30,0.7142857142857143
Region XII: SOCCSKSARGEN,1,2020-12-01,0.8571428571428571
Region XII: SOCCSKSARGEN,0,2020-12-02,0.8571428571428571
Region XII: SOCCSKSARGEN,0,2020-12-03,0.7142857142857143
Region XII: SOCCSKSARGEN,0,2020-12-04,0.5714285714285714
Region XII: SOCCSKSARGEN,0,2020-12-05,0.42857142857142855
Region XII: SOCCSKSARGEN,1,2020-12-06,0.5714285714285714
Region XII: SOCCSKSARGEN,0,2020-12-07,0.2857142857142857
Region XII: SOCCSKSARGEN,1,2020-12-08,0.2857142857142857
Region XII: SOCCSKSARGEN,0,2020-12-09,0.2857142857142857
Region XII: SOCCSKSARGEN,0,2020-12-10,0.2857142857142857
Region XII: SOCCSKSARGEN,1,2020-12-11,0.42857142857142855
Region XII: SOCCSKSARGEN,1,2020-12-12,0.5714285714285714
Region XII: SOCCSKSARGEN,0,2020-12-13,0.42857142857142855
Region XII: SOCCSKSARGEN,0,2020-12-14,0.42857142857142855
Region XII: SOCCSKSARGEN,1,2020-12-15,0.42857142857142855
Region XII: SOCCSKSARGEN,0,2020-12-16,0.42857142857142855
Region XII: SOCCSKSARGEN,0,2020-12-17,0.42857142857142855
Region XII: SOCCSKSARGEN,1,2020-12-18,0.42857142857142855
Region XII: SOCCSKSARGEN,1,2020-12-19,0.42857142857142855
Region XII: SOCCSKSARGEN,0,2020-12-20,0.42857142857142855
Region XII: SOCCSKSARGEN,1,2020-12-21,0.5714285714285714
Region XII: SOCCSKSARGEN,0,2020-12-22,0.42857142857142855
Region XII: SOCCSKSARGEN,0,2020-12-23,0.42857142857142855
Region XII: SOCCSKSARGEN,2,2020-12-24,0.7142857142857143
Region XII: SOCCSKSARGEN,0,2020-12-25,0.5714285714285714
Region XII: SOCCSKSARGEN,1,2020-12-26,0.5714285714285714
Region XII: SOCCSKSARGEN,0,2020-12-27,0.5714285714285714
Region XII: SOCCSKSARGEN,0,2020-12-28,0.42857142857142855
Region XII: SOCCSKSARGEN,1,2020-12-29,0.5714285714285714
Region XII: SOCCSKSARGEN,0,2020-12-30,0.5714285714285714
Region XII: SOCCSKSARGEN,0,2020-12-31,0.2857142857142857
Region XII: SOCCSKSARGEN,1,2021-01-01,0.42857142857142855
Region XII: SOCCSKSARGEN,1,2021-01-02,0.42857142857142855
Region XII: SOCCSKSARGEN,0,2021-01-03,0.42857142857142855
Region XII: SOCCSKSARGEN,0,2021-01-04,0.42857142857142855
Region XII: SOCCSKSARGEN,1,2021-01-05,0.42857142857142855
Region XII: SOCCSKSARGEN,0,2021-01-06,0.42857142857142855
Region XII: SOCCSKSARGEN,1,2021-01-07,0.5714285714285714
Region XII: SOCCSKSARGEN,1,2021-01-08,0.5714285714285714
Region XII: SOCCSKSARGEN,0,2021-01-09,0.42857142857142855
Region XII: SOCCSKSARGEN,0,2021-01-10,0.42857142857142855
Region XII: SOCCSKSARGEN,0,2021-01-11,0.42857142857142855
Region XII: SOCCSKSARGEN,0,2021-01-12,0.2857142857142857
Region XII: SOCCSKSARGEN,1,2021-01-13,0.42857142857142855
Region XII: SOCCSKSARGEN,0,2021-01-14,0.2857142857142857
Region XII: SOCCSKSARGEN,0,2021-01-15,0.14285714285714285
Region XII: SOCCSKSARGEN,0,2021-01-16,0.14285714285714285
Region XII: SOCCSKSARGEN,1,2021-01-17,0.2857142857142857
Region XII: SOCCSKSARGEN,0,2021-01-18,0.2857142857142857
Region XII: SOCCSKSARGEN,0,2021-01-19,0.2857142857142857
Region XII: SOCCSKSARGEN,0,2021-01-20,0.14285714285714285
Region XII: SOCCSKSARGEN,3,2021-01-21,0.5714285714285714
Region XII: SOCCSKSARGEN,2,2021-01-22,0.8571428571428571
Region XII: SOCCSKSARGEN,1,2021-01-23,1.0
Region XII: SOCCSKSARGEN,1,2021-01-24,1.0
Region XII: SOCCSKSARGEN,1,2021-01-25,1.1428571428571428
Region XII: SOCCSKSARGEN,0,2021-01-26,1.1428571428571428
Region XII: SOCCSKSARGEN,0,2021-01-27,1.1428571428571428
Region XII: SOCCSKSARGEN,0,2021-01-28,0.7142857142857143
Region XII: SOCCSKSARGEN,1,2021-01-29,0.5714285714285714
Region XII: SOCCSKSARGEN,2,2021-01-30,0.7142857142857143
Region XII: SOCCSKSARGEN,0,2021-01-31,0.5714285714285714
Region XII: SOCCSKSARGEN,2,2021-02-01,0.7142857142857143
Region XII: SOCCSKSARGEN,0,2021-02-02,0.7142857142857143
Region XII: SOCCSKSARGEN,2,2021-02-03,1.0
Region XII: SOCCSKSARGEN,1,2021-02-04,1.1428571428571428
Region XII: SOCCSKSARGEN,0,2021-02-05,1.0
Region XII: SOCCSKSARGEN,0,2021-02-06,0.7142857142857143
Region XII: SOCCSKSARGEN,1,2021-02-07,0.8571428571428571
Region XII: SOCCSKSARGEN,0,2021-02-08,0.5714285714285714
Region XII: SOCCSKSARGEN,0,2021-02-09,0.5714285714285714
Region XII: SOCCSKSARGEN,0,2021-02-10,0.2857142857142857
Region XII: SOCCSKSARGEN,0,2021-02-11,0.14285714285714285
Region XII: SOCCSKSARGEN,1,2021-02-12,0.2857142857142857
Region XII: SOCCSKSARGEN,0,2021-02-13,0.2857142857142857
Region XII: SOCCSKSARGEN,0,2021-02-14,0.14285714285714285
Region XII: SOCCSKSARGEN,0,2021-02-15,0.14285714285714285
Region XII: SOCCSKSARGEN,0,2021-02-16,0.14285714285714285
Region XII: SOCCSKSARGEN,0,2021-02-17,0.14285714285714285
Region XII: SOCCSKSARGEN,0,2021-02-18,0.14285714285714285
Region XII: SOCCSKSARGEN,0,2021-02-19,0.0
Region XII: SOCCSKSARGEN,1,2021-02-20,0.14285714285714285
Region XII: SOCCSKSARGEN,1,2021-02-21,0.2857142857142857
Region XII: SOCCSKSARGEN,0,2021-02-22,0.2857142857142857
Region XII: SOCCSKSARGEN,0,2021-02-23,0.2857142857142857
Region XII: SOCCSKSARGEN,1,2021-02-24,0.42857142857142855
Region XII: SOCCSKSARGEN,0,2021-02-25,0.42857142857142855
Region XII: SOCCSKSARGEN,1,2021-02-26,0.5714285714285714
Region XII: SOCCSKSARGEN,1,2021-02-27,0.5714285714285714
Region XII: SOCCSKSARGEN,0,2021-02-28,0.42857142857142855
Region XII: SOCCSKSARGEN,0,2021-03-01,0.42857142857142855
Region XII: SOCCSKSARGEN,1,2021-03-02,0.5714285714285714
Region XII: SOCCSKSARGEN,0,2021-03-03,0.42857142857142855
Region XII: SOCCSKSARGEN,0,2021-03-04,0.42857142857142855
Region XII: SOCCSKSARGEN,0,2021-03-05,0.2857142857142857
Region XII: SOCCSKSARGEN,0,2021-03-06,0.14285714285714285
Region XII: SOCCSKSARGEN,1,2021-03-07,0.2857142857142857
Region XII: SOCCSKSARGEN,0,2021-03-08,0.2857142857142857
Region XII: SOCCSKSARGEN,3,2021-03-09,0.5714285714285714
Region XII: SOCCSKSARGEN,1,2021-03-10,0.7142857142857143
Region XII: SOCCSKSARGEN,0,2021-03-11,0.7142857142857143
Region XII: SOCCSKSARGEN,0,2021-03-12,0.7142857142857143
Region XII: SOCCSKSARGEN,0,2021-03-13,0.7142857142857143
Region XII: SOCCSKSARGEN,0,2021-03-14,0.5714285714285714
Region XII: SOCCSKSARGEN,0,2021-03-15,0.5714285714285714
Region XII: SOCCSKSARGEN,0,2021-03-16,0.14285714285714285
Region XII: SOCCSKSARGEN,0,2021-03-17,0.0
Region XII: SOCCSKSARGEN,0,2021-03-18,0.0
Region XII: SOCCSKSARGEN,0,2021-03-19,0.0
Region XII: SOCCSKSARGEN,0,2021-03-20,0.0
Region XII: SOCCSKSARGEN,0,2021-03-21,0.0
Region XII: SOCCSKSARGEN,1,2021-03-22,0.14285714285714285
Region XII: SOCCSKSARGEN,1,2021-03-23,0.2857142857142857
Region XII: SOCCSKSARGEN,2,2021-03-24,0.5714285714285714
Region XII: SOCCSKSARGEN,0,2021-03-25,0.5714285714285714
Region XII: SOCCSKSARGEN,0,2021-03-26,0.5714285714285714
Region XII: SOCCSKSARGEN,0,2021-03-27,0.5714285714285714
Region XII: SOCCSKSARGEN,0,2021-03-28,0.5714285714285714
Region XII: SOCCSKSARGEN,0,2021-03-29,0.42857142857142855
Region XII: SOCCSKSARGEN,1,2021-03-30,0.42857142857142855
Region XII: SOCCSKSARGEN,1,2021-03-31,0.2857142857142857
Region XII: SOCCSKSARGEN,0,2021-04-01,0.2857142857142857
Region XII: SOCCSKSARGEN,1,2021-04-02,0.42857142857142855
Region XII: SOCCSKSARGEN,0,2021-04-03,0.42857142857142855
Region XII: SOCCSKSARGEN,0,2021-04-04,0.42857142857142855
Region XII: SOCCSKSARGEN,1,2021-04-05,0.5714285714285714
Region XII: SOCCSKSARGEN,1,2021-04-06,0.5714285714285714
Region XII: SOCCSKSARGEN,0,2021-04-07,0.42857142857142855
Region XII: SOCCSKSARGEN,2,2021-04-08,0.7142857142857143
Region XII: SOCCSKSARGEN,0,2021-04-09,0.5714285714285714
Region XII: SOCCSKSARGEN,1,2021-04-10,0.7142857142857143
Region XII: SOCCSKSARGEN,2,2021-04-11,1.0
Region XII: SOCCSKSARGEN,0,2021-04-12,0.8571428571428571
Region XII: SOCCSKSARGEN,0,2021-04-13,0.7142857142857143
Region XII: SOCCSKSARGEN,0,2021-04-14,0.7142857142857143
Region XII: SOCCSKSARGEN,0,2021-04-15,0.42857142857142855
Region XII: SOCCSKSARGEN,1,2021-04-16,0.5714285714285714
Region XII: SOCCSKSARGEN,2,2021-04-17,0.7142857142857143
Region XII: SOCCSKSARGEN,1,2021-04-18,0.5714285714285714
Region XII: SOCCSKSARGEN,0,2021-04-19,0.5714285714285714
Region XII: SOCCSKSARGEN,0,2021-04-20,0.5714285714285714
Region XII: SOCCSKSARGEN,0,2021-04-21,0.5714285714285714
Region XII: SOCCSKSARGEN,1,2021-04-22,0.7142857142857143
Region XII: SOCCSKSARGEN,0,2021-04-23,0.5714285714285714
Region XII: SOCCSKSARGEN,1,2021-04-24,0.42857142857142855
Region XII: SOCCSKSARGEN,0,2021-04-25,0.2857142857142857
Region XII: SOCCSKSARGEN,0,2021-04-26,0.2857142857142857
Region XII: SOCCSKSARGEN,1,2021-04-27,0.42857142857142855
Region XII: SOCCSKSARGEN,3,2021-04-28,0.8571428571428571
Region XII: SOCCSKSARGEN,1,2021-04-29,0.8571428571428571
Region XII: SOCCSKSARGEN,1,2021-04-30,1.0
Region XII: SOCCSKSARGEN,0,2021-05-01,0.8571428571428571
Region XII: SOCCSKSARGEN,1,2021-05-02,1.0
Region XII: SOCCSKSARGEN,0,2021-05-03,1.0
Region XII: SOCCSKSARGEN,1,2021-05-04,1.0
Region XII: SOCCSKSARGEN,0,2021-05-05,0.5714285714285714
Region XII: SOCCSKSARGEN,1,2021-05-06,0.5714285714285714
Region XII: SOCCSKSARGEN,1,2021-05-07,0.5714285714285714
Region XII: SOCCSKSARGEN,1,2021-05-08,0.7142857142857143
Region XII: SOCCSKSARGEN,0,2021-05-09,0.5714285714285714
Region XII: SOCCSKSARGEN,1,2021-05-10,0.7142857142857143
Region XII: SOCCSKSARGEN,3,2021-05-11,1.0
Region XII: SOCCSKSARGEN,0,2021-05-12,1.0
Region XII: SOCCSKSARGEN,2,2021-05-13,1.1428571428571428
Region XII: SOCCSKSARGEN,0,2021-05-14,1.0
Region XII: SOCCSKSARGEN,0,2021-05-15,0.8571428571428571
Region XII: SOCCSKSARGEN,2,2021-05-16,1.1428571428571428
Region XII: SOCCSKSARGEN,2,2021-05-17,1.2857142857142858
Region XII: SOCCSKSARGEN,1,2021-05-18,1.0
Region XII: SOCCSKSARGEN,2,2021-05-19,1.2857142857142858
Region XII: SOCCSKSARGEN,0,2021-05-20,1.0
Region XII: SOCCSKSARGEN,1,2021-05-21,1.1428571428571428
Region XII: SOCCSKSARGEN,0,2021-05-22,1.1428571428571428
Region XII: SOCCSKSARGEN,4,2021-05-23,1.4285714285714286
Region XII: SOCCSKSARGEN,2,2021-05-24,1.4285714285714286
Region XII: SOCCSKSARGEN,0,2021-05-25,1.2857142857142858
Region XII: SOCCSKSARGEN,0,2021-05-26,1.0
Region XII: SOCCSKSARGEN,2,2021-05-27,1.2857142857142858
Region XII: SOCCSKSARGEN,1,2021-05-28,1.2857142857142858
Region XII: SOCCSKSARGEN,0,2021-05-29,1.2857142857142858
Region XII: SOCCSKSARGEN,3,2021-05-30,1.1428571428571428
Region XII: SOCCSKSARGEN,2,2021-05-31,1.1428571428571428
Region XII: SOCCSKSARGEN,2,2021-06-01,1.4285714285714286
Region XII: SOCCSKSARGEN,2,2021-06-02,1.7142857142857142
Region XII: SOCCSKSARGEN,2,2021-06-03,1.7142857142857142
Region XII: SOCCSKSARGEN,1,2021-06-04,1.7142857142857142
Region XII: SOCCSKSARGEN,7,2021-06-05,2.7142857142857144
Region XII: SOCCSKSARGEN,3,2021-06-06,2.7142857142857144
Region XII: SOCCSKSARGEN,3,2021-06-07,2.857142857142857
Region XII: SOCCSKSARGEN,7,2021-06-08,3.5714285714285716
Region XII: SOCCSKSARGEN,5,2021-06-09,4.0
Region XII: SOCCSKSARGEN,3,2021-06-10,4.142857142857143
Region XII: SOCCSKSARGEN,2,2021-06-11,4.285714285714286
Region XII: SOCCSKSARGEN,3,2021-06-12,3.7142857142857144
Region XII: SOCCSKSARGEN,2,2021-06-13,3.5714285714285716
Region XII: SOCCSKSARGEN,2,2021-06-14,3.4285714285714284
Region XII: SOCCSKSARGEN,0,2021-06-15,2.4285714285714284
Region XII: SOCCSKSARGEN,2,2021-06-16,2.0
Region XII: SOCCSKSARGEN,4,2021-06-17,2.142857142857143
Region XII: SOCCSKSARGEN,1,2021-06-18,2.0
Region XII: SOCCSKSARGEN,6,2021-06-19,2.4285714285714284
Region XII: SOCCSKSARGEN,2,2021-06-20,2.4285714285714284
Region XII: SOCCSKSARGEN,1,2021-06-21,2.2857142857142856
Region XII: SOCCSKSARGEN,2,2021-06-22,2.5714285714285716
Region XII: SOCCSKSARGEN,5,2021-06-23,3.0
Region XII: SOCCSKSARGEN,1,2021-06-24,2.5714285714285716
Region XII: SOCCSKSARGEN,2,2021-06-25,2.7142857142857144
Region XII: SOCCSKSARGEN,5,2021-06-26,2.5714285714285716
Region XII: SOCCSKSARGEN,6,2021-06-27,3.142857142857143
Region XII: SOCCSKSARGEN,6,2021-06-28,3.857142857142857
Region XII: SOCCSKSARGEN,8,2021-06-29,4.714285714285714
Region XII: SOCCSKSARGEN,3,2021-06-30,4.428571428571429
Region XII: SOCCSKSARGEN,5,2021-07-01,5.0
Region XII: SOCCSKSARGEN,1,2021-07-02,4.857142857142857
Region XII: SOCCSKSARGEN,4,2021-07-03,4.714285714285714
Region XII: SOCCSKSARGEN,2,2021-07-04,4.142857142857143
Region XII: SOCCSKSARGEN,2,2021-07-05,3.5714285714285716
Region XII: SOCCSKSARGEN,4,2021-07-06,3.0
Region XII: SOCCSKSARGEN,3,2021-07-07,3.0
Region XII: SOCCSKSARGEN,1,2021-07-08,2.4285714285714284
Region XII: SOCCSKSARGEN,4,2021-07-09,2.857142857142857
Region XII: SOCCSKSARGEN,1,2021-07-10,2.4285714285714284
Region XII: SOCCSKSARGEN,3,2021-07-11,2.5714285714285716
Region XII: SOCCSKSARGEN,4,2021-07-12,2.857142857142857
Region XII: SOCCSKSARGEN,1,2021-07-13,2.4285714285714284
Region XII: SOCCSKSARGEN,8,2021-07-14,3.142857142857143
Region XII: SOCCSKSARGEN,3,2021-07-15,3.4285714285714284
Region XII: SOCCSKSARGEN,3,2021-07-16,3.2857142857142856
Region XII: SOCCSKSARGEN,2,2021-07-17,3.4285714285714284
Region XII: SOCCSKSARGEN,4,2021-07-18,3.5714285714285716
Region XII: SOCCSKSARGEN,2,2021-07-19,3.2857142857142856
Region XII: SOCCSKSARGEN,4,2021-07-20,3.7142857142857144
Region XII: SOCCSKSARGEN,3,2021-07-21,3.0
Region XII: SOCCSKSARGEN,1,2021-07-22,2.7142857142857144
Region XII: SOCCSKSARGEN,5,2021-07-23,3.0
Region XII: SOCCSKSARGEN,6,2021-07-24,3.5714285714285716
Region XII: SOCCSKSARGEN,3,2021-07-25,3.4285714285714284
Region XII: SOCCSKSARGEN,4,2021-07-26,3.7142857142857144
Region XII: SOCCSKSARGEN,2,2021-07-27,3.4285714285714284
Region XII: SOCCSKSARGEN,2,2021-07-28,3.2857142857142856
Region XII: SOCCSKSARGEN,3,2021-07-29,3.5714285714285716
Region XII: SOCCSKSARGEN,3,2021-07-30,3.2857142857142856
Region XII: SOCCSKSARGEN,3,2021-07-31,2.857142857142857
Region XII: SOCCSKSARGEN,1,2021-08-01,2.5714285714285716
Region XII: SOCCSKSARGEN,4,2021-08-02,2.5714285714285716
Region XII: SOCCSKSARGEN,4,2021-08-03,2.857142857142857
Region XII: SOCCSKSARGEN,4,2021-08-04,3.142857142857143
Region XII: SOCCSKSARGEN,2,2021-08-05,3.0
Region XII: SOCCSKSARGEN,4,2021-08-06,3.142857142857143
Region XII: SOCCSKSARGEN,2,2021-08-07,3.0
Region XII: SOCCSKSARGEN,3,2021-08-08,3.2857142857142856
Region XII: SOCCSKSARGEN,2,2021-08-09,3.0
Region XII: SOCCSKSARGEN,1,2021-08-10,2.5714285714285716
Region XII: SOCCSKSARGEN,5,2021-08-11,2.7142857142857144
Region XII: SOCCSKSARGEN,5,2021-08-12,3.142857142857143
Region XII: SOCCSKSARGEN,4,2021-08-13,3.142857142857143
Region XII: SOCCSKSARGEN,3,2021-08-14,3.2857142857142856
Region XII: SOCCSKSARGEN,1,2021-08-15,3.0
Region XII: SOCCSKSARGEN,3,2021-08-16,3.142857142857143
Region XII: SOCCSKSARGEN,6,2021-08-17,3.857142857142857
Region XII: SOCCSKSARGEN,3,2021-08-18,3.5714285714285716
Region XII: SOCCSKSARGEN,5,2021-08-19,3.5714285714285716
Region XII: SOCCSKSARGEN,4,2021-08-20,3.5714285714285716
Region XII: SOCCSKSARGEN,1,2021-08-21,3.2857142857142856
Region XII: SOCCSKSARGEN,2,2021-08-22,3.4285714285714284
Region XII: SOCCSKSARGEN,3,2021-08-23,3.4285714285714284
Region XII: SOCCSKSARGEN,2,2021-08-24,2.857142857142857
Region XII: SOCCSKSARGEN,3,2021-08-25,2.857142857142857
Region XII: SOCCSKSARGEN,2,2021-08-26,2.4285714285714284
Region XII: SOCCSKSARGEN,2,2021-08-27,2.142857142857143
Region XII: SOCCSKSARGEN,6,2021-08-28,2.857142857142857
Region XII: SOCCSKSARGEN,4,2021-08-29,3.142857142857143
Region XII: SOCCSKSARGEN,3,2021-08-30,3.142857142857143
Region XII: SOCCSKSARGEN,2,2021-08-31,3.142857142857143
Region XII: SOCCSKSARGEN,7,2021-09-01,3.7142857142857144
Region XII: SOCCSKSARGEN,2,2021-09-02,3.7142857142857144
Region XII: SOCCSKSARGEN,0,2021-09-03,3.4285714285714284
Region XII: SOCCSKSARGEN,1,2021-09-04,2.7142857142857144
Region XII: SOCCSKSARGEN,8,2021-09-05,3.2857142857142856
Region XII: SOCCSKSARGEN,6,2021-09-06,3.7142857142857144
Region XII: SOCCSKSARGEN,2,2021-09-07,3.7142857142857144
Region XII: SOCCSKSARGEN,5,2021-09-08,3.4285714285714284
Region XII: SOCCSKSARGEN,2,2021-09-09,3.4285714285714284
Region XII: SOCCSKSARGEN,2,2021-09-10,3.7142857142857144
Region XII: SOCCSKSARGEN,0,2021-09-11,3.5714285714285716
Region XII: SOCCSKSARGEN,4,2021-09-12,3.0
Region XII: SOCCSKSARGEN,4,2021-09-13,2.7142857142857144
Region XII: SOCCSKSARGEN,1,2021-09-14,2.5714285714285716
Region XII: SOCCSKSARGEN,1,2021-09-15,2.0
Region XII: SOCCSKSARGEN,3,2021-09-16,2.142857142857143
Region XII: SOCCSKSARGEN,2,2021-09-17,2.142857142857143
Region XII: SOCCSKSARGEN,2,2021-09-18,2.4285714285714284
Region XII: SOCCSKSARGEN,2,2021-09-19,2.142857142857143
Region XII: SOCCSKSARGEN,4,2021-09-20,2.142857142857143
Region XII: SOCCSKSARGEN,3,2021-09-21,2.4285714285714284
Region XII: SOCCSKSARGEN,0,2021-09-22,2.2857142857142856
Region XII: SOCCSKSARGEN,0,2021-09-23,1.8571428571428572
Region XII: SOCCSKSARGEN,3,2021-09-24,2.0
Region XII: SOCCSKSARGEN,0,2021-09-25,1.7142857142857142
Region XII: SOCCSKSARGEN,0,2021-09-26,1.4285714285714286
Region XII: SOCCSKSARGEN,2,2021-09-27,1.1428571428571428
Region XII: SOCCSKSARGEN,2,2021-09-28,1.0
Region XII: SOCCSKSARGEN,4,2021-09-29,1.5714285714285714
Region XII: SOCCSKSARGEN,2,2021-09-30,1.8571428571428572
Region XII: SOCCSKSARGEN,1,2021-10-01,1.5714285714285714
Region XII: SOCCSKSARGEN,4,2021-10-02,2.142857142857143
Region XII: SOCCSKSARGEN,2,2021-10-03,2.4285714285714284
Region XII: SOCCSKSARGEN,2,2021-10-04,2.4285714285714284
Region XII: SOCCSKSARGEN,3,2021-10-05,2.5714285714285716
Region XII: SOCCSKSARGEN,2,2021-10-06,2.2857142857142856
Region XII: SOCCSKSARGEN,1,2021-10-07,2.142857142857143
Region XII: SOCCSKSARGEN,2,2021-10-08,2.2857142857142856
Region XII: SOCCSKSARGEN,2,2021-10-09,2.0
Region XII: SOCCSKSARGEN,5,2021-10-10,2.4285714285714284
Region XII: SOCCSKSARGEN,1,2021-10-11,2.2857142857142856
Region XII: SOCCSKSARGEN,4,2021-10-12,2.4285714285714284
Region XII: SOCCSKSARGEN,4,2021-10-13,2.7142857142857144
Region XII: SOCCSKSARGEN,3,2021-10-14,3.0
Region XII: SOCCSKSARGEN,6,2021-10-15,3.5714285714285716
Region XII: SOCCSKSARGEN,5,2021-10-16,4.0
Region XII: SOCCSKSARGEN,4,2021-10-17,3.857142857142857
Region XII: SOCCSKSARGEN,4,2021-10-18,4.285714285714286
Region XII: SOCCSKSARGEN,2,2021-10-19,4.0
Region XII: SOCCSKSARGEN,3,2021-10-20,3.857142857142857
Region XII: SOCCSKSARGEN,4,2021-10-21,4.0
Region XII: SOCCSKSARGEN,2,2021-10-22,3.4285714285714284
Region XII: SOCCSKSARGEN,5,2021-10-23,3.4285714285714284
Region XII: SOCCSKSARGEN,2,2021-10-24,3.142857142857143
Region XII: SOCCSKSARGEN,2,2021-10-25,2.857142857142857
Region XII: SOCCSKSARGEN,2,2021-10-26,2.857142857142857
Region XII: SOCCSKSARGEN,1,2021-10-27,2.5714285714285716
Region XII: SOCCSKSARGEN,0,2021-10-28,2.0
Region XII: SOCCSKSARGEN,0,2021-10-29,1.7142857142857142
Region XII: SOCCSKSARGEN,1,2021-10-30,1.1428571428571428
Region XII: SOCCSKSARGEN,2,2021-10-31,1.1428571428571428
Region XII: SOCCSKSARGEN,0,2021-11-01,0.8571428571428571
Region XII: SOCCSKSARGEN,1,2021-11-02,0.7142857142857143
Region XII: SOCCSKSARGEN,4,2021-11-03,1.1428571428571428
Region XII: SOCCSKSARGEN,2,2021-11-04,1.4285714285714286
Region XII: SOCCSKSARGEN,0,2021-11-05,1.4285714285714286
Region XII: SOCCSKSARGEN,0,2021-11-06,1.2857142857142858
Region XII: SOCCSKSARGEN,0,2021-11-07,1.0
Region XII: SOCCSKSARGEN,2,2021-11-08,1.2857142857142858
Region XII: SOCCSKSARGEN,0,2021-11-09,1.1428571428571428
Region XII: SOCCSKSARGEN,0,2021-11-10,0.5714285714285714
Region XII: SOCCSKSARGEN,2,2021-11-11,0.5714285714285714
Region XII: SOCCSKSARGEN,1,2021-11-12,0.7142857142857143
Region XII: SOCCSKSARGEN,3,2021-11-13,1.1428571428571428
Region XII: SOCCSKSARGEN,1,2021-11-14,1.2857142857142858
Region XII: SOCCSKSARGEN,0,2021-11-15,1.0
Region XII: SOCCSKSARGEN,0,2021-11-16,1.0
Region XII: SOCCSKSARGEN,0,2021-11-17,1.0
Region XII: SOCCSKSARGEN,2,2021-11-18,1.0
Region XII: SOCCSKSARGEN,2,2021-11-19,1.1428571428571428
Region XII: SOCCSKSARGEN,0,2021-11-20,0.7142857142857143
Region XII: SOCCSKSARGEN,2,2021-11-21,0.8571428571428571
Region XII: SOCCSKSARGEN,0,2021-11-22,0.8571428571428571
Region XII: SOCCSKSARGEN,0,2021-11-23,0.8571428571428571
Region XII: SOCCSKSARGEN,0,2021-11-24,0.8571428571428571
Region XII: SOCCSKSARGEN,0,2021-11-25,0.5714285714285714
Region XII: SOCCSKSARGEN,0,2021-11-26,0.2857142857142857
Region XII: SOCCSKSARGEN,0,2021-11-27,0.2857142857142857
Region XII: SOCCSKSARGEN,1,2021-11-28,0.14285714285714285
Region XII: SOCCSKSARGEN,0,2021-11-29,0.14285714285714285
Region XII: SOCCSKSARGEN,1,2021-11-30,0.2857142857142857
Region XII: SOCCSKSARGEN,0,2021-12-01,0.2857142857142857
Region XII: SOCCSKSARGEN,1,2021-12-02,0.42857142857142855
Region XII: SOCCSKSARGEN,0,2021-12-03,0.42857142857142855
Region XII: SOCCSKSARGEN,0,2021-12-04,0.42857142857142855
Region XII: SOCCSKSARGEN,2,2021-12-05,0.5714285714285714
Region XII: SOCCSKSARGEN,0,2021-12-06,0.5714285714285714
Region XII: SOCCSKSARGEN,0,2021-12-07,0.42857142857142855
Region XII: SOCCSKSARGEN,0,2021-12-08,0.42857142857142855
Region XII: SOCCSKSARGEN,1,2021-12-09,0.42857142857142855
Region XII: SOCCSKSARGEN,1,2021-12-10,0.5714285714285714
Region XII: SOCCSKSARGEN,0,2021-12-11,0.5714285714285714
Region XII: SOCCSKSARGEN,0,2021-12-12,0.2857142857142857
Region XII: SOCCSKSARGEN,0,2021-12-13,0.2857142857142857
Region XII: SOCCSKSARGEN,0,2021-12-14,0.2857142857142857
Region XII: SOCCSKSARGEN,1,2021-12-15,0.42857142857142855
Region XII: SOCCSKSARGEN,1,2021-12-16,0.42857142857142855
Region XII: SOCCSKSARGEN,0,2021-12-17,0.2857142857142857
Region XII: SOCCSKSARGEN,0,2021-12-18,0.2857142857142857
Region XII: SOCCSKSARGEN,1,2021-12-19,0.42857142857142855
Region XII: SOCCSKSARGEN,0,2021-12-20,0.42857142857142855
Region XII: SOCCSKSARGEN,0,2021-12-21,0.42857142857142855
Region XII: SOCCSKSARGEN,0,2021-12-22,0.2857142857142857
Region XII: SOCCSKSARGEN,0,2021-12-23,0.14285714285714285
Region XII: SOCCSKSARGEN,0,2021-12-24,0.14285714285714285
Region XII: SOCCSKSARGEN,0,2021-12-25,0.14285714285714285
Region XII: SOCCSKSARGEN,0,2021-12-26,0.0
Region XII: SOCCSKSARGEN,0,2021-12-27,0.0
Region XII: SOCCSKSARGEN,0,2021-12-28,0.0
Region XII: SOCCSKSARGEN,0,2021-12-29,0.0
Region XII: SOCCSKSARGEN,1,2021-12-30,0.14285714285714285
Region XII: SOCCSKSARGEN,0,2021-12-31,0.14285714285714285
Region XII: SOCCSKSARGEN,0,2022-01-01,0.14285714285714285
Region XII: SOCCSKSARGEN,0,2022-01-02,0.14285714285714285
Region XII: SOCCSKSARGEN,0,2022-01-03,0.14285714285714285
Region XII: SOCCSKSARGEN,0,2022-01-04,0.14285714285714285
Region XII: SOCCSKSARGEN,1,2022-01-05,0.2857142857142857
Region XII: SOCCSKSARGEN,0,2022-01-06,0.14285714285714285
Region XII: SOCCSKSARGEN,0,2022-01-07,0.14285714285714285
Region XII: SOCCSKSARGEN,0,2022-01-08,0.14285714285714285
Region XII: SOCCSKSARGEN,0,2022-01-09,0.14285714285714285
Region XII: SOCCSKSARGEN,0,2022-01-10,0.14285714285714285
Region XII: SOCCSKSARGEN,0,2022-01-11,0.14285714285714285
Region XII: SOCCSKSARGEN,0,2022-01-12,0.0
Region XII: SOCCSKSARGEN,0,2022-01-13,0.0
Region XII: SOCCSKSARGEN,0,2022-01-14,0.0
Region XII: SOCCSKSARGEN,1,2022-01-15,0.14285714285714285
Region XII: SOCCSKSARGEN,1,2022-01-16,0.2857142857142857
Region XII: SOCCSKSARGEN,1,2022-01-17,0.42857142857142855
Region XII: SOCCSKSARGEN,0,2022-01-18,0.42857142857142855
Region XII: SOCCSKSARGEN,0,2022-01-19,0.42857142857142855
Region XII: SOCCSKSARGEN,0,2022-01-20,0.42857142857142855
Region XII: SOCCSKSARGEN,0,2022-01-21,0.42857142857142855
Region XII: SOCCSKSARGEN,1,2022-01-22,0.42857142857142855
Region XII: SOCCSKSARGEN,0,2022-01-23,0.2857142857142857
Region XII: SOCCSKSARGEN,1,2022-01-24,0.2857142857142857
Region XII: SOCCSKSARGEN,1,2022-01-25,0.42857142857142855
Region XII: SOCCSKSARGEN,0,2022-01-26,0.42857142857142855
Region XII: SOCCSKSARGEN,1,2022-01-27,0.5714285714285714
Region XII: SOCCSKSARGEN,1,2022-01-28,0.7142857142857143
Region XII: SOCCSKSARGEN,0,2022-01-29,0.5714285714285714
Region XII: SOCCSKSARGEN,2,2022-01-30,0.8571428571428571
Region XII: SOCCSKSARGEN,1,2022-01-31,0.8571428571428571
Region XII: SOCCSKSARGEN,2,2022-02-01,1.0
Region XII: SOCCSKSARGEN,2,2022-02-02,1.2857142857142858
Region XII: SOCCSKSARGEN,1,2022-02-03,1.2857142857142858
Region XII: SOCCSKSARGEN,1,2022-02-04,1.2857142857142858
Region XII: SOCCSKSARGEN,0,2022-02-05,1.2857142857142858
Region XII: SOCCSKSARGEN,0,2022-02-06,1.0
Region XII: SOCCSKSARGEN,0,2022-02-07,0.8571428571428571
Region XII: SOCCSKSARGEN,0,2022-02-08,0.5714285714285714
Region XII: SOCCSKSARGEN,0,2022-02-09,0.2857142857142857
Region XII: SOCCSKSARGEN,0,2022-02-10,0.14285714285714285
Region XII: SOCCSKSARGEN,0,2022-02-11,0.0
Region XII: SOCCSKSARGEN,1,2022-02-12,0.14285714285714285
Region XII: SOCCSKSARGEN,2,2022-02-13,0.42857142857142855
Region XII: SOCCSKSARGEN,2,2022-02-14,0.7142857142857143
Region XII: SOCCSKSARGEN,0,2022-02-15,0.7142857142857143
Region XII: SOCCSKSARGEN,1,2022-02-16,0.8571428571428571
Region XII: SOCCSKSARGEN,1,2022-02-17,1.0
Region XII: SOCCSKSARGEN,1,2022-02-18,1.1428571428571428
Region XII: SOCCSKSARGEN,0,2022-02-19,1.0
Region XII: SOCCSKSARGEN,1,2022-02-20,0.8571428571428571
Region XII: SOCCSKSARGEN,0,2022-02-21,0.5714285714285714
Region XII: SOCCSKSARGEN,1,2022-02-22,0.7142857142857143
Region XII: SOCCSKSARGEN,0,2022-02-23,0.5714285714285714
Region XII: SOCCSKSARGEN,2,2022-02-24,0.7142857142857143
Region XII: SOCCSKSARGEN,0,2022-02-25,0.5714285714285714
Region XII: SOCCSKSARGEN,0,2022-02-26,0.5714285714285714
Region XII: SOCCSKSARGEN,1,2022-02-27,0.5714285714285714
Region XII: SOCCSKSARGEN,3,2022-02-28,1.0
Region XII: SOCCSKSARGEN,0,2022-03-01,0.8571428571428571
Region XII: SOCCSKSARGEN,1,2022-03-02,1.0
Region XII: SOCCSKSARGEN,0,2022-03-03,0.7142857142857143
Region XII: SOCCSKSARGEN,1,2022-03-04,0.8571428571428571
Region XII: SOCCSKSARGEN,1,2022-03-05,1.0
Region XII: SOCCSKSARGEN,0,2022-03-06,0.8571428571428571
Region XII: SOCCSKSARGEN,1,2022-03-07,0.5714285714285714
Region XII: SOCCSKSARGEN,0,2022-03-08,0.5714285714285714
Region XII: SOCCSKSARGEN,1,2022-03-09,0.5714285714285714
Region XII: SOCCSKSARGEN,1,2022-03-10,0.7142857142857143
Region XII: SOCCSKSARGEN,1,2022-03-11,0.7142857142857143
Region XII: SOCCSKSARGEN,1,2022-03-12,0.7142857142857143
Region XII: SOCCSKSARGEN,1,2022-03-13,0.8571428571428571
Region XII: SOCCSKSARGEN,1,2022-03-14,0.8571428571428571
Region XII: SOCCSKSARGEN,1,2022-03-15,1.0
Region XII: SOCCSKSARGEN,0,2022-03-16,0.8571428571428571
Region XII: SOCCSKSARGEN,0,2022-03-17,0.7142857142857143
Region XII: SOCCSKSARGEN,2,2022-03-18,0.8571428571428571
Region XII: SOCCSKSARGEN,0,2022-03-19,0.7142857142857143
Region XII: SOCCSKSARGEN,0,2022-03-20,0.5714285714285714
Region XII: SOCCSKSARGEN,0,2022-03-21,0.42857142857142855
Region XII: SOCCSKSARGEN,0,2022-03-22,0.2857142857142857
Region XII: SOCCSKSARGEN,0,2022-03-23,0.2857142857142857
Region XII: SOCCSKSARGEN,2,2022-03-24,0.5714285714285714
Region XII: SOCCSKSARGEN,0,2022-03-25,0.2857142857142857
Region XII: SOCCSKSARGEN,0,2022-03-26,0.2857142857142857
Region XII: SOCCSKSARGEN,1,2022-03-27,0.42857142857142855
Region XII: SOCCSKSARGEN,0,2022-03-28,0.42857142857142855
Region XII: SOCCSKSARGEN,1,2022-03-29,0.5714285714285714
Region XII: SOCCSKSARGEN,0,2022-03-30,0.5714285714285714
Region XII: SOCCSKSARGEN,0,2022-03-31,0.2857142857142857
Region XII: SOCCSKSARGEN,1,2022-04-01,0.42857142857142855
Region XII: SOCCSKSARGEN,0,2022-04-02,0.42857142857142855
Region XII: SOCCSKSARGEN,0,2022-04-03,0.2857142857142857
Region XII: SOCCSKSARGEN,1,2022-04-04,0.42857142857142855
Region XII: SOCCSKSARGEN,0,2022-04-05,0.2857142857142857
Region XII: SOCCSKSARGEN,0,2022-04-06,0.2857142857142857
Region XII: SOCCSKSARGEN,0,2022-04-07,0.2857142857142857
Region XII: SOCCSKSARGEN,0,2022-04-08,0.14285714285714285
Region XII: SOCCSKSARGEN,0,2022-04-09,0.14285714285714285
Region XII: SOCCSKSARGEN,1,2022-04-10,0.2857142857142857
Region XII: SOCCSKSARGEN,0,2022-04-11,0.14285714285714285
Region XII: SOCCSKSARGEN,1,2022-04-12,0.2857142857142857
Region XII: SOCCSKSARGEN,0,2022-04-13,0.2857142857142857
Region XII: SOCCSKSARGEN,0,2022-04-14,0.2857142857142857
Region XII: SOCCSKSARGEN,1,2022-04-15,0.42857142857142855
Region XII: SOCCSKSARGEN,0,2022-04-16,0.42857142857142855
Region XII: SOCCSKSARGEN,0,2022-04-17,0.2857142857142857
Region XII: SOCCSKSARGEN,1,2022-04-18,0.42857142857142855
Region XII: SOCCSKSARGEN,0,2022-04-19,0.2857142857142857
Region XII: SOCCSKSARGEN,0,2022-04-20,0.2857142857142857
Region XII: SOCCSKSARGEN,0,2022-04-21,0.2857142857142857
Region XII: SOCCSKSARGEN,0,2022-04-22,0.14285714285714285
Region XII: SOCCSKSARGEN,0,2022-04-23,0.14285714285714285
Region XII: SOCCSKSARGEN,0,2022-04-24,0.14285714285714285
Region XII: SOCCSKSARGEN,0,2022-04-25,0.0
Region XII: SOCCSKSARGEN,0,2022-04-26,0.0
Region XII: SOCCSKSARGEN,0,2022-04-27,0.0
Region XII: SOCCSKSARGEN,1,2022-04-28,0.14285714285714285
