region,count,date,7DayMA
Region VII: Central Visayas,1,2020-04-02,
Region VII: Central Visayas,1,2020-04-03,
Region VII: Central Visayas,0,2020-04-04,
Region VII: Central Visayas,2,2020-04-05,
Region VII: Central Visayas,0,2020-04-06,
Region VII: Central Visayas,0,2020-04-07,
Region VII: Central Visayas,1,2020-04-08,0.7142857142857143
Region VII: Central Visayas,0,2020-04-09,0.5714285714285714
Region VII: Central Visayas,0,2020-04-10,0.42857142857142855
Region VII: Central Visayas,0,2020-04-11,0.42857142857142855
Region VII: Central Visayas,0,2020-04-12,0.14285714285714285
Region VII: Central Visayas,0,2020-04-13,0.14285714285714285
Region VII: Central Visayas,0,2020-04-14,0.14285714285714285
Region VII: Central Visayas,0,2020-04-15,0.0
Region VII: Central Visayas,0,2020-04-16,0.0
Region VII: Central Visayas,0,2020-04-17,0.0
Region VII: Central Visayas,0,2020-04-18,0.0
Region VII: Central Visayas,0,2020-04-19,0.0
Region VII: Central Visayas,0,2020-04-20,0.0
Region VII: Central Visayas,0,2020-04-21,0.0
Region VII: Central Visayas,0,2020-04-22,0.0
Region VII: Central Visayas,0,2020-04-23,0.0
Region VII: Central Visayas,0,2020-04-24,0.0
Region VII: Central Visayas,0,2020-04-25,0.0
Region VII: Central Visayas,0,2020-04-26,0.0
Region VII: Central Visayas,0,2020-04-27,0.0
Region VII: Central Visayas,0,2020-04-28,0.0
Region VII: Central Visayas,0,2020-04-29,0.0
Region VII: Central Visayas,0,2020-04-30,0.0
Region VII: Central Visayas,0,2020-05-01,0.0
Region VII: Central Visayas,1,2020-05-02,0.14285714285714285
Region VII: Central Visayas,0,2020-05-03,0.14285714285714285
Region VII: Central Visayas,0,2020-05-04,0.14285714285714285
Region VII: Central Visayas,0,2020-05-05,0.14285714285714285
Region VII: Central Visayas,0,2020-05-06,0.14285714285714285
Region VII: Central Visayas,0,2020-05-07,0.14285714285714285
Region VII: Central Visayas,0,2020-05-08,0.14285714285714285
Region VII: Central Visayas,0,2020-05-09,0.0
Region VII: Central Visayas,0,2020-05-10,0.0
Region VII: Central Visayas,1,2020-05-11,0.14285714285714285
Region VII: Central Visayas,0,2020-05-12,0.14285714285714285
Region VII: Central Visayas,0,2020-05-13,0.14285714285714285
Region VII: Central Visayas,1,2020-05-14,0.2857142857142857
Region VII: Central Visayas,1,2020-05-15,0.42857142857142855
Region VII: Central Visayas,0,2020-05-16,0.42857142857142855
Region VII: Central Visayas,0,2020-05-17,0.42857142857142855
Region VII: Central Visayas,0,2020-05-18,0.2857142857142857
Region VII: Central Visayas,0,2020-05-19,0.2857142857142857
Region VII: Central Visayas,0,2020-05-20,0.2857142857142857
Region VII: Central Visayas,0,2020-05-21,0.14285714285714285
Region VII: Central Visayas,2,2020-05-22,0.2857142857142857
Region VII: Central Visayas,0,2020-05-23,0.2857142857142857
Region VII: Central Visayas,0,2020-05-24,0.2857142857142857
Region VII: Central Visayas,1,2020-05-25,0.42857142857142855
Region VII: Central Visayas,0,2020-05-26,0.42857142857142855
Region VII: Central Visayas,2,2020-05-27,0.7142857142857143
Region VII: Central Visayas,0,2020-05-28,0.7142857142857143
Region VII: Central Visayas,1,2020-05-29,0.5714285714285714
Region VII: Central Visayas,0,2020-05-30,0.5714285714285714
Region VII: Central Visayas,0,2020-05-31,0.5714285714285714
Region VII: Central Visayas,1,2020-06-01,0.5714285714285714
Region VII: Central Visayas,0,2020-06-02,0.5714285714285714
Region VII: Central Visayas,0,2020-06-03,0.2857142857142857
Region VII: Central Visayas,1,2020-06-04,0.42857142857142855
Region VII: Central Visayas,2,2020-06-05,0.5714285714285714
Region VII: Central Visayas,1,2020-06-06,0.7142857142857143
Region VII: Central Visayas,3,2020-06-07,1.1428571428571428
Region VII: Central Visayas,2,2020-06-08,1.2857142857142858
Region VII: Central Visayas,2,2020-06-09,1.5714285714285714
Region VII: Central Visayas,1,2020-06-10,1.7142857142857142
Region VII: Central Visayas,5,2020-06-11,2.2857142857142856
Region VII: Central Visayas,1,2020-06-12,2.142857142857143
Region VII: Central Visayas,2,2020-06-13,2.2857142857142856
Region VII: Central Visayas,13,2020-06-14,3.7142857142857144
Region VII: Central Visayas,4,2020-06-15,4.0
Region VII: Central Visayas,4,2020-06-16,4.285714285714286
Region VII: Central Visayas,5,2020-06-17,4.857142857142857
Region VII: Central Visayas,2,2020-06-18,4.428571428571429
Region VII: Central Visayas,5,2020-06-19,5.0
Region VII: Central Visayas,3,2020-06-20,5.142857142857143
Region VII: Central Visayas,5,2020-06-21,4.0
Region VII: Central Visayas,4,2020-06-22,4.0
Region VII: Central Visayas,9,2020-06-23,4.714285714285714
Region VII: Central Visayas,5,2020-06-24,4.714285714285714
Region VII: Central Visayas,4,2020-06-25,5.0
Region VII: Central Visayas,4,2020-06-26,4.857142857142857
Region VII: Central Visayas,8,2020-06-27,5.571428571428571
Region VII: Central Visayas,4,2020-06-28,5.428571428571429
Region VII: Central Visayas,7,2020-06-29,5.857142857142857
Region VII: Central Visayas,5,2020-06-30,5.285714285714286
Region VII: Central Visayas,7,2020-07-01,5.571428571428571
Region VII: Central Visayas,1,2020-07-02,5.142857142857143
Region VII: Central Visayas,2,2020-07-03,4.857142857142857
Region VII: Central Visayas,4,2020-07-04,4.285714285714286
Region VII: Central Visayas,6,2020-07-05,4.571428571428571
Region VII: Central Visayas,4,2020-07-06,4.142857142857143
Region VII: Central Visayas,5,2020-07-07,4.142857142857143
Region VII: Central Visayas,10,2020-07-08,4.571428571428571
Region VII: Central Visayas,8,2020-07-09,5.571428571428571
Region VII: Central Visayas,4,2020-07-10,5.857142857142857
Region VII: Central Visayas,2,2020-07-11,5.571428571428571
Region VII: Central Visayas,3,2020-07-12,5.142857142857143
Region VII: Central Visayas,6,2020-07-13,5.428571428571429
Region VII: Central Visayas,1,2020-07-14,4.857142857142857
Region VII: Central Visayas,0,2020-07-15,3.4285714285714284
Region VII: Central Visayas,1,2020-07-16,2.4285714285714284
Region VII: Central Visayas,2,2020-07-17,2.142857142857143
Region VII: Central Visayas,2,2020-07-18,2.142857142857143
Region VII: Central Visayas,4,2020-07-19,2.2857142857142856
Region VII: Central Visayas,2,2020-07-20,1.7142857142857142
Region VII: Central Visayas,2,2020-07-21,1.8571428571428572
Region VII: Central Visayas,3,2020-07-22,2.2857142857142856
Region VII: Central Visayas,4,2020-07-23,2.7142857142857144
Region VII: Central Visayas,0,2020-07-24,2.4285714285714284
Region VII: Central Visayas,5,2020-07-25,2.857142857142857
Region VII: Central Visayas,1,2020-07-26,2.4285714285714284
Region VII: Central Visayas,3,2020-07-27,2.5714285714285716
Region VII: Central Visayas,6,2020-07-28,3.142857142857143
Region VII: Central Visayas,1,2020-07-29,2.857142857142857
Region VII: Central Visayas,3,2020-07-30,2.7142857142857144
Region VII: Central Visayas,1,2020-07-31,2.857142857142857
Region VII: Central Visayas,2,2020-08-01,2.4285714285714284
Region VII: Central Visayas,5,2020-08-02,3.0
Region VII: Central Visayas,1,2020-08-03,2.7142857142857144
Region VII: Central Visayas,1,2020-08-04,2.0
Region VII: Central Visayas,2,2020-08-05,2.142857142857143
Region VII: Central Visayas,5,2020-08-06,2.4285714285714284
Region VII: Central Visayas,2,2020-08-07,2.5714285714285716
Region VII: Central Visayas,2,2020-08-08,2.5714285714285716
Region VII: Central Visayas,0,2020-08-09,1.8571428571428572
Region VII: Central Visayas,2,2020-08-10,2.0
Region VII: Central Visayas,2,2020-08-11,2.142857142857143
Region VII: Central Visayas,2,2020-08-12,2.142857142857143
Region VII: Central Visayas,4,2020-08-13,2.0
Region VII: Central Visayas,2,2020-08-14,2.0
Region VII: Central Visayas,0,2020-08-15,1.7142857142857142
Region VII: Central Visayas,4,2020-08-16,2.2857142857142856
Region VII: Central Visayas,1,2020-08-17,2.142857142857143
Region VII: Central Visayas,1,2020-08-18,2.0
Region VII: Central Visayas,3,2020-08-19,2.142857142857143
Region VII: Central Visayas,2,2020-08-20,1.8571428571428572
Region VII: Central Visayas,1,2020-08-21,1.7142857142857142
Region VII: Central Visayas,3,2020-08-22,2.142857142857143
Region VII: Central Visayas,1,2020-08-23,1.7142857142857142
Region VII: Central Visayas,0,2020-08-24,1.5714285714285714
Region VII: Central Visayas,1,2020-08-25,1.5714285714285714
Region VII: Central Visayas,3,2020-08-26,1.5714285714285714
Region VII: Central Visayas,1,2020-08-27,1.4285714285714286
Region VII: Central Visayas,1,2020-08-28,1.4285714285714286
Region VII: Central Visayas,0,2020-08-29,1.0
Region VII: Central Visayas,1,2020-08-30,1.0
Region VII: Central Visayas,1,2020-08-31,1.1428571428571428
Region VII: Central Visayas,4,2020-09-01,1.5714285714285714
Region VII: Central Visayas,0,2020-09-02,1.1428571428571428
Region VII: Central Visayas,3,2020-09-03,1.4285714285714286
Region VII: Central Visayas,2,2020-09-04,1.5714285714285714
Region VII: Central Visayas,2,2020-09-05,1.8571428571428572
Region VII: Central Visayas,6,2020-09-06,2.5714285714285716
Region VII: Central Visayas,1,2020-09-07,2.5714285714285716
Region VII: Central Visayas,1,2020-09-08,2.142857142857143
Region VII: Central Visayas,1,2020-09-09,2.2857142857142856
Region VII: Central Visayas,2,2020-09-10,2.142857142857143
Region VII: Central Visayas,1,2020-09-11,2.0
Region VII: Central Visayas,0,2020-09-12,1.7142857142857142
Region VII: Central Visayas,3,2020-09-13,1.2857142857142858
Region VII: Central Visayas,0,2020-09-14,1.1428571428571428
Region VII: Central Visayas,4,2020-09-15,1.5714285714285714
Region VII: Central Visayas,0,2020-09-16,1.4285714285714286
Region VII: Central Visayas,1,2020-09-17,1.2857142857142858
Region VII: Central Visayas,3,2020-09-18,1.5714285714285714
Region VII: Central Visayas,3,2020-09-19,2.0
Region VII: Central Visayas,1,2020-09-20,1.7142857142857142
Region VII: Central Visayas,1,2020-09-21,1.8571428571428572
Region VII: Central Visayas,4,2020-09-22,1.8571428571428572
Region VII: Central Visayas,1,2020-09-23,2.0
Region VII: Central Visayas,2,2020-09-24,2.142857142857143
Region VII: Central Visayas,0,2020-09-25,1.7142857142857142
Region VII: Central Visayas,1,2020-09-26,1.4285714285714286
Region VII: Central Visayas,0,2020-09-27,1.2857142857142858
Region VII: Central Visayas,0,2020-09-28,1.1428571428571428
Region VII: Central Visayas,1,2020-09-29,0.7142857142857143
Region VII: Central Visayas,2,2020-09-30,0.8571428571428571
Region VII: Central Visayas,3,2020-10-01,1.0
Region VII: Central Visayas,1,2020-10-02,1.1428571428571428
Region VII: Central Visayas,0,2020-10-03,1.0
Region VII: Central Visayas,0,2020-10-04,1.0
Region VII: Central Visayas,1,2020-10-05,1.1428571428571428
Region VII: Central Visayas,0,2020-10-06,1.0
Region VII: Central Visayas,0,2020-10-07,0.7142857142857143
Region VII: Central Visayas,0,2020-10-08,0.2857142857142857
Region VII: Central Visayas,2,2020-10-09,0.42857142857142855
Region VII: Central Visayas,0,2020-10-10,0.42857142857142855
Region VII: Central Visayas,3,2020-10-11,0.8571428571428571
Region VII: Central Visayas,0,2020-10-12,0.7142857142857143
Region VII: Central Visayas,0,2020-10-13,0.7142857142857143
Region VII: Central Visayas,0,2020-10-14,0.7142857142857143
Region VII: Central Visayas,2,2020-10-15,1.0
Region VII: Central Visayas,1,2020-10-16,0.8571428571428571
Region VII: Central Visayas,1,2020-10-17,1.0
Region VII: Central Visayas,1,2020-10-18,0.7142857142857143
Region VII: Central Visayas,1,2020-10-19,0.8571428571428571
Region VII: Central Visayas,0,2020-10-20,0.8571428571428571
Region VII: Central Visayas,0,2020-10-21,0.8571428571428571
Region VII: Central Visayas,0,2020-10-22,0.5714285714285714
Region VII: Central Visayas,1,2020-10-23,0.5714285714285714
Region VII: Central Visayas,1,2020-10-24,0.5714285714285714
Region VII: Central Visayas,0,2020-10-25,0.42857142857142855
Region VII: Central Visayas,0,2020-10-26,0.2857142857142857
Region VII: Central Visayas,1,2020-10-27,0.42857142857142855
Region VII: Central Visayas,0,2020-10-28,0.42857142857142855
Region VII: Central Visayas,1,2020-10-29,0.5714285714285714
Region VII: Central Visayas,0,2020-10-30,0.42857142857142855
Region VII: Central Visayas,2,2020-10-31,0.5714285714285714
Region VII: Central Visayas,1,2020-11-01,0.7142857142857143
Region VII: Central Visayas,0,2020-11-02,0.7142857142857143
Region VII: Central Visayas,2,2020-11-03,0.8571428571428571
Region VII: Central Visayas,0,2020-11-04,0.8571428571428571
Region VII: Central Visayas,1,2020-11-05,0.8571428571428571
Region VII: Central Visayas,0,2020-11-06,0.8571428571428571
Region VII: Central Visayas,2,2020-11-07,0.8571428571428571
Region VII: Central Visayas,0,2020-11-08,0.7142857142857143
Region VII: Central Visayas,1,2020-11-09,0.8571428571428571
Region VII: Central Visayas,1,2020-11-10,0.7142857142857143
Region VII: Central Visayas,1,2020-11-11,0.8571428571428571
Region VII: Central Visayas,2,2020-11-12,1.0
Region VII: Central Visayas,0,2020-11-13,1.0
Region VII: Central Visayas,0,2020-11-14,0.7142857142857143
Region VII: Central Visayas,2,2020-11-15,1.0
Region VII: Central Visayas,2,2020-11-16,1.1428571428571428
Region VII: Central Visayas,0,2020-11-17,1.0
Region VII: Central Visayas,0,2020-11-18,0.8571428571428571
Region VII: Central Visayas,1,2020-11-19,0.7142857142857143
Region VII: Central Visayas,0,2020-11-20,0.7142857142857143
Region VII: Central Visayas,0,2020-11-21,0.7142857142857143
Region VII: Central Visayas,0,2020-11-22,0.42857142857142855
Region VII: Central Visayas,0,2020-11-23,0.14285714285714285
Region VII: Central Visayas,0,2020-11-24,0.14285714285714285
Region VII: Central Visayas,1,2020-11-25,0.2857142857142857
Region VII: Central Visayas,0,2020-11-26,0.14285714285714285
Region VII: Central Visayas,0,2020-11-27,0.14285714285714285
Region VII: Central Visayas,0,2020-11-28,0.14285714285714285
Region VII: Central Visayas,0,2020-11-29,0.14285714285714285
Region VII: Central Visayas,0,2020-11-30,0.14285714285714285
Region VII: Central Visayas,0,2020-12-01,0.14285714285714285
Region VII: Central Visayas,2,2020-12-02,0.2857142857142857
Region VII: Central Visayas,0,2020-12-03,0.2857142857142857
Region VII: Central Visayas,0,2020-12-04,0.2857142857142857
Region VII: Central Visayas,1,2020-12-05,0.42857142857142855
Region VII: Central Visayas,0,2020-12-06,0.42857142857142855
Region VII: Central Visayas,0,2020-12-07,0.42857142857142855
Region VII: Central Visayas,0,2020-12-08,0.42857142857142855
Region VII: Central Visayas,0,2020-12-09,0.14285714285714285
Region VII: Central Visayas,0,2020-12-10,0.14285714285714285
Region VII: Central Visayas,0,2020-12-11,0.14285714285714285
Region VII: Central Visayas,0,2020-12-12,0.0
Region VII: Central Visayas,2,2020-12-13,0.2857142857142857
Region VII: Central Visayas,0,2020-12-14,0.2857142857142857
Region VII: Central Visayas,0,2020-12-15,0.2857142857142857
Region VII: Central Visayas,1,2020-12-16,0.42857142857142855
Region VII: Central Visayas,0,2020-12-17,0.42857142857142855
Region VII: Central Visayas,0,2020-12-18,0.42857142857142855
Region VII: Central Visayas,1,2020-12-19,0.5714285714285714
Region VII: Central Visayas,0,2020-12-20,0.2857142857142857
Region VII: Central Visayas,0,2020-12-21,0.2857142857142857
Region VII: Central Visayas,1,2020-12-22,0.42857142857142855
Region VII: Central Visayas,1,2020-12-23,0.42857142857142855
Region VII: Central Visayas,0,2020-12-24,0.42857142857142855
Region VII: Central Visayas,1,2020-12-25,0.5714285714285714
Region VII: Central Visayas,0,2020-12-26,0.42857142857142855
Region VII: Central Visayas,1,2020-12-27,0.5714285714285714
Region VII: Central Visayas,0,2020-12-28,0.5714285714285714
Region VII: Central Visayas,1,2020-12-29,0.5714285714285714
Region VII: Central Visayas,0,2020-12-30,0.42857142857142855
Region VII: Central Visayas,1,2020-12-31,0.5714285714285714
Region VII: Central Visayas,2,2021-01-01,0.7142857142857143
Region VII: Central Visayas,0,2021-01-02,0.7142857142857143
Region VII: Central Visayas,0,2021-01-03,0.5714285714285714
Region VII: Central Visayas,1,2021-01-04,0.7142857142857143
Region VII: Central Visayas,0,2021-01-05,0.5714285714285714
Region VII: Central Visayas,1,2021-01-06,0.7142857142857143
Region VII: Central Visayas,1,2021-01-07,0.7142857142857143
Region VII: Central Visayas,1,2021-01-08,0.5714285714285714
Region VII: Central Visayas,0,2021-01-09,0.5714285714285714
Region VII: Central Visayas,0,2021-01-10,0.5714285714285714
Region VII: Central Visayas,0,2021-01-11,0.42857142857142855
Region VII: Central Visayas,0,2021-01-12,0.42857142857142855
Region VII: Central Visayas,1,2021-01-13,0.42857142857142855
Region VII: Central Visayas,0,2021-01-14,0.2857142857142857
Region VII: Central Visayas,0,2021-01-15,0.14285714285714285
Region VII: Central Visayas,1,2021-01-16,0.2857142857142857
Region VII: Central Visayas,3,2021-01-17,0.7142857142857143
Region VII: Central Visayas,1,2021-01-18,0.8571428571428571
Region VII: Central Visayas,0,2021-01-19,0.8571428571428571
Region VII: Central Visayas,0,2021-01-20,0.7142857142857143
Region VII: Central Visayas,0,2021-01-21,0.7142857142857143
Region VII: Central Visayas,0,2021-01-22,0.7142857142857143
Region VII: Central Visayas,1,2021-01-23,0.7142857142857143
Region VII: Central Visayas,1,2021-01-24,0.42857142857142855
Region VII: Central Visayas,2,2021-01-25,0.5714285714285714
Region VII: Central Visayas,2,2021-01-26,0.8571428571428571
Region VII: Central Visayas,1,2021-01-27,1.0
Region VII: Central Visayas,0,2021-01-28,1.0
Region VII: Central Visayas,1,2021-01-29,1.1428571428571428
Region VII: Central Visayas,2,2021-01-30,1.2857142857142858
Region VII: Central Visayas,1,2021-01-31,1.2857142857142858
Region VII: Central Visayas,2,2021-02-01,1.2857142857142858
Region VII: Central Visayas,3,2021-02-02,1.4285714285714286
Region VII: Central Visayas,2,2021-02-03,1.5714285714285714
Region VII: Central Visayas,2,2021-02-04,1.8571428571428572
Region VII: Central Visayas,0,2021-02-05,1.7142857142857142
Region VII: Central Visayas,2,2021-02-06,1.7142857142857142
Region VII: Central Visayas,2,2021-02-07,1.8571428571428572
Region VII: Central Visayas,3,2021-02-08,2.0
Region VII: Central Visayas,2,2021-02-09,1.8571428571428572
Region VII: Central Visayas,2,2021-02-10,1.8571428571428572
Region VII: Central Visayas,0,2021-02-11,1.5714285714285714
Region VII: Central Visayas,5,2021-02-12,2.2857142857142856
Region VII: Central Visayas,4,2021-02-13,2.5714285714285716
Region VII: Central Visayas,1,2021-02-14,2.4285714285714284
Region VII: Central Visayas,3,2021-02-15,2.4285714285714284
Region VII: Central Visayas,1,2021-02-16,2.2857142857142856
Region VII: Central Visayas,6,2021-02-17,2.857142857142857
Region VII: Central Visayas,3,2021-02-18,3.2857142857142856
Region VII: Central Visayas,1,2021-02-19,2.7142857142857144
Region VII: Central Visayas,3,2021-02-20,2.5714285714285716
Region VII: Central Visayas,7,2021-02-21,3.4285714285714284
Region VII: Central Visayas,3,2021-02-22,3.4285714285714284
Region VII: Central Visayas,5,2021-02-23,4.0
Region VII: Central Visayas,3,2021-02-24,3.5714285714285716
Region VII: Central Visayas,3,2021-02-25,3.5714285714285716
Region VII: Central Visayas,4,2021-02-26,4.0
Region VII: Central Visayas,9,2021-02-27,4.857142857142857
Region VII: Central Visayas,4,2021-02-28,4.428571428571429
Region VII: Central Visayas,3,2021-03-01,4.428571428571429
Region VII: Central Visayas,8,2021-03-02,4.857142857142857
Region VII: Central Visayas,3,2021-03-03,4.857142857142857
Region VII: Central Visayas,1,2021-03-04,4.571428571428571
Region VII: Central Visayas,4,2021-03-05,4.571428571428571
Region VII: Central Visayas,4,2021-03-06,3.857142857142857
Region VII: Central Visayas,3,2021-03-07,3.7142857142857144
Region VII: Central Visayas,5,2021-03-08,4.0
Region VII: Central Visayas,6,2021-03-09,3.7142857142857144
Region VII: Central Visayas,4,2021-03-10,3.857142857142857
Region VII: Central Visayas,6,2021-03-11,4.571428571428571
Region VII: Central Visayas,3,2021-03-12,4.428571428571429
Region VII: Central Visayas,2,2021-03-13,4.142857142857143
Region VII: Central Visayas,1,2021-03-14,3.857142857142857
Region VII: Central Visayas,6,2021-03-15,4.0
Region VII: Central Visayas,5,2021-03-16,3.857142857142857
Region VII: Central Visayas,3,2021-03-17,3.7142857142857144
Region VII: Central Visayas,2,2021-03-18,3.142857142857143
Region VII: Central Visayas,3,2021-03-19,3.142857142857143
Region VII: Central Visayas,2,2021-03-20,3.142857142857143
Region VII: Central Visayas,10,2021-03-21,4.428571428571429
Region VII: Central Visayas,4,2021-03-22,4.142857142857143
Region VII: Central Visayas,5,2021-03-23,4.142857142857143
Region VII: Central Visayas,1,2021-03-24,3.857142857142857
Region VII: Central Visayas,9,2021-03-25,4.857142857142857
Region VII: Central Visayas,2,2021-03-26,4.714285714285714
Region VII: Central Visayas,3,2021-03-27,4.857142857142857
Region VII: Central Visayas,4,2021-03-28,4.0
Region VII: Central Visayas,5,2021-03-29,4.142857142857143
Region VII: Central Visayas,3,2021-03-30,3.857142857142857
Region VII: Central Visayas,4,2021-03-31,4.285714285714286
Region VII: Central Visayas,6,2021-04-01,3.857142857142857
Region VII: Central Visayas,1,2021-04-02,3.7142857142857144
Region VII: Central Visayas,3,2021-04-03,3.7142857142857144
Region VII: Central Visayas,3,2021-04-04,3.5714285714285716
Region VII: Central Visayas,2,2021-04-05,3.142857142857143
Region VII: Central Visayas,7,2021-04-06,3.7142857142857144
Region VII: Central Visayas,1,2021-04-07,3.2857142857142856
Region VII: Central Visayas,2,2021-04-08,2.7142857142857144
Region VII: Central Visayas,1,2021-04-09,2.7142857142857144
Region VII: Central Visayas,0,2021-04-10,2.2857142857142856
Region VII: Central Visayas,5,2021-04-11,2.5714285714285716
Region VII: Central Visayas,3,2021-04-12,2.7142857142857144
Region VII: Central Visayas,8,2021-04-13,2.857142857142857
Region VII: Central Visayas,2,2021-04-14,3.0
Region VII: Central Visayas,5,2021-04-15,3.4285714285714284
Region VII: Central Visayas,3,2021-04-16,3.7142857142857144
Region VII: Central Visayas,2,2021-04-17,4.0
Region VII: Central Visayas,4,2021-04-18,3.857142857142857
Region VII: Central Visayas,1,2021-04-19,3.5714285714285716
Region VII: Central Visayas,2,2021-04-20,2.7142857142857144
Region VII: Central Visayas,2,2021-04-21,2.7142857142857144
Region VII: Central Visayas,3,2021-04-22,2.4285714285714284
Region VII: Central Visayas,2,2021-04-23,2.2857142857142856
Region VII: Central Visayas,3,2021-04-24,2.4285714285714284
Region VII: Central Visayas,3,2021-04-25,2.2857142857142856
Region VII: Central Visayas,5,2021-04-26,2.857142857142857
Region VII: Central Visayas,1,2021-04-27,2.7142857142857144
Region VII: Central Visayas,3,2021-04-28,2.857142857142857
Region VII: Central Visayas,1,2021-04-29,2.5714285714285716
Region VII: Central Visayas,2,2021-04-30,2.5714285714285716
Region VII: Central Visayas,1,2021-05-01,2.2857142857142856
Region VII: Central Visayas,0,2021-05-02,1.8571428571428572
Region VII: Central Visayas,1,2021-05-03,1.2857142857142858
Region VII: Central Visayas,1,2021-05-04,1.2857142857142858
Region VII: Central Visayas,5,2021-05-05,1.5714285714285714
Region VII: Central Visayas,1,2021-05-06,1.5714285714285714
Region VII: Central Visayas,4,2021-05-07,1.8571428571428572
Region VII: Central Visayas,1,2021-05-08,1.8571428571428572
Region VII: Central Visayas,3,2021-05-09,2.2857142857142856
Region VII: Central Visayas,5,2021-05-10,2.857142857142857
Region VII: Central Visayas,2,2021-05-11,3.0
Region VII: Central Visayas,3,2021-05-12,2.7142857142857144
Region VII: Central Visayas,1,2021-05-13,2.7142857142857144
Region VII: Central Visayas,0,2021-05-14,2.142857142857143
Region VII: Central Visayas,4,2021-05-15,2.5714285714285716
Region VII: Central Visayas,2,2021-05-16,2.4285714285714284
Region VII: Central Visayas,1,2021-05-17,1.8571428571428572
Region VII: Central Visayas,1,2021-05-18,1.7142857142857142
Region VII: Central Visayas,2,2021-05-19,1.5714285714285714
Region VII: Central Visayas,2,2021-05-20,1.7142857142857142
Region VII: Central Visayas,1,2021-05-21,1.8571428571428572
Region VII: Central Visayas,1,2021-05-22,1.4285714285714286
Region VII: Central Visayas,1,2021-05-23,1.2857142857142858
Region VII: Central Visayas,3,2021-05-24,1.5714285714285714
Region VII: Central Visayas,2,2021-05-25,1.7142857142857142
Region VII: Central Visayas,3,2021-05-26,1.8571428571428572
Region VII: Central Visayas,2,2021-05-27,1.8571428571428572
Region VII: Central Visayas,1,2021-05-28,1.8571428571428572
Region VII: Central Visayas,0,2021-05-29,1.7142857142857142
Region VII: Central Visayas,1,2021-05-30,1.7142857142857142
Region VII: Central Visayas,1,2021-05-31,1.4285714285714286
Region VII: Central Visayas,2,2021-06-01,1.4285714285714286
Region VII: Central Visayas,3,2021-06-02,1.4285714285714286
Region VII: Central Visayas,2,2021-06-03,1.4285714285714286
Region VII: Central Visayas,0,2021-06-04,1.2857142857142858
Region VII: Central Visayas,2,2021-06-05,1.5714285714285714
Region VII: Central Visayas,1,2021-06-06,1.5714285714285714
Region VII: Central Visayas,2,2021-06-07,1.7142857142857142
Region VII: Central Visayas,1,2021-06-08,1.5714285714285714
Region VII: Central Visayas,3,2021-06-09,1.5714285714285714
Region VII: Central Visayas,4,2021-06-10,1.8571428571428572
Region VII: Central Visayas,1,2021-06-11,2.0
Region VII: Central Visayas,0,2021-06-12,1.7142857142857142
Region VII: Central Visayas,1,2021-06-13,1.7142857142857142
Region VII: Central Visayas,5,2021-06-14,2.142857142857143
Region VII: Central Visayas,3,2021-06-15,2.4285714285714284
Region VII: Central Visayas,2,2021-06-16,2.2857142857142856
Region VII: Central Visayas,1,2021-06-17,1.8571428571428572
Region VII: Central Visayas,1,2021-06-18,1.8571428571428572
Region VII: Central Visayas,1,2021-06-19,2.0
Region VII: Central Visayas,1,2021-06-20,2.0
Region VII: Central Visayas,4,2021-06-21,1.8571428571428572
Region VII: Central Visayas,3,2021-06-22,1.8571428571428572
Region VII: Central Visayas,0,2021-06-23,1.5714285714285714
Region VII: Central Visayas,2,2021-06-24,1.7142857142857142
Region VII: Central Visayas,3,2021-06-25,2.0
Region VII: Central Visayas,4,2021-06-26,2.4285714285714284
Region VII: Central Visayas,5,2021-06-27,3.0
Region VII: Central Visayas,4,2021-06-28,3.0
Region VII: Central Visayas,4,2021-06-29,3.142857142857143
Region VII: Central Visayas,1,2021-06-30,3.2857142857142856
Region VII: Central Visayas,4,2021-07-01,3.5714285714285716
Region VII: Central Visayas,5,2021-07-02,3.857142857142857
Region VII: Central Visayas,1,2021-07-03,3.4285714285714284
Region VII: Central Visayas,4,2021-07-04,3.2857142857142856
Region VII: Central Visayas,7,2021-07-05,3.7142857142857144
Region VII: Central Visayas,1,2021-07-06,3.2857142857142856
Region VII: Central Visayas,5,2021-07-07,3.857142857142857
Region VII: Central Visayas,3,2021-07-08,3.7142857142857144
Region VII: Central Visayas,4,2021-07-09,3.5714285714285716
Region VII: Central Visayas,1,2021-07-10,3.5714285714285716
Region VII: Central Visayas,7,2021-07-11,4.0
Region VII: Central Visayas,5,2021-07-12,3.7142857142857144
Region VII: Central Visayas,7,2021-07-13,4.571428571428571
Region VII: Central Visayas,0,2021-07-14,3.857142857142857
Region VII: Central Visayas,4,2021-07-15,4.0
Region VII: Central Visayas,7,2021-07-16,4.428571428571429
Region VII: Central Visayas,3,2021-07-17,4.714285714285714
Region VII: Central Visayas,11,2021-07-18,5.285714285714286
Region VII: Central Visayas,4,2021-07-19,5.142857142857143
Region VII: Central Visayas,7,2021-07-20,5.142857142857143
Region VII: Central Visayas,3,2021-07-21,5.571428571428571
Region VII: Central Visayas,11,2021-07-22,6.571428571428571
Region VII: Central Visayas,11,2021-07-23,7.142857142857143
Region VII: Central Visayas,13,2021-07-24,8.571428571428571
Region VII: Central Visayas,11,2021-07-25,8.571428571428571
Region VII: Central Visayas,13,2021-07-26,9.857142857142858
Region VII: Central Visayas,13,2021-07-27,10.714285714285714
Region VII: Central Visayas,8,2021-07-28,11.428571428571429
Region VII: Central Visayas,7,2021-07-29,10.857142857142858
Region VII: Central Visayas,15,2021-07-30,11.428571428571429
Region VII: Central Visayas,20,2021-07-31,12.428571428571429
Region VII: Central Visayas,22,2021-08-01,14.0
Region VII: Central Visayas,7,2021-08-02,13.142857142857142
Region VII: Central Visayas,26,2021-08-03,15.0
Region VII: Central Visayas,8,2021-08-04,15.0
Region VII: Central Visayas,15,2021-08-05,16.142857142857142
Region VII: Central Visayas,21,2021-08-06,17.0
Region VII: Central Visayas,19,2021-08-07,16.857142857142858
Region VII: Central Visayas,18,2021-08-08,16.285714285714285
Region VII: Central Visayas,21,2021-08-09,18.285714285714285
Region VII: Central Visayas,18,2021-08-10,17.142857142857142
Region VII: Central Visayas,16,2021-08-11,18.285714285714285
Region VII: Central Visayas,21,2021-08-12,19.142857142857142
Region VII: Central Visayas,22,2021-08-13,19.285714285714285
Region VII: Central Visayas,21,2021-08-14,19.571428571428573
Region VII: Central Visayas,26,2021-08-15,20.714285714285715
Region VII: Central Visayas,19,2021-08-16,20.428571428571427
Region VII: Central Visayas,19,2021-08-17,20.571428571428573
Region VII: Central Visayas,26,2021-08-18,22.0
Region VII: Central Visayas,21,2021-08-19,22.0
Region VII: Central Visayas,19,2021-08-20,21.571428571428573
Region VII: Central Visayas,13,2021-08-21,20.428571428571427
Region VII: Central Visayas,17,2021-08-22,19.142857142857142
Region VII: Central Visayas,25,2021-08-23,20.0
Region VII: Central Visayas,20,2021-08-24,20.142857142857142
Region VII: Central Visayas,17,2021-08-25,18.857142857142858
Region VII: Central Visayas,23,2021-08-26,19.142857142857142
Region VII: Central Visayas,15,2021-08-27,18.571428571428573
Region VII: Central Visayas,15,2021-08-28,18.857142857142858
Region VII: Central Visayas,15,2021-08-29,18.571428571428573
Region VII: Central Visayas,21,2021-08-30,18.0
Region VII: Central Visayas,17,2021-08-31,17.571428571428573
Region VII: Central Visayas,17,2021-09-01,17.571428571428573
Region VII: Central Visayas,14,2021-09-02,16.285714285714285
Region VII: Central Visayas,16,2021-09-03,16.428571428571427
Region VII: Central Visayas,18,2021-09-04,16.857142857142858
Region VII: Central Visayas,19,2021-09-05,17.428571428571427
Region VII: Central Visayas,17,2021-09-06,16.857142857142858
Region VII: Central Visayas,9,2021-09-07,15.714285714285714
Region VII: Central Visayas,28,2021-09-08,17.285714285714285
Region VII: Central Visayas,11,2021-09-09,16.857142857142858
Region VII: Central Visayas,9,2021-09-10,15.857142857142858
Region VII: Central Visayas,16,2021-09-11,15.571428571428571
Region VII: Central Visayas,15,2021-09-12,15.0
Region VII: Central Visayas,16,2021-09-13,14.857142857142858
Region VII: Central Visayas,19,2021-09-14,16.285714285714285
Region VII: Central Visayas,22,2021-09-15,15.428571428571429
Region VII: Central Visayas,19,2021-09-16,16.571428571428573
Region VII: Central Visayas,17,2021-09-17,17.714285714285715
Region VII: Central Visayas,13,2021-09-18,17.285714285714285
Region VII: Central Visayas,26,2021-09-19,18.857142857142858
Region VII: Central Visayas,5,2021-09-20,17.285714285714285
Region VII: Central Visayas,17,2021-09-21,17.0
Region VII: Central Visayas,14,2021-09-22,15.857142857142858
Region VII: Central Visayas,9,2021-09-23,14.428571428571429
Region VII: Central Visayas,8,2021-09-24,13.142857142857142
Region VII: Central Visayas,20,2021-09-25,14.142857142857142
Region VII: Central Visayas,11,2021-09-26,12.0
Region VII: Central Visayas,8,2021-09-27,12.428571428571429
Region VII: Central Visayas,13,2021-09-28,11.857142857142858
Region VII: Central Visayas,23,2021-09-29,13.142857142857142
Region VII: Central Visayas,11,2021-09-30,13.428571428571429
Region VII: Central Visayas,14,2021-10-01,14.285714285714286
Region VII: Central Visayas,7,2021-10-02,12.428571428571429
Region VII: Central Visayas,11,2021-10-03,12.428571428571429
Region VII: Central Visayas,10,2021-10-04,12.714285714285714
Region VII: Central Visayas,25,2021-10-05,14.428571428571429
Region VII: Central Visayas,16,2021-10-06,13.428571428571429
Region VII: Central Visayas,14,2021-10-07,13.857142857142858
Region VII: Central Visayas,6,2021-10-08,12.714285714285714
Region VII: Central Visayas,25,2021-10-09,15.285714285714286
Region VII: Central Visayas,4,2021-10-10,14.285714285714286
Region VII: Central Visayas,18,2021-10-11,15.428571428571429
Region VII: Central Visayas,22,2021-10-12,15.0
Region VII: Central Visayas,29,2021-10-13,16.857142857142858
Region VII: Central Visayas,37,2021-10-14,20.142857142857142
Region VII: Central Visayas,10,2021-10-15,20.714285714285715
Region VII: Central Visayas,8,2021-10-16,18.285714285714285
Region VII: Central Visayas,11,2021-10-17,19.285714285714285
Region VII: Central Visayas,23,2021-10-18,20.0
Region VII: Central Visayas,52,2021-10-19,24.285714285714285
Region VII: Central Visayas,29,2021-10-20,24.285714285714285
Region VII: Central Visayas,62,2021-10-21,27.857142857142858
Region VII: Central Visayas,68,2021-10-22,36.142857142857146
Region VII: Central Visayas,12,2021-10-23,36.714285714285715
Region VII: Central Visayas,5,2021-10-24,35.857142857142854
Region VII: Central Visayas,14,2021-10-25,34.57142857142857
Region VII: Central Visayas,21,2021-10-26,30.142857142857142
Region VII: Central Visayas,7,2021-10-27,27.0
Region VII: Central Visayas,31,2021-10-28,22.571428571428573
Region VII: Central Visayas,12,2021-10-29,14.571428571428571
Region VII: Central Visayas,4,2021-10-30,13.428571428571429
Region VII: Central Visayas,6,2021-10-31,13.571428571428571
Region VII: Central Visayas,2,2021-11-01,11.857142857142858
Region VII: Central Visayas,3,2021-11-02,9.285714285714286
Region VII: Central Visayas,11,2021-11-03,9.857142857142858
Region VII: Central Visayas,9,2021-11-04,6.714285714285714
Region VII: Central Visayas,7,2021-11-05,6.0
Region VII: Central Visayas,7,2021-11-06,6.428571428571429
Region VII: Central Visayas,13,2021-11-07,7.428571428571429
Region VII: Central Visayas,9,2021-11-08,8.428571428571429
Region VII: Central Visayas,12,2021-11-09,9.714285714285714
Region VII: Central Visayas,1,2021-11-10,8.285714285714286
Region VII: Central Visayas,6,2021-11-11,7.857142857142857
Region VII: Central Visayas,4,2021-11-12,7.428571428571429
Region VII: Central Visayas,1,2021-11-13,6.571428571428571
Region VII: Central Visayas,7,2021-11-14,5.714285714285714
Region VII: Central Visayas,10,2021-11-15,5.857142857142857
Region VII: Central Visayas,8,2021-11-16,5.285714285714286
Region VII: Central Visayas,4,2021-11-17,5.714285714285714
Region VII: Central Visayas,11,2021-11-18,6.428571428571429
Region VII: Central Visayas,9,2021-11-19,7.142857142857143
Region VII: Central Visayas,0,2021-11-20,7.0
Region VII: Central Visayas,6,2021-11-21,6.857142857142857
Region VII: Central Visayas,7,2021-11-22,6.428571428571429
Region VII: Central Visayas,6,2021-11-23,6.142857142857143
Region VII: Central Visayas,5,2021-11-24,6.285714285714286
Region VII: Central Visayas,2,2021-11-25,5.0
Region VII: Central Visayas,1,2021-11-26,3.857142857142857
Region VII: Central Visayas,4,2021-11-27,4.428571428571429
Region VII: Central Visayas,1,2021-11-28,3.7142857142857144
Region VII: Central Visayas,0,2021-11-29,2.7142857142857144
Region VII: Central Visayas,1,2021-11-30,2.0
Region VII: Central Visayas,2,2021-12-01,1.5714285714285714
Region VII: Central Visayas,3,2021-12-02,1.7142857142857142
Region VII: Central Visayas,2,2021-12-03,1.8571428571428572
Region VII: Central Visayas,3,2021-12-04,1.7142857142857142
Region VII: Central Visayas,0,2021-12-05,1.5714285714285714
Region VII: Central Visayas,5,2021-12-06,2.2857142857142856
Region VII: Central Visayas,1,2021-12-07,2.2857142857142856
Region VII: Central Visayas,2,2021-12-08,2.2857142857142856
Region VII: Central Visayas,2,2021-12-09,2.142857142857143
Region VII: Central Visayas,0,2021-12-10,1.8571428571428572
Region VII: Central Visayas,0,2021-12-11,1.4285714285714286
Region VII: Central Visayas,2,2021-12-12,1.7142857142857142
Region VII: Central Visayas,1,2021-12-13,1.1428571428571428
Region VII: Central Visayas,3,2021-12-14,1.4285714285714286
Region VII: Central Visayas,0,2021-12-15,1.1428571428571428
Region VII: Central Visayas,1,2021-12-16,1.0
Region VII: Central Visayas,0,2021-12-17,1.0
Region VII: Central Visayas,0,2021-12-18,1.0
Region VII: Central Visayas,0,2021-12-19,0.7142857142857143
Region VII: Central Visayas,0,2021-12-20,0.5714285714285714
Region VII: Central Visayas,2,2021-12-21,0.42857142857142855
Region VII: Central Visayas,0,2021-12-22,0.42857142857142855
Region VII: Central Visayas,1,2021-12-23,0.42857142857142855
Region VII: Central Visayas,0,2021-12-24,0.42857142857142855
Region VII: Central Visayas,0,2021-12-25,0.42857142857142855
Region VII: Central Visayas,0,2021-12-26,0.42857142857142855
Region VII: Central Visayas,0,2021-12-27,0.42857142857142855
Region VII: Central Visayas,1,2021-12-28,0.2857142857142857
Region VII: Central Visayas,1,2021-12-29,0.42857142857142855
Region VII: Central Visayas,10,2021-12-30,1.7142857142857142
Region VII: Central Visayas,6,2021-12-31,2.5714285714285716
Region VII: Central Visayas,1,2022-01-01,2.7142857142857144
Region VII: Central Visayas,0,2022-01-02,2.7142857142857144
Region VII: Central Visayas,0,2022-01-03,2.7142857142857144
Region VII: Central Visayas,0,2022-01-04,2.5714285714285716
Region VII: Central Visayas,1,2022-01-05,2.5714285714285716
Region VII: Central Visayas,1,2022-01-06,1.2857142857142858
Region VII: Central Visayas,0,2022-01-07,0.42857142857142855
Region VII: Central Visayas,0,2022-01-08,0.2857142857142857
Region VII: Central Visayas,0,2022-01-09,0.2857142857142857
Region VII: Central Visayas,2,2022-01-10,0.5714285714285714
Region VII: Central Visayas,2,2022-01-11,0.8571428571428571
Region VII: Central Visayas,0,2022-01-12,0.7142857142857143
Region VII: Central Visayas,0,2022-01-13,0.5714285714285714
Region VII: Central Visayas,1,2022-01-14,0.7142857142857143
Region VII: Central Visayas,1,2022-01-15,0.8571428571428571
Region VII: Central Visayas,2,2022-01-16,1.1428571428571428
Region VII: Central Visayas,2,2022-01-17,1.1428571428571428
Region VII: Central Visayas,3,2022-01-18,1.2857142857142858
Region VII: Central Visayas,0,2022-01-19,1.2857142857142858
Region VII: Central Visayas,4,2022-01-20,1.8571428571428572
Region VII: Central Visayas,6,2022-01-21,2.5714285714285716
Region VII: Central Visayas,3,2022-01-22,2.857142857142857
Region VII: Central Visayas,8,2022-01-23,3.7142857142857144
Region VII: Central Visayas,4,2022-01-24,4.0
Region VII: Central Visayas,7,2022-01-25,4.571428571428571
Region VII: Central Visayas,5,2022-01-26,5.285714285714286
Region VII: Central Visayas,5,2022-01-27,5.428571428571429
Region VII: Central Visayas,2,2022-01-28,4.857142857142857
Region VII: Central Visayas,8,2022-01-29,5.571428571428571
Region VII: Central Visayas,6,2022-01-30,5.285714285714286
Region VII: Central Visayas,6,2022-01-31,5.571428571428571
Region VII: Central Visayas,10,2022-02-01,6.0
Region VII: Central Visayas,8,2022-02-02,6.428571428571429
Region VII: Central Visayas,10,2022-02-03,7.142857142857143
Region VII: Central Visayas,7,2022-02-04,7.857142857142857
Region VII: Central Visayas,11,2022-02-05,8.285714285714286
Region VII: Central Visayas,5,2022-02-06,8.142857142857142
Region VII: Central Visayas,4,2022-02-07,7.857142857142857
Region VII: Central Visayas,4,2022-02-08,7.0
Region VII: Central Visayas,4,2022-02-09,6.428571428571429
Region VII: Central Visayas,2,2022-02-10,5.285714285714286
Region VII: Central Visayas,4,2022-02-11,4.857142857142857
Region VII: Central Visayas,8,2022-02-12,4.428571428571429
Region VII: Central Visayas,6,2022-02-13,4.571428571428571
Region VII: Central Visayas,9,2022-02-14,5.285714285714286
Region VII: Central Visayas,3,2022-02-15,5.142857142857143
Region VII: Central Visayas,4,2022-02-16,5.142857142857143
Region VII: Central Visayas,4,2022-02-17,5.428571428571429
Region VII: Central Visayas,5,2022-02-18,5.571428571428571
Region VII: Central Visayas,3,2022-02-19,4.857142857142857
Region VII: Central Visayas,4,2022-02-20,4.571428571428571
Region VII: Central Visayas,2,2022-02-21,3.5714285714285716
Region VII: Central Visayas,8,2022-02-22,4.285714285714286
Region VII: Central Visayas,3,2022-02-23,4.142857142857143
Region VII: Central Visayas,2,2022-02-24,3.857142857142857
Region VII: Central Visayas,5,2022-02-25,3.857142857142857
Region VII: Central Visayas,2,2022-02-26,3.7142857142857144
Region VII: Central Visayas,4,2022-02-27,3.7142857142857144
Region VII: Central Visayas,2,2022-02-28,3.7142857142857144
Region VII: Central Visayas,4,2022-03-01,3.142857142857143
Region VII: Central Visayas,0,2022-03-02,2.7142857142857144
Region VII: Central Visayas,4,2022-03-03,3.0
Region VII: Central Visayas,0,2022-03-04,2.2857142857142856
Region VII: Central Visayas,1,2022-03-05,2.142857142857143
Region VII: Central Visayas,3,2022-03-06,2.0
Region VII: Central Visayas,1,2022-03-07,1.8571428571428572
Region VII: Central Visayas,3,2022-03-08,1.7142857142857142
Region VII: Central Visayas,0,2022-03-09,1.7142857142857142
Region VII: Central Visayas,1,2022-03-10,1.2857142857142858
Region VII: Central Visayas,1,2022-03-11,1.4285714285714286
Region VII: Central Visayas,3,2022-03-12,1.7142857142857142
Region VII: Central Visayas,0,2022-03-13,1.2857142857142858
Region VII: Central Visayas,0,2022-03-14,1.1428571428571428
Region VII: Central Visayas,3,2022-03-15,1.1428571428571428
Region VII: Central Visayas,0,2022-03-16,1.1428571428571428
Region VII: Central Visayas,2,2022-03-17,1.2857142857142858
Region VII: Central Visayas,0,2022-03-18,1.1428571428571428
Region VII: Central Visayas,1,2022-03-19,0.8571428571428571
Region VII: Central Visayas,3,2022-03-20,1.2857142857142858
Region VII: Central Visayas,1,2022-03-21,1.4285714285714286
Region VII: Central Visayas,1,2022-03-22,1.1428571428571428
Region VII: Central Visayas,0,2022-03-23,1.1428571428571428
Region VII: Central Visayas,0,2022-03-24,0.8571428571428571
Region VII: Central Visayas,0,2022-03-25,0.8571428571428571
Region VII: Central Visayas,0,2022-03-26,0.7142857142857143
Region VII: Central Visayas,0,2022-03-27,0.2857142857142857
Region VII: Central Visayas,0,2022-03-28,0.14285714285714285
Region VII: Central Visayas,1,2022-03-29,0.14285714285714285
Region VII: Central Visayas,1,2022-03-30,0.2857142857142857
Region VII: Central Visayas,0,2022-03-31,0.2857142857142857
Region VII: Central Visayas,0,2022-04-01,0.2857142857142857
Region VII: Central Visayas,0,2022-04-02,0.2857142857142857
Region VII: Central Visayas,1,2022-04-03,0.42857142857142855
Region VII: Central Visayas,1,2022-04-04,0.5714285714285714
Region VII: Central Visayas,0,2022-04-05,0.42857142857142855
Region VII: Central Visayas,1,2022-04-06,0.42857142857142855
Region VII: Central Visayas,0,2022-04-07,0.42857142857142855
Region VII: Central Visayas,0,2022-04-08,0.42857142857142855
Region VII: Central Visayas,0,2022-04-09,0.42857142857142855
Region VII: Central Visayas,0,2022-04-10,0.2857142857142857
Region VII: Central Visayas,0,2022-04-11,0.14285714285714285
Region VII: Central Visayas,0,2022-04-12,0.14285714285714285
Region VII: Central Visayas,1,2022-04-13,0.14285714285714285
Region VII: Central Visayas,0,2022-04-14,0.14285714285714285
Region VII: Central Visayas,0,2022-04-15,0.14285714285714285
Region VII: Central Visayas,0,2022-04-16,0.14285714285714285
Region VII: Central Visayas,0,2022-04-17,0.14285714285714285
Region VII: Central Visayas,0,2022-04-18,0.14285714285714285
Region VII: Central Visayas,0,2022-04-19,0.14285714285714285
Region VII: Central Visayas,0,2022-04-20,0.0
Region VII: Central Visayas,0,2022-04-21,0.0
Region VII: Central Visayas,0,2022-04-22,0.0
Region VII: Central Visayas,0,2022-04-23,0.0
Region VII: Central Visayas,0,2022-04-24,0.0
Region VII: Central Visayas,0,2022-04-25,0.0
Region VII: Central Visayas,0,2022-04-26,0.0
Region VII: Central Visayas,0,2022-04-27,0.0
Region VII: Central Visayas,0,2022-04-28,0.0
Region VII: Central Visayas,0,2022-04-29,0.0
Region VII: Central Visayas,0,2022-04-30,0.0
Region VII: Central Visayas,0,2022-05-01,0.0
Region VII: Central Visayas,0,2022-05-02,0.0
Region VII: Central Visayas,0,2022-05-03,0.0
Region VII: Central Visayas,1,2022-05-04,0.14285714285714285
